Fitter report for MIPS
Thu Jul 09 14:01:50 2020
Quartus II 64-Bit Version 13.0.1 Build 232 06/12/2013 Service Pack 1 SJ Full Version


---------------------
; Table of Contents ;
---------------------
  1. Legal Notice
  2. Fitter Summary
  3. Fitter Settings
  4. Parallel Compilation
  5. I/O Assignment Warnings
  6. Incremental Compilation Preservation Summary
  7. Incremental Compilation Partition Settings
  8. Incremental Compilation Placement Preservation
  9. Pin-Out File
 10. Fitter Resource Usage Summary
 11. Fitter Partition Statistics
 12. Input Pins
 13. Output Pins
 14. Dual Purpose and Dedicated Pins
 15. I/O Bank Usage
 16. All Package Pins
 17. Fitter Resource Utilization by Entity
 18. Delay Chain Summary
 19. Pad To Core Delay Chain Fanout
 20. Control Signals
 21. Global & Other Fast Signals
 22. Non-Global High Fan-Out Signals
 23. Fitter RAM Summary
 24. |mips_mono|instruction_memory:InstructionMemory|rom:MemoriaRom|altsyncram:altsyncram_component|altsyncram_bk91:auto_generated|ALTSYNCRAM
 25. |mips_mono|data_memory:DataMemory|ram:MemoriaRAM|altsyncram:altsyncram_component|altsyncram_vme1:auto_generated|ALTSYNCRAM
 26. Other Routing Usage Summary
 27. LAB Logic Elements
 28. LAB-wide Signals
 29. LAB Signals Sourced
 30. LAB Signals Sourced Out
 31. LAB Distinct Inputs
 32. I/O Rules Summary
 33. I/O Rules Details
 34. I/O Rules Matrix
 35. Fitter Device Options
 36. Operating Settings and Conditions
 37. Estimated Delay Added for Hold Timing Summary
 38. Estimated Delay Added for Hold Timing Details
 39. Fitter Messages
 40. Fitter Suppressed Messages



----------------
; Legal Notice ;
----------------
Copyright (C) 1991-2013 Altera Corporation
Your use of Altera Corporation's design tools, logic functions 
and other software and tools, and its AMPP partner logic 
functions, and any output files from any of the foregoing 
(including device programming or simulation files), and any 
associated documentation or information are expressly subject 
to the terms and conditions of the Altera Program License 
Subscription Agreement, Altera MegaCore Function License 
Agreement, or other applicable license agreement, including, 
without limitation, that your use is for the sole purpose of 
programming logic devices manufactured by Altera and sold by 
Altera or its authorized distributors.  Please refer to the 
applicable agreement for further details.



+---------------------------------------------------------------------------------------+
; Fitter Summary                                                                        ;
+------------------------------------+--------------------------------------------------+
; Fitter Status                      ; Successful - Thu Jul 09 14:01:50 2020            ;
; Quartus II 64-Bit Version          ; 13.0.1 Build 232 06/12/2013 SP 1 SJ Full Version ;
; Revision Name                      ; MIPS                                             ;
; Top-level Entity Name              ; mips_mono                                        ;
; Family                             ; Cyclone III                                      ;
; Device                             ; EP3C16F484C6                                     ;
; Timing Models                      ; Final                                            ;
; Total logic elements               ; 2,378 / 15,408 ( 15 % )                          ;
;     Total combinational functions  ; 2,098 / 15,408 ( 14 % )                          ;
;     Dedicated logic registers      ; 1,027 / 15,408 ( 7 % )                           ;
; Total registers                    ; 1027                                             ;
; Total pins                         ; 158 / 347 ( 46 % )                               ;
; Total virtual pins                 ; 0                                                ;
; Total memory bits                  ; 16,384 / 516,096 ( 3 % )                         ;
; Embedded Multiplier 9-bit elements ; 0 / 112 ( 0 % )                                  ;
; Total PLLs                         ; 0 / 4 ( 0 % )                                    ;
+------------------------------------+--------------------------------------------------+


+------------------------------------------------------------------------------------------------------------------------------------------------------------+
; Fitter Settings                                                                                                                                            ;
+----------------------------------------------------------------------------+---------------------------------------+---------------------------------------+
; Option                                                                     ; Setting                               ; Default Value                         ;
+----------------------------------------------------------------------------+---------------------------------------+---------------------------------------+
; Device                                                                     ; Auto                                  ;                                       ;
; Fit Attempts to Skip                                                       ; 0                                     ; 0.0                                   ;
; Device I/O Standard                                                        ; 3.3-V LVTTL                           ;                                       ;
; Use smart compilation                                                      ; Off                                   ; Off                                   ;
; Enable parallel Assembler and TimeQuest Timing Analyzer during compilation ; On                                    ; On                                    ;
; Enable compact report table                                                ; Off                                   ; Off                                   ;
; Auto Merge PLLs                                                            ; On                                    ; On                                    ;
; Router Timing Optimization Level                                           ; Normal                                ; Normal                                ;
; Perform Clocking Topology Analysis During Routing                          ; Off                                   ; Off                                   ;
; Placement Effort Multiplier                                                ; 1.0                                   ; 1.0                                   ;
; Router Effort Multiplier                                                   ; 1.0                                   ; 1.0                                   ;
; Optimize Hold Timing                                                       ; All Paths                             ; All Paths                             ;
; Optimize Multi-Corner Timing                                               ; On                                    ; On                                    ;
; PowerPlay Power Optimization                                               ; Normal compilation                    ; Normal compilation                    ;
; SSN Optimization                                                           ; Off                                   ; Off                                   ;
; Optimize Timing                                                            ; Normal compilation                    ; Normal compilation                    ;
; Optimize Timing for ECOs                                                   ; Off                                   ; Off                                   ;
; Regenerate full fit report during ECO compiles                             ; Off                                   ; Off                                   ;
; Optimize IOC Register Placement for Timing                                 ; Normal                                ; Normal                                ;
; Limit to One Fitting Attempt                                               ; Off                                   ; Off                                   ;
; Final Placement Optimizations                                              ; Automatically                         ; Automatically                         ;
; Fitter Aggressive Routability Optimizations                                ; Automatically                         ; Automatically                         ;
; Fitter Initial Placement Seed                                              ; 1                                     ; 1                                     ;
; PCI I/O                                                                    ; Off                                   ; Off                                   ;
; Weak Pull-Up Resistor                                                      ; Off                                   ; Off                                   ;
; Enable Bus-Hold Circuitry                                                  ; Off                                   ; Off                                   ;
; Auto Packed Registers                                                      ; Auto                                  ; Auto                                  ;
; Auto Delay Chains                                                          ; On                                    ; On                                    ;
; Auto Delay Chains for High Fanout Input Pins                               ; Off                                   ; Off                                   ;
; Allow Single-ended Buffer for Differential-XSTL Input                      ; Off                                   ; Off                                   ;
; Treat Bidirectional Pin as Output Pin                                      ; Off                                   ; Off                                   ;
; Perform Physical Synthesis for Combinational Logic for Fitting             ; Off                                   ; Off                                   ;
; Perform Physical Synthesis for Combinational Logic for Performance         ; Off                                   ; Off                                   ;
; Perform Register Duplication for Performance                               ; Off                                   ; Off                                   ;
; Perform Logic to Memory Mapping for Fitting                                ; Off                                   ; Off                                   ;
; Perform Register Retiming for Performance                                  ; Off                                   ; Off                                   ;
; Perform Asynchronous Signal Pipelining                                     ; Off                                   ; Off                                   ;
; Fitter Effort                                                              ; Auto Fit                              ; Auto Fit                              ;
; Physical Synthesis Effort Level                                            ; Normal                                ; Normal                                ;
; Logic Cell Insertion - Logic Duplication                                   ; Auto                                  ; Auto                                  ;
; Auto Register Duplication                                                  ; Auto                                  ; Auto                                  ;
; Auto Global Clock                                                          ; On                                    ; On                                    ;
; Auto Global Register Control Signals                                       ; On                                    ; On                                    ;
; Reserve all unused pins                                                    ; As input tri-stated with weak pull-up ; As input tri-stated with weak pull-up ;
; Synchronizer Identification                                                ; Off                                   ; Off                                   ;
; Enable Beneficial Skew Optimization                                        ; On                                    ; On                                    ;
; Optimize Design for Metastability                                          ; On                                    ; On                                    ;
; Force Fitter to Avoid Periphery Placement Warnings                         ; Off                                   ; Off                                   ;
; RAM Bit Reservation (Cyclone III)                                          ; Off                                   ; Off                                   ;
; Enable input tri-state on active configuration pins in user mode           ; Off                                   ; Off                                   ;
+----------------------------------------------------------------------------+---------------------------------------+---------------------------------------+


+------------------------------------------+
; Parallel Compilation                     ;
+----------------------------+-------------+
; Processors                 ; Number      ;
+----------------------------+-------------+
; Number detected on machine ; 4           ;
; Maximum allowed            ; 4           ;
;                            ;             ;
; Average used               ; 2.50        ;
; Maximum used               ; 4           ;
;                            ;             ;
; Usage by Processor         ; % Time Used ;
;     Processor 1            ; 100.0%      ;
;     Processors 2-4         ;  50.0%      ;
+----------------------------+-------------+


+------------------------------------------+
; I/O Assignment Warnings                  ;
+-----------------+------------------------+
; Pin Name        ; Reason                 ;
+-----------------+------------------------+
; Branch          ; Missing drive strength ;
; Instruction[31] ; Missing drive strength ;
; Instruction[30] ; Missing drive strength ;
; Instruction[29] ; Missing drive strength ;
; Instruction[28] ; Missing drive strength ;
; Instruction[27] ; Missing drive strength ;
; Instruction[26] ; Missing drive strength ;
; Instruction[25] ; Missing drive strength ;
; Instruction[24] ; Missing drive strength ;
; Instruction[23] ; Missing drive strength ;
; Instruction[22] ; Missing drive strength ;
; Instruction[21] ; Missing drive strength ;
; Instruction[20] ; Missing drive strength ;
; Instruction[19] ; Missing drive strength ;
; Instruction[18] ; Missing drive strength ;
; Instruction[17] ; Missing drive strength ;
; Instruction[16] ; Missing drive strength ;
; Instruction[15] ; Missing drive strength ;
; Instruction[14] ; Missing drive strength ;
; Instruction[13] ; Missing drive strength ;
; Instruction[12] ; Missing drive strength ;
; Instruction[11] ; Missing drive strength ;
; Instruction[10] ; Missing drive strength ;
; Instruction[9]  ; Missing drive strength ;
; Instruction[8]  ; Missing drive strength ;
; Instruction[7]  ; Missing drive strength ;
; Instruction[6]  ; Missing drive strength ;
; Instruction[5]  ; Missing drive strength ;
; Instruction[4]  ; Missing drive strength ;
; Instruction[3]  ; Missing drive strength ;
; Instruction[2]  ; Missing drive strength ;
; Instruction[1]  ; Missing drive strength ;
; Instruction[0]  ; Missing drive strength ;
; PC[31]          ; Missing drive strength ;
; PC[30]          ; Missing drive strength ;
; PC[29]          ; Missing drive strength ;
; PC[28]          ; Missing drive strength ;
; PC[27]          ; Missing drive strength ;
; PC[26]          ; Missing drive strength ;
; PC[25]          ; Missing drive strength ;
; PC[24]          ; Missing drive strength ;
; PC[23]          ; Missing drive strength ;
; PC[22]          ; Missing drive strength ;
; PC[21]          ; Missing drive strength ;
; PC[20]          ; Missing drive strength ;
; PC[19]          ; Missing drive strength ;
; PC[18]          ; Missing drive strength ;
; PC[17]          ; Missing drive strength ;
; PC[16]          ; Missing drive strength ;
; PC[15]          ; Missing drive strength ;
; PC[14]          ; Missing drive strength ;
; PC[13]          ; Missing drive strength ;
; PC[12]          ; Missing drive strength ;
; PC[11]          ; Missing drive strength ;
; PC[10]          ; Missing drive strength ;
; PC[9]           ; Missing drive strength ;
; PC[8]           ; Missing drive strength ;
; PC[7]           ; Missing drive strength ;
; PC[6]           ; Missing drive strength ;
; PC[5]           ; Missing drive strength ;
; PC[4]           ; Missing drive strength ;
; PC[3]           ; Missing drive strength ;
; PC[2]           ; Missing drive strength ;
; PC[1]           ; Missing drive strength ;
; PC[0]           ; Missing drive strength ;
; RegDst          ; Missing drive strength ;
; Operation[2]    ; Missing drive strength ;
; Operation[1]    ; Missing drive strength ;
; Operation[0]    ; Missing drive strength ;
; ALUOp[1]        ; Missing drive strength ;
; ALUOp[0]        ; Missing drive strength ;
; RegWrite        ; Missing drive strength ;
; MemToReg        ; Missing drive strength ;
; MemWrite        ; Missing drive strength ;
; ALUSrc          ; Missing drive strength ;
; clkSys          ; Missing drive strength ;
; function[5]     ; Missing drive strength ;
; function[4]     ; Missing drive strength ;
; function[3]     ; Missing drive strength ;
; function[2]     ; Missing drive strength ;
; function[1]     ; Missing drive strength ;
; function[0]     ; Missing drive strength ;
; imed16[15]      ; Missing drive strength ;
; imed16[14]      ; Missing drive strength ;
; imed16[13]      ; Missing drive strength ;
; imed16[12]      ; Missing drive strength ;
; imed16[11]      ; Missing drive strength ;
; imed16[10]      ; Missing drive strength ;
; imed16[9]       ; Missing drive strength ;
; imed16[8]       ; Missing drive strength ;
; imed16[7]       ; Missing drive strength ;
; imed16[6]       ; Missing drive strength ;
; imed16[5]       ; Missing drive strength ;
; imed16[4]       ; Missing drive strength ;
; imed16[3]       ; Missing drive strength ;
; imed16[2]       ; Missing drive strength ;
; imed16[1]       ; Missing drive strength ;
; imed16[0]       ; Missing drive strength ;
; nextPC[31]      ; Missing drive strength ;
; nextPC[30]      ; Missing drive strength ;
; nextPC[29]      ; Missing drive strength ;
; nextPC[28]      ; Missing drive strength ;
; nextPC[27]      ; Missing drive strength ;
; nextPC[26]      ; Missing drive strength ;
; nextPC[25]      ; Missing drive strength ;
; nextPC[24]      ; Missing drive strength ;
; nextPC[23]      ; Missing drive strength ;
; nextPC[22]      ; Missing drive strength ;
; nextPC[21]      ; Missing drive strength ;
; nextPC[20]      ; Missing drive strength ;
; nextPC[19]      ; Missing drive strength ;
; nextPC[18]      ; Missing drive strength ;
; nextPC[17]      ; Missing drive strength ;
; nextPC[16]      ; Missing drive strength ;
; nextPC[15]      ; Missing drive strength ;
; nextPC[14]      ; Missing drive strength ;
; nextPC[13]      ; Missing drive strength ;
; nextPC[12]      ; Missing drive strength ;
; nextPC[11]      ; Missing drive strength ;
; nextPC[10]      ; Missing drive strength ;
; nextPC[9]       ; Missing drive strength ;
; nextPC[8]       ; Missing drive strength ;
; nextPC[7]       ; Missing drive strength ;
; nextPC[6]       ; Missing drive strength ;
; nextPC[5]       ; Missing drive strength ;
; nextPC[4]       ; Missing drive strength ;
; nextPC[3]       ; Missing drive strength ;
; nextPC[2]       ; Missing drive strength ;
; nextPC[1]       ; Missing drive strength ;
; nextPC[0]       ; Missing drive strength ;
; op[31]          ; Missing drive strength ;
; op[30]          ; Missing drive strength ;
; op[29]          ; Missing drive strength ;
; op[28]          ; Missing drive strength ;
; op[27]          ; Missing drive strength ;
; op[26]          ; Missing drive strength ;
; rd[15]          ; Missing drive strength ;
; rd[14]          ; Missing drive strength ;
; rd[13]          ; Missing drive strength ;
; rd[12]          ; Missing drive strength ;
; rd[11]          ; Missing drive strength ;
; rs[25]          ; Missing drive strength ;
; rs[24]          ; Missing drive strength ;
; rs[23]          ; Missing drive strength ;
; rs[22]          ; Missing drive strength ;
; rs[21]          ; Missing drive strength ;
; rt[20]          ; Missing drive strength ;
; rt[19]          ; Missing drive strength ;
; rt[18]          ; Missing drive strength ;
; rt[17]          ; Missing drive strength ;
; rt[16]          ; Missing drive strength ;
; shamt[10]       ; Missing drive strength ;
; shamt[9]        ; Missing drive strength ;
; shamt[8]        ; Missing drive strength ;
; shamt[7]        ; Missing drive strength ;
; shamt[6]        ; Missing drive strength ;
+-----------------+------------------------+


+----------------------------------------------+
; Incremental Compilation Preservation Summary ;
+---------------------+------------------------+
; Type                ; Value                  ;
+---------------------+------------------------+
; Placement (by node) ;                        ;
;     -- Requested    ; 0 / 3519 ( 0.00 % )    ;
;     -- Achieved     ; 0 / 3519 ( 0.00 % )    ;
;                     ;                        ;
; Routing (by net)    ;                        ;
;     -- Requested    ; 0 / 0 ( 0.00 % )       ;
;     -- Achieved     ; 0 / 0 ( 0.00 % )       ;
+---------------------+------------------------+


+----------------------------------------------------------------------------------------------------------------------------------------------------------------------------------------+
; Incremental Compilation Partition Settings                                                                                                                                             ;
+--------------------------------+----------------+-------------------+-------------------------+------------------------+------------------------------+--------------------------------+
; Partition Name                 ; Partition Type ; Netlist Type Used ; Preservation Level Used ; Netlist Type Requested ; Preservation Level Requested ; Contents                       ;
+--------------------------------+----------------+-------------------+-------------------------+------------------------+------------------------------+--------------------------------+
; Top                            ; User-created   ; Source File       ; N/A                     ; Source File            ; N/A                          ;                                ;
; hard_block:auto_generated_inst ; Auto-generated ; Source File       ; N/A                     ; Source File            ; N/A                          ; hard_block:auto_generated_inst ;
+--------------------------------+----------------+-------------------+-------------------------+------------------------+------------------------------+--------------------------------+


+------------------------------------------------------------------------------------------------------------+
; Incremental Compilation Placement Preservation                                                             ;
+--------------------------------+---------+-------------------+-------------------------+-------------------+
; Partition Name                 ; # Nodes ; # Preserved Nodes ; Preservation Level Used ; Netlist Type Used ;
+--------------------------------+---------+-------------------+-------------------------+-------------------+
; Top                            ; 3509    ; 0                 ; N/A                     ; Source File       ;
; hard_block:auto_generated_inst ; 10      ; 0                 ; N/A                     ; Source File       ;
+--------------------------------+---------+-------------------+-------------------------+-------------------+


+--------------+
; Pin-Out File ;
+--------------+
The pin-out file can be found in C:/Users/Gustavo/Desktop/MIPS_restored/MIPS.pin.


+------------------------------------------------------------------------+
; Fitter Resource Usage Summary                                          ;
+---------------------------------------------+--------------------------+
; Resource                                    ; Usage                    ;
+---------------------------------------------+--------------------------+
; Total logic elements                        ; 2,378 / 15,408 ( 15 % )  ;
;     -- Combinational with no register       ; 1351                     ;
;     -- Register only                        ; 280                      ;
;     -- Combinational with a register        ; 747                      ;
;                                             ;                          ;
; Logic element usage by number of LUT inputs ;                          ;
;     -- 4 input functions                    ; 1722                     ;
;     -- 3 input functions                    ; 168                      ;
;     -- <=2 input functions                  ; 208                      ;
;     -- Register only                        ; 280                      ;
;                                             ;                          ;
; Logic elements by mode                      ;                          ;
;     -- normal mode                          ; 2098                     ;
;     -- arithmetic mode                      ; 0                        ;
;                                             ;                          ;
; Total registers*                            ; 1,027 / 17,068 ( 6 % )   ;
;     -- Dedicated logic registers            ; 1,027 / 15,408 ( 7 % )   ;
;     -- I/O registers                        ; 0 / 1,660 ( 0 % )        ;
;                                             ;                          ;
; Total LABs:  partially or completely used   ; 168 / 963 ( 17 % )       ;
; Virtual pins                                ; 0                        ;
; I/O pins                                    ; 158 / 347 ( 46 % )       ;
;     -- Clock pins                           ; 1 / 8 ( 13 % )           ;
;     -- Dedicated input pins                 ; 0 / 9 ( 0 % )            ;
;                                             ;                          ;
; Global signals                              ; 3                        ;
; M9Ks                                        ; 2 / 56 ( 4 % )           ;
; Total block memory bits                     ; 16,384 / 516,096 ( 3 % ) ;
; Total block memory implementation bits      ; 18,432 / 516,096 ( 4 % ) ;
; Embedded Multiplier 9-bit elements          ; 0 / 112 ( 0 % )          ;
; PLLs                                        ; 0 / 4 ( 0 % )            ;
; Global clocks                               ; 3 / 20 ( 15 % )          ;
; JTAGs                                       ; 0 / 1 ( 0 % )            ;
; CRC blocks                                  ; 0 / 1 ( 0 % )            ;
; ASMI blocks                                 ; 0 / 1 ( 0 % )            ;
; Impedance control blocks                    ; 0 / 4 ( 0 % )            ;
; Average interconnect usage (total/H/V)      ; 10% / 10% / 10%          ;
; Peak interconnect usage (total/H/V)         ; 61% / 60% / 63%          ;
; Maximum fan-out                             ; 2132                     ;
; Highest non-global fan-out                  ; 253                      ;
; Total fan-out                               ; 11762                    ;
; Average fan-out                             ; 3.15                     ;
+---------------------------------------------+--------------------------+
*  Register count does not include registers inside RAM blocks or DSP blocks.



+------------------------------------------------------------------------------------------------------+
; Fitter Partition Statistics                                                                          ;
+---------------------------------------------+-----------------------+--------------------------------+
; Statistic                                   ; Top                   ; hard_block:auto_generated_inst ;
+---------------------------------------------+-----------------------+--------------------------------+
; Difficulty Clustering Region                ; Low                   ; Low                            ;
;                                             ;                       ;                                ;
; Total logic elements                        ; 2378 / 15408 ( 15 % ) ; 0 / 15408 ( 0 % )              ;
;     -- Combinational with no register       ; 1351                  ; 0                              ;
;     -- Register only                        ; 280                   ; 0                              ;
;     -- Combinational with a register        ; 747                   ; 0                              ;
;                                             ;                       ;                                ;
; Logic element usage by number of LUT inputs ;                       ;                                ;
;     -- 4 input functions                    ; 1722                  ; 0                              ;
;     -- 3 input functions                    ; 168                   ; 0                              ;
;     -- <=2 input functions                  ; 208                   ; 0                              ;
;     -- Register only                        ; 280                   ; 0                              ;
;                                             ;                       ;                                ;
; Logic elements by mode                      ;                       ;                                ;
;     -- normal mode                          ; 2098                  ; 0                              ;
;     -- arithmetic mode                      ; 0                     ; 0                              ;
;                                             ;                       ;                                ;
; Total registers                             ; 1027                  ; 0                              ;
;     -- Dedicated logic registers            ; 1027 / 15408 ( 7 % )  ; 0 / 15408 ( 0 % )              ;
;                                             ;                       ;                                ;
; Total LABs:  partially or completely used   ; 168 / 963 ( 17 % )    ; 0 / 963 ( 0 % )                ;
;                                             ;                       ;                                ;
; Virtual pins                                ; 0                     ; 0                              ;
; I/O pins                                    ; 158                   ; 0                              ;
; Embedded Multiplier 9-bit elements          ; 0 / 112 ( 0 % )       ; 0 / 112 ( 0 % )                ;
; Total memory bits                           ; 16384                 ; 0                              ;
; Total RAM block bits                        ; 18432                 ; 0                              ;
; M9K                                         ; 2 / 56 ( 3 % )        ; 0 / 56 ( 0 % )                 ;
; Clock control block                         ; 3 / 24 ( 12 % )       ; 0 / 24 ( 0 % )                 ;
;                                             ;                       ;                                ;
; Connections                                 ;                       ;                                ;
;     -- Input Connections                    ; 0                     ; 0                              ;
;     -- Registered Input Connections         ; 0                     ; 0                              ;
;     -- Output Connections                   ; 0                     ; 0                              ;
;     -- Registered Output Connections        ; 0                     ; 0                              ;
;                                             ;                       ;                                ;
; Internal Connections                        ;                       ;                                ;
;     -- Total Connections                    ; 12438                 ; 5                              ;
;     -- Registered Connections               ; 2225                  ; 0                              ;
;                                             ;                       ;                                ;
; External Connections                        ;                       ;                                ;
;     -- Top                                  ; 0                     ; 0                              ;
;     -- hard_block:auto_generated_inst       ; 0                     ; 0                              ;
;                                             ;                       ;                                ;
; Partition Interface                         ;                       ;                                ;
;     -- Input Ports                          ; 2                     ; 0                              ;
;     -- Output Ports                         ; 156                   ; 0                              ;
;     -- Bidir Ports                          ; 0                     ; 0                              ;
;                                             ;                       ;                                ;
; Registered Ports                            ;                       ;                                ;
;     -- Registered Input Ports               ; 0                     ; 0                              ;
;     -- Registered Output Ports              ; 0                     ; 0                              ;
;                                             ;                       ;                                ;
; Port Connectivity                           ;                       ;                                ;
;     -- Input Ports driven by GND            ; 0                     ; 0                              ;
;     -- Output Ports driven by GND           ; 0                     ; 0                              ;
;     -- Input Ports driven by VCC            ; 0                     ; 0                              ;
;     -- Output Ports driven by VCC           ; 0                     ; 0                              ;
;     -- Input Ports with no Source           ; 0                     ; 0                              ;
;     -- Output Ports with no Source          ; 0                     ; 0                              ;
;     -- Input Ports with no Fanout           ; 0                     ; 0                              ;
;     -- Output Ports with no Fanout          ; 0                     ; 0                              ;
+---------------------------------------------+-----------------------+--------------------------------+


+----------------------------------------------------------------------------------------------------------------------------------------------------------------------------------------------------------------------------------------------------------------------------+
; Input Pins                                                                                                                                                                                                                                                                 ;
+-------+-------+----------+--------------+--------------+--------------+-----------------------+--------------------+--------+----------------+---------------+-----------------+----------+--------------+--------------+---------------------------+----------------------+
; Name  ; Pin # ; I/O Bank ; X coordinate ; Y coordinate ; Z coordinate ; Combinational Fan-Out ; Registered Fan-Out ; Global ; Input Register ; Power Up High ; PCI I/O Enabled ; Bus Hold ; Weak Pull Up ; I/O Standard ; Termination Control Block ; Location assigned by ;
+-------+-------+----------+--------------+--------------+--------------+-----------------------+--------------------+--------+----------------+---------------+-----------------+----------+--------------+--------------+---------------------------+----------------------+
; clock ; G2    ; 1        ; 0            ; 14           ; 0            ; 6                     ; 0                  ; yes    ; no             ; no            ; yes             ; no       ; Off          ; 3.3-V LVTTL  ; --                        ; Fitter               ;
; reset ; G1    ; 1        ; 0            ; 14           ; 7            ; 1024                  ; 0                  ; yes    ; no             ; no            ; yes             ; no       ; Off          ; 3.3-V LVTTL  ; --                        ; Fitter               ;
+-------+-------+----------+--------------+--------------+--------------+-----------------------+--------------------+--------+----------------+---------------+-----------------+----------+--------------+--------------+---------------------------+----------------------+


+--------------------------------------------------------------------------------------------------------------------------------------------------------------------------------------------------------------------------------------------------------------------------------------------------------------------------------------------------------------------------------------------------------------------------------------------+
; Output Pins                                                                                                                                                                                                                                                                                                                                                                                                                                ;
+-----------------+-------+----------+--------------+--------------+--------------+-----------------+------------------------+---------------+-----------+-----------------+------------+---------------+----------+--------------+--------------+------------------+-------------+---------------------------+----------------------------+-----------------------------+----------------------+----------------------+---------------------+
; Name            ; Pin # ; I/O Bank ; X coordinate ; Y coordinate ; Z coordinate ; Output Register ; Output Enable Register ; Power Up High ; Slew Rate ; PCI I/O Enabled ; Open Drain ; TRI Primitive ; Bus Hold ; Weak Pull Up ; I/O Standard ; Current Strength ; Termination ; Termination Control Block ; Output Buffer Pre-emphasis ; Voltage Output Differential ; Location assigned by ; Output Enable Source ; Output Enable Group ;
+-----------------+-------+----------+--------------+--------------+--------------+-----------------+------------------------+---------------+-----------+-----------------+------------+---------------+----------+--------------+--------------+------------------+-------------+---------------------------+----------------------------+-----------------------------+----------------------+----------------------+---------------------+
; ALUOp[0]        ; J15   ; 6        ; 41           ; 19           ; 21           ; no              ; no                     ; no            ; 2         ; no              ; no         ; no            ; no       ; Off          ; 3.3-V LVTTL  ; 8mA              ; Off         ; --                        ; no                         ; no                          ; Fitter               ; -                    ; -                   ;
; ALUOp[1]        ; W14   ; 4        ; 30           ; 0            ; 14           ; no              ; no                     ; no            ; 2         ; no              ; no         ; no            ; no       ; Off          ; 3.3-V LVTTL  ; 8mA              ; Off         ; --                        ; no                         ; no                          ; Fitter               ; -                    ; -                   ;
; ALUSrc          ; L22   ; 6        ; 41           ; 18           ; 21           ; no              ; no                     ; no            ; 2         ; no              ; no         ; no            ; no       ; Off          ; 3.3-V LVTTL  ; 8mA              ; Off         ; --                        ; no                         ; no                          ; Fitter               ; -                    ; -                   ;
; Branch          ; K21   ; 6        ; 41           ; 19           ; 7            ; no              ; no                     ; no            ; 2         ; no              ; no         ; no            ; no       ; Off          ; 3.3-V LVTTL  ; 8mA              ; Off         ; --                        ; no                         ; no                          ; Fitter               ; -                    ; -                   ;
; Instruction[0]  ; T15   ; 4        ; 32           ; 0            ; 7            ; no              ; no                     ; no            ; 2         ; no              ; no         ; no            ; no       ; Off          ; 3.3-V LVTTL  ; 8mA              ; Off         ; --                        ; no                         ; no                          ; Fitter               ; -                    ; -                   ;
; Instruction[10] ; N21   ; 5        ; 41           ; 13           ; 7            ; no              ; no                     ; no            ; 2         ; no              ; no         ; no            ; no       ; Off          ; 3.3-V LVTTL  ; 8mA              ; Off         ; --                        ; no                         ; no                          ; Fitter               ; -                    ; -                   ;
; Instruction[11] ; T12   ; 4        ; 28           ; 0            ; 28           ; no              ; no                     ; no            ; 2         ; no              ; no         ; no            ; no       ; Off          ; 3.3-V LVTTL  ; 8mA              ; Off         ; --                        ; no                         ; no                          ; Fitter               ; -                    ; -                   ;
; Instruction[12] ; C8    ; 8        ; 9            ; 29           ; 0            ; no              ; no                     ; no            ; 2         ; no              ; no         ; no            ; no       ; Off          ; 3.3-V LVTTL  ; 8mA              ; Off         ; --                        ; no                         ; no                          ; Fitter               ; -                    ; -                   ;
; Instruction[13] ; L15   ; 6        ; 41           ; 17           ; 0            ; no              ; no                     ; no            ; 2         ; no              ; no         ; no            ; no       ; Off          ; 3.3-V LVTTL  ; 8mA              ; Off         ; --                        ; no                         ; no                          ; Fitter               ; -                    ; -                   ;
; Instruction[14] ; J1    ; 1        ; 0            ; 20           ; 7            ; no              ; no                     ; no            ; 2         ; no              ; no         ; no            ; no       ; Off          ; 3.3-V LVTTL  ; 8mA              ; Off         ; --                        ; no                         ; no                          ; Fitter               ; -                    ; -                   ;
; Instruction[15] ; G18   ; 6        ; 41           ; 25           ; 7            ; no              ; no                     ; no            ; 2         ; no              ; no         ; no            ; no       ; Off          ; 3.3-V LVTTL  ; 8mA              ; Off         ; --                        ; no                         ; no                          ; Fitter               ; -                    ; -                   ;
; Instruction[16] ; R18   ; 5        ; 41           ; 9            ; 21           ; no              ; no                     ; no            ; 2         ; no              ; no         ; no            ; no       ; Off          ; 3.3-V LVTTL  ; 8mA              ; Off         ; --                        ; no                         ; no                          ; Fitter               ; -                    ; -                   ;
; Instruction[17] ; P21   ; 5        ; 41           ; 12           ; 21           ; no              ; no                     ; no            ; 2         ; no              ; no         ; no            ; no       ; Off          ; 3.3-V LVTTL  ; 8mA              ; Off         ; --                        ; no                         ; no                          ; Fitter               ; -                    ; -                   ;
; Instruction[18] ; M6    ; 2        ; 0            ; 13           ; 7            ; no              ; no                     ; no            ; 2         ; no              ; no         ; no            ; no       ; Off          ; 3.3-V LVTTL  ; 8mA              ; Off         ; --                        ; no                         ; no                          ; Fitter               ; -                    ; -                   ;
; Instruction[19] ; W17   ; 4        ; 35           ; 0            ; 7            ; no              ; no                     ; no            ; 2         ; no              ; no         ; no            ; no       ; Off          ; 3.3-V LVTTL  ; 8mA              ; Off         ; --                        ; no                         ; no                          ; Fitter               ; -                    ; -                   ;
; Instruction[1]  ; D22   ; 6        ; 41           ; 24           ; 7            ; no              ; no                     ; no            ; 2         ; no              ; no         ; no            ; no       ; Off          ; 3.3-V LVTTL  ; 8mA              ; Off         ; --                        ; no                         ; no                          ; Fitter               ; -                    ; -                   ;
; Instruction[20] ; W13   ; 4        ; 26           ; 0            ; 28           ; no              ; no                     ; no            ; 2         ; no              ; no         ; no            ; no       ; Off          ; 3.3-V LVTTL  ; 8mA              ; Off         ; --                        ; no                         ; no                          ; Fitter               ; -                    ; -                   ;
; Instruction[21] ; N19   ; 5        ; 41           ; 12           ; 7            ; no              ; no                     ; no            ; 2         ; no              ; no         ; no            ; no       ; Off          ; 3.3-V LVTTL  ; 8mA              ; Off         ; --                        ; no                         ; no                          ; Fitter               ; -                    ; -                   ;
; Instruction[22] ; A17   ; 7        ; 30           ; 29           ; 14           ; no              ; no                     ; no            ; 2         ; no              ; no         ; no            ; no       ; Off          ; 3.3-V LVTTL  ; 8mA              ; Off         ; --                        ; no                         ; no                          ; Fitter               ; -                    ; -                   ;
; Instruction[23] ; C17   ; 7        ; 35           ; 29           ; 14           ; no              ; no                     ; no            ; 2         ; no              ; no         ; no            ; no       ; Off          ; 3.3-V LVTTL  ; 8mA              ; Off         ; --                        ; no                         ; no                          ; Fitter               ; -                    ; -                   ;
; Instruction[24] ; V13   ; 4        ; 30           ; 0            ; 21           ; no              ; no                     ; no            ; 2         ; no              ; no         ; no            ; no       ; Off          ; 3.3-V LVTTL  ; 8mA              ; Off         ; --                        ; no                         ; no                          ; Fitter               ; -                    ; -                   ;
; Instruction[25] ; D15   ; 7        ; 32           ; 29           ; 28           ; no              ; no                     ; no            ; 2         ; no              ; no         ; no            ; no       ; Off          ; 3.3-V LVTTL  ; 8mA              ; Off         ; --                        ; no                         ; no                          ; Fitter               ; -                    ; -                   ;
; Instruction[26] ; H15   ; 7        ; 35           ; 29           ; 21           ; no              ; no                     ; no            ; 2         ; no              ; no         ; no            ; no       ; Off          ; 3.3-V LVTTL  ; 8mA              ; Off         ; --                        ; no                         ; no                          ; Fitter               ; -                    ; -                   ;
; Instruction[27] ; K17   ; 6        ; 41           ; 21           ; 14           ; no              ; no                     ; no            ; 2         ; no              ; no         ; no            ; no       ; Off          ; 3.3-V LVTTL  ; 8mA              ; Off         ; --                        ; no                         ; no                          ; Fitter               ; -                    ; -                   ;
; Instruction[28] ; AA15  ; 4        ; 26           ; 0            ; 14           ; no              ; no                     ; no            ; 2         ; no              ; no         ; no            ; no       ; Off          ; 3.3-V LVTTL  ; 8mA              ; Off         ; --                        ; no                         ; no                          ; Fitter               ; -                    ; -                   ;
; Instruction[29] ; H22   ; 6        ; 41           ; 20           ; 0            ; no              ; no                     ; no            ; 2         ; no              ; no         ; no            ; no       ; Off          ; 3.3-V LVTTL  ; 8mA              ; Off         ; --                        ; no                         ; no                          ; Fitter               ; -                    ; -                   ;
; Instruction[2]  ; A18   ; 7        ; 32           ; 29           ; 14           ; no              ; no                     ; no            ; 2         ; no              ; no         ; no            ; no       ; Off          ; 3.3-V LVTTL  ; 8mA              ; Off         ; --                        ; no                         ; no                          ; Fitter               ; -                    ; -                   ;
; Instruction[30] ; Y10   ; 3        ; 19           ; 0            ; 7            ; no              ; no                     ; no            ; 2         ; no              ; no         ; no            ; no       ; Off          ; 3.3-V LVTTL  ; 8mA              ; Off         ; --                        ; no                         ; no                          ; Fitter               ; -                    ; -                   ;
; Instruction[31] ; F21   ; 6        ; 41           ; 22           ; 14           ; no              ; no                     ; no            ; 2         ; no              ; no         ; no            ; no       ; Off          ; 3.3-V LVTTL  ; 8mA              ; Off         ; --                        ; no                         ; no                          ; Fitter               ; -                    ; -                   ;
; Instruction[3]  ; A19   ; 7        ; 32           ; 29           ; 7            ; no              ; no                     ; no            ; 2         ; no              ; no         ; no            ; no       ; Off          ; 3.3-V LVTTL  ; 8mA              ; Off         ; --                        ; no                         ; no                          ; Fitter               ; -                    ; -                   ;
; Instruction[4]  ; AA18  ; 4        ; 35           ; 0            ; 28           ; no              ; no                     ; no            ; 2         ; no              ; no         ; no            ; no       ; Off          ; 3.3-V LVTTL  ; 8mA              ; Off         ; --                        ; no                         ; no                          ; Fitter               ; -                    ; -                   ;
; Instruction[5]  ; U1    ; 2        ; 0            ; 9            ; 14           ; no              ; no                     ; no            ; 2         ; no              ; no         ; no            ; no       ; Off          ; 3.3-V LVTTL  ; 8mA              ; Off         ; --                        ; no                         ; no                          ; Fitter               ; -                    ; -                   ;
; Instruction[6]  ; T11   ; 3        ; 16           ; 0            ; 14           ; no              ; no                     ; no            ; 2         ; no              ; no         ; no            ; no       ; Off          ; 3.3-V LVTTL  ; 8mA              ; Off         ; --                        ; no                         ; no                          ; Fitter               ; -                    ; -                   ;
; Instruction[7]  ; H12   ; 7        ; 26           ; 29           ; 0            ; no              ; no                     ; no            ; 2         ; no              ; no         ; no            ; no       ; Off          ; 3.3-V LVTTL  ; 8mA              ; Off         ; --                        ; no                         ; no                          ; Fitter               ; -                    ; -                   ;
; Instruction[8]  ; H13   ; 7        ; 28           ; 29           ; 28           ; no              ; no                     ; no            ; 2         ; no              ; no         ; no            ; no       ; Off          ; 3.3-V LVTTL  ; 8mA              ; Off         ; --                        ; no                         ; no                          ; Fitter               ; -                    ; -                   ;
; Instruction[9]  ; W6    ; 3        ; 7            ; 0            ; 21           ; no              ; no                     ; no            ; 2         ; no              ; no         ; no            ; no       ; Off          ; 3.3-V LVTTL  ; 8mA              ; Off         ; --                        ; no                         ; no                          ; Fitter               ; -                    ; -                   ;
; MemToReg        ; K15   ; 6        ; 41           ; 18           ; 7            ; no              ; no                     ; no            ; 2         ; no              ; no         ; no            ; no       ; Off          ; 3.3-V LVTTL  ; 8mA              ; Off         ; --                        ; no                         ; no                          ; Fitter               ; -                    ; -                   ;
; MemWrite        ; J18   ; 6        ; 41           ; 21           ; 0            ; no              ; no                     ; no            ; 2         ; no              ; no         ; no            ; no       ; Off          ; 3.3-V LVTTL  ; 8mA              ; Off         ; --                        ; no                         ; no                          ; Fitter               ; -                    ; -                   ;
; Operation[0]    ; M19   ; 5        ; 41           ; 14           ; 7            ; no              ; no                     ; no            ; 2         ; no              ; no         ; no            ; no       ; Off          ; 3.3-V LVTTL  ; 8mA              ; Off         ; --                        ; no                         ; no                          ; Fitter               ; -                    ; -                   ;
; Operation[1]    ; N20   ; 5        ; 41           ; 12           ; 14           ; no              ; no                     ; no            ; 2         ; no              ; no         ; no            ; no       ; Off          ; 3.3-V LVTTL  ; 8mA              ; Off         ; --                        ; no                         ; no                          ; Fitter               ; -                    ; -                   ;
; Operation[2]    ; R19   ; 5        ; 41           ; 9            ; 14           ; no              ; no                     ; no            ; 2         ; no              ; no         ; no            ; no       ; Off          ; 3.3-V LVTTL  ; 8mA              ; Off         ; --                        ; no                         ; no                          ; Fitter               ; -                    ; -                   ;
; PC[0]           ; N18   ; 5        ; 41           ; 13           ; 21           ; no              ; no                     ; no            ; 2         ; no              ; no         ; no            ; no       ; Off          ; 3.3-V LVTTL  ; 8mA              ; Off         ; --                        ; no                         ; no                          ; Fitter               ; -                    ; -                   ;
; PC[10]          ; V21   ; 5        ; 41           ; 8            ; 21           ; no              ; no                     ; no            ; 2         ; no              ; no         ; no            ; no       ; Off          ; 3.3-V LVTTL  ; 8mA              ; Off         ; --                        ; no                         ; no                          ; Fitter               ; -                    ; -                   ;
; PC[11]          ; D13   ; 7        ; 23           ; 29           ; 7            ; no              ; no                     ; no            ; 2         ; no              ; no         ; no            ; no       ; Off          ; 3.3-V LVTTL  ; 8mA              ; Off         ; --                        ; no                         ; no                          ; Fitter               ; -                    ; -                   ;
; PC[12]          ; A14   ; 7        ; 23           ; 29           ; 21           ; no              ; no                     ; no            ; 2         ; no              ; no         ; no            ; no       ; Off          ; 3.3-V LVTTL  ; 8mA              ; Off         ; --                        ; no                         ; no                          ; Fitter               ; -                    ; -                   ;
; PC[13]          ; E12   ; 7        ; 21           ; 29           ; 14           ; no              ; no                     ; no            ; 2         ; no              ; no         ; no            ; no       ; Off          ; 3.3-V LVTTL  ; 8mA              ; Off         ; --                        ; no                         ; no                          ; Fitter               ; -                    ; -                   ;
; PC[14]          ; A9    ; 8        ; 16           ; 29           ; 28           ; no              ; no                     ; no            ; 2         ; no              ; no         ; no            ; no       ; Off          ; 3.3-V LVTTL  ; 8mA              ; Off         ; --                        ; no                         ; no                          ; Fitter               ; -                    ; -                   ;
; PC[15]          ; K16   ; 6        ; 41           ; 20           ; 7            ; no              ; no                     ; no            ; 2         ; no              ; no         ; no            ; no       ; Off          ; 3.3-V LVTTL  ; 8mA              ; Off         ; --                        ; no                         ; no                          ; Fitter               ; -                    ; -                   ;
; PC[16]          ; M2    ; 2        ; 0            ; 13           ; 14           ; no              ; no                     ; no            ; 2         ; no              ; no         ; no            ; no       ; Off          ; 3.3-V LVTTL  ; 8mA              ; Off         ; --                        ; no                         ; no                          ; Fitter               ; -                    ; -                   ;
; PC[17]          ; L6    ; 2        ; 0            ; 13           ; 0            ; no              ; no                     ; no            ; 2         ; no              ; no         ; no            ; no       ; Off          ; 3.3-V LVTTL  ; 8mA              ; Off         ; --                        ; no                         ; no                          ; Fitter               ; -                    ; -                   ;
; PC[18]          ; V9    ; 3        ; 14           ; 0            ; 21           ; no              ; no                     ; no            ; 2         ; no              ; no         ; no            ; no       ; Off          ; 3.3-V LVTTL  ; 8mA              ; Off         ; --                        ; no                         ; no                          ; Fitter               ; -                    ; -                   ;
; PC[19]          ; M20   ; 5        ; 41           ; 14           ; 14           ; no              ; no                     ; no            ; 2         ; no              ; no         ; no            ; no       ; Off          ; 3.3-V LVTTL  ; 8mA              ; Off         ; --                        ; no                         ; no                          ; Fitter               ; -                    ; -                   ;
; PC[1]           ; AB13  ; 4        ; 23           ; 0            ; 21           ; no              ; no                     ; no            ; 2         ; no              ; no         ; no            ; no       ; Off          ; 3.3-V LVTTL  ; 8mA              ; Off         ; --                        ; no                         ; no                          ; Fitter               ; -                    ; -                   ;
; PC[20]          ; AA8   ; 3        ; 16           ; 0            ; 28           ; no              ; no                     ; no            ; 2         ; no              ; no         ; no            ; no       ; Off          ; 3.3-V LVTTL  ; 8mA              ; Off         ; --                        ; no                         ; no                          ; Fitter               ; -                    ; -                   ;
; PC[21]          ; B9    ; 8        ; 14           ; 29           ; 0            ; no              ; no                     ; no            ; 2         ; no              ; no         ; no            ; no       ; Off          ; 3.3-V LVTTL  ; 8mA              ; Off         ; --                        ; no                         ; no                          ; Fitter               ; -                    ; -                   ;
; PC[22]          ; V11   ; 3        ; 19           ; 0            ; 21           ; no              ; no                     ; no            ; 2         ; no              ; no         ; no            ; no       ; Off          ; 3.3-V LVTTL  ; 8mA              ; Off         ; --                        ; no                         ; no                          ; Fitter               ; -                    ; -                   ;
; PC[23]          ; M22   ; 5        ; 41           ; 13           ; 0            ; no              ; no                     ; no            ; 2         ; no              ; no         ; no            ; no       ; Off          ; 3.3-V LVTTL  ; 8mA              ; Off         ; --                        ; no                         ; no                          ; Fitter               ; -                    ; -                   ;
; PC[24]          ; AB10  ; 3        ; 21           ; 0            ; 28           ; no              ; no                     ; no            ; 2         ; no              ; no         ; no            ; no       ; Off          ; 3.3-V LVTTL  ; 8mA              ; Off         ; --                        ; no                         ; no                          ; Fitter               ; -                    ; -                   ;
; PC[25]          ; U11   ; 3        ; 19           ; 0            ; 28           ; no              ; no                     ; no            ; 2         ; no              ; no         ; no            ; no       ; Off          ; 3.3-V LVTTL  ; 8mA              ; Off         ; --                        ; no                         ; no                          ; Fitter               ; -                    ; -                   ;
; PC[26]          ; P22   ; 5        ; 41           ; 11           ; 0            ; no              ; no                     ; no            ; 2         ; no              ; no         ; no            ; no       ; Off          ; 3.3-V LVTTL  ; 8mA              ; Off         ; --                        ; no                         ; no                          ; Fitter               ; -                    ; -                   ;
; PC[27]          ; M5    ; 2        ; 0            ; 11           ; 7            ; no              ; no                     ; no            ; 2         ; no              ; no         ; no            ; no       ; Off          ; 3.3-V LVTTL  ; 8mA              ; Off         ; --                        ; no                         ; no                          ; Fitter               ; -                    ; -                   ;
; PC[28]          ; AB8   ; 3        ; 16           ; 0            ; 21           ; no              ; no                     ; no            ; 2         ; no              ; no         ; no            ; no       ; Off          ; 3.3-V LVTTL  ; 8mA              ; Off         ; --                        ; no                         ; no                          ; Fitter               ; -                    ; -                   ;
; PC[29]          ; AA10  ; 3        ; 19           ; 0            ; 0            ; no              ; no                     ; no            ; 2         ; no              ; no         ; no            ; no       ; Off          ; 3.3-V LVTTL  ; 8mA              ; Off         ; --                        ; no                         ; no                          ; Fitter               ; -                    ; -                   ;
; PC[2]           ; B14   ; 7        ; 23           ; 29           ; 28           ; no              ; no                     ; no            ; 2         ; no              ; no         ; no            ; no       ; Off          ; 3.3-V LVTTL  ; 8mA              ; Off         ; --                        ; no                         ; no                          ; Fitter               ; -                    ; -                   ;
; PC[30]          ; L7    ; 2        ; 0            ; 11           ; 0            ; no              ; no                     ; no            ; 2         ; no              ; no         ; no            ; no       ; Off          ; 3.3-V LVTTL  ; 8mA              ; Off         ; --                        ; no                         ; no                          ; Fitter               ; -                    ; -                   ;
; PC[31]          ; W10   ; 3        ; 19           ; 0            ; 14           ; no              ; no                     ; no            ; 2         ; no              ; no         ; no            ; no       ; Off          ; 3.3-V LVTTL  ; 8mA              ; Off         ; --                        ; no                         ; no                          ; Fitter               ; -                    ; -                   ;
; PC[3]           ; D10   ; 8        ; 16           ; 29           ; 0            ; no              ; no                     ; no            ; 2         ; no              ; no         ; no            ; no       ; Off          ; 3.3-V LVTTL  ; 8mA              ; Off         ; --                        ; no                         ; no                          ; Fitter               ; -                    ; -                   ;
; PC[4]           ; E14   ; 7        ; 28           ; 29           ; 14           ; no              ; no                     ; no            ; 2         ; no              ; no         ; no            ; no       ; Off          ; 3.3-V LVTTL  ; 8mA              ; Off         ; --                        ; no                         ; no                          ; Fitter               ; -                    ; -                   ;
; PC[5]           ; Y13   ; 4        ; 26           ; 0            ; 21           ; no              ; no                     ; no            ; 2         ; no              ; no         ; no            ; no       ; Off          ; 3.3-V LVTTL  ; 8mA              ; Off         ; --                        ; no                         ; no                          ; Fitter               ; -                    ; -                   ;
; PC[6]           ; B20   ; 7        ; 35           ; 29           ; 7            ; no              ; no                     ; no            ; 2         ; no              ; no         ; no            ; no       ; Off          ; 3.3-V LVTTL  ; 8mA              ; Off         ; --                        ; no                         ; no                          ; Fitter               ; -                    ; -                   ;
; PC[7]           ; J16   ; 6        ; 41           ; 20           ; 14           ; no              ; no                     ; no            ; 2         ; no              ; no         ; no            ; no       ; Off          ; 3.3-V LVTTL  ; 8mA              ; Off         ; --                        ; no                         ; no                          ; Fitter               ; -                    ; -                   ;
; PC[8]           ; G12   ; 7        ; 26           ; 29           ; 7            ; no              ; no                     ; no            ; 2         ; no              ; no         ; no            ; no       ; Off          ; 3.3-V LVTTL  ; 8mA              ; Off         ; --                        ; no                         ; no                          ; Fitter               ; -                    ; -                   ;
; PC[9]           ; B17   ; 7        ; 30           ; 29           ; 21           ; no              ; no                     ; no            ; 2         ; no              ; no         ; no            ; no       ; Off          ; 3.3-V LVTTL  ; 8mA              ; Off         ; --                        ; no                         ; no                          ; Fitter               ; -                    ; -                   ;
; RegDst          ; R13   ; 4        ; 30           ; 0            ; 28           ; no              ; no                     ; no            ; 2         ; no              ; no         ; no            ; no       ; Off          ; 3.3-V LVTTL  ; 8mA              ; Off         ; --                        ; no                         ; no                          ; Fitter               ; -                    ; -                   ;
; RegWrite        ; J22   ; 6        ; 41           ; 19           ; 0            ; no              ; no                     ; no            ; 2         ; no              ; no         ; no            ; no       ; Off          ; 3.3-V LVTTL  ; 8mA              ; Off         ; --                        ; no                         ; no                          ; Fitter               ; -                    ; -                   ;
; clkSys          ; R17   ; 5        ; 41           ; 6            ; 0            ; no              ; no                     ; no            ; 2         ; no              ; no         ; no            ; no       ; Off          ; 3.3-V LVTTL  ; 8mA              ; Off         ; --                        ; no                         ; no                          ; Fitter               ; -                    ; -                   ;
; function[0]     ; Y17   ; 4        ; 35           ; 0            ; 0            ; no              ; no                     ; no            ; 2         ; no              ; no         ; no            ; no       ; Off          ; 3.3-V LVTTL  ; 8mA              ; Off         ; --                        ; no                         ; no                          ; Fitter               ; -                    ; -                   ;
; function[1]     ; H17   ; 6        ; 41           ; 25           ; 0            ; no              ; no                     ; no            ; 2         ; no              ; no         ; no            ; no       ; Off          ; 3.3-V LVTTL  ; 8mA              ; Off         ; --                        ; no                         ; no                          ; Fitter               ; -                    ; -                   ;
; function[2]     ; B21   ; 6        ; 41           ; 26           ; 0            ; no              ; no                     ; no            ; 2         ; no              ; no         ; no            ; no       ; Off          ; 3.3-V LVTTL  ; 8mA              ; Off         ; --                        ; no                         ; no                          ; Fitter               ; -                    ; -                   ;
; function[3]     ; B18   ; 7        ; 32           ; 29           ; 21           ; no              ; no                     ; no            ; 2         ; no              ; no         ; no            ; no       ; Off          ; 3.3-V LVTTL  ; 8mA              ; Off         ; --                        ; no                         ; no                          ; Fitter               ; -                    ; -                   ;
; function[4]     ; AA19  ; 4        ; 35           ; 0            ; 21           ; no              ; no                     ; no            ; 2         ; no              ; no         ; no            ; no       ; Off          ; 3.3-V LVTTL  ; 8mA              ; Off         ; --                        ; no                         ; no                          ; Fitter               ; -                    ; -                   ;
; function[5]     ; P4    ; 2        ; 0            ; 10           ; 21           ; no              ; no                     ; no            ; 2         ; no              ; no         ; no            ; no       ; Off          ; 3.3-V LVTTL  ; 8mA              ; Off         ; --                        ; no                         ; no                          ; Fitter               ; -                    ; -                   ;
; imed16[0]       ; U15   ; 4        ; 39           ; 0            ; 28           ; no              ; no                     ; no            ; 2         ; no              ; no         ; no            ; no       ; Off          ; 3.3-V LVTTL  ; 8mA              ; Off         ; --                        ; no                         ; no                          ; Fitter               ; -                    ; -                   ;
; imed16[10]      ; P20   ; 5        ; 41           ; 10           ; 0            ; no              ; no                     ; no            ; 2         ; no              ; no         ; no            ; no       ; Off          ; 3.3-V LVTTL  ; 8mA              ; Off         ; --                        ; no                         ; no                          ; Fitter               ; -                    ; -                   ;
; imed16[11]      ; R16   ; 4        ; 37           ; 0            ; 0            ; no              ; no                     ; no            ; 2         ; no              ; no         ; no            ; no       ; Off          ; 3.3-V LVTTL  ; 8mA              ; Off         ; --                        ; no                         ; no                          ; Fitter               ; -                    ; -                   ;
; imed16[12]      ; C7    ; 8        ; 9            ; 29           ; 7            ; no              ; no                     ; no            ; 2         ; no              ; no         ; no            ; no       ; Off          ; 3.3-V LVTTL  ; 8mA              ; Off         ; --                        ; no                         ; no                          ; Fitter               ; -                    ; -                   ;
; imed16[13]      ; K19   ; 6        ; 41           ; 18           ; 0            ; no              ; no                     ; no            ; 2         ; no              ; no         ; no            ; no       ; Off          ; 3.3-V LVTTL  ; 8mA              ; Off         ; --                        ; no                         ; no                          ; Fitter               ; -                    ; -                   ;
; imed16[14]      ; J2    ; 1        ; 0            ; 20           ; 0            ; no              ; no                     ; no            ; 2         ; no              ; no         ; no            ; no       ; Off          ; 3.3-V LVTTL  ; 8mA              ; Off         ; --                        ; no                         ; no                          ; Fitter               ; -                    ; -                   ;
; imed16[15]      ; E21   ; 6        ; 41           ; 23           ; 7            ; no              ; no                     ; no            ; 2         ; no              ; no         ; no            ; no       ; Off          ; 3.3-V LVTTL  ; 8mA              ; Off         ; --                        ; no                         ; no                          ; Fitter               ; -                    ; -                   ;
; imed16[1]       ; H20   ; 6        ; 41           ; 22           ; 0            ; no              ; no                     ; no            ; 2         ; no              ; no         ; no            ; no       ; Off          ; 3.3-V LVTTL  ; 8mA              ; Off         ; --                        ; no                         ; no                          ; Fitter               ; -                    ; -                   ;
; imed16[2]       ; F16   ; 7        ; 39           ; 29           ; 0            ; no              ; no                     ; no            ; 2         ; no              ; no         ; no            ; no       ; Off          ; 3.3-V LVTTL  ; 8mA              ; Off         ; --                        ; no                         ; no                          ; Fitter               ; -                    ; -                   ;
; imed16[3]       ; B19   ; 7        ; 32           ; 29           ; 0            ; no              ; no                     ; no            ; 2         ; no              ; no         ; no            ; no       ; Off          ; 3.3-V LVTTL  ; 8mA              ; Off         ; --                        ; no                         ; no                          ; Fitter               ; -                    ; -                   ;
; imed16[4]       ; V14   ; 4        ; 30           ; 0            ; 0            ; no              ; no                     ; no            ; 2         ; no              ; no         ; no            ; no       ; Off          ; 3.3-V LVTTL  ; 8mA              ; Off         ; --                        ; no                         ; no                          ; Fitter               ; -                    ; -                   ;
; imed16[5]       ; P3    ; 2        ; 0            ; 9            ; 0            ; no              ; no                     ; no            ; 2         ; no              ; no         ; no            ; no       ; Off          ; 3.3-V LVTTL  ; 8mA              ; Off         ; --                        ; no                         ; no                          ; Fitter               ; -                    ; -                   ;
; imed16[6]       ; V10   ; 3        ; 14           ; 0            ; 14           ; no              ; no                     ; no            ; 2         ; no              ; no         ; no            ; no       ; Off          ; 3.3-V LVTTL  ; 8mA              ; Off         ; --                        ; no                         ; no                          ; Fitter               ; -                    ; -                   ;
; imed16[7]       ; A16   ; 7        ; 30           ; 29           ; 28           ; no              ; no                     ; no            ; 2         ; no              ; no         ; no            ; no       ; Off          ; 3.3-V LVTTL  ; 8mA              ; Off         ; --                        ; no                         ; no                          ; Fitter               ; -                    ; -                   ;
; imed16[8]       ; F12   ; 7        ; 28           ; 29           ; 21           ; no              ; no                     ; no            ; 2         ; no              ; no         ; no            ; no       ; Off          ; 3.3-V LVTTL  ; 8mA              ; Off         ; --                        ; no                         ; no                          ; Fitter               ; -                    ; -                   ;
; imed16[9]       ; Y7    ; 3        ; 9            ; 0            ; 7            ; no              ; no                     ; no            ; 2         ; no              ; no         ; no            ; no       ; Off          ; 3.3-V LVTTL  ; 8mA              ; Off         ; --                        ; no                         ; no                          ; Fitter               ; -                    ; -                   ;
; nextPC[0]       ; B13   ; 7        ; 21           ; 29           ; 7            ; no              ; no                     ; no            ; 2         ; no              ; no         ; no            ; no       ; Off          ; 3.3-V LVTTL  ; 8mA              ; Off         ; --                        ; no                         ; no                          ; Fitter               ; -                    ; -                   ;
; nextPC[10]      ; M16   ; 5        ; 41           ; 14           ; 0            ; no              ; no                     ; no            ; 2         ; no              ; no         ; no            ; no       ; Off          ; 3.3-V LVTTL  ; 8mA              ; Off         ; --                        ; no                         ; no                          ; Fitter               ; -                    ; -                   ;
; nextPC[11]      ; W15   ; 4        ; 32           ; 0            ; 21           ; no              ; no                     ; no            ; 2         ; no              ; no         ; no            ; no       ; Off          ; 3.3-V LVTTL  ; 8mA              ; Off         ; --                        ; no                         ; no                          ; Fitter               ; -                    ; -                   ;
; nextPC[12]      ; E13   ; 7        ; 23           ; 29           ; 14           ; no              ; no                     ; no            ; 2         ; no              ; no         ; no            ; no       ; Off          ; 3.3-V LVTTL  ; 8mA              ; Off         ; --                        ; no                         ; no                          ; Fitter               ; -                    ; -                   ;
; nextPC[13]      ; F22   ; 6        ; 41           ; 22           ; 21           ; no              ; no                     ; no            ; 2         ; no              ; no         ; no            ; no       ; Off          ; 3.3-V LVTTL  ; 8mA              ; Off         ; --                        ; no                         ; no                          ; Fitter               ; -                    ; -                   ;
; nextPC[14]      ; AB14  ; 4        ; 23           ; 0            ; 7            ; no              ; no                     ; no            ; 2         ; no              ; no         ; no            ; no       ; Off          ; 3.3-V LVTTL  ; 8mA              ; Off         ; --                        ; no                         ; no                          ; Fitter               ; -                    ; -                   ;
; nextPC[15]      ; AA17  ; 4        ; 28           ; 0            ; 7            ; no              ; no                     ; no            ; 2         ; no              ; no         ; no            ; no       ; Off          ; 3.3-V LVTTL  ; 8mA              ; Off         ; --                        ; no                         ; no                          ; Fitter               ; -                    ; -                   ;
; nextPC[16]      ; C10   ; 8        ; 14           ; 29           ; 7            ; no              ; no                     ; no            ; 2         ; no              ; no         ; no            ; no       ; Off          ; 3.3-V LVTTL  ; 8mA              ; Off         ; --                        ; no                         ; no                          ; Fitter               ; -                    ; -                   ;
; nextPC[17]      ; E9    ; 8        ; 11           ; 29           ; 28           ; no              ; no                     ; no            ; 2         ; no              ; no         ; no            ; no       ; Off          ; 3.3-V LVTTL  ; 8mA              ; Off         ; --                        ; no                         ; no                          ; Fitter               ; -                    ; -                   ;
; nextPC[18]      ; H11   ; 8        ; 19           ; 29           ; 28           ; no              ; no                     ; no            ; 2         ; no              ; no         ; no            ; no       ; Off          ; 3.3-V LVTTL  ; 8mA              ; Off         ; --                        ; no                         ; no                          ; Fitter               ; -                    ; -                   ;
; nextPC[19]      ; A8    ; 8        ; 14           ; 29           ; 21           ; no              ; no                     ; no            ; 2         ; no              ; no         ; no            ; no       ; Off          ; 3.3-V LVTTL  ; 8mA              ; Off         ; --                        ; no                         ; no                          ; Fitter               ; -                    ; -                   ;
; nextPC[1]       ; M3    ; 2        ; 0            ; 12           ; 7            ; no              ; no                     ; no            ; 2         ; no              ; no         ; no            ; no       ; Off          ; 3.3-V LVTTL  ; 8mA              ; Off         ; --                        ; no                         ; no                          ; Fitter               ; -                    ; -                   ;
; nextPC[20]      ; N1    ; 2        ; 0            ; 12           ; 21           ; no              ; no                     ; no            ; 2         ; no              ; no         ; no            ; no       ; Off          ; 3.3-V LVTTL  ; 8mA              ; Off         ; --                        ; no                         ; no                          ; Fitter               ; -                    ; -                   ;
; nextPC[21]      ; G11   ; 8        ; 14           ; 29           ; 14           ; no              ; no                     ; no            ; 2         ; no              ; no         ; no            ; no       ; Off          ; 3.3-V LVTTL  ; 8mA              ; Off         ; --                        ; no                         ; no                          ; Fitter               ; -                    ; -                   ;
; nextPC[22]      ; V12   ; 4        ; 23           ; 0            ; 0            ; no              ; no                     ; no            ; 2         ; no              ; no         ; no            ; no       ; Off          ; 3.3-V LVTTL  ; 8mA              ; Off         ; --                        ; no                         ; no                          ; Fitter               ; -                    ; -                   ;
; nextPC[23]      ; A13   ; 7        ; 21           ; 29           ; 0            ; no              ; no                     ; no            ; 2         ; no              ; no         ; no            ; no       ; Off          ; 3.3-V LVTTL  ; 8mA              ; Off         ; --                        ; no                         ; no                          ; Fitter               ; -                    ; -                   ;
; nextPC[24]      ; AA9   ; 3        ; 16           ; 0            ; 7            ; no              ; no                     ; no            ; 2         ; no              ; no         ; no            ; no       ; Off          ; 3.3-V LVTTL  ; 8mA              ; Off         ; --                        ; no                         ; no                          ; Fitter               ; -                    ; -                   ;
; nextPC[25]      ; F13   ; 7        ; 26           ; 29           ; 14           ; no              ; no                     ; no            ; 2         ; no              ; no         ; no            ; no       ; Off          ; 3.3-V LVTTL  ; 8mA              ; Off         ; --                        ; no                         ; no                          ; Fitter               ; -                    ; -                   ;
; nextPC[26]      ; AA13  ; 4        ; 23           ; 0            ; 28           ; no              ; no                     ; no            ; 2         ; no              ; no         ; no            ; no       ; Off          ; 3.3-V LVTTL  ; 8mA              ; Off         ; --                        ; no                         ; no                          ; Fitter               ; -                    ; -                   ;
; nextPC[27]      ; E10   ; 8        ; 16           ; 29           ; 7            ; no              ; no                     ; no            ; 2         ; no              ; no         ; no            ; no       ; Off          ; 3.3-V LVTTL  ; 8mA              ; Off         ; --                        ; no                         ; no                          ; Fitter               ; -                    ; -                   ;
; nextPC[28]      ; F11   ; 7        ; 21           ; 29           ; 28           ; no              ; no                     ; no            ; 2         ; no              ; no         ; no            ; no       ; Off          ; 3.3-V LVTTL  ; 8mA              ; Off         ; --                        ; no                         ; no                          ; Fitter               ; -                    ; -                   ;
; nextPC[29]      ; P1    ; 2        ; 0            ; 11           ; 21           ; no              ; no                     ; no            ; 2         ; no              ; no         ; no            ; no       ; Off          ; 3.3-V LVTTL  ; 8mA              ; Off         ; --                        ; no                         ; no                          ; Fitter               ; -                    ; -                   ;
; nextPC[2]       ; N2    ; 2        ; 0            ; 12           ; 14           ; no              ; no                     ; no            ; 2         ; no              ; no         ; no            ; no       ; Off          ; 3.3-V LVTTL  ; 8mA              ; Off         ; --                        ; no                         ; no                          ; Fitter               ; -                    ; -                   ;
; nextPC[30]      ; E11   ; 7        ; 21           ; 29           ; 21           ; no              ; no                     ; no            ; 2         ; no              ; no         ; no            ; no       ; Off          ; 3.3-V LVTTL  ; 8mA              ; Off         ; --                        ; no                         ; no                          ; Fitter               ; -                    ; -                   ;
; nextPC[31]      ; P2    ; 2        ; 0            ; 11           ; 14           ; no              ; no                     ; no            ; 2         ; no              ; no         ; no            ; no       ; Off          ; 3.3-V LVTTL  ; 8mA              ; Off         ; --                        ; no                         ; no                          ; Fitter               ; -                    ; -                   ;
; nextPC[3]       ; M4    ; 2        ; 0            ; 12           ; 0            ; no              ; no                     ; no            ; 2         ; no              ; no         ; no            ; no       ; Off          ; 3.3-V LVTTL  ; 8mA              ; Off         ; --                        ; no                         ; no                          ; Fitter               ; -                    ; -                   ;
; nextPC[4]       ; A10   ; 8        ; 16           ; 29           ; 14           ; no              ; no                     ; no            ; 2         ; no              ; no         ; no            ; no       ; Off          ; 3.3-V LVTTL  ; 8mA              ; Off         ; --                        ; no                         ; no                          ; Fitter               ; -                    ; -                   ;
; nextPC[5]       ; C13   ; 7        ; 23           ; 29           ; 0            ; no              ; no                     ; no            ; 2         ; no              ; no         ; no            ; no       ; Off          ; 3.3-V LVTTL  ; 8mA              ; Off         ; --                        ; no                         ; no                          ; Fitter               ; -                    ; -                   ;
; nextPC[6]       ; AA14  ; 4        ; 23           ; 0            ; 14           ; no              ; no                     ; no            ; 2         ; no              ; no         ; no            ; no       ; Off          ; 3.3-V LVTTL  ; 8mA              ; Off         ; --                        ; no                         ; no                          ; Fitter               ; -                    ; -                   ;
; nextPC[7]       ; B10   ; 8        ; 16           ; 29           ; 21           ; no              ; no                     ; no            ; 2         ; no              ; no         ; no            ; no       ; Off          ; 3.3-V LVTTL  ; 8mA              ; Off         ; --                        ; no                         ; no                          ; Fitter               ; -                    ; -                   ;
; nextPC[8]       ; U13   ; 4        ; 30           ; 0            ; 7            ; no              ; no                     ; no            ; 2         ; no              ; no         ; no            ; no       ; Off          ; 3.3-V LVTTL  ; 8mA              ; Off         ; --                        ; no                         ; no                          ; Fitter               ; -                    ; -                   ;
; nextPC[9]       ; M21   ; 5        ; 41           ; 14           ; 21           ; no              ; no                     ; no            ; 2         ; no              ; no         ; no            ; no       ; Off          ; 3.3-V LVTTL  ; 8mA              ; Off         ; --                        ; no                         ; no                          ; Fitter               ; -                    ; -                   ;
; op[26]          ; E15   ; 7        ; 30           ; 29           ; 0            ; no              ; no                     ; no            ; 2         ; no              ; no         ; no            ; no       ; Off          ; 3.3-V LVTTL  ; 8mA              ; Off         ; --                        ; no                         ; no                          ; Fitter               ; -                    ; -                   ;
; op[27]          ; H21   ; 6        ; 41           ; 21           ; 21           ; no              ; no                     ; no            ; 2         ; no              ; no         ; no            ; no       ; Off          ; 3.3-V LVTTL  ; 8mA              ; Off         ; --                        ; no                         ; no                          ; Fitter               ; -                    ; -                   ;
; op[28]          ; T14   ; 4        ; 32           ; 0            ; 14           ; no              ; no                     ; no            ; 2         ; no              ; no         ; no            ; no       ; Off          ; 3.3-V LVTTL  ; 8mA              ; Off         ; --                        ; no                         ; no                          ; Fitter               ; -                    ; -                   ;
; op[29]          ; J21   ; 6        ; 41           ; 20           ; 21           ; no              ; no                     ; no            ; 2         ; no              ; no         ; no            ; no       ; Off          ; 3.3-V LVTTL  ; 8mA              ; Off         ; --                        ; no                         ; no                          ; Fitter               ; -                    ; -                   ;
; op[30]          ; AB17  ; 4        ; 28           ; 0            ; 0            ; no              ; no                     ; no            ; 2         ; no              ; no         ; no            ; no       ; Off          ; 3.3-V LVTTL  ; 8mA              ; Off         ; --                        ; no                         ; no                          ; Fitter               ; -                    ; -                   ;
; op[31]          ; K18   ; 6        ; 41           ; 21           ; 7            ; no              ; no                     ; no            ; 2         ; no              ; no         ; no            ; no       ; Off          ; 3.3-V LVTTL  ; 8mA              ; Off         ; --                        ; no                         ; no                          ; Fitter               ; -                    ; -                   ;
; rd[11]          ; AA16  ; 4        ; 28           ; 0            ; 21           ; no              ; no                     ; no            ; 2         ; no              ; no         ; no            ; no       ; Off          ; 3.3-V LVTTL  ; 8mA              ; Off         ; --                        ; no                         ; no                          ; Fitter               ; -                    ; -                   ;
; rd[12]          ; H10   ; 8        ; 9            ; 29           ; 28           ; no              ; no                     ; no            ; 2         ; no              ; no         ; no            ; no       ; Off          ; 3.3-V LVTTL  ; 8mA              ; Off         ; --                        ; no                         ; no                          ; Fitter               ; -                    ; -                   ;
; rd[13]          ; L21   ; 6        ; 41           ; 18           ; 14           ; no              ; no                     ; no            ; 2         ; no              ; no         ; no            ; no       ; Off          ; 3.3-V LVTTL  ; 8mA              ; Off         ; --                        ; no                         ; no                          ; Fitter               ; -                    ; -                   ;
; rd[14]          ; J3    ; 1        ; 0            ; 21           ; 21           ; no              ; no                     ; no            ; 2         ; no              ; no         ; no            ; no       ; Off          ; 3.3-V LVTTL  ; 8mA              ; Off         ; --                        ; no                         ; no                          ; Fitter               ; -                    ; -                   ;
; rd[15]          ; N17   ; 5        ; 41           ; 12           ; 0            ; no              ; no                     ; no            ; 2         ; no              ; no         ; no            ; no       ; Off          ; 3.3-V LVTTL  ; 8mA              ; Off         ; --                        ; no                         ; no                          ; Fitter               ; -                    ; -                   ;
; rs[21]          ; N22   ; 5        ; 41           ; 13           ; 14           ; no              ; no                     ; no            ; 2         ; no              ; no         ; no            ; no       ; Off          ; 3.3-V LVTTL  ; 8mA              ; Off         ; --                        ; no                         ; no                          ; Fitter               ; -                    ; -                   ;
; rs[22]          ; C15   ; 7        ; 28           ; 29           ; 7            ; no              ; no                     ; no            ; 2         ; no              ; no         ; no            ; no       ; Off          ; 3.3-V LVTTL  ; 8mA              ; Off         ; --                        ; no                         ; no                          ; Fitter               ; -                    ; -                   ;
; rs[23]          ; G13   ; 7        ; 30           ; 29           ; 7            ; no              ; no                     ; no            ; 2         ; no              ; no         ; no            ; no       ; Off          ; 3.3-V LVTTL  ; 8mA              ; Off         ; --                        ; no                         ; no                          ; Fitter               ; -                    ; -                   ;
; rs[24]          ; AB16  ; 4        ; 28           ; 0            ; 14           ; no              ; no                     ; no            ; 2         ; no              ; no         ; no            ; no       ; Off          ; 3.3-V LVTTL  ; 8mA              ; Off         ; --                        ; no                         ; no                          ; Fitter               ; -                    ; -                   ;
; rs[25]          ; B16   ; 7        ; 28           ; 29           ; 0            ; no              ; no                     ; no            ; 2         ; no              ; no         ; no            ; no       ; Off          ; 3.3-V LVTTL  ; 8mA              ; Off         ; --                        ; no                         ; no                          ; Fitter               ; -                    ; -                   ;
; rt[16]          ; R22   ; 5        ; 41           ; 10           ; 14           ; no              ; no                     ; no            ; 2         ; no              ; no         ; no            ; no       ; Off          ; 3.3-V LVTTL  ; 8mA              ; Off         ; --                        ; no                         ; no                          ; Fitter               ; -                    ; -                   ;
; rt[17]          ; R21   ; 5        ; 41           ; 10           ; 7            ; no              ; no                     ; no            ; 2         ; no              ; no         ; no            ; no       ; Off          ; 3.3-V LVTTL  ; 8mA              ; Off         ; --                        ; no                         ; no                          ; Fitter               ; -                    ; -                   ;
; rt[18]          ; M1    ; 2        ; 0            ; 13           ; 21           ; no              ; no                     ; no            ; 2         ; no              ; no         ; no            ; no       ; Off          ; 3.3-V LVTTL  ; 8mA              ; Off         ; --                        ; no                         ; no                          ; Fitter               ; -                    ; -                   ;
; rt[19]          ; AB18  ; 4        ; 32           ; 0            ; 0            ; no              ; no                     ; no            ; 2         ; no              ; no         ; no            ; no       ; Off          ; 3.3-V LVTTL  ; 8mA              ; Off         ; --                        ; no                         ; no                          ; Fitter               ; -                    ; -                   ;
; rt[20]          ; AB15  ; 4        ; 26           ; 0            ; 7            ; no              ; no                     ; no            ; 2         ; no              ; no         ; no            ; no       ; Off          ; 3.3-V LVTTL  ; 8mA              ; Off         ; --                        ; no                         ; no                          ; Fitter               ; -                    ; -                   ;
; shamt[10]       ; N16   ; 5        ; 41           ; 10           ; 21           ; no              ; no                     ; no            ; 2         ; no              ; no         ; no            ; no       ; Off          ; 3.3-V LVTTL  ; 8mA              ; Off         ; --                        ; no                         ; no                          ; Fitter               ; -                    ; -                   ;
; shamt[6]        ; AB9   ; 3        ; 16           ; 0            ; 0            ; no              ; no                     ; no            ; 2         ; no              ; no         ; no            ; no       ; Off          ; 3.3-V LVTTL  ; 8mA              ; Off         ; --                        ; no                         ; no                          ; Fitter               ; -                    ; -                   ;
; shamt[7]        ; A15   ; 7        ; 26           ; 29           ; 21           ; no              ; no                     ; no            ; 2         ; no              ; no         ; no            ; no       ; Off          ; 3.3-V LVTTL  ; 8mA              ; Off         ; --                        ; no                         ; no                          ; Fitter               ; -                    ; -                   ;
; shamt[8]        ; B15   ; 7        ; 26           ; 29           ; 28           ; no              ; no                     ; no            ; 2         ; no              ; no         ; no            ; no       ; Off          ; 3.3-V LVTTL  ; 8mA              ; Off         ; --                        ; no                         ; no                          ; Fitter               ; -                    ; -                   ;
; shamt[9]        ; AA4   ; 3        ; 7            ; 0            ; 7            ; no              ; no                     ; no            ; 2         ; no              ; no         ; no            ; no       ; Off          ; 3.3-V LVTTL  ; 8mA              ; Off         ; --                        ; no                         ; no                          ; Fitter               ; -                    ; -                   ;
+-----------------+-------+----------+--------------+--------------+--------------+-----------------+------------------------+---------------+-----------+-----------------+------------+---------------+----------+--------------+--------------+------------------+-------------+---------------------------+----------------------------+-----------------------------+----------------------+----------------------+---------------------+


+--------------------------------------------------------------------------------------------------------------------------------------+
; Dual Purpose and Dedicated Pins                                                                                                      ;
+----------+------------------------------------------+--------------------------+-------------------------+---------------------------+
; Location ; Pin Name                                 ; Reserved As              ; User Signal Name        ; Pin Type                  ;
+----------+------------------------------------------+--------------------------+-------------------------+---------------------------+
; D1       ; DIFFIO_L4n, DATA1, ASDO                  ; As input tri-stated      ; ~ALTERA_ASDO_DATA1~     ; Dual Purpose Pin          ;
; E2       ; DIFFIO_L6p, FLASH_nCE, nCSO              ; As input tri-stated      ; ~ALTERA_FLASH_nCE_nCSO~ ; Dual Purpose Pin          ;
; K6       ; nSTATUS                                  ; -                        ; -                       ; Dedicated Programming Pin ;
; K2       ; DCLK                                     ; As output driving ground ; ~ALTERA_DCLK~           ; Dual Purpose Pin          ;
; K1       ; DATA0                                    ; As input tri-stated      ; ~ALTERA_DATA0~          ; Dual Purpose Pin          ;
; K5       ; nCONFIG                                  ; -                        ; -                       ; Dedicated Programming Pin ;
; L3       ; nCE                                      ; -                        ; -                       ; Dedicated Programming Pin ;
; N22      ; DIFFIO_R21n, DEV_OE                      ; Use as regular IO        ; rs[21]                  ; Dual Purpose Pin          ;
; N21      ; DIFFIO_R21p, DEV_CLRn                    ; Use as regular IO        ; Instruction[10]         ; Dual Purpose Pin          ;
; M18      ; CONF_DONE                                ; -                        ; -                       ; Dedicated Programming Pin ;
; M17      ; MSEL0                                    ; -                        ; -                       ; Dedicated Programming Pin ;
; L18      ; MSEL1                                    ; -                        ; -                       ; Dedicated Programming Pin ;
; L17      ; MSEL2                                    ; -                        ; -                       ; Dedicated Programming Pin ;
; K20      ; MSEL3                                    ; -                        ; -                       ; Dedicated Programming Pin ;
; L22      ; DIFFIO_R17n, INIT_DONE                   ; Use as regular IO        ; ALUSrc                  ; Dual Purpose Pin          ;
; L21      ; DIFFIO_R17p, CRC_ERROR                   ; Use as regular IO        ; rd[13]                  ; Dual Purpose Pin          ;
; K22      ; DIFFIO_R16n, nCEO                        ; Use as programming pin   ; ~ALTERA_nCEO~           ; Dual Purpose Pin          ;
; K21      ; DIFFIO_R16p, CLKUSR                      ; Use as regular IO        ; Branch                  ; Dual Purpose Pin          ;
; E21      ; DIFFIO_R9p, nOE                          ; Use as regular IO        ; imed16[15]              ; Dual Purpose Pin          ;
; G18      ; DIFFIO_R5n, PADD23                       ; Use as regular IO        ; Instruction[15]         ; Dual Purpose Pin          ;
; B21      ; DIFFIO_R3p, PADD21                       ; Use as regular IO        ; function[2]             ; Dual Purpose Pin          ;
; B18      ; DIFFIO_T27p, PADD0                       ; Use as regular IO        ; function[3]             ; Dual Purpose Pin          ;
; A17      ; DIFFIO_T25n, PADD1                       ; Use as regular IO        ; Instruction[22]         ; Dual Purpose Pin          ;
; B17      ; DIFFIO_T25p, PADD2                       ; Use as regular IO        ; PC[9]                   ; Dual Purpose Pin          ;
; E14      ; DIFFIO_T23n, PADD3                       ; Use as regular IO        ; PC[4]                   ; Dual Purpose Pin          ;
; F13      ; DIFFIO_T21p, PADD4, DQS2T/CQ3T,DPCLK8    ; Use as regular IO        ; nextPC[25]              ; Dual Purpose Pin          ;
; A15      ; DIFFIO_T20n, PADD5                       ; Use as regular IO        ; shamt[7]                ; Dual Purpose Pin          ;
; B15      ; DIFFIO_T20p, PADD6                       ; Use as regular IO        ; shamt[8]                ; Dual Purpose Pin          ;
; C13      ; DIFFIO_T19n, PADD7                       ; Use as regular IO        ; nextPC[5]               ; Dual Purpose Pin          ;
; D13      ; DIFFIO_T19p, PADD8                       ; Use as regular IO        ; PC[11]                  ; Dual Purpose Pin          ;
; A14      ; DIFFIO_T18n, PADD9                       ; Use as regular IO        ; PC[12]                  ; Dual Purpose Pin          ;
; B14      ; DIFFIO_T18p, PADD10                      ; Use as regular IO        ; PC[2]                   ; Dual Purpose Pin          ;
; A13      ; DIFFIO_T17n, PADD11                      ; Use as regular IO        ; nextPC[23]              ; Dual Purpose Pin          ;
; B13      ; DIFFIO_T17p, PADD12, DQS4T/CQ5T,DPCLK9   ; Use as regular IO        ; nextPC[0]               ; Dual Purpose Pin          ;
; E11      ; DIFFIO_T16n, PADD13                      ; Use as regular IO        ; nextPC[30]              ; Dual Purpose Pin          ;
; F11      ; DIFFIO_T16p, PADD14                      ; Use as regular IO        ; nextPC[28]              ; Dual Purpose Pin          ;
; B10      ; DIFFIO_T14p, PADD15                      ; Use as regular IO        ; nextPC[7]               ; Dual Purpose Pin          ;
; A9       ; DIFFIO_T13n, PADD16                      ; Use as regular IO        ; PC[14]                  ; Dual Purpose Pin          ;
; B9       ; DIFFIO_T13p, PADD17, DQS5T/CQ5T#,DPCLK10 ; Use as regular IO        ; PC[21]                  ; Dual Purpose Pin          ;
; A8       ; DIFFIO_T12n, DATA2                       ; Use as regular IO        ; nextPC[19]              ; Dual Purpose Pin          ;
; C8       ; DIFFIO_T9n, DATA14, DQS3T/CQ3T#,DPCLK11  ; Use as regular IO        ; Instruction[12]         ; Dual Purpose Pin          ;
; C7       ; DIFFIO_T9p, DATA13                       ; Use as regular IO        ; imed16[12]              ; Dual Purpose Pin          ;
+----------+------------------------------------------+--------------------------+-------------------------+---------------------------+


+------------------------------------------------------------+
; I/O Bank Usage                                             ;
+----------+------------------+---------------+--------------+
; I/O Bank ; Usage            ; VCCIO Voltage ; VREF Voltage ;
+----------+------------------+---------------+--------------+
; 1        ; 9 / 33 ( 27 % )  ; 3.3V          ; --           ;
; 2        ; 15 / 48 ( 31 % ) ; 3.3V          ; --           ;
; 3        ; 16 / 46 ( 35 % ) ; 3.3V          ; --           ;
; 4        ; 29 / 41 ( 71 % ) ; 3.3V          ; --           ;
; 5        ; 21 / 46 ( 46 % ) ; 3.3V          ; --           ;
; 6        ; 25 / 43 ( 58 % ) ; 3.3V          ; --           ;
; 7        ; 34 / 47 ( 72 % ) ; 3.3V          ; --           ;
; 8        ; 14 / 43 ( 33 % ) ; 3.3V          ; --           ;
+----------+------------------+---------------+--------------+


+-----------------------------------------------------------------------------------------------------------------------------------------------------------------------------------------+
; All Package Pins                                                                                                                                                                        ;
+----------+------------+----------+-----------------------------------------------------------+--------+--------------+---------+------------+-----------------+----------+--------------+
; Location ; Pad Number ; I/O Bank ; Pin Name/Usage                                            ; Dir.   ; I/O Standard ; Voltage ; I/O Type   ; User Assignment ; Bus Hold ; Weak Pull Up ;
+----------+------------+----------+-----------------------------------------------------------+--------+--------------+---------+------------+-----------------+----------+--------------+
; A1       ;            ;          ; GND                                                       ; gnd    ;              ;         ; --         ;                 ; --       ; --           ;
; A2       ;            ; 8        ; VCCIO8                                                    ; power  ;              ; 3.3V    ; --         ;                 ; --       ; --           ;
; A3       ; 354        ; 8        ; RESERVED_INPUT_WITH_WEAK_PULLUP                           ;        ;              ;         ; Column I/O ;                 ; no       ; On           ;
; A4       ; 350        ; 8        ; RESERVED_INPUT_WITH_WEAK_PULLUP                           ;        ;              ;         ; Column I/O ;                 ; no       ; On           ;
; A5       ; 345        ; 8        ; RESERVED_INPUT_WITH_WEAK_PULLUP                           ;        ;              ;         ; Column I/O ;                 ; no       ; On           ;
; A6       ; 336        ; 8        ; RESERVED_INPUT_WITH_WEAK_PULLUP                           ;        ;              ;         ; Column I/O ;                 ; no       ; On           ;
; A7       ; 334        ; 8        ; RESERVED_INPUT_WITH_WEAK_PULLUP                           ;        ;              ;         ; Column I/O ;                 ; no       ; On           ;
; A8       ; 332        ; 8        ; nextPC[19]                                                ; output ; 3.3-V LVTTL  ;         ; Column I/O ; N               ; no       ; Off          ;
; A9       ; 328        ; 8        ; PC[14]                                                    ; output ; 3.3-V LVTTL  ;         ; Column I/O ; N               ; no       ; Off          ;
; A10      ; 326        ; 8        ; nextPC[4]                                                 ; output ; 3.3-V LVTTL  ;         ; Column I/O ; N               ; no       ; Off          ;
; A11      ; 321        ; 8        ; GND+                                                      ;        ;              ;         ; Column I/O ;                 ; --       ; --           ;
; A12      ; 319        ; 7        ; GND+                                                      ;        ;              ;         ; Column I/O ;                 ; --       ; --           ;
; A13      ; 314        ; 7        ; nextPC[23]                                                ; output ; 3.3-V LVTTL  ;         ; Column I/O ; N               ; no       ; Off          ;
; A14      ; 312        ; 7        ; PC[12]                                                    ; output ; 3.3-V LVTTL  ;         ; Column I/O ; N               ; no       ; Off          ;
; A15      ; 307        ; 7        ; shamt[7]                                                  ; output ; 3.3-V LVTTL  ;         ; Column I/O ; N               ; no       ; Off          ;
; A16      ; 298        ; 7        ; imed16[7]                                                 ; output ; 3.3-V LVTTL  ;         ; Column I/O ; N               ; no       ; Off          ;
; A17      ; 296        ; 7        ; Instruction[22]                                           ; output ; 3.3-V LVTTL  ;         ; Column I/O ; N               ; no       ; Off          ;
; A18      ; 291        ; 7        ; Instruction[2]                                            ; output ; 3.3-V LVTTL  ;         ; Column I/O ; N               ; no       ; Off          ;
; A19      ; 290        ; 7        ; Instruction[3]                                            ; output ; 3.3-V LVTTL  ;         ; Column I/O ; N               ; no       ; Off          ;
; A20      ; 284        ; 7        ; RESERVED_INPUT_WITH_WEAK_PULLUP                           ;        ;              ;         ; Column I/O ;                 ; no       ; On           ;
; A21      ;            ; 7        ; VCCIO7                                                    ; power  ;              ; 3.3V    ; --         ;                 ; --       ; --           ;
; A22      ;            ;          ; GND                                                       ; gnd    ;              ;         ; --         ;                 ; --       ; --           ;
; AA1      ; 76         ; 2        ; RESERVED_INPUT_WITH_WEAK_PULLUP                           ;        ;              ;         ; Row I/O    ;                 ; no       ; On           ;
; AA2      ; 75         ; 2        ; RESERVED_INPUT_WITH_WEAK_PULLUP                           ;        ;              ;         ; Row I/O    ;                 ; no       ; On           ;
; AA3      ; 102        ; 3        ; RESERVED_INPUT_WITH_WEAK_PULLUP                           ;        ;              ;         ; Column I/O ;                 ; no       ; On           ;
; AA4      ; 106        ; 3        ; shamt[9]                                                  ; output ; 3.3-V LVTTL  ;         ; Column I/O ; N               ; no       ; Off          ;
; AA5      ; 108        ; 3        ; RESERVED_INPUT_WITH_WEAK_PULLUP                           ;        ;              ;         ; Column I/O ;                 ; no       ; On           ;
; AA6      ;            ; 3        ; VCCIO3                                                    ; power  ;              ; 3.3V    ; --         ;                 ; --       ; --           ;
; AA7      ; 115        ; 3        ; RESERVED_INPUT_WITH_WEAK_PULLUP                           ;        ;              ;         ; Column I/O ;                 ; no       ; On           ;
; AA8      ; 123        ; 3        ; PC[20]                                                    ; output ; 3.3-V LVTTL  ;         ; Column I/O ; N               ; no       ; Off          ;
; AA9      ; 126        ; 3        ; nextPC[24]                                                ; output ; 3.3-V LVTTL  ;         ; Column I/O ; N               ; no       ; Off          ;
; AA10     ; 132        ; 3        ; PC[29]                                                    ; output ; 3.3-V LVTTL  ;         ; Column I/O ; N               ; no       ; Off          ;
; AA11     ; 134        ; 3        ; GND+                                                      ;        ;              ;         ; Column I/O ;                 ; --       ; --           ;
; AA12     ; 136        ; 4        ; GND+                                                      ;        ;              ;         ; Column I/O ;                 ; --       ; --           ;
; AA13     ; 138        ; 4        ; nextPC[26]                                                ; output ; 3.3-V LVTTL  ;         ; Column I/O ; N               ; no       ; Off          ;
; AA14     ; 140        ; 4        ; nextPC[6]                                                 ; output ; 3.3-V LVTTL  ;         ; Column I/O ; N               ; no       ; Off          ;
; AA15     ; 145        ; 4        ; Instruction[28]                                           ; output ; 3.3-V LVTTL  ;         ; Column I/O ; N               ; no       ; Off          ;
; AA16     ; 149        ; 4        ; rd[11]                                                    ; output ; 3.3-V LVTTL  ;         ; Column I/O ; N               ; no       ; Off          ;
; AA17     ; 151        ; 4        ; nextPC[15]                                                ; output ; 3.3-V LVTTL  ;         ; Column I/O ; N               ; no       ; Off          ;
; AA18     ; 163        ; 4        ; Instruction[4]                                            ; output ; 3.3-V LVTTL  ;         ; Column I/O ; N               ; no       ; Off          ;
; AA19     ; 164        ; 4        ; function[4]                                               ; output ; 3.3-V LVTTL  ;         ; Column I/O ; N               ; no       ; Off          ;
; AA20     ; 169        ; 4        ; RESERVED_INPUT_WITH_WEAK_PULLUP                           ;        ;              ;         ; Column I/O ;                 ; no       ; On           ;
; AA21     ; 179        ; 5        ; RESERVED_INPUT_WITH_WEAK_PULLUP                           ;        ;              ;         ; Row I/O    ;                 ; no       ; On           ;
; AA22     ; 178        ; 5        ; RESERVED_INPUT_WITH_WEAK_PULLUP                           ;        ;              ;         ; Row I/O    ;                 ; no       ; On           ;
; AB1      ;            ;          ; GND                                                       ; gnd    ;              ;         ; --         ;                 ; --       ; --           ;
; AB2      ;            ; 3        ; VCCIO3                                                    ; power  ;              ; 3.3V    ; --         ;                 ; --       ; --           ;
; AB3      ; 103        ; 3        ; RESERVED_INPUT_WITH_WEAK_PULLUP                           ;        ;              ;         ; Column I/O ;                 ; no       ; On           ;
; AB4      ; 107        ; 3        ; RESERVED_INPUT_WITH_WEAK_PULLUP                           ;        ;              ;         ; Column I/O ;                 ; no       ; On           ;
; AB5      ; 109        ; 3        ; RESERVED_INPUT_WITH_WEAK_PULLUP                           ;        ;              ;         ; Column I/O ;                 ; no       ; On           ;
; AB6      ;            ;          ; GND                                                       ; gnd    ;              ;         ; --         ;                 ; --       ; --           ;
; AB7      ; 116        ; 3        ; RESERVED_INPUT_WITH_WEAK_PULLUP                           ;        ;              ;         ; Column I/O ;                 ; no       ; On           ;
; AB8      ; 124        ; 3        ; PC[28]                                                    ; output ; 3.3-V LVTTL  ;         ; Column I/O ; N               ; no       ; Off          ;
; AB9      ; 127        ; 3        ; shamt[6]                                                  ; output ; 3.3-V LVTTL  ;         ; Column I/O ; N               ; no       ; Off          ;
; AB10     ; 133        ; 3        ; PC[24]                                                    ; output ; 3.3-V LVTTL  ;         ; Column I/O ; N               ; no       ; Off          ;
; AB11     ; 135        ; 3        ; GND+                                                      ;        ;              ;         ; Column I/O ;                 ; --       ; --           ;
; AB12     ; 137        ; 4        ; GND+                                                      ;        ;              ;         ; Column I/O ;                 ; --       ; --           ;
; AB13     ; 139        ; 4        ; PC[1]                                                     ; output ; 3.3-V LVTTL  ;         ; Column I/O ; N               ; no       ; Off          ;
; AB14     ; 141        ; 4        ; nextPC[14]                                                ; output ; 3.3-V LVTTL  ;         ; Column I/O ; N               ; no       ; Off          ;
; AB15     ; 146        ; 4        ; rt[20]                                                    ; output ; 3.3-V LVTTL  ;         ; Column I/O ; N               ; no       ; Off          ;
; AB16     ; 150        ; 4        ; rs[24]                                                    ; output ; 3.3-V LVTTL  ;         ; Column I/O ; N               ; no       ; Off          ;
; AB17     ; 152        ; 4        ; op[30]                                                    ; output ; 3.3-V LVTTL  ;         ; Column I/O ; N               ; no       ; Off          ;
; AB18     ; 162        ; 4        ; rt[19]                                                    ; output ; 3.3-V LVTTL  ;         ; Column I/O ; N               ; no       ; Off          ;
; AB19     ; 165        ; 4        ; RESERVED_INPUT_WITH_WEAK_PULLUP                           ;        ;              ;         ; Column I/O ;                 ; no       ; On           ;
; AB20     ; 170        ; 4        ; RESERVED_INPUT_WITH_WEAK_PULLUP                           ;        ;              ;         ; Column I/O ;                 ; no       ; On           ;
; AB21     ;            ; 4        ; VCCIO4                                                    ; power  ;              ; 3.3V    ; --         ;                 ; --       ; --           ;
; AB22     ;            ;          ; GND                                                       ; gnd    ;              ;         ; --         ;                 ; --       ; --           ;
; B1       ; 2          ; 1        ; RESERVED_INPUT_WITH_WEAK_PULLUP                           ;        ;              ;         ; Row I/O    ;                 ; no       ; On           ;
; B2       ; 1          ; 1        ; RESERVED_INPUT_WITH_WEAK_PULLUP                           ;        ;              ;         ; Row I/O    ;                 ; no       ; On           ;
; B3       ; 355        ; 8        ; RESERVED_INPUT_WITH_WEAK_PULLUP                           ;        ;              ;         ; Column I/O ;                 ; no       ; On           ;
; B4       ; 351        ; 8        ; RESERVED_INPUT_WITH_WEAK_PULLUP                           ;        ;              ;         ; Column I/O ;                 ; no       ; On           ;
; B5       ; 346        ; 8        ; RESERVED_INPUT_WITH_WEAK_PULLUP                           ;        ;              ;         ; Column I/O ;                 ; no       ; On           ;
; B6       ; 337        ; 8        ; RESERVED_INPUT_WITH_WEAK_PULLUP                           ;        ;              ;         ; Column I/O ;                 ; no       ; On           ;
; B7       ; 335        ; 8        ; RESERVED_INPUT_WITH_WEAK_PULLUP                           ;        ;              ;         ; Column I/O ;                 ; no       ; On           ;
; B8       ; 333        ; 8        ; RESERVED_INPUT_WITH_WEAK_PULLUP                           ;        ;              ;         ; Column I/O ;                 ; no       ; On           ;
; B9       ; 329        ; 8        ; PC[21]                                                    ; output ; 3.3-V LVTTL  ;         ; Column I/O ; N               ; no       ; Off          ;
; B10      ; 327        ; 8        ; nextPC[7]                                                 ; output ; 3.3-V LVTTL  ;         ; Column I/O ; N               ; no       ; Off          ;
; B11      ; 322        ; 8        ; GND+                                                      ;        ;              ;         ; Column I/O ;                 ; --       ; --           ;
; B12      ; 320        ; 7        ; GND+                                                      ;        ;              ;         ; Column I/O ;                 ; --       ; --           ;
; B13      ; 315        ; 7        ; nextPC[0]                                                 ; output ; 3.3-V LVTTL  ;         ; Column I/O ; N               ; no       ; Off          ;
; B14      ; 313        ; 7        ; PC[2]                                                     ; output ; 3.3-V LVTTL  ;         ; Column I/O ; N               ; no       ; Off          ;
; B15      ; 308        ; 7        ; shamt[8]                                                  ; output ; 3.3-V LVTTL  ;         ; Column I/O ; N               ; no       ; Off          ;
; B16      ; 299        ; 7        ; rs[25]                                                    ; output ; 3.3-V LVTTL  ;         ; Column I/O ; N               ; no       ; Off          ;
; B17      ; 297        ; 7        ; PC[9]                                                     ; output ; 3.3-V LVTTL  ;         ; Column I/O ; N               ; no       ; Off          ;
; B18      ; 292        ; 7        ; function[3]                                               ; output ; 3.3-V LVTTL  ;         ; Column I/O ; N               ; no       ; Off          ;
; B19      ; 289        ; 7        ; imed16[3]                                                 ; output ; 3.3-V LVTTL  ;         ; Column I/O ; N               ; no       ; Off          ;
; B20      ; 285        ; 7        ; PC[6]                                                     ; output ; 3.3-V LVTTL  ;         ; Column I/O ; N               ; no       ; Off          ;
; B21      ; 269        ; 6        ; function[2]                                               ; output ; 3.3-V LVTTL  ;         ; Row I/O    ; N               ; no       ; Off          ;
; B22      ; 268        ; 6        ; RESERVED_INPUT_WITH_WEAK_PULLUP                           ;        ;              ;         ; Row I/O    ;                 ; no       ; On           ;
; C1       ; 7          ; 1        ; RESERVED_INPUT_WITH_WEAK_PULLUP                           ;        ;              ;         ; Row I/O    ;                 ; no       ; On           ;
; C2       ; 6          ; 1        ; RESERVED_INPUT_WITH_WEAK_PULLUP                           ;        ;              ;         ; Row I/O    ;                 ; no       ; On           ;
; C3       ; 358        ; 8        ; RESERVED_INPUT_WITH_WEAK_PULLUP                           ;        ;              ;         ; Column I/O ;                 ; no       ; On           ;
; C4       ; 359        ; 8        ; RESERVED_INPUT_WITH_WEAK_PULLUP                           ;        ;              ;         ; Column I/O ;                 ; no       ; On           ;
; C5       ;            ;          ; GND                                                       ; gnd    ;              ;         ; --         ;                 ; --       ; --           ;
; C6       ; 349        ; 8        ; RESERVED_INPUT_WITH_WEAK_PULLUP                           ;        ;              ;         ; Column I/O ;                 ; no       ; On           ;
; C7       ; 340        ; 8        ; imed16[12]                                                ; output ; 3.3-V LVTTL  ;         ; Column I/O ; N               ; no       ; Off          ;
; C8       ; 339        ; 8        ; Instruction[12]                                           ; output ; 3.3-V LVTTL  ;         ; Column I/O ; N               ; no       ; Off          ;
; C9       ;            ;          ; GND                                                       ; gnd    ;              ;         ; --         ;                 ; --       ; --           ;
; C10      ; 330        ; 8        ; nextPC[16]                                                ; output ; 3.3-V LVTTL  ;         ; Column I/O ; N               ; no       ; Off          ;
; C11      ;            ;          ; GND                                                       ; gnd    ;              ;         ; --         ;                 ; --       ; --           ;
; C12      ;            ;          ; GND                                                       ; gnd    ;              ;         ; --         ;                 ; --       ; --           ;
; C13      ; 309        ; 7        ; nextPC[5]                                                 ; output ; 3.3-V LVTTL  ;         ; Column I/O ; N               ; no       ; Off          ;
; C14      ;            ;          ; GND                                                       ; gnd    ;              ;         ; --         ;                 ; --       ; --           ;
; C15      ; 300        ; 7        ; rs[22]                                                    ; output ; 3.3-V LVTTL  ;         ; Column I/O ; N               ; no       ; Off          ;
; C16      ;            ;          ; GND                                                       ; gnd    ;              ;         ; --         ;                 ; --       ; --           ;
; C17      ; 286        ; 7        ; Instruction[23]                                           ; output ; 3.3-V LVTTL  ;         ; Column I/O ; N               ; no       ; Off          ;
; C18      ;            ;          ; GND                                                       ; gnd    ;              ;         ; --         ;                 ; --       ; --           ;
; C19      ; 282        ; 7        ; RESERVED_INPUT_WITH_WEAK_PULLUP                           ;        ;              ;         ; Column I/O ;                 ; no       ; On           ;
; C20      ; 270        ; 6        ; RESERVED_INPUT_WITH_WEAK_PULLUP                           ;        ;              ;         ; Row I/O    ;                 ; no       ; On           ;
; C21      ; 267        ; 6        ; RESERVED_INPUT_WITH_WEAK_PULLUP                           ;        ;              ;         ; Row I/O    ;                 ; no       ; On           ;
; C22      ; 266        ; 6        ; RESERVED_INPUT_WITH_WEAK_PULLUP                           ;        ;              ;         ; Row I/O    ;                 ; no       ; On           ;
; D1       ; 9          ; 1        ; ~ALTERA_ASDO_DATA1~ / RESERVED_INPUT_WITH_WEAK_PULLUP     ; input  ; 3.3-V LVTTL  ;         ; Row I/O    ; N               ; no       ; On           ;
; D2       ; 8          ; 1        ; RESERVED_INPUT_WITH_WEAK_PULLUP                           ;        ;              ;         ; Row I/O    ;                 ; no       ; On           ;
; D3       ;            ;          ; GND                                                       ; gnd    ;              ;         ; --         ;                 ; --       ; --           ;
; D4       ;            ; 1        ; VCCIO1                                                    ; power  ;              ; 3.3V    ; --         ;                 ; --       ; --           ;
; D5       ;            ; 8        ; VCCIO8                                                    ; power  ;              ; 3.3V    ; --         ;                 ; --       ; --           ;
; D6       ; 356        ; 8        ; RESERVED_INPUT_WITH_WEAK_PULLUP                           ;        ;              ;         ; Column I/O ;                 ; --       ; --           ;
; D7       ;            ;          ; GND                                                       ; gnd    ;              ;         ; --         ;                 ; --       ; --           ;
; D8       ;            ;          ; GND                                                       ; gnd    ;              ;         ; --         ;                 ; --       ; --           ;
; D9       ;            ; 8        ; VCCIO8                                                    ; power  ;              ; 3.3V    ; --         ;                 ; --       ; --           ;
; D10      ; 324        ; 8        ; PC[3]                                                     ; output ; 3.3-V LVTTL  ;         ; Column I/O ; N               ; no       ; Off          ;
; D11      ;            ; 8        ; VCCIO8                                                    ; power  ;              ; 3.3V    ; --         ;                 ; --       ; --           ;
; D12      ;            ; 7        ; VCCIO7                                                    ; power  ;              ; 3.3V    ; --         ;                 ; --       ; --           ;
; D13      ; 310        ; 7        ; PC[11]                                                    ; output ; 3.3-V LVTTL  ;         ; Column I/O ; N               ; no       ; Off          ;
; D14      ;            ; 7        ; VCCIO7                                                    ; power  ;              ; 3.3V    ; --         ;                 ; --       ; --           ;
; D15      ; 293        ; 7        ; Instruction[25]                                           ; output ; 3.3-V LVTTL  ;         ; Column I/O ; N               ; no       ; Off          ;
; D16      ;            ; 7        ; VCCIO7                                                    ; power  ;              ; 3.3V    ; --         ;                 ; --       ; --           ;
; D17      ; 281        ; 7        ; RESERVED_INPUT_WITH_WEAK_PULLUP                           ;        ;              ;         ; Column I/O ;                 ; --       ; --           ;
; D18      ;            ; 7        ; VCCIO7                                                    ; power  ;              ; 3.3V    ; --         ;                 ; --       ; --           ;
; D19      ; 283        ; 7        ; RESERVED_INPUT_WITH_WEAK_PULLUP                           ;        ;              ;         ; Column I/O ;                 ; no       ; On           ;
; D20      ; 271        ; 6        ; RESERVED_INPUT_WITH_WEAK_PULLUP                           ;        ;              ;         ; Row I/O    ;                 ; no       ; On           ;
; D21      ; 261        ; 6        ; RESERVED_INPUT_WITH_WEAK_PULLUP                           ;        ;              ;         ; Row I/O    ;                 ; no       ; On           ;
; D22      ; 260        ; 6        ; Instruction[1]                                            ; output ; 3.3-V LVTTL  ;         ; Row I/O    ; N               ; no       ; Off          ;
; E1       ; 14         ; 1        ; RESERVED_INPUT_WITH_WEAK_PULLUP                           ;        ;              ;         ; Row I/O    ;                 ; no       ; On           ;
; E2       ; 13         ; 1        ; ~ALTERA_FLASH_nCE_nCSO~ / RESERVED_INPUT_WITH_WEAK_PULLUP ; input  ; 3.3-V LVTTL  ;         ; Row I/O    ; N               ; no       ; On           ;
; E3       ; 5          ; 1        ; RESERVED_INPUT_WITH_WEAK_PULLUP                           ;        ;              ;         ; Row I/O    ;                 ; no       ; On           ;
; E4       ; 4          ; 1        ; RESERVED_INPUT_WITH_WEAK_PULLUP                           ;        ;              ;         ; Row I/O    ;                 ; no       ; On           ;
; E5       ; 363        ; 8        ; RESERVED_INPUT_WITH_WEAK_PULLUP                           ;        ;              ;         ; Column I/O ;                 ; no       ; On           ;
; E6       ; 362        ; 8        ; RESERVED_INPUT_WITH_WEAK_PULLUP                           ;        ;              ;         ; Column I/O ;                 ; no       ; On           ;
; E7       ; 357        ; 8        ; RESERVED_INPUT_WITH_WEAK_PULLUP                           ;        ;              ;         ; Column I/O ;                 ; no       ; On           ;
; E8       ;            ; 8        ; VCCIO8                                                    ; power  ;              ; 3.3V    ; --         ;                 ; --       ; --           ;
; E9       ; 338        ; 8        ; nextPC[17]                                                ; output ; 3.3-V LVTTL  ;         ; Column I/O ; N               ; no       ; Off          ;
; E10      ; 325        ; 8        ; nextPC[27]                                                ; output ; 3.3-V LVTTL  ;         ; Column I/O ; N               ; no       ; Off          ;
; E11      ; 317        ; 7        ; nextPC[30]                                                ; output ; 3.3-V LVTTL  ;         ; Column I/O ; N               ; no       ; Off          ;
; E12      ; 316        ; 7        ; PC[13]                                                    ; output ; 3.3-V LVTTL  ;         ; Column I/O ; N               ; no       ; Off          ;
; E13      ; 311        ; 7        ; nextPC[12]                                                ; output ; 3.3-V LVTTL  ;         ; Column I/O ; N               ; no       ; Off          ;
; E14      ; 301        ; 7        ; PC[4]                                                     ; output ; 3.3-V LVTTL  ;         ; Column I/O ; N               ; no       ; Off          ;
; E15      ; 294        ; 7        ; op[26]                                                    ; output ; 3.3-V LVTTL  ;         ; Column I/O ; N               ; no       ; Off          ;
; E16      ; 275        ; 7        ; RESERVED_INPUT_WITH_WEAK_PULLUP                           ;        ;              ;         ; Column I/O ;                 ; no       ; On           ;
; E17      ;            ;          ; VCCD_PLL2                                                 ; power  ;              ; 1.2V    ; --         ;                 ; --       ; --           ;
; E18      ;            ;          ; GNDA2                                                     ; gnd    ;              ;         ; --         ;                 ; --       ; --           ;
; E19      ;            ; 6        ; VCCIO6                                                    ; power  ;              ; 3.3V    ; --         ;                 ; --       ; --           ;
; E20      ;            ;          ; GND                                                       ; gnd    ;              ;         ; --         ;                 ; --       ; --           ;
; E21      ; 256        ; 6        ; imed16[15]                                                ; output ; 3.3-V LVTTL  ;         ; Row I/O    ; N               ; no       ; Off          ;
; E22      ; 255        ; 6        ; RESERVED_INPUT_WITH_WEAK_PULLUP                           ;        ;              ;         ; Row I/O    ;                 ; no       ; On           ;
; F1       ; 16         ; 1        ; RESERVED_INPUT_WITH_WEAK_PULLUP                           ;        ;              ;         ; Row I/O    ;                 ; no       ; On           ;
; F2       ; 15         ; 1        ; RESERVED_INPUT_WITH_WEAK_PULLUP                           ;        ;              ;         ; Row I/O    ;                 ; no       ; On           ;
; F3       ;            ;          ; GND                                                       ; gnd    ;              ;         ; --         ;                 ; --       ; --           ;
; F4       ;            ; 1        ; VCCIO1                                                    ; power  ;              ; 3.3V    ; --         ;                 ; --       ; --           ;
; F5       ;            ;          ; GNDA3                                                     ; gnd    ;              ;         ; --         ;                 ; --       ; --           ;
; F6       ;            ;          ; VCCD_PLL3                                                 ; power  ;              ; 1.2V    ; --         ;                 ; --       ; --           ;
; F7       ; 360        ; 8        ; RESERVED_INPUT_WITH_WEAK_PULLUP                           ;        ;              ;         ; Column I/O ;                 ; no       ; On           ;
; F8       ; 352        ; 8        ; RESERVED_INPUT_WITH_WEAK_PULLUP                           ;        ;              ;         ; Column I/O ;                 ; no       ; On           ;
; F9       ; 347        ; 8        ; RESERVED_INPUT_WITH_WEAK_PULLUP                           ;        ;              ;         ; Column I/O ;                 ; no       ; On           ;
; F10      ; 348        ; 8        ; RESERVED_INPUT_WITH_WEAK_PULLUP                           ;        ;              ;         ; Column I/O ;                 ; no       ; On           ;
; F11      ; 318        ; 7        ; nextPC[28]                                                ; output ; 3.3-V LVTTL  ;         ; Column I/O ; N               ; no       ; Off          ;
; F12      ; 302        ; 7        ; imed16[8]                                                 ; output ; 3.3-V LVTTL  ;         ; Column I/O ; N               ; no       ; Off          ;
; F13      ; 306        ; 7        ; nextPC[25]                                                ; output ; 3.3-V LVTTL  ;         ; Column I/O ; N               ; no       ; Off          ;
; F14      ; 279        ; 7        ; RESERVED_INPUT_WITH_WEAK_PULLUP                           ;        ;              ;         ; Column I/O ;                 ; no       ; On           ;
; F15      ; 276        ; 7        ; RESERVED_INPUT_WITH_WEAK_PULLUP                           ;        ;              ;         ; Column I/O ;                 ; no       ; On           ;
; F16      ; 274        ; 7        ; imed16[2]                                                 ; output ; 3.3-V LVTTL  ;         ; Column I/O ; N               ; no       ; Off          ;
; F17      ; 272        ; 6        ; RESERVED_INPUT_WITH_WEAK_PULLUP                           ;        ;              ;         ; Row I/O    ;                 ; no       ; On           ;
; F18      ;            ; --       ; VCCA2                                                     ; power  ;              ; 2.5V    ; --         ;                 ; --       ; --           ;
; F19      ; 263        ; 6        ; RESERVED_INPUT_WITH_WEAK_PULLUP                           ;        ;              ;         ; Row I/O    ;                 ; no       ; On           ;
; F20      ; 262        ; 6        ; RESERVED_INPUT_WITH_WEAK_PULLUP                           ;        ;              ;         ; Row I/O    ;                 ; no       ; On           ;
; F21      ; 251        ; 6        ; Instruction[31]                                           ; output ; 3.3-V LVTTL  ;         ; Row I/O    ; N               ; no       ; Off          ;
; F22      ; 250        ; 6        ; nextPC[13]                                                ; output ; 3.3-V LVTTL  ;         ; Row I/O    ; N               ; no       ; Off          ;
; G1       ; 39         ; 1        ; reset                                                     ; input  ; 3.3-V LVTTL  ;         ; Row I/O    ; N               ; no       ; Off          ;
; G2       ; 38         ; 1        ; clock                                                     ; input  ; 3.3-V LVTTL  ;         ; Row I/O    ; N               ; no       ; Off          ;
; G3       ; 18         ; 1        ; RESERVED_INPUT_WITH_WEAK_PULLUP                           ;        ;              ;         ; Row I/O    ;                 ; no       ; On           ;
; G4       ; 17         ; 1        ; RESERVED_INPUT_WITH_WEAK_PULLUP                           ;        ;              ;         ; Row I/O    ;                 ; no       ; On           ;
; G5       ; 3          ; 1        ; RESERVED_INPUT_WITH_WEAK_PULLUP                           ;        ;              ;         ; Row I/O    ;                 ; no       ; On           ;
; G6       ;            ; --       ; VCCA3                                                     ; power  ;              ; 2.5V    ; --         ;                 ; --       ; --           ;
; G7       ; 361        ; 8        ; RESERVED_INPUT_WITH_WEAK_PULLUP                           ;        ;              ;         ; Column I/O ;                 ; no       ; On           ;
; G8       ; 353        ; 8        ; RESERVED_INPUT_WITH_WEAK_PULLUP                           ;        ;              ;         ; Column I/O ;                 ; no       ; On           ;
; G9       ; 342        ; 8        ; RESERVED_INPUT_WITH_WEAK_PULLUP                           ;        ;              ;         ; Column I/O ;                 ; no       ; On           ;
; G10      ; 341        ; 8        ; RESERVED_INPUT_WITH_WEAK_PULLUP                           ;        ;              ;         ; Column I/O ;                 ; no       ; On           ;
; G11      ; 331        ; 8        ; nextPC[21]                                                ; output ; 3.3-V LVTTL  ;         ; Column I/O ; N               ; no       ; Off          ;
; G12      ; 305        ; 7        ; PC[8]                                                     ; output ; 3.3-V LVTTL  ;         ; Column I/O ; N               ; no       ; Off          ;
; G13      ; 295        ; 7        ; rs[23]                                                    ; output ; 3.3-V LVTTL  ;         ; Column I/O ; N               ; no       ; Off          ;
; G14      ; 280        ; 7        ; RESERVED_INPUT_WITH_WEAK_PULLUP                           ;        ;              ;         ; Column I/O ;                 ; no       ; On           ;
; G15      ; 278        ; 7        ; RESERVED_INPUT_WITH_WEAK_PULLUP                           ;        ;              ;         ; Column I/O ;                 ; no       ; On           ;
; G16      ; 277        ; 7        ; RESERVED_INPUT_WITH_WEAK_PULLUP                           ;        ;              ;         ; Column I/O ;                 ; no       ; On           ;
; G17      ; 273        ; 6        ; RESERVED_INPUT_WITH_WEAK_PULLUP                           ;        ;              ;         ; Row I/O    ;                 ; no       ; On           ;
; G18      ; 264        ; 6        ; Instruction[15]                                           ; output ; 3.3-V LVTTL  ;         ; Row I/O    ; N               ; no       ; Off          ;
; G19      ;            ; 6        ; VCCIO6                                                    ; power  ;              ; 3.3V    ; --         ;                 ; --       ; --           ;
; G20      ;            ;          ; GND                                                       ; gnd    ;              ;         ; --         ;                 ; --       ; --           ;
; G21      ; 226        ; 6        ; GND+                                                      ;        ;              ;         ; Row I/O    ;                 ; --       ; --           ;
; G22      ; 225        ; 6        ; GND+                                                      ;        ;              ;         ; Row I/O    ;                 ; --       ; --           ;
; H1       ; 26         ; 1        ; RESERVED_INPUT_WITH_WEAK_PULLUP                           ;        ;              ;         ; Row I/O    ;                 ; no       ; On           ;
; H2       ; 25         ; 1        ; RESERVED_INPUT_WITH_WEAK_PULLUP                           ;        ;              ;         ; Row I/O    ;                 ; no       ; On           ;
; H3       ;            ;          ; GND                                                       ; gnd    ;              ;         ; --         ;                 ; --       ; --           ;
; H4       ;            ; 1        ; VCCIO1                                                    ; power  ;              ; 3.3V    ; --         ;                 ; --       ; --           ;
; H5       ; 0          ; 1        ; RESERVED_INPUT_WITH_WEAK_PULLUP                           ;        ;              ;         ; Row I/O    ;                 ; no       ; On           ;
; H6       ; 11         ; 1        ; RESERVED_INPUT_WITH_WEAK_PULLUP                           ;        ;              ;         ; Row I/O    ;                 ; no       ; On           ;
; H7       ; 10         ; 1        ; RESERVED_INPUT_WITH_WEAK_PULLUP                           ;        ;              ;         ; Row I/O    ;                 ; --       ; --           ;
; H8       ;            ;          ; GND                                                       ; gnd    ;              ;         ; --         ;                 ; --       ; --           ;
; H9       ; 344        ; 8        ; RESERVED_INPUT_WITH_WEAK_PULLUP                           ;        ;              ;         ; Column I/O ;                 ; no       ; On           ;
; H10      ; 343        ; 8        ; rd[12]                                                    ; output ; 3.3-V LVTTL  ;         ; Column I/O ; N               ; no       ; Off          ;
; H11      ; 323        ; 8        ; nextPC[18]                                                ; output ; 3.3-V LVTTL  ;         ; Column I/O ; N               ; no       ; Off          ;
; H12      ; 304        ; 7        ; Instruction[7]                                            ; output ; 3.3-V LVTTL  ;         ; Column I/O ; N               ; no       ; Off          ;
; H13      ; 303        ; 7        ; Instruction[8]                                            ; output ; 3.3-V LVTTL  ;         ; Column I/O ; N               ; no       ; Off          ;
; H14      ; 288        ; 7        ; RESERVED_INPUT_WITH_WEAK_PULLUP                           ;        ;              ;         ; Column I/O ;                 ; no       ; On           ;
; H15      ; 287        ; 7        ; Instruction[26]                                           ; output ; 3.3-V LVTTL  ;         ; Column I/O ; N               ; no       ; Off          ;
; H16      ; 259        ; 6        ; RESERVED_INPUT_WITH_WEAK_PULLUP                           ;        ;              ;         ; Row I/O    ;                 ; no       ; On           ;
; H17      ; 265        ; 6        ; function[1]                                               ; output ; 3.3-V LVTTL  ;         ; Row I/O    ; N               ; no       ; Off          ;
; H18      ; 257        ; 6        ; RESERVED_INPUT_WITH_WEAK_PULLUP                           ;        ;              ;         ; Row I/O    ;                 ; --       ; --           ;
; H19      ; 254        ; 6        ; RESERVED_INPUT_WITH_WEAK_PULLUP                           ;        ;              ;         ; Row I/O    ;                 ; no       ; On           ;
; H20      ; 253        ; 6        ; imed16[1]                                                 ; output ; 3.3-V LVTTL  ;         ; Row I/O    ; N               ; no       ; Off          ;
; H21      ; 246        ; 6        ; op[27]                                                    ; output ; 3.3-V LVTTL  ;         ; Row I/O    ; N               ; no       ; Off          ;
; H22      ; 245        ; 6        ; Instruction[29]                                           ; output ; 3.3-V LVTTL  ;         ; Row I/O    ; N               ; no       ; Off          ;
; J1       ; 29         ; 1        ; Instruction[14]                                           ; output ; 3.3-V LVTTL  ;         ; Row I/O    ; N               ; no       ; Off          ;
; J2       ; 28         ; 1        ; imed16[14]                                                ; output ; 3.3-V LVTTL  ;         ; Row I/O    ; N               ; no       ; Off          ;
; J3       ; 27         ; 1        ; rd[14]                                                    ; output ; 3.3-V LVTTL  ;         ; Row I/O    ; N               ; no       ; Off          ;
; J4       ; 24         ; 1        ; RESERVED_INPUT_WITH_WEAK_PULLUP                           ;        ;              ;         ; Row I/O    ;                 ; no       ; On           ;
; J5       ;            ;          ; GND                                                       ; gnd    ;              ;         ; --         ;                 ; --       ; --           ;
; J6       ; 12         ; 1        ; RESERVED_INPUT_WITH_WEAK_PULLUP                           ;        ;              ;         ; Row I/O    ;                 ; no       ; On           ;
; J7       ; 22         ; 1        ; RESERVED_INPUT_WITH_WEAK_PULLUP                           ;        ;              ;         ; Row I/O    ;                 ; no       ; On           ;
; J8       ;            ;          ; VCCINT                                                    ; power  ;              ; 1.2V    ; --         ;                 ; --       ; --           ;
; J9       ;            ;          ; GND                                                       ; gnd    ;              ;         ; --         ;                 ; --       ; --           ;
; J10      ;            ;          ; VCCINT                                                    ; power  ;              ; 1.2V    ; --         ;                 ; --       ; --           ;
; J11      ;            ;          ; VCCINT                                                    ; power  ;              ; 1.2V    ; --         ;                 ; --       ; --           ;
; J12      ;            ;          ; VCCINT                                                    ; power  ;              ; 1.2V    ; --         ;                 ; --       ; --           ;
; J13      ;            ;          ; VCCINT                                                    ; power  ;              ; 1.2V    ; --         ;                 ; --       ; --           ;
; J14      ;            ;          ; VCCINT                                                    ; power  ;              ; 1.2V    ; --         ;                 ; --       ; --           ;
; J15      ; 238        ; 6        ; ALUOp[0]                                                  ; output ; 3.3-V LVTTL  ;         ; Row I/O    ; N               ; no       ; Off          ;
; J16      ; 243        ; 6        ; PC[7]                                                     ; output ; 3.3-V LVTTL  ;         ; Row I/O    ; N               ; no       ; Off          ;
; J17      ; 258        ; 6        ; RESERVED_INPUT_WITH_WEAK_PULLUP                           ;        ;              ;         ; Row I/O    ;                 ; no       ; On           ;
; J18      ; 249        ; 6        ; MemWrite                                                  ; output ; 3.3-V LVTTL  ;         ; Row I/O    ; N               ; no       ; Off          ;
; J19      ;            ;          ; GND                                                       ; gnd    ;              ;         ; --         ;                 ; --       ; --           ;
; J20      ;            ; 6        ; VCCIO6                                                    ; power  ;              ; 3.3V    ; --         ;                 ; --       ; --           ;
; J21      ; 242        ; 6        ; op[29]                                                    ; output ; 3.3-V LVTTL  ;         ; Row I/O    ; N               ; no       ; Off          ;
; J22      ; 241        ; 6        ; RegWrite                                                  ; output ; 3.3-V LVTTL  ;         ; Row I/O    ; N               ; no       ; Off          ;
; K1       ; 31         ; 1        ; ~ALTERA_DATA0~ / RESERVED_INPUT_WITH_WEAK_PULLUP          ; input  ; 3.3-V LVTTL  ;         ; Row I/O    ; N               ; no       ; On           ;
; K2       ; 30         ; 1        ; ~ALTERA_DCLK~                                             ; output ; 3.3-V LVTTL  ;         ; Row I/O    ; N               ; no       ; On           ;
; K3       ;            ;          ; GND                                                       ; gnd    ;              ;         ; --         ;                 ; --       ; --           ;
; K4       ;            ; 1        ; VCCIO1                                                    ; power  ;              ; 3.3V    ; --         ;                 ; --       ; --           ;
; K5       ; 32         ; 1        ; ^nCONFIG                                                  ;        ;              ;         ; --         ;                 ; --       ; --           ;
; K6       ; 19         ; 1        ; ^nSTATUS                                                  ;        ;              ;         ; --         ;                 ; --       ; --           ;
; K7       ; 23         ; 1        ; RESERVED_INPUT_WITH_WEAK_PULLUP                           ;        ;              ;         ; Row I/O    ;                 ; no       ; On           ;
; K8       ; 21         ; 1        ; RESERVED_INPUT_WITH_WEAK_PULLUP                           ;        ;              ;         ; Row I/O    ;                 ; no       ; On           ;
; K9       ;            ;          ; VCCINT                                                    ; power  ;              ; 1.2V    ; --         ;                 ; --       ; --           ;
; K10      ;            ;          ; GND                                                       ; gnd    ;              ;         ; --         ;                 ; --       ; --           ;
; K11      ;            ;          ; GND                                                       ; gnd    ;              ;         ; --         ;                 ; --       ; --           ;
; K12      ;            ;          ; GND                                                       ; gnd    ;              ;         ; --         ;                 ; --       ; --           ;
; K13      ;            ;          ; GND                                                       ; gnd    ;              ;         ; --         ;                 ; --       ; --           ;
; K14      ;            ;          ; VCCINT                                                    ; power  ;              ; 1.2V    ; --         ;                 ; --       ; --           ;
; K15      ; 236        ; 6        ; MemToReg                                                  ; output ; 3.3-V LVTTL  ;         ; Row I/O    ; N               ; no       ; Off          ;
; K16      ; 244        ; 6        ; PC[15]                                                    ; output ; 3.3-V LVTTL  ;         ; Row I/O    ; N               ; no       ; Off          ;
; K17      ; 247        ; 6        ; Instruction[27]                                           ; output ; 3.3-V LVTTL  ;         ; Row I/O    ; N               ; no       ; Off          ;
; K18      ; 248        ; 6        ; op[31]                                                    ; output ; 3.3-V LVTTL  ;         ; Row I/O    ; N               ; no       ; Off          ;
; K19      ; 237        ; 6        ; imed16[13]                                                ; output ; 3.3-V LVTTL  ;         ; Row I/O    ; N               ; no       ; Off          ;
; K20      ; 231        ; 6        ; ^MSEL3                                                    ;        ;              ;         ; --         ;                 ; --       ; --           ;
; K21      ; 240        ; 6        ; Branch                                                    ; output ; 3.3-V LVTTL  ;         ; Row I/O    ; N               ; no       ; Off          ;
; K22      ; 239        ; 6        ; ~ALTERA_nCEO~ / RESERVED_OUTPUT_OPEN_DRAIN                ; output ; 3.3-V LVTTL  ;         ; Row I/O    ; N               ; no       ; Off          ;
; L1       ; 35         ; 1        ; #TMS                                                      ; input  ;              ;         ; --         ;                 ; --       ; --           ;
; L2       ; 34         ; 1        ; #TCK                                                      ; input  ;              ;         ; --         ;                 ; --       ; --           ;
; L3       ; 37         ; 1        ; ^nCE                                                      ;        ;              ;         ; --         ;                 ; --       ; --           ;
; L4       ; 36         ; 1        ; #TDO                                                      ; output ;              ;         ; --         ;                 ; --       ; --           ;
; L5       ; 33         ; 1        ; #TDI                                                      ; input  ;              ;         ; --         ;                 ; --       ; --           ;
; L6       ; 42         ; 2        ; PC[17]                                                    ; output ; 3.3-V LVTTL  ;         ; Row I/O    ; N               ; no       ; Off          ;
; L7       ; 50         ; 2        ; PC[30]                                                    ; output ; 3.3-V LVTTL  ;         ; Row I/O    ; N               ; no       ; Off          ;
; L8       ; 20         ; 1        ; RESERVED_INPUT_WITH_WEAK_PULLUP                           ;        ;              ;         ; Row I/O    ;                 ; no       ; On           ;
; L9       ;            ;          ; VCCINT                                                    ; power  ;              ; 1.2V    ; --         ;                 ; --       ; --           ;
; L10      ;            ;          ; GND                                                       ; gnd    ;              ;         ; --         ;                 ; --       ; --           ;
; L11      ;            ;          ; GND                                                       ; gnd    ;              ;         ; --         ;                 ; --       ; --           ;
; L12      ;            ;          ; GND                                                       ; gnd    ;              ;         ; --         ;                 ; --       ; --           ;
; L13      ;            ;          ; GND                                                       ; gnd    ;              ;         ; --         ;                 ; --       ; --           ;
; L14      ;            ;          ; VCCINT                                                    ; power  ;              ; 1.2V    ; --         ;                 ; --       ; --           ;
; L15      ; 233        ; 6        ; Instruction[13]                                           ; output ; 3.3-V LVTTL  ;         ; Row I/O    ; N               ; no       ; Off          ;
; L16      ; 232        ; 6        ; RESERVED_INPUT_WITH_WEAK_PULLUP                           ;        ;              ;         ; Row I/O    ;                 ; no       ; On           ;
; L17      ; 230        ; 6        ; ^MSEL2                                                    ;        ;              ;         ; --         ;                 ; --       ; --           ;
; L18      ; 229        ; 6        ; ^MSEL1                                                    ;        ;              ;         ; --         ;                 ; --       ; --           ;
; L19      ;            ; 6        ; VCCIO6                                                    ; power  ;              ; 3.3V    ; --         ;                 ; --       ; --           ;
; L20      ;            ;          ; GND                                                       ; gnd    ;              ;         ; --         ;                 ; --       ; --           ;
; L21      ; 235        ; 6        ; rd[13]                                                    ; output ; 3.3-V LVTTL  ;         ; Row I/O    ; N               ; no       ; Off          ;
; L22      ; 234        ; 6        ; ALUSrc                                                    ; output ; 3.3-V LVTTL  ;         ; Row I/O    ; N               ; no       ; Off          ;
; M1       ; 45         ; 2        ; rt[18]                                                    ; output ; 3.3-V LVTTL  ;         ; Row I/O    ; N               ; no       ; Off          ;
; M2       ; 44         ; 2        ; PC[16]                                                    ; output ; 3.3-V LVTTL  ;         ; Row I/O    ; N               ; no       ; Off          ;
; M3       ; 47         ; 2        ; nextPC[1]                                                 ; output ; 3.3-V LVTTL  ;         ; Row I/O    ; N               ; no       ; Off          ;
; M4       ; 46         ; 2        ; nextPC[3]                                                 ; output ; 3.3-V LVTTL  ;         ; Row I/O    ; N               ; no       ; Off          ;
; M5       ; 51         ; 2        ; PC[27]                                                    ; output ; 3.3-V LVTTL  ;         ; Row I/O    ; N               ; no       ; Off          ;
; M6       ; 43         ; 2        ; Instruction[18]                                           ; output ; 3.3-V LVTTL  ;         ; Row I/O    ; N               ; no       ; Off          ;
; M7       ; 65         ; 2        ; RESERVED_INPUT_WITH_WEAK_PULLUP                           ;        ;              ;         ; Row I/O    ;                 ; no       ; On           ;
; M8       ; 66         ; 2        ; RESERVED_INPUT_WITH_WEAK_PULLUP                           ;        ;              ;         ; Row I/O    ;                 ; no       ; On           ;
; M9       ;            ;          ; VCCINT                                                    ; power  ;              ; 1.2V    ; --         ;                 ; --       ; --           ;
; M10      ;            ;          ; GND                                                       ; gnd    ;              ;         ; --         ;                 ; --       ; --           ;
; M11      ;            ;          ; GND                                                       ; gnd    ;              ;         ; --         ;                 ; --       ; --           ;
; M12      ;            ;          ; GND                                                       ; gnd    ;              ;         ; --         ;                 ; --       ; --           ;
; M13      ;            ;          ; GND                                                       ; gnd    ;              ;         ; --         ;                 ; --       ; --           ;
; M14      ;            ;          ; VCCINT                                                    ; power  ;              ; 1.2V    ; --         ;                 ; --       ; --           ;
; M15      ; 195        ; 5        ; RESERVED_INPUT_WITH_WEAK_PULLUP                           ;        ;              ;         ; Row I/O    ;                 ; no       ; On           ;
; M16      ; 222        ; 5        ; nextPC[10]                                                ; output ; 3.3-V LVTTL  ;         ; Row I/O    ; N               ; no       ; Off          ;
; M17      ; 228        ; 6        ; ^MSEL0                                                    ;        ;              ;         ; --         ;                 ; --       ; --           ;
; M18      ; 227        ; 6        ; ^CONF_DONE                                                ;        ;              ;         ; --         ;                 ; --       ; --           ;
; M19      ; 221        ; 5        ; Operation[0]                                              ; output ; 3.3-V LVTTL  ;         ; Row I/O    ; N               ; no       ; Off          ;
; M20      ; 220        ; 5        ; PC[19]                                                    ; output ; 3.3-V LVTTL  ;         ; Row I/O    ; N               ; no       ; Off          ;
; M21      ; 219        ; 5        ; nextPC[9]                                                 ; output ; 3.3-V LVTTL  ;         ; Row I/O    ; N               ; no       ; Off          ;
; M22      ; 218        ; 5        ; PC[23]                                                    ; output ; 3.3-V LVTTL  ;         ; Row I/O    ; N               ; no       ; Off          ;
; N1       ; 49         ; 2        ; nextPC[20]                                                ; output ; 3.3-V LVTTL  ;         ; Row I/O    ; N               ; no       ; Off          ;
; N2       ; 48         ; 2        ; nextPC[2]                                                 ; output ; 3.3-V LVTTL  ;         ; Row I/O    ; N               ; no       ; Off          ;
; N3       ;            ;          ; GND                                                       ; gnd    ;              ;         ; --         ;                 ; --       ; --           ;
; N4       ;            ; 2        ; VCCIO2                                                    ; power  ;              ; 3.3V    ; --         ;                 ; --       ; --           ;
; N5       ; 56         ; 2        ; RESERVED_INPUT_WITH_WEAK_PULLUP                           ;        ;              ;         ; Row I/O    ;                 ; no       ; On           ;
; N6       ; 64         ; 2        ; RESERVED_INPUT_WITH_WEAK_PULLUP                           ;        ;              ;         ; Row I/O    ;                 ; no       ; On           ;
; N7       ; 73         ; 2        ; RESERVED_INPUT_WITH_WEAK_PULLUP                           ;        ;              ;         ; Row I/O    ;                 ; no       ; On           ;
; N8       ; 67         ; 2        ; RESERVED_INPUT_WITH_WEAK_PULLUP                           ;        ;              ;         ; Row I/O    ;                 ; no       ; On           ;
; N9       ;            ;          ; VCCINT                                                    ; power  ;              ; 1.2V    ; --         ;                 ; --       ; --           ;
; N10      ;            ;          ; GND                                                       ; gnd    ;              ;         ; --         ;                 ; --       ; --           ;
; N11      ;            ;          ; GND                                                       ; gnd    ;              ;         ; --         ;                 ; --       ; --           ;
; N12      ;            ;          ; GND                                                       ; gnd    ;              ;         ; --         ;                 ; --       ; --           ;
; N13      ;            ;          ; GND                                                       ; gnd    ;              ;         ; --         ;                 ; --       ; --           ;
; N14      ; 189        ; 5        ; RESERVED_INPUT_WITH_WEAK_PULLUP                           ;        ;              ;         ; Row I/O    ;                 ; no       ; On           ;
; N15      ; 196        ; 5        ; RESERVED_INPUT_WITH_WEAK_PULLUP                           ;        ;              ;         ; Row I/O    ;                 ; no       ; On           ;
; N16      ; 205        ; 5        ; shamt[10]                                                 ; output ; 3.3-V LVTTL  ;         ; Row I/O    ; N               ; no       ; Off          ;
; N17      ; 214        ; 5        ; rd[15]                                                    ; output ; 3.3-V LVTTL  ;         ; Row I/O    ; N               ; no       ; Off          ;
; N18      ; 215        ; 5        ; PC[0]                                                     ; output ; 3.3-V LVTTL  ;         ; Row I/O    ; N               ; no       ; Off          ;
; N19      ; 213        ; 5        ; Instruction[21]                                           ; output ; 3.3-V LVTTL  ;         ; Row I/O    ; N               ; no       ; Off          ;
; N20      ; 212        ; 5        ; Operation[1]                                              ; output ; 3.3-V LVTTL  ;         ; Row I/O    ; N               ; no       ; Off          ;
; N21      ; 217        ; 5        ; Instruction[10]                                           ; output ; 3.3-V LVTTL  ;         ; Row I/O    ; N               ; no       ; Off          ;
; N22      ; 216        ; 5        ; rs[21]                                                    ; output ; 3.3-V LVTTL  ;         ; Row I/O    ; N               ; no       ; Off          ;
; P1       ; 53         ; 2        ; nextPC[29]                                                ; output ; 3.3-V LVTTL  ;         ; Row I/O    ; N               ; no       ; Off          ;
; P2       ; 52         ; 2        ; nextPC[31]                                                ; output ; 3.3-V LVTTL  ;         ; Row I/O    ; N               ; no       ; Off          ;
; P3       ; 58         ; 2        ; imed16[5]                                                 ; output ; 3.3-V LVTTL  ;         ; Row I/O    ; N               ; no       ; Off          ;
; P4       ; 57         ; 2        ; function[5]                                               ; output ; 3.3-V LVTTL  ;         ; Row I/O    ; N               ; no       ; Off          ;
; P5       ; 63         ; 2        ; RESERVED_INPUT_WITH_WEAK_PULLUP                           ;        ;              ;         ; Row I/O    ;                 ; no       ; On           ;
; P6       ; 79         ; 2        ; RESERVED_INPUT_WITH_WEAK_PULLUP                           ;        ;              ;         ; Row I/O    ;                 ; no       ; On           ;
; P7       ; 74         ; 2        ; RESERVED_INPUT_WITH_WEAK_PULLUP                           ;        ;              ;         ; Row I/O    ;                 ; no       ; On           ;
; P8       ; 86         ; 2        ; RESERVED_INPUT_WITH_WEAK_PULLUP                           ;        ;              ;         ; Row I/O    ;                 ; no       ; On           ;
; P9       ;            ;          ; VCCINT                                                    ; power  ;              ; 1.2V    ; --         ;                 ; --       ; --           ;
; P10      ;            ;          ; VCCINT                                                    ; power  ;              ; 1.2V    ; --         ;                 ; --       ; --           ;
; P11      ;            ;          ; VCCINT                                                    ; power  ;              ; 1.2V    ; --         ;                 ; --       ; --           ;
; P12      ;            ;          ; VCCINT                                                    ; power  ;              ; 1.2V    ; --         ;                 ; --       ; --           ;
; P13      ;            ;          ; VCCINT                                                    ; power  ;              ; 1.2V    ; --         ;                 ; --       ; --           ;
; P14      ; 180        ; 5        ; RESERVED_INPUT_WITH_WEAK_PULLUP                           ;        ;              ;         ; Row I/O    ;                 ; no       ; On           ;
; P15      ; 192        ; 5        ; RESERVED_INPUT_WITH_WEAK_PULLUP                           ;        ;              ;         ; Row I/O    ;                 ; no       ; On           ;
; P16      ; 193        ; 5        ; RESERVED_INPUT_WITH_WEAK_PULLUP                           ;        ;              ;         ; Row I/O    ;                 ; no       ; On           ;
; P17      ; 197        ; 5        ; RESERVED_INPUT_WITH_WEAK_PULLUP                           ;        ;              ;         ; Row I/O    ;                 ; no       ; On           ;
; P18      ;            ; 5        ; VCCIO5                                                    ; power  ;              ; 3.3V    ; --         ;                 ; --       ; --           ;
; P19      ;            ;          ; GND                                                       ; gnd    ;              ;         ; --         ;                 ; --       ; --           ;
; P20      ; 208        ; 5        ; imed16[10]                                                ; output ; 3.3-V LVTTL  ;         ; Row I/O    ; N               ; no       ; Off          ;
; P21      ; 211        ; 5        ; Instruction[17]                                           ; output ; 3.3-V LVTTL  ;         ; Row I/O    ; N               ; no       ; Off          ;
; P22      ; 210        ; 5        ; PC[26]                                                    ; output ; 3.3-V LVTTL  ;         ; Row I/O    ; N               ; no       ; Off          ;
; R1       ; 55         ; 2        ; RESERVED_INPUT_WITH_WEAK_PULLUP                           ;        ;              ;         ; Row I/O    ;                 ; no       ; On           ;
; R2       ; 54         ; 2        ; RESERVED_INPUT_WITH_WEAK_PULLUP                           ;        ;              ;         ; Row I/O    ;                 ; no       ; On           ;
; R3       ;            ;          ; GND                                                       ; gnd    ;              ;         ; --         ;                 ; --       ; --           ;
; R4       ;            ; 2        ; VCCIO2                                                    ; power  ;              ; 3.3V    ; --         ;                 ; --       ; --           ;
; R5       ; 80         ; 2        ; RESERVED_INPUT_WITH_WEAK_PULLUP                           ;        ;              ;         ; Row I/O    ;                 ; no       ; On           ;
; R6       ; 83         ; 2        ; RESERVED_INPUT_WITH_WEAK_PULLUP                           ;        ;              ;         ; Row I/O    ;                 ; no       ; On           ;
; R7       ; 84         ; 2        ; RESERVED_INPUT_WITH_WEAK_PULLUP                           ;        ;              ;         ; Row I/O    ;                 ; no       ; On           ;
; R8       ; 87         ; 2        ; RESERVED_INPUT_WITH_WEAK_PULLUP                           ;        ;              ;         ; Row I/O    ;                 ; no       ; On           ;
; R9       ; 88         ; 3        ; RESERVED_INPUT_WITH_WEAK_PULLUP                           ;        ;              ;         ; Column I/O ;                 ; no       ; On           ;
; R10      ; 90         ; 3        ; RESERVED_INPUT_WITH_WEAK_PULLUP                           ;        ;              ;         ; Column I/O ;                 ; no       ; On           ;
; R11      ; 97         ; 3        ; RESERVED_INPUT_WITH_WEAK_PULLUP                           ;        ;              ;         ; Column I/O ;                 ; no       ; On           ;
; R12      ; 98         ; 3        ; RESERVED_INPUT_WITH_WEAK_PULLUP                           ;        ;              ;         ; Column I/O ;                 ; no       ; On           ;
; R13      ; 153        ; 4        ; RegDst                                                    ; output ; 3.3-V LVTTL  ;         ; Column I/O ; N               ; no       ; Off          ;
; R14      ; 175        ; 4        ; RESERVED_INPUT_WITH_WEAK_PULLUP                           ;        ;              ;         ; Column I/O ;                 ; no       ; On           ;
; R15      ; 176        ; 4        ; RESERVED_INPUT_WITH_WEAK_PULLUP                           ;        ;              ;         ; Column I/O ;                 ; no       ; On           ;
; R16      ; 172        ; 4        ; imed16[11]                                                ; output ; 3.3-V LVTTL  ;         ; Column I/O ; N               ; no       ; Off          ;
; R17      ; 194        ; 5        ; clkSys                                                    ; output ; 3.3-V LVTTL  ;         ; Row I/O    ; N               ; no       ; Off          ;
; R18      ; 203        ; 5        ; Instruction[16]                                           ; output ; 3.3-V LVTTL  ;         ; Row I/O    ; N               ; no       ; Off          ;
; R19      ; 204        ; 5        ; Operation[2]                                              ; output ; 3.3-V LVTTL  ;         ; Row I/O    ; N               ; no       ; Off          ;
; R20      ; 200        ; 5        ; RESERVED_INPUT_WITH_WEAK_PULLUP                           ;        ;              ;         ; Row I/O    ;                 ; no       ; On           ;
; R21      ; 207        ; 5        ; rt[17]                                                    ; output ; 3.3-V LVTTL  ;         ; Row I/O    ; N               ; no       ; Off          ;
; R22      ; 206        ; 5        ; rt[16]                                                    ; output ; 3.3-V LVTTL  ;         ; Row I/O    ; N               ; no       ; Off          ;
; T1       ; 41         ; 2        ; GND+                                                      ;        ;              ;         ; Row I/O    ;                 ; --       ; --           ;
; T2       ; 40         ; 2        ; GND+                                                      ;        ;              ;         ; Row I/O    ;                 ; --       ; --           ;
; T3       ; 72         ; 2        ; RESERVED_INPUT_WITH_WEAK_PULLUP                           ;        ;              ;         ; Row I/O    ;                 ; --       ; --           ;
; T4       ; 81         ; 2        ; RESERVED_INPUT_WITH_WEAK_PULLUP                           ;        ;              ;         ; Row I/O    ;                 ; no       ; On           ;
; T5       ; 82         ; 2        ; RESERVED_INPUT_WITH_WEAK_PULLUP                           ;        ;              ;         ; Row I/O    ;                 ; no       ; On           ;
; T6       ;            ; --       ; VCCA1                                                     ; power  ;              ; 2.5V    ; --         ;                 ; --       ; --           ;
; T7       ; 85         ; 2        ; RESERVED_INPUT_WITH_WEAK_PULLUP                           ;        ;              ;         ; Row I/O    ;                 ; no       ; On           ;
; T8       ; 89         ; 3        ; RESERVED_INPUT_WITH_WEAK_PULLUP                           ;        ;              ;         ; Column I/O ;                 ; no       ; On           ;
; T9       ; 91         ; 3        ; RESERVED_INPUT_WITH_WEAK_PULLUP                           ;        ;              ;         ; Column I/O ;                 ; no       ; On           ;
; T10      ; 121        ; 3        ; RESERVED_INPUT_WITH_WEAK_PULLUP                           ;        ;              ;         ; Column I/O ;                 ; no       ; On           ;
; T11      ; 125        ; 3        ; Instruction[6]                                            ; output ; 3.3-V LVTTL  ;         ; Column I/O ; N               ; no       ; Off          ;
; T12      ; 148        ; 4        ; Instruction[11]                                           ; output ; 3.3-V LVTTL  ;         ; Column I/O ; N               ; no       ; Off          ;
; T13      ;            ;          ; VCCINT                                                    ; power  ;              ; 1.2V    ; --         ;                 ; --       ; --           ;
; T14      ; 160        ; 4        ; op[28]                                                    ; output ; 3.3-V LVTTL  ;         ; Column I/O ; N               ; no       ; Off          ;
; T15      ; 161        ; 4        ; Instruction[0]                                            ; output ; 3.3-V LVTTL  ;         ; Column I/O ; N               ; no       ; Off          ;
; T16      ; 171        ; 4        ; RESERVED_INPUT_WITH_WEAK_PULLUP                           ;        ;              ;         ; Column I/O ;                 ; no       ; On           ;
; T17      ; 181        ; 5        ; RESERVED_INPUT_WITH_WEAK_PULLUP                           ;        ;              ;         ; Row I/O    ;                 ; no       ; On           ;
; T18      ; 182        ; 5        ; RESERVED_INPUT_WITH_WEAK_PULLUP                           ;        ;              ;         ; Row I/O    ;                 ; no       ; On           ;
; T19      ;            ; 5        ; VCCIO5                                                    ; power  ;              ; 3.3V    ; --         ;                 ; --       ; --           ;
; T20      ;            ;          ; GND                                                       ; gnd    ;              ;         ; --         ;                 ; --       ; --           ;
; T21      ; 224        ; 5        ; GND+                                                      ;        ;              ;         ; Row I/O    ;                 ; --       ; --           ;
; T22      ; 223        ; 5        ; GND+                                                      ;        ;              ;         ; Row I/O    ;                 ; --       ; --           ;
; U1       ; 60         ; 2        ; Instruction[5]                                            ; output ; 3.3-V LVTTL  ;         ; Row I/O    ; N               ; no       ; Off          ;
; U2       ; 59         ; 2        ; RESERVED_INPUT_WITH_WEAK_PULLUP                           ;        ;              ;         ; Row I/O    ;                 ; no       ; On           ;
; U3       ;            ;          ; GND                                                       ; gnd    ;              ;         ; --         ;                 ; --       ; --           ;
; U4       ;            ; 2        ; VCCIO2                                                    ; power  ;              ; 3.3V    ; --         ;                 ; --       ; --           ;
; U5       ;            ;          ; GNDA1                                                     ; gnd    ;              ;         ; --         ;                 ; --       ; --           ;
; U6       ;            ;          ; VCCD_PLL1                                                 ; power  ;              ; 1.2V    ; --         ;                 ; --       ; --           ;
; U7       ; 94         ; 3        ; RESERVED_INPUT_WITH_WEAK_PULLUP                           ;        ;              ;         ; Column I/O ;                 ; no       ; On           ;
; U8       ; 95         ; 3        ; RESERVED_INPUT_WITH_WEAK_PULLUP                           ;        ;              ;         ; Column I/O ;                 ; no       ; On           ;
; U9       ; 112        ; 3        ; RESERVED_INPUT_WITH_WEAK_PULLUP                           ;        ;              ;         ; Column I/O ;                 ; no       ; On           ;
; U10      ; 122        ; 3        ; RESERVED_INPUT_WITH_WEAK_PULLUP                           ;        ;              ;         ; Column I/O ;                 ; no       ; On           ;
; U11      ; 128        ; 3        ; PC[25]                                                    ; output ; 3.3-V LVTTL  ;         ; Column I/O ; N               ; no       ; Off          ;
; U12      ; 147        ; 4        ; RESERVED_INPUT_WITH_WEAK_PULLUP                           ;        ;              ;         ; Column I/O ;                 ; no       ; On           ;
; U13      ; 156        ; 4        ; nextPC[8]                                                 ; output ; 3.3-V LVTTL  ;         ; Column I/O ; N               ; no       ; Off          ;
; U14      ; 174        ; 4        ; RESERVED_INPUT_WITH_WEAK_PULLUP                           ;        ;              ;         ; Column I/O ;                 ; no       ; On           ;
; U15      ; 173        ; 4        ; imed16[0]                                                 ; output ; 3.3-V LVTTL  ;         ; Column I/O ; N               ; no       ; Off          ;
; U16      ;            ;          ; VCCINT                                                    ; power  ;              ; 1.2V    ; --         ;                 ; --       ; --           ;
; U17      ;            ;          ; VCCINT                                                    ; power  ;              ; 1.2V    ; --         ;                 ; --       ; --           ;
; U18      ;            ; --       ; VCCA4                                                     ; power  ;              ; 2.5V    ; --         ;                 ; --       ; --           ;
; U19      ; 188        ; 5        ; RESERVED_INPUT_WITH_WEAK_PULLUP                           ;        ;              ;         ; Row I/O    ;                 ; no       ; On           ;
; U20      ; 187        ; 5        ; RESERVED_INPUT_WITH_WEAK_PULLUP                           ;        ;              ;         ; Row I/O    ;                 ; no       ; On           ;
; U21      ; 202        ; 5        ; RESERVED_INPUT_WITH_WEAK_PULLUP                           ;        ;              ;         ; Row I/O    ;                 ; no       ; On           ;
; U22      ; 201        ; 5        ; RESERVED_INPUT_WITH_WEAK_PULLUP                           ;        ;              ;         ; Row I/O    ;                 ; no       ; On           ;
; V1       ; 62         ; 2        ; RESERVED_INPUT_WITH_WEAK_PULLUP                           ;        ;              ;         ; Row I/O    ;                 ; no       ; On           ;
; V2       ; 61         ; 2        ; RESERVED_INPUT_WITH_WEAK_PULLUP                           ;        ;              ;         ; Row I/O    ;                 ; no       ; On           ;
; V3       ; 78         ; 2        ; RESERVED_INPUT_WITH_WEAK_PULLUP                           ;        ;              ;         ; Row I/O    ;                 ; no       ; On           ;
; V4       ; 77         ; 2        ; RESERVED_INPUT_WITH_WEAK_PULLUP                           ;        ;              ;         ; Row I/O    ;                 ; no       ; On           ;
; V5       ; 93         ; 3        ; RESERVED_INPUT_WITH_WEAK_PULLUP                           ;        ;              ;         ; Column I/O ;                 ; no       ; On           ;
; V6       ; 92         ; 3        ; RESERVED_INPUT_WITH_WEAK_PULLUP                           ;        ;              ;         ; Column I/O ;                 ; no       ; On           ;
; V7       ; 105        ; 3        ; RESERVED_INPUT_WITH_WEAK_PULLUP                           ;        ;              ;         ; Column I/O ;                 ; no       ; On           ;
; V8       ; 113        ; 3        ; RESERVED_INPUT_WITH_WEAK_PULLUP                           ;        ;              ;         ; Column I/O ;                 ; no       ; On           ;
; V9       ; 119        ; 3        ; PC[18]                                                    ; output ; 3.3-V LVTTL  ;         ; Column I/O ; N               ; no       ; Off          ;
; V10      ; 120        ; 3        ; imed16[6]                                                 ; output ; 3.3-V LVTTL  ;         ; Column I/O ; N               ; no       ; Off          ;
; V11      ; 129        ; 3        ; PC[22]                                                    ; output ; 3.3-V LVTTL  ;         ; Column I/O ; N               ; no       ; Off          ;
; V12      ; 142        ; 4        ; nextPC[22]                                                ; output ; 3.3-V LVTTL  ;         ; Column I/O ; N               ; no       ; Off          ;
; V13      ; 154        ; 4        ; Instruction[24]                                           ; output ; 3.3-V LVTTL  ;         ; Column I/O ; N               ; no       ; Off          ;
; V14      ; 157        ; 4        ; imed16[4]                                                 ; output ; 3.3-V LVTTL  ;         ; Column I/O ; N               ; no       ; Off          ;
; V15      ; 158        ; 4        ; RESERVED_INPUT_WITH_WEAK_PULLUP                           ;        ;              ;         ; Column I/O ;                 ; no       ; On           ;
; V16      ; 168        ; 4        ; RESERVED_INPUT_WITH_WEAK_PULLUP                           ;        ;              ;         ; Column I/O ;                 ; --       ; --           ;
; V17      ;            ;          ; VCCD_PLL4                                                 ; power  ;              ; 1.2V    ; --         ;                 ; --       ; --           ;
; V18      ;            ;          ; GNDA4                                                     ; gnd    ;              ;         ; --         ;                 ; --       ; --           ;
; V19      ;            ; 5        ; VCCIO5                                                    ; power  ;              ; 3.3V    ; --         ;                 ; --       ; --           ;
; V20      ;            ;          ; GND                                                       ; gnd    ;              ;         ; --         ;                 ; --       ; --           ;
; V21      ; 199        ; 5        ; PC[10]                                                    ; output ; 3.3-V LVTTL  ;         ; Row I/O    ; N               ; no       ; Off          ;
; V22      ; 198        ; 5        ; RESERVED_INPUT_WITH_WEAK_PULLUP                           ;        ;              ;         ; Row I/O    ;                 ; no       ; On           ;
; W1       ; 69         ; 2        ; RESERVED_INPUT_WITH_WEAK_PULLUP                           ;        ;              ;         ; Row I/O    ;                 ; no       ; On           ;
; W2       ; 68         ; 2        ; RESERVED_INPUT_WITH_WEAK_PULLUP                           ;        ;              ;         ; Row I/O    ;                 ; no       ; On           ;
; W3       ;            ;          ; GND                                                       ; gnd    ;              ;         ; --         ;                 ; --       ; --           ;
; W4       ;            ; 2        ; VCCIO2                                                    ; power  ;              ; 3.3V    ; --         ;                 ; --       ; --           ;
; W5       ;            ; 3        ; VCCIO3                                                    ; power  ;              ; 3.3V    ; --         ;                 ; --       ; --           ;
; W6       ; 104        ; 3        ; Instruction[9]                                            ; output ; 3.3-V LVTTL  ;         ; Column I/O ; N               ; no       ; Off          ;
; W7       ; 110        ; 3        ; RESERVED_INPUT_WITH_WEAK_PULLUP                           ;        ;              ;         ; Column I/O ;                 ; no       ; On           ;
; W8       ; 114        ; 3        ; RESERVED_INPUT_WITH_WEAK_PULLUP                           ;        ;              ;         ; Column I/O ;                 ; no       ; On           ;
; W9       ;            ; 3        ; VCCIO3                                                    ; power  ;              ; 3.3V    ; --         ;                 ; --       ; --           ;
; W10      ; 130        ; 3        ; PC[31]                                                    ; output ; 3.3-V LVTTL  ;         ; Column I/O ; N               ; no       ; Off          ;
; W11      ;            ; 3        ; VCCIO3                                                    ; power  ;              ; 3.3V    ; --         ;                 ; --       ; --           ;
; W12      ;            ; 4        ; VCCIO4                                                    ; power  ;              ; 3.3V    ; --         ;                 ; --       ; --           ;
; W13      ; 143        ; 4        ; Instruction[20]                                           ; output ; 3.3-V LVTTL  ;         ; Column I/O ; N               ; no       ; Off          ;
; W14      ; 155        ; 4        ; ALUOp[1]                                                  ; output ; 3.3-V LVTTL  ;         ; Column I/O ; N               ; no       ; Off          ;
; W15      ; 159        ; 4        ; nextPC[11]                                                ; output ; 3.3-V LVTTL  ;         ; Column I/O ; N               ; no       ; Off          ;
; W16      ;            ; 4        ; VCCIO4                                                    ; power  ;              ; 3.3V    ; --         ;                 ; --       ; --           ;
; W17      ; 166        ; 4        ; Instruction[19]                                           ; output ; 3.3-V LVTTL  ;         ; Column I/O ; N               ; no       ; Off          ;
; W18      ;            ; 4        ; VCCIO4                                                    ; power  ;              ; 3.3V    ; --         ;                 ; --       ; --           ;
; W19      ; 184        ; 5        ; RESERVED_INPUT_WITH_WEAK_PULLUP                           ;        ;              ;         ; Row I/O    ;                 ; no       ; On           ;
; W20      ; 183        ; 5        ; RESERVED_INPUT_WITH_WEAK_PULLUP                           ;        ;              ;         ; Row I/O    ;                 ; no       ; On           ;
; W21      ; 191        ; 5        ; RESERVED_INPUT_WITH_WEAK_PULLUP                           ;        ;              ;         ; Row I/O    ;                 ; no       ; On           ;
; W22      ; 190        ; 5        ; RESERVED_INPUT_WITH_WEAK_PULLUP                           ;        ;              ;         ; Row I/O    ;                 ; no       ; On           ;
; Y1       ; 71         ; 2        ; RESERVED_INPUT_WITH_WEAK_PULLUP                           ;        ;              ;         ; Row I/O    ;                 ; no       ; On           ;
; Y2       ; 70         ; 2        ; RESERVED_INPUT_WITH_WEAK_PULLUP                           ;        ;              ;         ; Row I/O    ;                 ; no       ; On           ;
; Y3       ; 99         ; 3        ; RESERVED_INPUT_WITH_WEAK_PULLUP                           ;        ;              ;         ; Column I/O ;                 ; no       ; On           ;
; Y4       ; 96         ; 3        ; RESERVED_INPUT_WITH_WEAK_PULLUP                           ;        ;              ;         ; Column I/O ;                 ; --       ; --           ;
; Y5       ;            ;          ; GND                                                       ; gnd    ;              ;         ; --         ;                 ; --       ; --           ;
; Y6       ; 101        ; 3        ; RESERVED_INPUT_WITH_WEAK_PULLUP                           ;        ;              ;         ; Column I/O ;                 ; no       ; On           ;
; Y7       ; 111        ; 3        ; imed16[9]                                                 ; output ; 3.3-V LVTTL  ;         ; Column I/O ; N               ; no       ; Off          ;
; Y8       ; 117        ; 3        ; RESERVED_INPUT_WITH_WEAK_PULLUP                           ;        ;              ;         ; Column I/O ;                 ; no       ; On           ;
; Y9       ;            ;          ; GND                                                       ; gnd    ;              ;         ; --         ;                 ; --       ; --           ;
; Y10      ; 131        ; 3        ; Instruction[30]                                           ; output ; 3.3-V LVTTL  ;         ; Column I/O ; N               ; no       ; Off          ;
; Y11      ;            ;          ; GND                                                       ; gnd    ;              ;         ; --         ;                 ; --       ; --           ;
; Y12      ;            ;          ; GND                                                       ; gnd    ;              ;         ; --         ;                 ; --       ; --           ;
; Y13      ; 144        ; 4        ; PC[5]                                                     ; output ; 3.3-V LVTTL  ;         ; Column I/O ; N               ; no       ; Off          ;
; Y14      ;            ; 4        ; VCCIO4                                                    ; power  ;              ; 3.3V    ; --         ;                 ; --       ; --           ;
; Y15      ;            ;          ; GND                                                       ; gnd    ;              ;         ; --         ;                 ; --       ; --           ;
; Y16      ;            ;          ; GND                                                       ; gnd    ;              ;         ; --         ;                 ; --       ; --           ;
; Y17      ; 167        ; 4        ; function[0]                                               ; output ; 3.3-V LVTTL  ;         ; Column I/O ; N               ; no       ; Off          ;
; Y18      ;            ;          ; GND                                                       ; gnd    ;              ;         ; --         ;                 ; --       ; --           ;
; Y19      ;            ; 5        ; VCCIO5                                                    ; power  ;              ; 3.3V    ; --         ;                 ; --       ; --           ;
; Y20      ;            ;          ; GND                                                       ; gnd    ;              ;         ; --         ;                 ; --       ; --           ;
; Y21      ; 186        ; 5        ; RESERVED_INPUT_WITH_WEAK_PULLUP                           ;        ;              ;         ; Row I/O    ;                 ; no       ; On           ;
; Y22      ; 185        ; 5        ; RESERVED_INPUT_WITH_WEAK_PULLUP                           ;        ;              ;         ; Row I/O    ;                 ; no       ; On           ;
+----------+------------+----------+-----------------------------------------------------------+--------+--------------+---------+------------+-----------------+----------+--------------+
Note: Pin directions (input, output or bidir) are based on device operating in user mode.


+----------------------------------------------------------------------------------------------------------------------------------------------------------------------------------------------------------------------------------------------------------------------------------------------------------------------------------------------------------------------------------------------------------------------+
; Fitter Resource Utilization by Entity                                                                                                                                                                                                                                                                                                                                                                                ;
+----------------------------------------------+-------------+---------------------------+---------------+-------------+------+--------------+---------+-----------+------+--------------+--------------+-------------------+------------------+--------------------------------------------------------------------------------------------------------------------------------------------------------+--------------+
; Compilation Hierarchy Node                   ; Logic Cells ; Dedicated Logic Registers ; I/O Registers ; Memory Bits ; M9Ks ; DSP Elements ; DSP 9x9 ; DSP 18x18 ; Pins ; Virtual Pins ; LUT-Only LCs ; Register-Only LCs ; LUT/Register LCs ; Full Hierarchy Name                                                                                                                                    ; Library Name ;
+----------------------------------------------+-------------+---------------------------+---------------+-------------+------+--------------+---------+-----------+------+--------------+--------------+-------------------+------------------+--------------------------------------------------------------------------------------------------------------------------------------------------------+--------------+
; |mips_mono                                   ; 2378 (2)    ; 1027 (0)                  ; 0 (0)         ; 16384       ; 2    ; 0            ; 0       ; 0         ; 158  ; 0            ; 1351 (2)     ; 280 (0)           ; 747 (0)          ; |mips_mono                                                                                                                                             ; work         ;
;    |2bit_left_shifter_32bit:26|              ; 32 (32)     ; 0 (0)                     ; 0 (0)         ; 0           ; 0    ; 0            ; 0       ; 0         ; 0    ; 0            ; 14 (14)      ; 0 (0)             ; 18 (18)          ; |mips_mono|2bit_left_shifter_32bit:26                                                                                                                  ; work         ;
;    |2bit_left_shifter_4bit_concat_PC:inst3|  ; 32 (32)     ; 0 (0)                     ; 0 (0)         ; 0           ; 0    ; 0            ; 0       ; 0         ; 0    ; 0            ; 15 (15)      ; 0 (0)             ; 17 (17)          ; |mips_mono|2bit_left_shifter_4bit_concat_PC:inst3                                                                                                      ; work         ;
;    |DivisorFrequencia:inst4|                 ; 4 (4)       ; 3 (3)                     ; 0 (0)         ; 0           ; 0    ; 0            ; 0       ; 0         ; 0    ; 0            ; 1 (1)        ; 1 (1)             ; 2 (2)            ; |mips_mono|DivisorFrequencia:inst4                                                                                                                     ; work         ;
;    |adder_32bit:18|                          ; 48 (0)      ; 0 (0)                     ; 0 (0)         ; 0           ; 0    ; 0            ; 0       ; 0         ; 0    ; 0            ; 35 (0)       ; 0 (0)             ; 13 (0)           ; |mips_mono|adder_32bit:18                                                                                                                              ; work         ;
;       |full_adder:149|                       ; 2 (2)       ; 0 (0)                     ; 0 (0)         ; 0           ; 0    ; 0            ; 0       ; 0         ; 0    ; 0            ; 2 (2)        ; 0 (0)             ; 0 (0)            ; |mips_mono|adder_32bit:18|full_adder:149                                                                                                               ; work         ;
;       |full_adder:151|                       ; 2 (2)       ; 0 (0)                     ; 0 (0)         ; 0           ; 0    ; 0            ; 0       ; 0         ; 0    ; 0            ; 1 (1)        ; 0 (0)             ; 1 (1)            ; |mips_mono|adder_32bit:18|full_adder:151                                                                                                               ; work         ;
;       |full_adder:152|                       ; 2 (2)       ; 0 (0)                     ; 0 (0)         ; 0           ; 0    ; 0            ; 0       ; 0         ; 0    ; 0            ; 1 (1)        ; 0 (0)             ; 1 (1)            ; |mips_mono|adder_32bit:18|full_adder:152                                                                                                               ; work         ;
;       |full_adder:153|                       ; 2 (2)       ; 0 (0)                     ; 0 (0)         ; 0           ; 0    ; 0            ; 0       ; 0         ; 0    ; 0            ; 1 (1)        ; 0 (0)             ; 1 (1)            ; |mips_mono|adder_32bit:18|full_adder:153                                                                                                               ; work         ;
;       |full_adder:154|                       ; 1 (1)       ; 0 (0)                     ; 0 (0)         ; 0           ; 0    ; 0            ; 0       ; 0         ; 0    ; 0            ; 1 (1)        ; 0 (0)             ; 0 (0)            ; |mips_mono|adder_32bit:18|full_adder:154                                                                                                               ; work         ;
;       |full_adder:155|                       ; 2 (2)       ; 0 (0)                     ; 0 (0)         ; 0           ; 0    ; 0            ; 0       ; 0         ; 0    ; 0            ; 1 (1)        ; 0 (0)             ; 1 (1)            ; |mips_mono|adder_32bit:18|full_adder:155                                                                                                               ; work         ;
;       |full_adder:156|                       ; 2 (2)       ; 0 (0)                     ; 0 (0)         ; 0           ; 0    ; 0            ; 0       ; 0         ; 0    ; 0            ; 2 (2)        ; 0 (0)             ; 0 (0)            ; |mips_mono|adder_32bit:18|full_adder:156                                                                                                               ; work         ;
;       |full_adder:157|                       ; 2 (2)       ; 0 (0)                     ; 0 (0)         ; 0           ; 0    ; 0            ; 0       ; 0         ; 0    ; 0            ; 0 (0)        ; 0 (0)             ; 2 (2)            ; |mips_mono|adder_32bit:18|full_adder:157                                                                                                               ; work         ;
;       |full_adder:158|                       ; 1 (1)       ; 0 (0)                     ; 0 (0)         ; 0           ; 0    ; 0            ; 0       ; 0         ; 0    ; 0            ; 0 (0)        ; 0 (0)             ; 1 (1)            ; |mips_mono|adder_32bit:18|full_adder:158                                                                                                               ; work         ;
;       |full_adder:159|                       ; 2 (2)       ; 0 (0)                     ; 0 (0)         ; 0           ; 0    ; 0            ; 0       ; 0         ; 0    ; 0            ; 2 (2)        ; 0 (0)             ; 0 (0)            ; |mips_mono|adder_32bit:18|full_adder:159                                                                                                               ; work         ;
;       |full_adder:160|                       ; 2 (2)       ; 0 (0)                     ; 0 (0)         ; 0           ; 0    ; 0            ; 0       ; 0         ; 0    ; 0            ; 1 (1)        ; 0 (0)             ; 1 (1)            ; |mips_mono|adder_32bit:18|full_adder:160                                                                                                               ; work         ;
;       |full_adder:161|                       ; 2 (2)       ; 0 (0)                     ; 0 (0)         ; 0           ; 0    ; 0            ; 0       ; 0         ; 0    ; 0            ; 0 (0)        ; 0 (0)             ; 2 (2)            ; |mips_mono|adder_32bit:18|full_adder:161                                                                                                               ; work         ;
;       |full_adder:162|                       ; 2 (2)       ; 0 (0)                     ; 0 (0)         ; 0           ; 0    ; 0            ; 0       ; 0         ; 0    ; 0            ; 2 (2)        ; 0 (0)             ; 0 (0)            ; |mips_mono|adder_32bit:18|full_adder:162                                                                                                               ; work         ;
;       |full_adder:163|                       ; 2 (2)       ; 0 (0)                     ; 0 (0)         ; 0           ; 0    ; 0            ; 0       ; 0         ; 0    ; 0            ; 2 (2)        ; 0 (0)             ; 0 (0)            ; |mips_mono|adder_32bit:18|full_adder:163                                                                                                               ; work         ;
;       |full_adder:164|                       ; 2 (2)       ; 0 (0)                     ; 0 (0)         ; 0           ; 0    ; 0            ; 0       ; 0         ; 0    ; 0            ; 2 (2)        ; 0 (0)             ; 0 (0)            ; |mips_mono|adder_32bit:18|full_adder:164                                                                                                               ; work         ;
;       |full_adder:165|                       ; 2 (2)       ; 0 (0)                     ; 0 (0)         ; 0           ; 0    ; 0            ; 0       ; 0         ; 0    ; 0            ; 2 (2)        ; 0 (0)             ; 0 (0)            ; |mips_mono|adder_32bit:18|full_adder:165                                                                                                               ; work         ;
;       |full_adder:166|                       ; 2 (2)       ; 0 (0)                     ; 0 (0)         ; 0           ; 0    ; 0            ; 0       ; 0         ; 0    ; 0            ; 2 (2)        ; 0 (0)             ; 0 (0)            ; |mips_mono|adder_32bit:18|full_adder:166                                                                                                               ; work         ;
;       |full_adder:167|                       ; 2 (2)       ; 0 (0)                     ; 0 (0)         ; 0           ; 0    ; 0            ; 0       ; 0         ; 0    ; 0            ; 1 (1)        ; 0 (0)             ; 1 (1)            ; |mips_mono|adder_32bit:18|full_adder:167                                                                                                               ; work         ;
;       |full_adder:168|                       ; 1 (1)       ; 0 (0)                     ; 0 (0)         ; 0           ; 0    ; 0            ; 0       ; 0         ; 0    ; 0            ; 1 (1)        ; 0 (0)             ; 0 (0)            ; |mips_mono|adder_32bit:18|full_adder:168                                                                                                               ; work         ;
;       |full_adder:169|                       ; 2 (2)       ; 0 (0)                     ; 0 (0)         ; 0           ; 0    ; 0            ; 0       ; 0         ; 0    ; 0            ; 2 (2)        ; 0 (0)             ; 0 (0)            ; |mips_mono|adder_32bit:18|full_adder:169                                                                                                               ; work         ;
;       |full_adder:170|                       ; 2 (2)       ; 0 (0)                     ; 0 (0)         ; 0           ; 0    ; 0            ; 0       ; 0         ; 0    ; 0            ; 1 (1)        ; 0 (0)             ; 1 (1)            ; |mips_mono|adder_32bit:18|full_adder:170                                                                                                               ; work         ;
;       |full_adder:173|                       ; 1 (1)       ; 0 (0)                     ; 0 (0)         ; 0           ; 0    ; 0            ; 0       ; 0         ; 0    ; 0            ; 1 (1)        ; 0 (0)             ; 0 (0)            ; |mips_mono|adder_32bit:18|full_adder:173                                                                                                               ; work         ;
;       |full_adder:174|                       ; 1 (1)       ; 0 (0)                     ; 0 (0)         ; 0           ; 0    ; 0            ; 0       ; 0         ; 0    ; 0            ; 1 (1)        ; 0 (0)             ; 0 (0)            ; |mips_mono|adder_32bit:18|full_adder:174                                                                                                               ; work         ;
;       |full_adder:175|                       ; 2 (2)       ; 0 (0)                     ; 0 (0)         ; 0           ; 0    ; 0            ; 0       ; 0         ; 0    ; 0            ; 2 (2)        ; 0 (0)             ; 0 (0)            ; |mips_mono|adder_32bit:18|full_adder:175                                                                                                               ; work         ;
;       |full_adder:176|                       ; 2 (2)       ; 0 (0)                     ; 0 (0)         ; 0           ; 0    ; 0            ; 0       ; 0         ; 0    ; 0            ; 2 (2)        ; 0 (0)             ; 0 (0)            ; |mips_mono|adder_32bit:18|full_adder:176                                                                                                               ; work         ;
;       |full_adder:177|                       ; 2 (2)       ; 0 (0)                     ; 0 (0)         ; 0           ; 0    ; 0            ; 0       ; 0         ; 0    ; 0            ; 1 (1)        ; 0 (0)             ; 1 (1)            ; |mips_mono|adder_32bit:18|full_adder:177                                                                                                               ; work         ;
;       |full_adder:178|                       ; 1 (1)       ; 0 (0)                     ; 0 (0)         ; 0           ; 0    ; 0            ; 0       ; 0         ; 0    ; 0            ; 1 (1)        ; 0 (0)             ; 0 (0)            ; |mips_mono|adder_32bit:18|full_adder:178                                                                                                               ; work         ;
;    |adder_32bit:27|                          ; 54 (0)      ; 0 (0)                     ; 0 (0)         ; 0           ; 0    ; 0            ; 0       ; 0         ; 0    ; 0            ; 47 (0)       ; 0 (0)             ; 7 (0)            ; |mips_mono|adder_32bit:27                                                                                                                              ; work         ;
;       |full_adder:148|                       ; 2 (2)       ; 0 (0)                     ; 0 (0)         ; 0           ; 0    ; 0            ; 0       ; 0         ; 0    ; 0            ; 1 (1)        ; 0 (0)             ; 1 (1)            ; |mips_mono|adder_32bit:27|full_adder:148                                                                                                               ; work         ;
;       |full_adder:149|                       ; 2 (2)       ; 0 (0)                     ; 0 (0)         ; 0           ; 0    ; 0            ; 0       ; 0         ; 0    ; 0            ; 2 (2)        ; 0 (0)             ; 0 (0)            ; |mips_mono|adder_32bit:27|full_adder:149                                                                                                               ; work         ;
;       |full_adder:150|                       ; 2 (2)       ; 0 (0)                     ; 0 (0)         ; 0           ; 0    ; 0            ; 0       ; 0         ; 0    ; 0            ; 0 (0)        ; 0 (0)             ; 2 (2)            ; |mips_mono|adder_32bit:27|full_adder:150                                                                                                               ; work         ;
;       |full_adder:151|                       ; 2 (2)       ; 0 (0)                     ; 0 (0)         ; 0           ; 0    ; 0            ; 0       ; 0         ; 0    ; 0            ; 1 (1)        ; 0 (0)             ; 1 (1)            ; |mips_mono|adder_32bit:27|full_adder:151                                                                                                               ; work         ;
;       |full_adder:152|                       ; 2 (2)       ; 0 (0)                     ; 0 (0)         ; 0           ; 0    ; 0            ; 0       ; 0         ; 0    ; 0            ; 2 (2)        ; 0 (0)             ; 0 (0)            ; |mips_mono|adder_32bit:27|full_adder:152                                                                                                               ; work         ;
;       |full_adder:153|                       ; 2 (2)       ; 0 (0)                     ; 0 (0)         ; 0           ; 0    ; 0            ; 0       ; 0         ; 0    ; 0            ; 1 (1)        ; 0 (0)             ; 1 (1)            ; |mips_mono|adder_32bit:27|full_adder:153                                                                                                               ; work         ;
;       |full_adder:154|                       ; 1 (1)       ; 0 (0)                     ; 0 (0)         ; 0           ; 0    ; 0            ; 0       ; 0         ; 0    ; 0            ; 1 (1)        ; 0 (0)             ; 0 (0)            ; |mips_mono|adder_32bit:27|full_adder:154                                                                                                               ; work         ;
;       |full_adder:155|                       ; 2 (2)       ; 0 (0)                     ; 0 (0)         ; 0           ; 0    ; 0            ; 0       ; 0         ; 0    ; 0            ; 2 (2)        ; 0 (0)             ; 0 (0)            ; |mips_mono|adder_32bit:27|full_adder:155                                                                                                               ; work         ;
;       |full_adder:156|                       ; 2 (2)       ; 0 (0)                     ; 0 (0)         ; 0           ; 0    ; 0            ; 0       ; 0         ; 0    ; 0            ; 2 (2)        ; 0 (0)             ; 0 (0)            ; |mips_mono|adder_32bit:27|full_adder:156                                                                                                               ; work         ;
;       |full_adder:157|                       ; 2 (2)       ; 0 (0)                     ; 0 (0)         ; 0           ; 0    ; 0            ; 0       ; 0         ; 0    ; 0            ; 1 (1)        ; 0 (0)             ; 1 (1)            ; |mips_mono|adder_32bit:27|full_adder:157                                                                                                               ; work         ;
;       |full_adder:158|                       ; 1 (1)       ; 0 (0)                     ; 0 (0)         ; 0           ; 0    ; 0            ; 0       ; 0         ; 0    ; 0            ; 1 (1)        ; 0 (0)             ; 0 (0)            ; |mips_mono|adder_32bit:27|full_adder:158                                                                                                               ; work         ;
;       |full_adder:159|                       ; 2 (2)       ; 0 (0)                     ; 0 (0)         ; 0           ; 0    ; 0            ; 0       ; 0         ; 0    ; 0            ; 1 (1)        ; 0 (0)             ; 1 (1)            ; |mips_mono|adder_32bit:27|full_adder:159                                                                                                               ; work         ;
;       |full_adder:160|                       ; 2 (2)       ; 0 (0)                     ; 0 (0)         ; 0           ; 0    ; 0            ; 0       ; 0         ; 0    ; 0            ; 2 (2)        ; 0 (0)             ; 0 (0)            ; |mips_mono|adder_32bit:27|full_adder:160                                                                                                               ; work         ;
;       |full_adder:161|                       ; 2 (2)       ; 0 (0)                     ; 0 (0)         ; 0           ; 0    ; 0            ; 0       ; 0         ; 0    ; 0            ; 2 (2)        ; 0 (0)             ; 0 (0)            ; |mips_mono|adder_32bit:27|full_adder:161                                                                                                               ; work         ;
;       |full_adder:162|                       ; 2 (2)       ; 0 (0)                     ; 0 (0)         ; 0           ; 0    ; 0            ; 0       ; 0         ; 0    ; 0            ; 2 (2)        ; 0 (0)             ; 0 (0)            ; |mips_mono|adder_32bit:27|full_adder:162                                                                                                               ; work         ;
;       |full_adder:163|                       ; 2 (2)       ; 0 (0)                     ; 0 (0)         ; 0           ; 0    ; 0            ; 0       ; 0         ; 0    ; 0            ; 2 (2)        ; 0 (0)             ; 0 (0)            ; |mips_mono|adder_32bit:27|full_adder:163                                                                                                               ; work         ;
;       |full_adder:164|                       ; 2 (2)       ; 0 (0)                     ; 0 (0)         ; 0           ; 0    ; 0            ; 0       ; 0         ; 0    ; 0            ; 2 (2)        ; 0 (0)             ; 0 (0)            ; |mips_mono|adder_32bit:27|full_adder:164                                                                                                               ; work         ;
;       |full_adder:165|                       ; 2 (2)       ; 0 (0)                     ; 0 (0)         ; 0           ; 0    ; 0            ; 0       ; 0         ; 0    ; 0            ; 2 (2)        ; 0 (0)             ; 0 (0)            ; |mips_mono|adder_32bit:27|full_adder:165                                                                                                               ; work         ;
;       |full_adder:166|                       ; 2 (2)       ; 0 (0)                     ; 0 (0)         ; 0           ; 0    ; 0            ; 0       ; 0         ; 0    ; 0            ; 2 (2)        ; 0 (0)             ; 0 (0)            ; |mips_mono|adder_32bit:27|full_adder:166                                                                                                               ; work         ;
;       |full_adder:167|                       ; 2 (2)       ; 0 (0)                     ; 0 (0)         ; 0           ; 0    ; 0            ; 0       ; 0         ; 0    ; 0            ; 2 (2)        ; 0 (0)             ; 0 (0)            ; |mips_mono|adder_32bit:27|full_adder:167                                                                                                               ; work         ;
;       |full_adder:168|                       ; 1 (1)       ; 0 (0)                     ; 0 (0)         ; 0           ; 0    ; 0            ; 0       ; 0         ; 0    ; 0            ; 1 (1)        ; 0 (0)             ; 0 (0)            ; |mips_mono|adder_32bit:27|full_adder:168                                                                                                               ; work         ;
;       |full_adder:169|                       ; 2 (2)       ; 0 (0)                     ; 0 (0)         ; 0           ; 0    ; 0            ; 0       ; 0         ; 0    ; 0            ; 2 (2)        ; 0 (0)             ; 0 (0)            ; |mips_mono|adder_32bit:27|full_adder:169                                                                                                               ; work         ;
;       |full_adder:170|                       ; 2 (2)       ; 0 (0)                     ; 0 (0)         ; 0           ; 0    ; 0            ; 0       ; 0         ; 0    ; 0            ; 2 (2)        ; 0 (0)             ; 0 (0)            ; |mips_mono|adder_32bit:27|full_adder:170                                                                                                               ; work         ;
;       |full_adder:172|                       ; 1 (1)       ; 0 (0)                     ; 0 (0)         ; 0           ; 0    ; 0            ; 0       ; 0         ; 0    ; 0            ; 1 (1)        ; 0 (0)             ; 0 (0)            ; |mips_mono|adder_32bit:27|full_adder:172                                                                                                               ; work         ;
;       |full_adder:173|                       ; 2 (2)       ; 0 (0)                     ; 0 (0)         ; 0           ; 0    ; 0            ; 0       ; 0         ; 0    ; 0            ; 2 (2)        ; 0 (0)             ; 0 (0)            ; |mips_mono|adder_32bit:27|full_adder:173                                                                                                               ; work         ;
;       |full_adder:174|                       ; 2 (2)       ; 0 (0)                     ; 0 (0)         ; 0           ; 0    ; 0            ; 0       ; 0         ; 0    ; 0            ; 2 (2)        ; 0 (0)             ; 0 (0)            ; |mips_mono|adder_32bit:27|full_adder:174                                                                                                               ; work         ;
;       |full_adder:175|                       ; 1 (1)       ; 0 (0)                     ; 0 (0)         ; 0           ; 0    ; 0            ; 0       ; 0         ; 0    ; 0            ; 1 (1)        ; 0 (0)             ; 0 (0)            ; |mips_mono|adder_32bit:27|full_adder:175                                                                                                               ; work         ;
;       |full_adder:176|                       ; 2 (2)       ; 0 (0)                     ; 0 (0)         ; 0           ; 0    ; 0            ; 0       ; 0         ; 0    ; 0            ; 2 (2)        ; 0 (0)             ; 0 (0)            ; |mips_mono|adder_32bit:27|full_adder:176                                                                                                               ; work         ;
;       |full_adder:177|                       ; 2 (2)       ; 0 (0)                     ; 0 (0)         ; 0           ; 0    ; 0            ; 0       ; 0         ; 0    ; 0            ; 2 (2)        ; 0 (0)             ; 0 (0)            ; |mips_mono|adder_32bit:27|full_adder:177                                                                                                               ; work         ;
;       |full_adder:178|                       ; 1 (1)       ; 0 (0)                     ; 0 (0)         ; 0           ; 0    ; 0            ; 0       ; 0         ; 0    ; 0            ; 1 (1)        ; 0 (0)             ; 0 (0)            ; |mips_mono|adder_32bit:27|full_adder:178                                                                                                               ; work         ;
;    |adder_32bit:28|                          ; 36 (0)      ; 0 (0)                     ; 0 (0)         ; 0           ; 0    ; 0            ; 0       ; 0         ; 0    ; 0            ; 32 (0)       ; 0 (0)             ; 4 (0)            ; |mips_mono|adder_32bit:28                                                                                                                              ; work         ;
;       |full_adder:149|                       ; 1 (1)       ; 0 (0)                     ; 0 (0)         ; 0           ; 0    ; 0            ; 0       ; 0         ; 0    ; 0            ; 1 (1)        ; 0 (0)             ; 0 (0)            ; |mips_mono|adder_32bit:28|full_adder:149                                                                                                               ; work         ;
;       |full_adder:151|                       ; 2 (2)       ; 0 (0)                     ; 0 (0)         ; 0           ; 0    ; 0            ; 0       ; 0         ; 0    ; 0            ; 2 (2)        ; 0 (0)             ; 0 (0)            ; |mips_mono|adder_32bit:28|full_adder:151                                                                                                               ; work         ;
;       |full_adder:152|                       ; 1 (1)       ; 0 (0)                     ; 0 (0)         ; 0           ; 0    ; 0            ; 0       ; 0         ; 0    ; 0            ; 0 (0)        ; 0 (0)             ; 1 (1)            ; |mips_mono|adder_32bit:28|full_adder:152                                                                                                               ; work         ;
;       |full_adder:153|                       ; 1 (1)       ; 0 (0)                     ; 0 (0)         ; 0           ; 0    ; 0            ; 0       ; 0         ; 0    ; 0            ; 0 (0)        ; 0 (0)             ; 1 (1)            ; |mips_mono|adder_32bit:28|full_adder:153                                                                                                               ; work         ;
;       |full_adder:154|                       ; 1 (1)       ; 0 (0)                     ; 0 (0)         ; 0           ; 0    ; 0            ; 0       ; 0         ; 0    ; 0            ; 1 (1)        ; 0 (0)             ; 0 (0)            ; |mips_mono|adder_32bit:28|full_adder:154                                                                                                               ; work         ;
;       |full_adder:155|                       ; 1 (1)       ; 0 (0)                     ; 0 (0)         ; 0           ; 0    ; 0            ; 0       ; 0         ; 0    ; 0            ; 1 (1)        ; 0 (0)             ; 0 (0)            ; |mips_mono|adder_32bit:28|full_adder:155                                                                                                               ; work         ;
;       |full_adder:156|                       ; 2 (2)       ; 0 (0)                     ; 0 (0)         ; 0           ; 0    ; 0            ; 0       ; 0         ; 0    ; 0            ; 2 (2)        ; 0 (0)             ; 0 (0)            ; |mips_mono|adder_32bit:28|full_adder:156                                                                                                               ; work         ;
;       |full_adder:157|                       ; 1 (1)       ; 0 (0)                     ; 0 (0)         ; 0           ; 0    ; 0            ; 0       ; 0         ; 0    ; 0            ; 0 (0)        ; 0 (0)             ; 1 (1)            ; |mips_mono|adder_32bit:28|full_adder:157                                                                                                               ; work         ;
;       |full_adder:158|                       ; 1 (1)       ; 0 (0)                     ; 0 (0)         ; 0           ; 0    ; 0            ; 0       ; 0         ; 0    ; 0            ; 1 (1)        ; 0 (0)             ; 0 (0)            ; |mips_mono|adder_32bit:28|full_adder:158                                                                                                               ; work         ;
;       |full_adder:159|                       ; 2 (2)       ; 0 (0)                     ; 0 (0)         ; 0           ; 0    ; 0            ; 0       ; 0         ; 0    ; 0            ; 2 (2)        ; 0 (0)             ; 0 (0)            ; |mips_mono|adder_32bit:28|full_adder:159                                                                                                               ; work         ;
;       |full_adder:160|                       ; 1 (1)       ; 0 (0)                     ; 0 (0)         ; 0           ; 0    ; 0            ; 0       ; 0         ; 0    ; 0            ; 0 (0)        ; 0 (0)             ; 1 (1)            ; |mips_mono|adder_32bit:28|full_adder:160                                                                                                               ; work         ;
;       |full_adder:161|                       ; 1 (1)       ; 0 (0)                     ; 0 (0)         ; 0           ; 0    ; 0            ; 0       ; 0         ; 0    ; 0            ; 1 (1)        ; 0 (0)             ; 0 (0)            ; |mips_mono|adder_32bit:28|full_adder:161                                                                                                               ; work         ;
;       |full_adder:162|                       ; 2 (2)       ; 0 (0)                     ; 0 (0)         ; 0           ; 0    ; 0            ; 0       ; 0         ; 0    ; 0            ; 2 (2)        ; 0 (0)             ; 0 (0)            ; |mips_mono|adder_32bit:28|full_adder:162                                                                                                               ; work         ;
;       |full_adder:163|                       ; 2 (2)       ; 0 (0)                     ; 0 (0)         ; 0           ; 0    ; 0            ; 0       ; 0         ; 0    ; 0            ; 2 (2)        ; 0 (0)             ; 0 (0)            ; |mips_mono|adder_32bit:28|full_adder:163                                                                                                               ; work         ;
;       |full_adder:164|                       ; 1 (1)       ; 0 (0)                     ; 0 (0)         ; 0           ; 0    ; 0            ; 0       ; 0         ; 0    ; 0            ; 1 (1)        ; 0 (0)             ; 0 (0)            ; |mips_mono|adder_32bit:28|full_adder:164                                                                                                               ; work         ;
;       |full_adder:165|                       ; 1 (1)       ; 0 (0)                     ; 0 (0)         ; 0           ; 0    ; 0            ; 0       ; 0         ; 0    ; 0            ; 1 (1)        ; 0 (0)             ; 0 (0)            ; |mips_mono|adder_32bit:28|full_adder:165                                                                                                               ; work         ;
;       |full_adder:166|                       ; 2 (2)       ; 0 (0)                     ; 0 (0)         ; 0           ; 0    ; 0            ; 0       ; 0         ; 0    ; 0            ; 2 (2)        ; 0 (0)             ; 0 (0)            ; |mips_mono|adder_32bit:28|full_adder:166                                                                                                               ; work         ;
;       |full_adder:167|                       ; 1 (1)       ; 0 (0)                     ; 0 (0)         ; 0           ; 0    ; 0            ; 0       ; 0         ; 0    ; 0            ; 1 (1)        ; 0 (0)             ; 0 (0)            ; |mips_mono|adder_32bit:28|full_adder:167                                                                                                               ; work         ;
;       |full_adder:168|                       ; 1 (1)       ; 0 (0)                     ; 0 (0)         ; 0           ; 0    ; 0            ; 0       ; 0         ; 0    ; 0            ; 1 (1)        ; 0 (0)             ; 0 (0)            ; |mips_mono|adder_32bit:28|full_adder:168                                                                                                               ; work         ;
;       |full_adder:169|                       ; 2 (2)       ; 0 (0)                     ; 0 (0)         ; 0           ; 0    ; 0            ; 0       ; 0         ; 0    ; 0            ; 2 (2)        ; 0 (0)             ; 0 (0)            ; |mips_mono|adder_32bit:28|full_adder:169                                                                                                               ; work         ;
;       |full_adder:170|                       ; 1 (1)       ; 0 (0)                     ; 0 (0)         ; 0           ; 0    ; 0            ; 0       ; 0         ; 0    ; 0            ; 1 (1)        ; 0 (0)             ; 0 (0)            ; |mips_mono|adder_32bit:28|full_adder:170                                                                                                               ; work         ;
;       |full_adder:172|                       ; 1 (1)       ; 0 (0)                     ; 0 (0)         ; 0           ; 0    ; 0            ; 0       ; 0         ; 0    ; 0            ; 1 (1)        ; 0 (0)             ; 0 (0)            ; |mips_mono|adder_32bit:28|full_adder:172                                                                                                               ; work         ;
;       |full_adder:173|                       ; 2 (2)       ; 0 (0)                     ; 0 (0)         ; 0           ; 0    ; 0            ; 0       ; 0         ; 0    ; 0            ; 2 (2)        ; 0 (0)             ; 0 (0)            ; |mips_mono|adder_32bit:28|full_adder:173                                                                                                               ; work         ;
;       |full_adder:174|                       ; 1 (1)       ; 0 (0)                     ; 0 (0)         ; 0           ; 0    ; 0            ; 0       ; 0         ; 0    ; 0            ; 1 (1)        ; 0 (0)             ; 0 (0)            ; |mips_mono|adder_32bit:28|full_adder:174                                                                                                               ; work         ;
;       |full_adder:176|                       ; 2 (2)       ; 0 (0)                     ; 0 (0)         ; 0           ; 0    ; 0            ; 0       ; 0         ; 0    ; 0            ; 2 (2)        ; 0 (0)             ; 0 (0)            ; |mips_mono|adder_32bit:28|full_adder:176                                                                                                               ; work         ;
;       |full_adder:177|                       ; 1 (1)       ; 0 (0)                     ; 0 (0)         ; 0           ; 0    ; 0            ; 0       ; 0         ; 0    ; 0            ; 1 (1)        ; 0 (0)             ; 0 (0)            ; |mips_mono|adder_32bit:28|full_adder:177                                                                                                               ; work         ;
;       |full_adder:178|                       ; 1 (1)       ; 0 (0)                     ; 0 (0)         ; 0           ; 0    ; 0            ; 0       ; 0         ; 0    ; 0            ; 1 (1)        ; 0 (0)             ; 0 (0)            ; |mips_mono|adder_32bit:28|full_adder:178                                                                                                               ; work         ;
;    |alu_32bit:ULA|                           ; 170 (0)     ; 0 (0)                     ; 0 (0)         ; 0           ; 0    ; 0            ; 0       ; 0         ; 0    ; 0            ; 165 (0)      ; 0 (0)             ; 5 (0)            ; |mips_mono|alu_32bit:ULA                                                                                                                               ; work         ;
;       |alu_1bit:125|                         ; 5 (1)       ; 0 (0)                     ; 0 (0)         ; 0           ; 0    ; 0            ; 0       ; 0         ; 0    ; 0            ; 5 (1)        ; 0 (0)             ; 0 (0)            ; |mips_mono|alu_32bit:ULA|alu_1bit:125                                                                                                                  ; work         ;
;          |full_adder:53|                     ; 1 (1)       ; 0 (0)                     ; 0 (0)         ; 0           ; 0    ; 0            ; 0       ; 0         ; 0    ; 0            ; 1 (1)        ; 0 (0)             ; 0 (0)            ; |mips_mono|alu_32bit:ULA|alu_1bit:125|full_adder:53                                                                                                    ; work         ;
;          |mux_4x1_1bit:48|                   ; 3 (0)       ; 0 (0)                     ; 0 (0)         ; 0           ; 0    ; 0            ; 0       ; 0         ; 0    ; 0            ; 3 (0)        ; 0 (0)             ; 0 (0)            ; |mips_mono|alu_32bit:ULA|alu_1bit:125|mux_4x1_1bit:48                                                                                                  ; work         ;
;             |mux_2x1_1bit:20|                ; 1 (1)       ; 0 (0)                     ; 0 (0)         ; 0           ; 0    ; 0            ; 0       ; 0         ; 0    ; 0            ; 1 (1)        ; 0 (0)             ; 0 (0)            ; |mips_mono|alu_32bit:ULA|alu_1bit:125|mux_4x1_1bit:48|mux_2x1_1bit:20                                                                                  ; work         ;
;             |mux_2x1_1bit:21|                ; 2 (2)       ; 0 (0)                     ; 0 (0)         ; 0           ; 0    ; 0            ; 0       ; 0         ; 0    ; 0            ; 2 (2)        ; 0 (0)             ; 0 (0)            ; |mips_mono|alu_32bit:ULA|alu_1bit:125|mux_4x1_1bit:48|mux_2x1_1bit:21                                                                                  ; work         ;
;       |alu_1bit:126|                         ; 5 (1)       ; 0 (0)                     ; 0 (0)         ; 0           ; 0    ; 0            ; 0       ; 0         ; 0    ; 0            ; 5 (1)        ; 0 (0)             ; 0 (0)            ; |mips_mono|alu_32bit:ULA|alu_1bit:126                                                                                                                  ; work         ;
;          |full_adder:53|                     ; 1 (1)       ; 0 (0)                     ; 0 (0)         ; 0           ; 0    ; 0            ; 0       ; 0         ; 0    ; 0            ; 1 (1)        ; 0 (0)             ; 0 (0)            ; |mips_mono|alu_32bit:ULA|alu_1bit:126|full_adder:53                                                                                                    ; work         ;
;          |mux_4x1_1bit:48|                   ; 3 (0)       ; 0 (0)                     ; 0 (0)         ; 0           ; 0    ; 0            ; 0       ; 0         ; 0    ; 0            ; 3 (0)        ; 0 (0)             ; 0 (0)            ; |mips_mono|alu_32bit:ULA|alu_1bit:126|mux_4x1_1bit:48                                                                                                  ; work         ;
;             |mux_2x1_1bit:20|                ; 1 (1)       ; 0 (0)                     ; 0 (0)         ; 0           ; 0    ; 0            ; 0       ; 0         ; 0    ; 0            ; 1 (1)        ; 0 (0)             ; 0 (0)            ; |mips_mono|alu_32bit:ULA|alu_1bit:126|mux_4x1_1bit:48|mux_2x1_1bit:20                                                                                  ; work         ;
;             |mux_2x1_1bit:21|                ; 2 (2)       ; 0 (0)                     ; 0 (0)         ; 0           ; 0    ; 0            ; 0       ; 0         ; 0    ; 0            ; 2 (2)        ; 0 (0)             ; 0 (0)            ; |mips_mono|alu_32bit:ULA|alu_1bit:126|mux_4x1_1bit:48|mux_2x1_1bit:21                                                                                  ; work         ;
;       |alu_1bit:127|                         ; 5 (1)       ; 0 (0)                     ; 0 (0)         ; 0           ; 0    ; 0            ; 0       ; 0         ; 0    ; 0            ; 5 (1)        ; 0 (0)             ; 0 (0)            ; |mips_mono|alu_32bit:ULA|alu_1bit:127                                                                                                                  ; work         ;
;          |full_adder:53|                     ; 1 (1)       ; 0 (0)                     ; 0 (0)         ; 0           ; 0    ; 0            ; 0       ; 0         ; 0    ; 0            ; 1 (1)        ; 0 (0)             ; 0 (0)            ; |mips_mono|alu_32bit:ULA|alu_1bit:127|full_adder:53                                                                                                    ; work         ;
;          |mux_4x1_1bit:48|                   ; 3 (0)       ; 0 (0)                     ; 0 (0)         ; 0           ; 0    ; 0            ; 0       ; 0         ; 0    ; 0            ; 3 (0)        ; 0 (0)             ; 0 (0)            ; |mips_mono|alu_32bit:ULA|alu_1bit:127|mux_4x1_1bit:48                                                                                                  ; work         ;
;             |mux_2x1_1bit:20|                ; 1 (1)       ; 0 (0)                     ; 0 (0)         ; 0           ; 0    ; 0            ; 0       ; 0         ; 0    ; 0            ; 1 (1)        ; 0 (0)             ; 0 (0)            ; |mips_mono|alu_32bit:ULA|alu_1bit:127|mux_4x1_1bit:48|mux_2x1_1bit:20                                                                                  ; work         ;
;             |mux_2x1_1bit:21|                ; 2 (2)       ; 0 (0)                     ; 0 (0)         ; 0           ; 0    ; 0            ; 0       ; 0         ; 0    ; 0            ; 2 (2)        ; 0 (0)             ; 0 (0)            ; |mips_mono|alu_32bit:ULA|alu_1bit:127|mux_4x1_1bit:48|mux_2x1_1bit:21                                                                                  ; work         ;
;       |alu_1bit:128|                         ; 5 (1)       ; 0 (0)                     ; 0 (0)         ; 0           ; 0    ; 0            ; 0       ; 0         ; 0    ; 0            ; 5 (1)        ; 0 (0)             ; 0 (0)            ; |mips_mono|alu_32bit:ULA|alu_1bit:128                                                                                                                  ; work         ;
;          |full_adder:53|                     ; 1 (1)       ; 0 (0)                     ; 0 (0)         ; 0           ; 0    ; 0            ; 0       ; 0         ; 0    ; 0            ; 1 (1)        ; 0 (0)             ; 0 (0)            ; |mips_mono|alu_32bit:ULA|alu_1bit:128|full_adder:53                                                                                                    ; work         ;
;          |mux_4x1_1bit:48|                   ; 3 (0)       ; 0 (0)                     ; 0 (0)         ; 0           ; 0    ; 0            ; 0       ; 0         ; 0    ; 0            ; 3 (0)        ; 0 (0)             ; 0 (0)            ; |mips_mono|alu_32bit:ULA|alu_1bit:128|mux_4x1_1bit:48                                                                                                  ; work         ;
;             |mux_2x1_1bit:20|                ; 1 (1)       ; 0 (0)                     ; 0 (0)         ; 0           ; 0    ; 0            ; 0       ; 0         ; 0    ; 0            ; 1 (1)        ; 0 (0)             ; 0 (0)            ; |mips_mono|alu_32bit:ULA|alu_1bit:128|mux_4x1_1bit:48|mux_2x1_1bit:20                                                                                  ; work         ;
;             |mux_2x1_1bit:21|                ; 2 (2)       ; 0 (0)                     ; 0 (0)         ; 0           ; 0    ; 0            ; 0       ; 0         ; 0    ; 0            ; 2 (2)        ; 0 (0)             ; 0 (0)            ; |mips_mono|alu_32bit:ULA|alu_1bit:128|mux_4x1_1bit:48|mux_2x1_1bit:21                                                                                  ; work         ;
;       |alu_1bit:129|                         ; 5 (1)       ; 0 (0)                     ; 0 (0)         ; 0           ; 0    ; 0            ; 0       ; 0         ; 0    ; 0            ; 5 (1)        ; 0 (0)             ; 0 (0)            ; |mips_mono|alu_32bit:ULA|alu_1bit:129                                                                                                                  ; work         ;
;          |full_adder:53|                     ; 1 (1)       ; 0 (0)                     ; 0 (0)         ; 0           ; 0    ; 0            ; 0       ; 0         ; 0    ; 0            ; 1 (1)        ; 0 (0)             ; 0 (0)            ; |mips_mono|alu_32bit:ULA|alu_1bit:129|full_adder:53                                                                                                    ; work         ;
;          |mux_4x1_1bit:48|                   ; 3 (0)       ; 0 (0)                     ; 0 (0)         ; 0           ; 0    ; 0            ; 0       ; 0         ; 0    ; 0            ; 3 (0)        ; 0 (0)             ; 0 (0)            ; |mips_mono|alu_32bit:ULA|alu_1bit:129|mux_4x1_1bit:48                                                                                                  ; work         ;
;             |mux_2x1_1bit:20|                ; 1 (1)       ; 0 (0)                     ; 0 (0)         ; 0           ; 0    ; 0            ; 0       ; 0         ; 0    ; 0            ; 1 (1)        ; 0 (0)             ; 0 (0)            ; |mips_mono|alu_32bit:ULA|alu_1bit:129|mux_4x1_1bit:48|mux_2x1_1bit:20                                                                                  ; work         ;
;             |mux_2x1_1bit:21|                ; 2 (2)       ; 0 (0)                     ; 0 (0)         ; 0           ; 0    ; 0            ; 0       ; 0         ; 0    ; 0            ; 2 (2)        ; 0 (0)             ; 0 (0)            ; |mips_mono|alu_32bit:ULA|alu_1bit:129|mux_4x1_1bit:48|mux_2x1_1bit:21                                                                                  ; work         ;
;       |alu_1bit:130|                         ; 5 (1)       ; 0 (0)                     ; 0 (0)         ; 0           ; 0    ; 0            ; 0       ; 0         ; 0    ; 0            ; 5 (1)        ; 0 (0)             ; 0 (0)            ; |mips_mono|alu_32bit:ULA|alu_1bit:130                                                                                                                  ; work         ;
;          |full_adder:53|                     ; 1 (1)       ; 0 (0)                     ; 0 (0)         ; 0           ; 0    ; 0            ; 0       ; 0         ; 0    ; 0            ; 1 (1)        ; 0 (0)             ; 0 (0)            ; |mips_mono|alu_32bit:ULA|alu_1bit:130|full_adder:53                                                                                                    ; work         ;
;          |mux_4x1_1bit:48|                   ; 3 (0)       ; 0 (0)                     ; 0 (0)         ; 0           ; 0    ; 0            ; 0       ; 0         ; 0    ; 0            ; 3 (0)        ; 0 (0)             ; 0 (0)            ; |mips_mono|alu_32bit:ULA|alu_1bit:130|mux_4x1_1bit:48                                                                                                  ; work         ;
;             |mux_2x1_1bit:20|                ; 1 (1)       ; 0 (0)                     ; 0 (0)         ; 0           ; 0    ; 0            ; 0       ; 0         ; 0    ; 0            ; 1 (1)        ; 0 (0)             ; 0 (0)            ; |mips_mono|alu_32bit:ULA|alu_1bit:130|mux_4x1_1bit:48|mux_2x1_1bit:20                                                                                  ; work         ;
;             |mux_2x1_1bit:21|                ; 2 (2)       ; 0 (0)                     ; 0 (0)         ; 0           ; 0    ; 0            ; 0       ; 0         ; 0    ; 0            ; 2 (2)        ; 0 (0)             ; 0 (0)            ; |mips_mono|alu_32bit:ULA|alu_1bit:130|mux_4x1_1bit:48|mux_2x1_1bit:21                                                                                  ; work         ;
;       |alu_1bit:131|                         ; 5 (1)       ; 0 (0)                     ; 0 (0)         ; 0           ; 0    ; 0            ; 0       ; 0         ; 0    ; 0            ; 5 (1)        ; 0 (0)             ; 0 (0)            ; |mips_mono|alu_32bit:ULA|alu_1bit:131                                                                                                                  ; work         ;
;          |full_adder:53|                     ; 1 (1)       ; 0 (0)                     ; 0 (0)         ; 0           ; 0    ; 0            ; 0       ; 0         ; 0    ; 0            ; 1 (1)        ; 0 (0)             ; 0 (0)            ; |mips_mono|alu_32bit:ULA|alu_1bit:131|full_adder:53                                                                                                    ; work         ;
;          |mux_4x1_1bit:48|                   ; 3 (0)       ; 0 (0)                     ; 0 (0)         ; 0           ; 0    ; 0            ; 0       ; 0         ; 0    ; 0            ; 3 (0)        ; 0 (0)             ; 0 (0)            ; |mips_mono|alu_32bit:ULA|alu_1bit:131|mux_4x1_1bit:48                                                                                                  ; work         ;
;             |mux_2x1_1bit:20|                ; 1 (1)       ; 0 (0)                     ; 0 (0)         ; 0           ; 0    ; 0            ; 0       ; 0         ; 0    ; 0            ; 1 (1)        ; 0 (0)             ; 0 (0)            ; |mips_mono|alu_32bit:ULA|alu_1bit:131|mux_4x1_1bit:48|mux_2x1_1bit:20                                                                                  ; work         ;
;             |mux_2x1_1bit:21|                ; 2 (2)       ; 0 (0)                     ; 0 (0)         ; 0           ; 0    ; 0            ; 0       ; 0         ; 0    ; 0            ; 2 (2)        ; 0 (0)             ; 0 (0)            ; |mips_mono|alu_32bit:ULA|alu_1bit:131|mux_4x1_1bit:48|mux_2x1_1bit:21                                                                                  ; work         ;
;       |alu_1bit:132|                         ; 5 (1)       ; 0 (0)                     ; 0 (0)         ; 0           ; 0    ; 0            ; 0       ; 0         ; 0    ; 0            ; 5 (1)        ; 0 (0)             ; 0 (0)            ; |mips_mono|alu_32bit:ULA|alu_1bit:132                                                                                                                  ; work         ;
;          |full_adder:53|                     ; 1 (1)       ; 0 (0)                     ; 0 (0)         ; 0           ; 0    ; 0            ; 0       ; 0         ; 0    ; 0            ; 1 (1)        ; 0 (0)             ; 0 (0)            ; |mips_mono|alu_32bit:ULA|alu_1bit:132|full_adder:53                                                                                                    ; work         ;
;          |mux_4x1_1bit:48|                   ; 3 (0)       ; 0 (0)                     ; 0 (0)         ; 0           ; 0    ; 0            ; 0       ; 0         ; 0    ; 0            ; 3 (0)        ; 0 (0)             ; 0 (0)            ; |mips_mono|alu_32bit:ULA|alu_1bit:132|mux_4x1_1bit:48                                                                                                  ; work         ;
;             |mux_2x1_1bit:20|                ; 1 (1)       ; 0 (0)                     ; 0 (0)         ; 0           ; 0    ; 0            ; 0       ; 0         ; 0    ; 0            ; 1 (1)        ; 0 (0)             ; 0 (0)            ; |mips_mono|alu_32bit:ULA|alu_1bit:132|mux_4x1_1bit:48|mux_2x1_1bit:20                                                                                  ; work         ;
;             |mux_2x1_1bit:21|                ; 2 (2)       ; 0 (0)                     ; 0 (0)         ; 0           ; 0    ; 0            ; 0       ; 0         ; 0    ; 0            ; 2 (2)        ; 0 (0)             ; 0 (0)            ; |mips_mono|alu_32bit:ULA|alu_1bit:132|mux_4x1_1bit:48|mux_2x1_1bit:21                                                                                  ; work         ;
;       |alu_1bit:134|                         ; 5 (1)       ; 0 (0)                     ; 0 (0)         ; 0           ; 0    ; 0            ; 0       ; 0         ; 0    ; 0            ; 5 (1)        ; 0 (0)             ; 0 (0)            ; |mips_mono|alu_32bit:ULA|alu_1bit:134                                                                                                                  ; work         ;
;          |full_adder:53|                     ; 1 (1)       ; 0 (0)                     ; 0 (0)         ; 0           ; 0    ; 0            ; 0       ; 0         ; 0    ; 0            ; 1 (1)        ; 0 (0)             ; 0 (0)            ; |mips_mono|alu_32bit:ULA|alu_1bit:134|full_adder:53                                                                                                    ; work         ;
;          |mux_4x1_1bit:48|                   ; 3 (0)       ; 0 (0)                     ; 0 (0)         ; 0           ; 0    ; 0            ; 0       ; 0         ; 0    ; 0            ; 3 (0)        ; 0 (0)             ; 0 (0)            ; |mips_mono|alu_32bit:ULA|alu_1bit:134|mux_4x1_1bit:48                                                                                                  ; work         ;
;             |mux_2x1_1bit:20|                ; 1 (1)       ; 0 (0)                     ; 0 (0)         ; 0           ; 0    ; 0            ; 0       ; 0         ; 0    ; 0            ; 1 (1)        ; 0 (0)             ; 0 (0)            ; |mips_mono|alu_32bit:ULA|alu_1bit:134|mux_4x1_1bit:48|mux_2x1_1bit:20                                                                                  ; work         ;
;             |mux_2x1_1bit:21|                ; 2 (2)       ; 0 (0)                     ; 0 (0)         ; 0           ; 0    ; 0            ; 0       ; 0         ; 0    ; 0            ; 2 (2)        ; 0 (0)             ; 0 (0)            ; |mips_mono|alu_32bit:ULA|alu_1bit:134|mux_4x1_1bit:48|mux_2x1_1bit:21                                                                                  ; work         ;
;       |alu_1bit:135|                         ; 6 (1)       ; 0 (0)                     ; 0 (0)         ; 0           ; 0    ; 0            ; 0       ; 0         ; 0    ; 0            ; 6 (1)        ; 0 (0)             ; 0 (0)            ; |mips_mono|alu_32bit:ULA|alu_1bit:135                                                                                                                  ; work         ;
;          |full_adder:53|                     ; 2 (2)       ; 0 (0)                     ; 0 (0)         ; 0           ; 0    ; 0            ; 0       ; 0         ; 0    ; 0            ; 2 (2)        ; 0 (0)             ; 0 (0)            ; |mips_mono|alu_32bit:ULA|alu_1bit:135|full_adder:53                                                                                                    ; work         ;
;          |mux_4x1_1bit:48|                   ; 3 (0)       ; 0 (0)                     ; 0 (0)         ; 0           ; 0    ; 0            ; 0       ; 0         ; 0    ; 0            ; 3 (0)        ; 0 (0)             ; 0 (0)            ; |mips_mono|alu_32bit:ULA|alu_1bit:135|mux_4x1_1bit:48                                                                                                  ; work         ;
;             |mux_2x1_1bit:20|                ; 1 (1)       ; 0 (0)                     ; 0 (0)         ; 0           ; 0    ; 0            ; 0       ; 0         ; 0    ; 0            ; 1 (1)        ; 0 (0)             ; 0 (0)            ; |mips_mono|alu_32bit:ULA|alu_1bit:135|mux_4x1_1bit:48|mux_2x1_1bit:20                                                                                  ; work         ;
;             |mux_2x1_1bit:21|                ; 2 (2)       ; 0 (0)                     ; 0 (0)         ; 0           ; 0    ; 0            ; 0       ; 0         ; 0    ; 0            ; 2 (2)        ; 0 (0)             ; 0 (0)            ; |mips_mono|alu_32bit:ULA|alu_1bit:135|mux_4x1_1bit:48|mux_2x1_1bit:21                                                                                  ; work         ;
;       |alu_1bit:136|                         ; 6 (1)       ; 0 (0)                     ; 0 (0)         ; 0           ; 0    ; 0            ; 0       ; 0         ; 0    ; 0            ; 6 (1)        ; 0 (0)             ; 0 (0)            ; |mips_mono|alu_32bit:ULA|alu_1bit:136                                                                                                                  ; work         ;
;          |full_adder:53|                     ; 2 (2)       ; 0 (0)                     ; 0 (0)         ; 0           ; 0    ; 0            ; 0       ; 0         ; 0    ; 0            ; 2 (2)        ; 0 (0)             ; 0 (0)            ; |mips_mono|alu_32bit:ULA|alu_1bit:136|full_adder:53                                                                                                    ; work         ;
;          |mux_4x1_1bit:48|                   ; 3 (0)       ; 0 (0)                     ; 0 (0)         ; 0           ; 0    ; 0            ; 0       ; 0         ; 0    ; 0            ; 3 (0)        ; 0 (0)             ; 0 (0)            ; |mips_mono|alu_32bit:ULA|alu_1bit:136|mux_4x1_1bit:48                                                                                                  ; work         ;
;             |mux_2x1_1bit:21|                ; 3 (3)       ; 0 (0)                     ; 0 (0)         ; 0           ; 0    ; 0            ; 0       ; 0         ; 0    ; 0            ; 3 (3)        ; 0 (0)             ; 0 (0)            ; |mips_mono|alu_32bit:ULA|alu_1bit:136|mux_4x1_1bit:48|mux_2x1_1bit:21                                                                                  ; work         ;
;       |alu_1bit:137|                         ; 6 (1)       ; 0 (0)                     ; 0 (0)         ; 0           ; 0    ; 0            ; 0       ; 0         ; 0    ; 0            ; 4 (1)        ; 0 (0)             ; 2 (0)            ; |mips_mono|alu_32bit:ULA|alu_1bit:137                                                                                                                  ; work         ;
;          |full_adder:53|                     ; 1 (1)       ; 0 (0)                     ; 0 (0)         ; 0           ; 0    ; 0            ; 0       ; 0         ; 0    ; 0            ; 1 (1)        ; 0 (0)             ; 0 (0)            ; |mips_mono|alu_32bit:ULA|alu_1bit:137|full_adder:53                                                                                                    ; work         ;
;          |mux_4x1_1bit:48|                   ; 4 (0)       ; 0 (0)                     ; 0 (0)         ; 0           ; 0    ; 0            ; 0       ; 0         ; 0    ; 0            ; 2 (0)        ; 0 (0)             ; 2 (0)            ; |mips_mono|alu_32bit:ULA|alu_1bit:137|mux_4x1_1bit:48                                                                                                  ; work         ;
;             |mux_2x1_1bit:21|                ; 4 (4)       ; 0 (0)                     ; 0 (0)         ; 0           ; 0    ; 0            ; 0       ; 0         ; 0    ; 0            ; 2 (2)        ; 0 (0)             ; 2 (2)            ; |mips_mono|alu_32bit:ULA|alu_1bit:137|mux_4x1_1bit:48|mux_2x1_1bit:21                                                                                  ; work         ;
;       |alu_1bit:138|                         ; 5 (1)       ; 0 (0)                     ; 0 (0)         ; 0           ; 0    ; 0            ; 0       ; 0         ; 0    ; 0            ; 5 (1)        ; 0 (0)             ; 0 (0)            ; |mips_mono|alu_32bit:ULA|alu_1bit:138                                                                                                                  ; work         ;
;          |full_adder:53|                     ; 1 (1)       ; 0 (0)                     ; 0 (0)         ; 0           ; 0    ; 0            ; 0       ; 0         ; 0    ; 0            ; 1 (1)        ; 0 (0)             ; 0 (0)            ; |mips_mono|alu_32bit:ULA|alu_1bit:138|full_adder:53                                                                                                    ; work         ;
;          |mux_4x1_1bit:48|                   ; 3 (0)       ; 0 (0)                     ; 0 (0)         ; 0           ; 0    ; 0            ; 0       ; 0         ; 0    ; 0            ; 3 (0)        ; 0 (0)             ; 0 (0)            ; |mips_mono|alu_32bit:ULA|alu_1bit:138|mux_4x1_1bit:48                                                                                                  ; work         ;
;             |mux_2x1_1bit:20|                ; 1 (1)       ; 0 (0)                     ; 0 (0)         ; 0           ; 0    ; 0            ; 0       ; 0         ; 0    ; 0            ; 1 (1)        ; 0 (0)             ; 0 (0)            ; |mips_mono|alu_32bit:ULA|alu_1bit:138|mux_4x1_1bit:48|mux_2x1_1bit:20                                                                                  ; work         ;
;             |mux_2x1_1bit:21|                ; 2 (2)       ; 0 (0)                     ; 0 (0)         ; 0           ; 0    ; 0            ; 0       ; 0         ; 0    ; 0            ; 2 (2)        ; 0 (0)             ; 0 (0)            ; |mips_mono|alu_32bit:ULA|alu_1bit:138|mux_4x1_1bit:48|mux_2x1_1bit:21                                                                                  ; work         ;
;       |alu_1bit:139|                         ; 6 (1)       ; 0 (0)                     ; 0 (0)         ; 0           ; 0    ; 0            ; 0       ; 0         ; 0    ; 0            ; 6 (1)        ; 0 (0)             ; 0 (0)            ; |mips_mono|alu_32bit:ULA|alu_1bit:139                                                                                                                  ; work         ;
;          |full_adder:53|                     ; 1 (1)       ; 0 (0)                     ; 0 (0)         ; 0           ; 0    ; 0            ; 0       ; 0         ; 0    ; 0            ; 1 (1)        ; 0 (0)             ; 0 (0)            ; |mips_mono|alu_32bit:ULA|alu_1bit:139|full_adder:53                                                                                                    ; work         ;
;          |mux_4x1_1bit:48|                   ; 4 (0)       ; 0 (0)                     ; 0 (0)         ; 0           ; 0    ; 0            ; 0       ; 0         ; 0    ; 0            ; 4 (0)        ; 0 (0)             ; 0 (0)            ; |mips_mono|alu_32bit:ULA|alu_1bit:139|mux_4x1_1bit:48                                                                                                  ; work         ;
;             |mux_2x1_1bit:21|                ; 4 (4)       ; 0 (0)                     ; 0 (0)         ; 0           ; 0    ; 0            ; 0       ; 0         ; 0    ; 0            ; 4 (4)        ; 0 (0)             ; 0 (0)            ; |mips_mono|alu_32bit:ULA|alu_1bit:139|mux_4x1_1bit:48|mux_2x1_1bit:21                                                                                  ; work         ;
;       |alu_1bit:140|                         ; 6 (1)       ; 0 (0)                     ; 0 (0)         ; 0           ; 0    ; 0            ; 0       ; 0         ; 0    ; 0            ; 6 (1)        ; 0 (0)             ; 0 (0)            ; |mips_mono|alu_32bit:ULA|alu_1bit:140                                                                                                                  ; work         ;
;          |full_adder:53|                     ; 2 (2)       ; 0 (0)                     ; 0 (0)         ; 0           ; 0    ; 0            ; 0       ; 0         ; 0    ; 0            ; 2 (2)        ; 0 (0)             ; 0 (0)            ; |mips_mono|alu_32bit:ULA|alu_1bit:140|full_adder:53                                                                                                    ; work         ;
;          |mux_4x1_1bit:48|                   ; 3 (0)       ; 0 (0)                     ; 0 (0)         ; 0           ; 0    ; 0            ; 0       ; 0         ; 0    ; 0            ; 3 (0)        ; 0 (0)             ; 0 (0)            ; |mips_mono|alu_32bit:ULA|alu_1bit:140|mux_4x1_1bit:48                                                                                                  ; work         ;
;             |mux_2x1_1bit:20|                ; 1 (1)       ; 0 (0)                     ; 0 (0)         ; 0           ; 0    ; 0            ; 0       ; 0         ; 0    ; 0            ; 1 (1)        ; 0 (0)             ; 0 (0)            ; |mips_mono|alu_32bit:ULA|alu_1bit:140|mux_4x1_1bit:48|mux_2x1_1bit:20                                                                                  ; work         ;
;             |mux_2x1_1bit:21|                ; 2 (2)       ; 0 (0)                     ; 0 (0)         ; 0           ; 0    ; 0            ; 0       ; 0         ; 0    ; 0            ; 2 (2)        ; 0 (0)             ; 0 (0)            ; |mips_mono|alu_32bit:ULA|alu_1bit:140|mux_4x1_1bit:48|mux_2x1_1bit:21                                                                                  ; work         ;
;       |alu_1bit:57|                          ; 8 (0)       ; 0 (0)                     ; 0 (0)         ; 0           ; 0    ; 0            ; 0       ; 0         ; 0    ; 0            ; 8 (0)        ; 0 (0)             ; 0 (0)            ; |mips_mono|alu_32bit:ULA|alu_1bit:57                                                                                                                   ; work         ;
;          |full_adder:53|                     ; 2 (2)       ; 0 (0)                     ; 0 (0)         ; 0           ; 0    ; 0            ; 0       ; 0         ; 0    ; 0            ; 2 (2)        ; 0 (0)             ; 0 (0)            ; |mips_mono|alu_32bit:ULA|alu_1bit:57|full_adder:53                                                                                                     ; work         ;
;          |mux_4x1_1bit:48|                   ; 6 (0)       ; 0 (0)                     ; 0 (0)         ; 0           ; 0    ; 0            ; 0       ; 0         ; 0    ; 0            ; 6 (0)        ; 0 (0)             ; 0 (0)            ; |mips_mono|alu_32bit:ULA|alu_1bit:57|mux_4x1_1bit:48                                                                                                   ; work         ;
;             |mux_2x1_1bit:21|                ; 6 (6)       ; 0 (0)                     ; 0 (0)         ; 0           ; 0    ; 0            ; 0       ; 0         ; 0    ; 0            ; 6 (6)        ; 0 (0)             ; 0 (0)            ; |mips_mono|alu_32bit:ULA|alu_1bit:57|mux_4x1_1bit:48|mux_2x1_1bit:21                                                                                   ; work         ;
;       |alu_1bit:77|                          ; 5 (1)       ; 0 (0)                     ; 0 (0)         ; 0           ; 0    ; 0            ; 0       ; 0         ; 0    ; 0            ; 4 (1)        ; 0 (0)             ; 1 (0)            ; |mips_mono|alu_32bit:ULA|alu_1bit:77                                                                                                                   ; work         ;
;          |full_adder:53|                     ; 1 (1)       ; 0 (0)                     ; 0 (0)         ; 0           ; 0    ; 0            ; 0       ; 0         ; 0    ; 0            ; 1 (1)        ; 0 (0)             ; 0 (0)            ; |mips_mono|alu_32bit:ULA|alu_1bit:77|full_adder:53                                                                                                     ; work         ;
;          |mux_4x1_1bit:48|                   ; 3 (0)       ; 0 (0)                     ; 0 (0)         ; 0           ; 0    ; 0            ; 0       ; 0         ; 0    ; 0            ; 2 (0)        ; 0 (0)             ; 1 (0)            ; |mips_mono|alu_32bit:ULA|alu_1bit:77|mux_4x1_1bit:48                                                                                                   ; work         ;
;             |mux_2x1_1bit:20|                ; 1 (1)       ; 0 (0)                     ; 0 (0)         ; 0           ; 0    ; 0            ; 0       ; 0         ; 0    ; 0            ; 1 (1)        ; 0 (0)             ; 0 (0)            ; |mips_mono|alu_32bit:ULA|alu_1bit:77|mux_4x1_1bit:48|mux_2x1_1bit:20                                                                                   ; work         ;
;             |mux_2x1_1bit:21|                ; 2 (2)       ; 0 (0)                     ; 0 (0)         ; 0           ; 0    ; 0            ; 0       ; 0         ; 0    ; 0            ; 1 (1)        ; 0 (0)             ; 1 (1)            ; |mips_mono|alu_32bit:ULA|alu_1bit:77|mux_4x1_1bit:48|mux_2x1_1bit:21                                                                                   ; work         ;
;       |alu_1bit:78|                          ; 5 (1)       ; 0 (0)                     ; 0 (0)         ; 0           ; 0    ; 0            ; 0       ; 0         ; 0    ; 0            ; 5 (1)        ; 0 (0)             ; 0 (0)            ; |mips_mono|alu_32bit:ULA|alu_1bit:78                                                                                                                   ; work         ;
;          |full_adder:53|                     ; 1 (1)       ; 0 (0)                     ; 0 (0)         ; 0           ; 0    ; 0            ; 0       ; 0         ; 0    ; 0            ; 1 (1)        ; 0 (0)             ; 0 (0)            ; |mips_mono|alu_32bit:ULA|alu_1bit:78|full_adder:53                                                                                                     ; work         ;
;          |mux_4x1_1bit:48|                   ; 3 (0)       ; 0 (0)                     ; 0 (0)         ; 0           ; 0    ; 0            ; 0       ; 0         ; 0    ; 0            ; 3 (0)        ; 0 (0)             ; 0 (0)            ; |mips_mono|alu_32bit:ULA|alu_1bit:78|mux_4x1_1bit:48                                                                                                   ; work         ;
;             |mux_2x1_1bit:20|                ; 1 (1)       ; 0 (0)                     ; 0 (0)         ; 0           ; 0    ; 0            ; 0       ; 0         ; 0    ; 0            ; 1 (1)        ; 0 (0)             ; 0 (0)            ; |mips_mono|alu_32bit:ULA|alu_1bit:78|mux_4x1_1bit:48|mux_2x1_1bit:20                                                                                   ; work         ;
;             |mux_2x1_1bit:21|                ; 2 (2)       ; 0 (0)                     ; 0 (0)         ; 0           ; 0    ; 0            ; 0       ; 0         ; 0    ; 0            ; 2 (2)        ; 0 (0)             ; 0 (0)            ; |mips_mono|alu_32bit:ULA|alu_1bit:78|mux_4x1_1bit:48|mux_2x1_1bit:21                                                                                   ; work         ;
;       |alu_1bit:79|                          ; 5 (1)       ; 0 (0)                     ; 0 (0)         ; 0           ; 0    ; 0            ; 0       ; 0         ; 0    ; 0            ; 5 (1)        ; 0 (0)             ; 0 (0)            ; |mips_mono|alu_32bit:ULA|alu_1bit:79                                                                                                                   ; work         ;
;          |full_adder:53|                     ; 1 (1)       ; 0 (0)                     ; 0 (0)         ; 0           ; 0    ; 0            ; 0       ; 0         ; 0    ; 0            ; 1 (1)        ; 0 (0)             ; 0 (0)            ; |mips_mono|alu_32bit:ULA|alu_1bit:79|full_adder:53                                                                                                     ; work         ;
;          |mux_4x1_1bit:48|                   ; 3 (0)       ; 0 (0)                     ; 0 (0)         ; 0           ; 0    ; 0            ; 0       ; 0         ; 0    ; 0            ; 3 (0)        ; 0 (0)             ; 0 (0)            ; |mips_mono|alu_32bit:ULA|alu_1bit:79|mux_4x1_1bit:48                                                                                                   ; work         ;
;             |mux_2x1_1bit:20|                ; 1 (1)       ; 0 (0)                     ; 0 (0)         ; 0           ; 0    ; 0            ; 0       ; 0         ; 0    ; 0            ; 1 (1)        ; 0 (0)             ; 0 (0)            ; |mips_mono|alu_32bit:ULA|alu_1bit:79|mux_4x1_1bit:48|mux_2x1_1bit:20                                                                                   ; work         ;
;             |mux_2x1_1bit:21|                ; 2 (2)       ; 0 (0)                     ; 0 (0)         ; 0           ; 0    ; 0            ; 0       ; 0         ; 0    ; 0            ; 2 (2)        ; 0 (0)             ; 0 (0)            ; |mips_mono|alu_32bit:ULA|alu_1bit:79|mux_4x1_1bit:48|mux_2x1_1bit:21                                                                                   ; work         ;
;       |alu_1bit:88|                          ; 5 (1)       ; 0 (0)                     ; 0 (0)         ; 0           ; 0    ; 0            ; 0       ; 0         ; 0    ; 0            ; 5 (1)        ; 0 (0)             ; 0 (0)            ; |mips_mono|alu_32bit:ULA|alu_1bit:88                                                                                                                   ; work         ;
;          |full_adder:53|                     ; 1 (1)       ; 0 (0)                     ; 0 (0)         ; 0           ; 0    ; 0            ; 0       ; 0         ; 0    ; 0            ; 1 (1)        ; 0 (0)             ; 0 (0)            ; |mips_mono|alu_32bit:ULA|alu_1bit:88|full_adder:53                                                                                                     ; work         ;
;          |mux_4x1_1bit:48|                   ; 3 (0)       ; 0 (0)                     ; 0 (0)         ; 0           ; 0    ; 0            ; 0       ; 0         ; 0    ; 0            ; 3 (0)        ; 0 (0)             ; 0 (0)            ; |mips_mono|alu_32bit:ULA|alu_1bit:88|mux_4x1_1bit:48                                                                                                   ; work         ;
;             |mux_2x1_1bit:20|                ; 1 (1)       ; 0 (0)                     ; 0 (0)         ; 0           ; 0    ; 0            ; 0       ; 0         ; 0    ; 0            ; 1 (1)        ; 0 (0)             ; 0 (0)            ; |mips_mono|alu_32bit:ULA|alu_1bit:88|mux_4x1_1bit:48|mux_2x1_1bit:20                                                                                   ; work         ;
;             |mux_2x1_1bit:21|                ; 2 (2)       ; 0 (0)                     ; 0 (0)         ; 0           ; 0    ; 0            ; 0       ; 0         ; 0    ; 0            ; 2 (2)        ; 0 (0)             ; 0 (0)            ; |mips_mono|alu_32bit:ULA|alu_1bit:88|mux_4x1_1bit:48|mux_2x1_1bit:21                                                                                   ; work         ;
;       |alu_1bit:89|                          ; 5 (1)       ; 0 (0)                     ; 0 (0)         ; 0           ; 0    ; 0            ; 0       ; 0         ; 0    ; 0            ; 5 (1)        ; 0 (0)             ; 0 (0)            ; |mips_mono|alu_32bit:ULA|alu_1bit:89                                                                                                                   ; work         ;
;          |full_adder:53|                     ; 1 (1)       ; 0 (0)                     ; 0 (0)         ; 0           ; 0    ; 0            ; 0       ; 0         ; 0    ; 0            ; 1 (1)        ; 0 (0)             ; 0 (0)            ; |mips_mono|alu_32bit:ULA|alu_1bit:89|full_adder:53                                                                                                     ; work         ;
;          |mux_4x1_1bit:48|                   ; 3 (0)       ; 0 (0)                     ; 0 (0)         ; 0           ; 0    ; 0            ; 0       ; 0         ; 0    ; 0            ; 3 (0)        ; 0 (0)             ; 0 (0)            ; |mips_mono|alu_32bit:ULA|alu_1bit:89|mux_4x1_1bit:48                                                                                                   ; work         ;
;             |mux_2x1_1bit:20|                ; 1 (1)       ; 0 (0)                     ; 0 (0)         ; 0           ; 0    ; 0            ; 0       ; 0         ; 0    ; 0            ; 1 (1)        ; 0 (0)             ; 0 (0)            ; |mips_mono|alu_32bit:ULA|alu_1bit:89|mux_4x1_1bit:48|mux_2x1_1bit:20                                                                                   ; work         ;
;             |mux_2x1_1bit:21|                ; 2 (2)       ; 0 (0)                     ; 0 (0)         ; 0           ; 0    ; 0            ; 0       ; 0         ; 0    ; 0            ; 2 (2)        ; 0 (0)             ; 0 (0)            ; |mips_mono|alu_32bit:ULA|alu_1bit:89|mux_4x1_1bit:48|mux_2x1_1bit:21                                                                                   ; work         ;
;       |alu_1bit:90|                          ; 5 (1)       ; 0 (0)                     ; 0 (0)         ; 0           ; 0    ; 0            ; 0       ; 0         ; 0    ; 0            ; 5 (1)        ; 0 (0)             ; 0 (0)            ; |mips_mono|alu_32bit:ULA|alu_1bit:90                                                                                                                   ; work         ;
;          |full_adder:53|                     ; 1 (1)       ; 0 (0)                     ; 0 (0)         ; 0           ; 0    ; 0            ; 0       ; 0         ; 0    ; 0            ; 1 (1)        ; 0 (0)             ; 0 (0)            ; |mips_mono|alu_32bit:ULA|alu_1bit:90|full_adder:53                                                                                                     ; work         ;
;          |mux_4x1_1bit:48|                   ; 3 (0)       ; 0 (0)                     ; 0 (0)         ; 0           ; 0    ; 0            ; 0       ; 0         ; 0    ; 0            ; 3 (0)        ; 0 (0)             ; 0 (0)            ; |mips_mono|alu_32bit:ULA|alu_1bit:90|mux_4x1_1bit:48                                                                                                   ; work         ;
;             |mux_2x1_1bit:20|                ; 1 (1)       ; 0 (0)                     ; 0 (0)         ; 0           ; 0    ; 0            ; 0       ; 0         ; 0    ; 0            ; 1 (1)        ; 0 (0)             ; 0 (0)            ; |mips_mono|alu_32bit:ULA|alu_1bit:90|mux_4x1_1bit:48|mux_2x1_1bit:20                                                                                   ; work         ;
;             |mux_2x1_1bit:21|                ; 2 (2)       ; 0 (0)                     ; 0 (0)         ; 0           ; 0    ; 0            ; 0       ; 0         ; 0    ; 0            ; 2 (2)        ; 0 (0)             ; 0 (0)            ; |mips_mono|alu_32bit:ULA|alu_1bit:90|mux_4x1_1bit:48|mux_2x1_1bit:21                                                                                   ; work         ;
;       |alu_1bit:91|                          ; 5 (1)       ; 0 (0)                     ; 0 (0)         ; 0           ; 0    ; 0            ; 0       ; 0         ; 0    ; 0            ; 5 (1)        ; 0 (0)             ; 0 (0)            ; |mips_mono|alu_32bit:ULA|alu_1bit:91                                                                                                                   ; work         ;
;          |full_adder:53|                     ; 1 (1)       ; 0 (0)                     ; 0 (0)         ; 0           ; 0    ; 0            ; 0       ; 0         ; 0    ; 0            ; 1 (1)        ; 0 (0)             ; 0 (0)            ; |mips_mono|alu_32bit:ULA|alu_1bit:91|full_adder:53                                                                                                     ; work         ;
;          |mux_4x1_1bit:48|                   ; 3 (0)       ; 0 (0)                     ; 0 (0)         ; 0           ; 0    ; 0            ; 0       ; 0         ; 0    ; 0            ; 3 (0)        ; 0 (0)             ; 0 (0)            ; |mips_mono|alu_32bit:ULA|alu_1bit:91|mux_4x1_1bit:48                                                                                                   ; work         ;
;             |mux_2x1_1bit:20|                ; 1 (1)       ; 0 (0)                     ; 0 (0)         ; 0           ; 0    ; 0            ; 0       ; 0         ; 0    ; 0            ; 1 (1)        ; 0 (0)             ; 0 (0)            ; |mips_mono|alu_32bit:ULA|alu_1bit:91|mux_4x1_1bit:48|mux_2x1_1bit:20                                                                                   ; work         ;
;             |mux_2x1_1bit:21|                ; 2 (2)       ; 0 (0)                     ; 0 (0)         ; 0           ; 0    ; 0            ; 0       ; 0         ; 0    ; 0            ; 2 (2)        ; 0 (0)             ; 0 (0)            ; |mips_mono|alu_32bit:ULA|alu_1bit:91|mux_4x1_1bit:48|mux_2x1_1bit:21                                                                                   ; work         ;
;       |alu_1bit:92|                          ; 5 (1)       ; 0 (0)                     ; 0 (0)         ; 0           ; 0    ; 0            ; 0       ; 0         ; 0    ; 0            ; 5 (1)        ; 0 (0)             ; 0 (0)            ; |mips_mono|alu_32bit:ULA|alu_1bit:92                                                                                                                   ; work         ;
;          |full_adder:53|                     ; 1 (1)       ; 0 (0)                     ; 0 (0)         ; 0           ; 0    ; 0            ; 0       ; 0         ; 0    ; 0            ; 1 (1)        ; 0 (0)             ; 0 (0)            ; |mips_mono|alu_32bit:ULA|alu_1bit:92|full_adder:53                                                                                                     ; work         ;
;          |mux_4x1_1bit:48|                   ; 3 (0)       ; 0 (0)                     ; 0 (0)         ; 0           ; 0    ; 0            ; 0       ; 0         ; 0    ; 0            ; 3 (0)        ; 0 (0)             ; 0 (0)            ; |mips_mono|alu_32bit:ULA|alu_1bit:92|mux_4x1_1bit:48                                                                                                   ; work         ;
;             |mux_2x1_1bit:20|                ; 1 (1)       ; 0 (0)                     ; 0 (0)         ; 0           ; 0    ; 0            ; 0       ; 0         ; 0    ; 0            ; 1 (1)        ; 0 (0)             ; 0 (0)            ; |mips_mono|alu_32bit:ULA|alu_1bit:92|mux_4x1_1bit:48|mux_2x1_1bit:20                                                                                   ; work         ;
;             |mux_2x1_1bit:21|                ; 2 (2)       ; 0 (0)                     ; 0 (0)         ; 0           ; 0    ; 0            ; 0       ; 0         ; 0    ; 0            ; 2 (2)        ; 0 (0)             ; 0 (0)            ; |mips_mono|alu_32bit:ULA|alu_1bit:92|mux_4x1_1bit:48|mux_2x1_1bit:21                                                                                   ; work         ;
;       |alu_1bit:93|                          ; 5 (1)       ; 0 (0)                     ; 0 (0)         ; 0           ; 0    ; 0            ; 0       ; 0         ; 0    ; 0            ; 5 (1)        ; 0 (0)             ; 0 (0)            ; |mips_mono|alu_32bit:ULA|alu_1bit:93                                                                                                                   ; work         ;
;          |full_adder:53|                     ; 1 (1)       ; 0 (0)                     ; 0 (0)         ; 0           ; 0    ; 0            ; 0       ; 0         ; 0    ; 0            ; 1 (1)        ; 0 (0)             ; 0 (0)            ; |mips_mono|alu_32bit:ULA|alu_1bit:93|full_adder:53                                                                                                     ; work         ;
;          |mux_4x1_1bit:48|                   ; 3 (0)       ; 0 (0)                     ; 0 (0)         ; 0           ; 0    ; 0            ; 0       ; 0         ; 0    ; 0            ; 3 (0)        ; 0 (0)             ; 0 (0)            ; |mips_mono|alu_32bit:ULA|alu_1bit:93|mux_4x1_1bit:48                                                                                                   ; work         ;
;             |mux_2x1_1bit:20|                ; 1 (1)       ; 0 (0)                     ; 0 (0)         ; 0           ; 0    ; 0            ; 0       ; 0         ; 0    ; 0            ; 1 (1)        ; 0 (0)             ; 0 (0)            ; |mips_mono|alu_32bit:ULA|alu_1bit:93|mux_4x1_1bit:48|mux_2x1_1bit:20                                                                                   ; work         ;
;             |mux_2x1_1bit:21|                ; 2 (2)       ; 0 (0)                     ; 0 (0)         ; 0           ; 0    ; 0            ; 0       ; 0         ; 0    ; 0            ; 2 (2)        ; 0 (0)             ; 0 (0)            ; |mips_mono|alu_32bit:ULA|alu_1bit:93|mux_4x1_1bit:48|mux_2x1_1bit:21                                                                                   ; work         ;
;       |alu_1bit:94|                          ; 5 (1)       ; 0 (0)                     ; 0 (0)         ; 0           ; 0    ; 0            ; 0       ; 0         ; 0    ; 0            ; 5 (1)        ; 0 (0)             ; 0 (0)            ; |mips_mono|alu_32bit:ULA|alu_1bit:94                                                                                                                   ; work         ;
;          |full_adder:53|                     ; 1 (1)       ; 0 (0)                     ; 0 (0)         ; 0           ; 0    ; 0            ; 0       ; 0         ; 0    ; 0            ; 1 (1)        ; 0 (0)             ; 0 (0)            ; |mips_mono|alu_32bit:ULA|alu_1bit:94|full_adder:53                                                                                                     ; work         ;
;          |mux_4x1_1bit:48|                   ; 3 (0)       ; 0 (0)                     ; 0 (0)         ; 0           ; 0    ; 0            ; 0       ; 0         ; 0    ; 0            ; 3 (0)        ; 0 (0)             ; 0 (0)            ; |mips_mono|alu_32bit:ULA|alu_1bit:94|mux_4x1_1bit:48                                                                                                   ; work         ;
;             |mux_2x1_1bit:20|                ; 1 (1)       ; 0 (0)                     ; 0 (0)         ; 0           ; 0    ; 0            ; 0       ; 0         ; 0    ; 0            ; 1 (1)        ; 0 (0)             ; 0 (0)            ; |mips_mono|alu_32bit:ULA|alu_1bit:94|mux_4x1_1bit:48|mux_2x1_1bit:20                                                                                   ; work         ;
;             |mux_2x1_1bit:21|                ; 2 (2)       ; 0 (0)                     ; 0 (0)         ; 0           ; 0    ; 0            ; 0       ; 0         ; 0    ; 0            ; 2 (2)        ; 0 (0)             ; 0 (0)            ; |mips_mono|alu_32bit:ULA|alu_1bit:94|mux_4x1_1bit:48|mux_2x1_1bit:21                                                                                   ; work         ;
;       |alu_1bit:95|                          ; 5 (1)       ; 0 (0)                     ; 0 (0)         ; 0           ; 0    ; 0            ; 0       ; 0         ; 0    ; 0            ; 5 (1)        ; 0 (0)             ; 0 (0)            ; |mips_mono|alu_32bit:ULA|alu_1bit:95                                                                                                                   ; work         ;
;          |full_adder:53|                     ; 1 (1)       ; 0 (0)                     ; 0 (0)         ; 0           ; 0    ; 0            ; 0       ; 0         ; 0    ; 0            ; 1 (1)        ; 0 (0)             ; 0 (0)            ; |mips_mono|alu_32bit:ULA|alu_1bit:95|full_adder:53                                                                                                     ; work         ;
;          |mux_4x1_1bit:48|                   ; 3 (0)       ; 0 (0)                     ; 0 (0)         ; 0           ; 0    ; 0            ; 0       ; 0         ; 0    ; 0            ; 3 (0)        ; 0 (0)             ; 0 (0)            ; |mips_mono|alu_32bit:ULA|alu_1bit:95|mux_4x1_1bit:48                                                                                                   ; work         ;
;             |mux_2x1_1bit:20|                ; 1 (1)       ; 0 (0)                     ; 0 (0)         ; 0           ; 0    ; 0            ; 0       ; 0         ; 0    ; 0            ; 1 (1)        ; 0 (0)             ; 0 (0)            ; |mips_mono|alu_32bit:ULA|alu_1bit:95|mux_4x1_1bit:48|mux_2x1_1bit:20                                                                                   ; work         ;
;             |mux_2x1_1bit:21|                ; 2 (2)       ; 0 (0)                     ; 0 (0)         ; 0           ; 0    ; 0            ; 0       ; 0         ; 0    ; 0            ; 2 (2)        ; 0 (0)             ; 0 (0)            ; |mips_mono|alu_32bit:ULA|alu_1bit:95|mux_4x1_1bit:48|mux_2x1_1bit:21                                                                                   ; work         ;
;       |alu_1bit:96|                          ; 5 (1)       ; 0 (0)                     ; 0 (0)         ; 0           ; 0    ; 0            ; 0       ; 0         ; 0    ; 0            ; 4 (1)        ; 0 (0)             ; 1 (0)            ; |mips_mono|alu_32bit:ULA|alu_1bit:96                                                                                                                   ; work         ;
;          |full_adder:53|                     ; 1 (1)       ; 0 (0)                     ; 0 (0)         ; 0           ; 0    ; 0            ; 0       ; 0         ; 0    ; 0            ; 1 (1)        ; 0 (0)             ; 0 (0)            ; |mips_mono|alu_32bit:ULA|alu_1bit:96|full_adder:53                                                                                                     ; work         ;
;          |mux_4x1_1bit:48|                   ; 3 (0)       ; 0 (0)                     ; 0 (0)         ; 0           ; 0    ; 0            ; 0       ; 0         ; 0    ; 0            ; 2 (0)        ; 0 (0)             ; 1 (0)            ; |mips_mono|alu_32bit:ULA|alu_1bit:96|mux_4x1_1bit:48                                                                                                   ; work         ;
;             |mux_2x1_1bit:20|                ; 1 (1)       ; 0 (0)                     ; 0 (0)         ; 0           ; 0    ; 0            ; 0       ; 0         ; 0    ; 0            ; 1 (1)        ; 0 (0)             ; 0 (0)            ; |mips_mono|alu_32bit:ULA|alu_1bit:96|mux_4x1_1bit:48|mux_2x1_1bit:20                                                                                   ; work         ;
;             |mux_2x1_1bit:21|                ; 2 (2)       ; 0 (0)                     ; 0 (0)         ; 0           ; 0    ; 0            ; 0       ; 0         ; 0    ; 0            ; 1 (1)        ; 0 (0)             ; 1 (1)            ; |mips_mono|alu_32bit:ULA|alu_1bit:96|mux_4x1_1bit:48|mux_2x1_1bit:21                                                                                   ; work         ;
;       |alu_1bit:97|                          ; 5 (1)       ; 0 (0)                     ; 0 (0)         ; 0           ; 0    ; 0            ; 0       ; 0         ; 0    ; 0            ; 5 (1)        ; 0 (0)             ; 0 (0)            ; |mips_mono|alu_32bit:ULA|alu_1bit:97                                                                                                                   ; work         ;
;          |full_adder:53|                     ; 1 (1)       ; 0 (0)                     ; 0 (0)         ; 0           ; 0    ; 0            ; 0       ; 0         ; 0    ; 0            ; 1 (1)        ; 0 (0)             ; 0 (0)            ; |mips_mono|alu_32bit:ULA|alu_1bit:97|full_adder:53                                                                                                     ; work         ;
;          |mux_4x1_1bit:48|                   ; 3 (0)       ; 0 (0)                     ; 0 (0)         ; 0           ; 0    ; 0            ; 0       ; 0         ; 0    ; 0            ; 3 (0)        ; 0 (0)             ; 0 (0)            ; |mips_mono|alu_32bit:ULA|alu_1bit:97|mux_4x1_1bit:48                                                                                                   ; work         ;
;             |mux_2x1_1bit:20|                ; 1 (1)       ; 0 (0)                     ; 0 (0)         ; 0           ; 0    ; 0            ; 0       ; 0         ; 0    ; 0            ; 1 (1)        ; 0 (0)             ; 0 (0)            ; |mips_mono|alu_32bit:ULA|alu_1bit:97|mux_4x1_1bit:48|mux_2x1_1bit:20                                                                                   ; work         ;
;             |mux_2x1_1bit:21|                ; 2 (2)       ; 0 (0)                     ; 0 (0)         ; 0           ; 0    ; 0            ; 0       ; 0         ; 0    ; 0            ; 2 (2)        ; 0 (0)             ; 0 (0)            ; |mips_mono|alu_32bit:ULA|alu_1bit:97|mux_4x1_1bit:48|mux_2x1_1bit:21                                                                                   ; work         ;
;       |alu_1bit:98|                          ; 8 (1)       ; 0 (0)                     ; 0 (0)         ; 0           ; 0    ; 0            ; 0       ; 0         ; 0    ; 0            ; 7 (1)        ; 0 (0)             ; 1 (0)            ; |mips_mono|alu_32bit:ULA|alu_1bit:98                                                                                                                   ; work         ;
;          |full_adder:53|                     ; 1 (1)       ; 0 (0)                     ; 0 (0)         ; 0           ; 0    ; 0            ; 0       ; 0         ; 0    ; 0            ; 1 (1)        ; 0 (0)             ; 0 (0)            ; |mips_mono|alu_32bit:ULA|alu_1bit:98|full_adder:53                                                                                                     ; work         ;
;          |mux_4x1_1bit:48|                   ; 6 (0)       ; 0 (0)                     ; 0 (0)         ; 0           ; 0    ; 0            ; 0       ; 0         ; 0    ; 0            ; 5 (0)        ; 0 (0)             ; 1 (0)            ; |mips_mono|alu_32bit:ULA|alu_1bit:98|mux_4x1_1bit:48                                                                                                   ; work         ;
;             |mux_2x1_1bit:21|                ; 6 (6)       ; 0 (0)                     ; 0 (0)         ; 0           ; 0    ; 0            ; 0       ; 0         ; 0    ; 0            ; 5 (5)        ; 0 (0)             ; 1 (1)            ; |mips_mono|alu_32bit:ULA|alu_1bit:98|mux_4x1_1bit:48|mux_2x1_1bit:21                                                                                   ; work         ;
;       |alu_1bit:99|                          ; 5 (1)       ; 0 (0)                     ; 0 (0)         ; 0           ; 0    ; 0            ; 0       ; 0         ; 0    ; 0            ; 5 (1)        ; 0 (0)             ; 0 (0)            ; |mips_mono|alu_32bit:ULA|alu_1bit:99                                                                                                                   ; work         ;
;          |full_adder:53|                     ; 1 (1)       ; 0 (0)                     ; 0 (0)         ; 0           ; 0    ; 0            ; 0       ; 0         ; 0    ; 0            ; 1 (1)        ; 0 (0)             ; 0 (0)            ; |mips_mono|alu_32bit:ULA|alu_1bit:99|full_adder:53                                                                                                     ; work         ;
;          |mux_4x1_1bit:48|                   ; 3 (0)       ; 0 (0)                     ; 0 (0)         ; 0           ; 0    ; 0            ; 0       ; 0         ; 0    ; 0            ; 3 (0)        ; 0 (0)             ; 0 (0)            ; |mips_mono|alu_32bit:ULA|alu_1bit:99|mux_4x1_1bit:48                                                                                                   ; work         ;
;             |mux_2x1_1bit:20|                ; 1 (1)       ; 0 (0)                     ; 0 (0)         ; 0           ; 0    ; 0            ; 0       ; 0         ; 0    ; 0            ; 1 (1)        ; 0 (0)             ; 0 (0)            ; |mips_mono|alu_32bit:ULA|alu_1bit:99|mux_4x1_1bit:48|mux_2x1_1bit:20                                                                                   ; work         ;
;             |mux_2x1_1bit:21|                ; 2 (2)       ; 0 (0)                     ; 0 (0)         ; 0           ; 0    ; 0            ; 0       ; 0         ; 0    ; 0            ; 2 (2)        ; 0 (0)             ; 0 (0)            ; |mips_mono|alu_32bit:ULA|alu_1bit:99|mux_4x1_1bit:48|mux_2x1_1bit:21                                                                                   ; work         ;
;       |alu_1bit_msb:142|                     ; 4 (0)       ; 0 (0)                     ; 0 (0)         ; 0           ; 0    ; 0            ; 0       ; 0         ; 0    ; 0            ; 4 (0)        ; 0 (0)             ; 0 (0)            ; |mips_mono|alu_32bit:ULA|alu_1bit_msb:142                                                                                                              ; work         ;
;          |full_adder:56|                     ; 1 (1)       ; 0 (0)                     ; 0 (0)         ; 0           ; 0    ; 0            ; 0       ; 0         ; 0    ; 0            ; 1 (1)        ; 0 (0)             ; 0 (0)            ; |mips_mono|alu_32bit:ULA|alu_1bit_msb:142|full_adder:56                                                                                                ; work         ;
;          |mux_4x1_1bit:48|                   ; 3 (0)       ; 0 (0)                     ; 0 (0)         ; 0           ; 0    ; 0            ; 0       ; 0         ; 0    ; 0            ; 3 (0)        ; 0 (0)             ; 0 (0)            ; |mips_mono|alu_32bit:ULA|alu_1bit_msb:142|mux_4x1_1bit:48                                                                                              ; work         ;
;             |mux_2x1_1bit:20|                ; 1 (1)       ; 0 (0)                     ; 0 (0)         ; 0           ; 0    ; 0            ; 0       ; 0         ; 0    ; 0            ; 1 (1)        ; 0 (0)             ; 0 (0)            ; |mips_mono|alu_32bit:ULA|alu_1bit_msb:142|mux_4x1_1bit:48|mux_2x1_1bit:20                                                                              ; work         ;
;             |mux_2x1_1bit:21|                ; 2 (2)       ; 0 (0)                     ; 0 (0)         ; 0           ; 0    ; 0            ; 0       ; 0         ; 0    ; 0            ; 2 (2)        ; 0 (0)             ; 0 (0)            ; |mips_mono|alu_32bit:ULA|alu_1bit_msb:142|mux_4x1_1bit:48|mux_2x1_1bit:21                                                                              ; work         ;
;    |alu_operation:135|                       ; 3 (3)       ; 0 (0)                     ; 0 (0)         ; 0           ; 0    ; 0            ; 0       ; 0         ; 0    ; 0            ; 3 (3)        ; 0 (0)             ; 0 (0)            ; |mips_mono|alu_operation:135                                                                                                                           ; work         ;
;    |bank_reg_32x32bit:BancoRegistradores|    ; 1803 (29)   ; 992 (0)                   ; 0 (0)         ; 0           ; 0    ; 0            ; 0       ; 0         ; 0    ; 0            ; 811 (29)     ; 277 (0)           ; 715 (11)         ; |mips_mono|bank_reg_32x32bit:BancoRegistradores                                                                                                        ; work         ;
;       |decoder_5x32:117|                     ; 5 (0)       ; 0 (0)                     ; 0 (0)         ; 0           ; 0    ; 0            ; 0       ; 0         ; 0    ; 0            ; 5 (0)        ; 0 (0)             ; 0 (0)            ; |mips_mono|bank_reg_32x32bit:BancoRegistradores|decoder_5x32:117                                                                                       ; work         ;
;          |decoder_2x4:163|                   ; 5 (5)       ; 0 (0)                     ; 0 (0)         ; 0           ; 0    ; 0            ; 0       ; 0         ; 0    ; 0            ; 5 (5)        ; 0 (0)             ; 0 (0)            ; |mips_mono|bank_reg_32x32bit:BancoRegistradores|decoder_5x32:117|decoder_2x4:163                                                                       ; work         ;
;       |mux_32x1_32bit:115|                   ; 674 (0)     ; 0 (0)                     ; 0 (0)         ; 0           ; 0    ; 0            ; 0       ; 0         ; 0    ; 0            ; 353 (0)      ; 0 (0)             ; 321 (0)          ; |mips_mono|bank_reg_32x32bit:BancoRegistradores|mux_32x1_32bit:115                                                                                     ; work         ;
;          |mux_16x1_32bit:18|                 ; 29 (0)      ; 0 (0)                     ; 0 (0)         ; 0           ; 0    ; 0            ; 0       ; 0         ; 0    ; 0            ; 5 (0)        ; 0 (0)             ; 24 (0)           ; |mips_mono|bank_reg_32x32bit:BancoRegistradores|mux_32x1_32bit:115|mux_16x1_32bit:18                                                                   ; work         ;
;             |mux_4x1_32bit:28|               ; 29 (0)      ; 0 (0)                     ; 0 (0)         ; 0           ; 0    ; 0            ; 0       ; 0         ; 0    ; 0            ; 5 (0)        ; 0 (0)             ; 24 (0)           ; |mips_mono|bank_reg_32x32bit:BancoRegistradores|mux_32x1_32bit:115|mux_16x1_32bit:18|mux_4x1_32bit:28                                                  ; work         ;
;                |mux_2x1_32bit:23|            ; 29 (0)      ; 0 (0)                     ; 0 (0)         ; 0           ; 0    ; 0            ; 0       ; 0         ; 0    ; 0            ; 5 (0)        ; 0 (0)             ; 24 (0)           ; |mips_mono|bank_reg_32x32bit:BancoRegistradores|mux_32x1_32bit:115|mux_16x1_32bit:18|mux_4x1_32bit:28|mux_2x1_32bit:23                                 ; work         ;
;                   |mux_2x1_8bit:18|          ; 5 (0)       ; 0 (0)                     ; 0 (0)         ; 0           ; 0    ; 0            ; 0       ; 0         ; 0    ; 0            ; 1 (0)        ; 0 (0)             ; 4 (0)            ; |mips_mono|bank_reg_32x32bit:BancoRegistradores|mux_32x1_32bit:115|mux_16x1_32bit:18|mux_4x1_32bit:28|mux_2x1_32bit:23|mux_2x1_8bit:18                 ; work         ;
;                      |mux_2x1_1bit:24|       ; 1 (1)       ; 0 (0)                     ; 0 (0)         ; 0           ; 0    ; 0            ; 0       ; 0         ; 0    ; 0            ; 0 (0)        ; 0 (0)             ; 1 (1)            ; |mips_mono|bank_reg_32x32bit:BancoRegistradores|mux_32x1_32bit:115|mux_16x1_32bit:18|mux_4x1_32bit:28|mux_2x1_32bit:23|mux_2x1_8bit:18|mux_2x1_1bit:24 ; work         ;
;                      |mux_2x1_1bit:26|       ; 1 (1)       ; 0 (0)                     ; 0 (0)         ; 0           ; 0    ; 0            ; 0       ; 0         ; 0    ; 0            ; 0 (0)        ; 0 (0)             ; 1 (1)            ; |mips_mono|bank_reg_32x32bit:BancoRegistradores|mux_32x1_32bit:115|mux_16x1_32bit:18|mux_4x1_32bit:28|mux_2x1_32bit:23|mux_2x1_8bit:18|mux_2x1_1bit:26 ; work         ;
;                      |mux_2x1_1bit:27|       ; 1 (1)       ; 0 (0)                     ; 0 (0)         ; 0           ; 0    ; 0            ; 0       ; 0         ; 0    ; 0            ; 0 (0)        ; 0 (0)             ; 1 (1)            ; |mips_mono|bank_reg_32x32bit:BancoRegistradores|mux_32x1_32bit:115|mux_16x1_32bit:18|mux_4x1_32bit:28|mux_2x1_32bit:23|mux_2x1_8bit:18|mux_2x1_1bit:27 ; work         ;
;                      |mux_2x1_1bit:28|       ; 1 (1)       ; 0 (0)                     ; 0 (0)         ; 0           ; 0    ; 0            ; 0       ; 0         ; 0    ; 0            ; 1 (1)        ; 0 (0)             ; 0 (0)            ; |mips_mono|bank_reg_32x32bit:BancoRegistradores|mux_32x1_32bit:115|mux_16x1_32bit:18|mux_4x1_32bit:28|mux_2x1_32bit:23|mux_2x1_8bit:18|mux_2x1_1bit:28 ; work         ;
;                      |mux_2x1_1bit:29|       ; 1 (1)       ; 0 (0)                     ; 0 (0)         ; 0           ; 0    ; 0            ; 0       ; 0         ; 0    ; 0            ; 0 (0)        ; 0 (0)             ; 1 (1)            ; |mips_mono|bank_reg_32x32bit:BancoRegistradores|mux_32x1_32bit:115|mux_16x1_32bit:18|mux_4x1_32bit:28|mux_2x1_32bit:23|mux_2x1_8bit:18|mux_2x1_1bit:29 ; work         ;
;                   |mux_2x1_8bit:19|          ; 8 (0)       ; 0 (0)                     ; 0 (0)         ; 0           ; 0    ; 0            ; 0       ; 0         ; 0    ; 0            ; 3 (0)        ; 0 (0)             ; 5 (0)            ; |mips_mono|bank_reg_32x32bit:BancoRegistradores|mux_32x1_32bit:115|mux_16x1_32bit:18|mux_4x1_32bit:28|mux_2x1_32bit:23|mux_2x1_8bit:19                 ; work         ;
;                      |mux_2x1_1bit:20|       ; 1 (1)       ; 0 (0)                     ; 0 (0)         ; 0           ; 0    ; 0            ; 0       ; 0         ; 0    ; 0            ; 0 (0)        ; 0 (0)             ; 1 (1)            ; |mips_mono|bank_reg_32x32bit:BancoRegistradores|mux_32x1_32bit:115|mux_16x1_32bit:18|mux_4x1_32bit:28|mux_2x1_32bit:23|mux_2x1_8bit:19|mux_2x1_1bit:20 ; work         ;
;                      |mux_2x1_1bit:23|       ; 1 (1)       ; 0 (0)                     ; 0 (0)         ; 0           ; 0    ; 0            ; 0       ; 0         ; 0    ; 0            ; 1 (1)        ; 0 (0)             ; 0 (0)            ; |mips_mono|bank_reg_32x32bit:BancoRegistradores|mux_32x1_32bit:115|mux_16x1_32bit:18|mux_4x1_32bit:28|mux_2x1_32bit:23|mux_2x1_8bit:19|mux_2x1_1bit:23 ; work         ;
;                      |mux_2x1_1bit:24|       ; 1 (1)       ; 0 (0)                     ; 0 (0)         ; 0           ; 0    ; 0            ; 0       ; 0         ; 0    ; 0            ; 1 (1)        ; 0 (0)             ; 0 (0)            ; |mips_mono|bank_reg_32x32bit:BancoRegistradores|mux_32x1_32bit:115|mux_16x1_32bit:18|mux_4x1_32bit:28|mux_2x1_32bit:23|mux_2x1_8bit:19|mux_2x1_1bit:24 ; work         ;
;                      |mux_2x1_1bit:25|       ; 1 (1)       ; 0 (0)                     ; 0 (0)         ; 0           ; 0    ; 0            ; 0       ; 0         ; 0    ; 0            ; 0 (0)        ; 0 (0)             ; 1 (1)            ; |mips_mono|bank_reg_32x32bit:BancoRegistradores|mux_32x1_32bit:115|mux_16x1_32bit:18|mux_4x1_32bit:28|mux_2x1_32bit:23|mux_2x1_8bit:19|mux_2x1_1bit:25 ; work         ;
;                      |mux_2x1_1bit:26|       ; 1 (1)       ; 0 (0)                     ; 0 (0)         ; 0           ; 0    ; 0            ; 0       ; 0         ; 0    ; 0            ; 1 (1)        ; 0 (0)             ; 0 (0)            ; |mips_mono|bank_reg_32x32bit:BancoRegistradores|mux_32x1_32bit:115|mux_16x1_32bit:18|mux_4x1_32bit:28|mux_2x1_32bit:23|mux_2x1_8bit:19|mux_2x1_1bit:26 ; work         ;
;                      |mux_2x1_1bit:27|       ; 1 (1)       ; 0 (0)                     ; 0 (0)         ; 0           ; 0    ; 0            ; 0       ; 0         ; 0    ; 0            ; 0 (0)        ; 0 (0)             ; 1 (1)            ; |mips_mono|bank_reg_32x32bit:BancoRegistradores|mux_32x1_32bit:115|mux_16x1_32bit:18|mux_4x1_32bit:28|mux_2x1_32bit:23|mux_2x1_8bit:19|mux_2x1_1bit:27 ; work         ;
;                      |mux_2x1_1bit:28|       ; 1 (1)       ; 0 (0)                     ; 0 (0)         ; 0           ; 0    ; 0            ; 0       ; 0         ; 0    ; 0            ; 0 (0)        ; 0 (0)             ; 1 (1)            ; |mips_mono|bank_reg_32x32bit:BancoRegistradores|mux_32x1_32bit:115|mux_16x1_32bit:18|mux_4x1_32bit:28|mux_2x1_32bit:23|mux_2x1_8bit:19|mux_2x1_1bit:28 ; work         ;
;                      |mux_2x1_1bit:29|       ; 1 (1)       ; 0 (0)                     ; 0 (0)         ; 0           ; 0    ; 0            ; 0       ; 0         ; 0    ; 0            ; 0 (0)        ; 0 (0)             ; 1 (1)            ; |mips_mono|bank_reg_32x32bit:BancoRegistradores|mux_32x1_32bit:115|mux_16x1_32bit:18|mux_4x1_32bit:28|mux_2x1_32bit:23|mux_2x1_8bit:19|mux_2x1_1bit:29 ; work         ;
;                   |mux_2x1_8bit:20|          ; 8 (0)       ; 0 (0)                     ; 0 (0)         ; 0           ; 0    ; 0            ; 0       ; 0         ; 0    ; 0            ; 1 (0)        ; 0 (0)             ; 7 (0)            ; |mips_mono|bank_reg_32x32bit:BancoRegistradores|mux_32x1_32bit:115|mux_16x1_32bit:18|mux_4x1_32bit:28|mux_2x1_32bit:23|mux_2x1_8bit:20                 ; work         ;
;                      |mux_2x1_1bit:20|       ; 1 (1)       ; 0 (0)                     ; 0 (0)         ; 0           ; 0    ; 0            ; 0       ; 0         ; 0    ; 0            ; 1 (1)        ; 0 (0)             ; 0 (0)            ; |mips_mono|bank_reg_32x32bit:BancoRegistradores|mux_32x1_32bit:115|mux_16x1_32bit:18|mux_4x1_32bit:28|mux_2x1_32bit:23|mux_2x1_8bit:20|mux_2x1_1bit:20 ; work         ;
;                      |mux_2x1_1bit:23|       ; 1 (1)       ; 0 (0)                     ; 0 (0)         ; 0           ; 0    ; 0            ; 0       ; 0         ; 0    ; 0            ; 0 (0)        ; 0 (0)             ; 1 (1)            ; |mips_mono|bank_reg_32x32bit:BancoRegistradores|mux_32x1_32bit:115|mux_16x1_32bit:18|mux_4x1_32bit:28|mux_2x1_32bit:23|mux_2x1_8bit:20|mux_2x1_1bit:23 ; work         ;
;                      |mux_2x1_1bit:24|       ; 1 (1)       ; 0 (0)                     ; 0 (0)         ; 0           ; 0    ; 0            ; 0       ; 0         ; 0    ; 0            ; 0 (0)        ; 0 (0)             ; 1 (1)            ; |mips_mono|bank_reg_32x32bit:BancoRegistradores|mux_32x1_32bit:115|mux_16x1_32bit:18|mux_4x1_32bit:28|mux_2x1_32bit:23|mux_2x1_8bit:20|mux_2x1_1bit:24 ; work         ;
;                      |mux_2x1_1bit:25|       ; 1 (1)       ; 0 (0)                     ; 0 (0)         ; 0           ; 0    ; 0            ; 0       ; 0         ; 0    ; 0            ; 0 (0)        ; 0 (0)             ; 1 (1)            ; |mips_mono|bank_reg_32x32bit:BancoRegistradores|mux_32x1_32bit:115|mux_16x1_32bit:18|mux_4x1_32bit:28|mux_2x1_32bit:23|mux_2x1_8bit:20|mux_2x1_1bit:25 ; work         ;
;                      |mux_2x1_1bit:26|       ; 1 (1)       ; 0 (0)                     ; 0 (0)         ; 0           ; 0    ; 0            ; 0       ; 0         ; 0    ; 0            ; 0 (0)        ; 0 (0)             ; 1 (1)            ; |mips_mono|bank_reg_32x32bit:BancoRegistradores|mux_32x1_32bit:115|mux_16x1_32bit:18|mux_4x1_32bit:28|mux_2x1_32bit:23|mux_2x1_8bit:20|mux_2x1_1bit:26 ; work         ;
;                      |mux_2x1_1bit:27|       ; 1 (1)       ; 0 (0)                     ; 0 (0)         ; 0           ; 0    ; 0            ; 0       ; 0         ; 0    ; 0            ; 0 (0)        ; 0 (0)             ; 1 (1)            ; |mips_mono|bank_reg_32x32bit:BancoRegistradores|mux_32x1_32bit:115|mux_16x1_32bit:18|mux_4x1_32bit:28|mux_2x1_32bit:23|mux_2x1_8bit:20|mux_2x1_1bit:27 ; work         ;
;                      |mux_2x1_1bit:28|       ; 1 (1)       ; 0 (0)                     ; 0 (0)         ; 0           ; 0    ; 0            ; 0       ; 0         ; 0    ; 0            ; 0 (0)        ; 0 (0)             ; 1 (1)            ; |mips_mono|bank_reg_32x32bit:BancoRegistradores|mux_32x1_32bit:115|mux_16x1_32bit:18|mux_4x1_32bit:28|mux_2x1_32bit:23|mux_2x1_8bit:20|mux_2x1_1bit:28 ; work         ;
;                      |mux_2x1_1bit:29|       ; 1 (1)       ; 0 (0)                     ; 0 (0)         ; 0           ; 0    ; 0            ; 0       ; 0         ; 0    ; 0            ; 0 (0)        ; 0 (0)             ; 1 (1)            ; |mips_mono|bank_reg_32x32bit:BancoRegistradores|mux_32x1_32bit:115|mux_16x1_32bit:18|mux_4x1_32bit:28|mux_2x1_32bit:23|mux_2x1_8bit:20|mux_2x1_1bit:29 ; work         ;
;                   |mux_2x1_8bit:21|          ; 8 (0)       ; 0 (0)                     ; 0 (0)         ; 0           ; 0    ; 0            ; 0       ; 0         ; 0    ; 0            ; 0 (0)        ; 0 (0)             ; 8 (0)            ; |mips_mono|bank_reg_32x32bit:BancoRegistradores|mux_32x1_32bit:115|mux_16x1_32bit:18|mux_4x1_32bit:28|mux_2x1_32bit:23|mux_2x1_8bit:21                 ; work         ;
;                      |mux_2x1_1bit:20|       ; 1 (1)       ; 0 (0)                     ; 0 (0)         ; 0           ; 0    ; 0            ; 0       ; 0         ; 0    ; 0            ; 0 (0)        ; 0 (0)             ; 1 (1)            ; |mips_mono|bank_reg_32x32bit:BancoRegistradores|mux_32x1_32bit:115|mux_16x1_32bit:18|mux_4x1_32bit:28|mux_2x1_32bit:23|mux_2x1_8bit:21|mux_2x1_1bit:20 ; work         ;
;                      |mux_2x1_1bit:23|       ; 1 (1)       ; 0 (0)                     ; 0 (0)         ; 0           ; 0    ; 0            ; 0       ; 0         ; 0    ; 0            ; 0 (0)        ; 0 (0)             ; 1 (1)            ; |mips_mono|bank_reg_32x32bit:BancoRegistradores|mux_32x1_32bit:115|mux_16x1_32bit:18|mux_4x1_32bit:28|mux_2x1_32bit:23|mux_2x1_8bit:21|mux_2x1_1bit:23 ; work         ;
;                      |mux_2x1_1bit:24|       ; 1 (1)       ; 0 (0)                     ; 0 (0)         ; 0           ; 0    ; 0            ; 0       ; 0         ; 0    ; 0            ; 0 (0)        ; 0 (0)             ; 1 (1)            ; |mips_mono|bank_reg_32x32bit:BancoRegistradores|mux_32x1_32bit:115|mux_16x1_32bit:18|mux_4x1_32bit:28|mux_2x1_32bit:23|mux_2x1_8bit:21|mux_2x1_1bit:24 ; work         ;
;                      |mux_2x1_1bit:25|       ; 1 (1)       ; 0 (0)                     ; 0 (0)         ; 0           ; 0    ; 0            ; 0       ; 0         ; 0    ; 0            ; 0 (0)        ; 0 (0)             ; 1 (1)            ; |mips_mono|bank_reg_32x32bit:BancoRegistradores|mux_32x1_32bit:115|mux_16x1_32bit:18|mux_4x1_32bit:28|mux_2x1_32bit:23|mux_2x1_8bit:21|mux_2x1_1bit:25 ; work         ;
;                      |mux_2x1_1bit:26|       ; 1 (1)       ; 0 (0)                     ; 0 (0)         ; 0           ; 0    ; 0            ; 0       ; 0         ; 0    ; 0            ; 0 (0)        ; 0 (0)             ; 1 (1)            ; |mips_mono|bank_reg_32x32bit:BancoRegistradores|mux_32x1_32bit:115|mux_16x1_32bit:18|mux_4x1_32bit:28|mux_2x1_32bit:23|mux_2x1_8bit:21|mux_2x1_1bit:26 ; work         ;
;                      |mux_2x1_1bit:27|       ; 1 (1)       ; 0 (0)                     ; 0 (0)         ; 0           ; 0    ; 0            ; 0       ; 0         ; 0    ; 0            ; 0 (0)        ; 0 (0)             ; 1 (1)            ; |mips_mono|bank_reg_32x32bit:BancoRegistradores|mux_32x1_32bit:115|mux_16x1_32bit:18|mux_4x1_32bit:28|mux_2x1_32bit:23|mux_2x1_8bit:21|mux_2x1_1bit:27 ; work         ;
;                      |mux_2x1_1bit:28|       ; 1 (1)       ; 0 (0)                     ; 0 (0)         ; 0           ; 0    ; 0            ; 0       ; 0         ; 0    ; 0            ; 0 (0)        ; 0 (0)             ; 1 (1)            ; |mips_mono|bank_reg_32x32bit:BancoRegistradores|mux_32x1_32bit:115|mux_16x1_32bit:18|mux_4x1_32bit:28|mux_2x1_32bit:23|mux_2x1_8bit:21|mux_2x1_1bit:28 ; work         ;
;                      |mux_2x1_1bit:29|       ; 1 (1)       ; 0 (0)                     ; 0 (0)         ; 0           ; 0    ; 0            ; 0       ; 0         ; 0    ; 0            ; 0 (0)        ; 0 (0)             ; 1 (1)            ; |mips_mono|bank_reg_32x32bit:BancoRegistradores|mux_32x1_32bit:115|mux_16x1_32bit:18|mux_4x1_32bit:28|mux_2x1_32bit:23|mux_2x1_8bit:21|mux_2x1_1bit:29 ; work         ;
;          |mux_2x1_32bit:20|                  ; 645 (0)     ; 0 (0)                     ; 0 (0)         ; 0           ; 0    ; 0            ; 0       ; 0         ; 0    ; 0            ; 348 (0)      ; 0 (0)             ; 297 (0)          ; |mips_mono|bank_reg_32x32bit:BancoRegistradores|mux_32x1_32bit:115|mux_2x1_32bit:20                                                                    ; work         ;
;             |mux_2x1_8bit:18|                ; 161 (0)     ; 0 (0)                     ; 0 (0)         ; 0           ; 0    ; 0            ; 0       ; 0         ; 0    ; 0            ; 79 (0)       ; 0 (0)             ; 82 (0)           ; |mips_mono|bank_reg_32x32bit:BancoRegistradores|mux_32x1_32bit:115|mux_2x1_32bit:20|mux_2x1_8bit:18                                                    ; work         ;
;                |mux_2x1_1bit:20|             ; 20 (20)     ; 0 (0)                     ; 0 (0)         ; 0           ; 0    ; 0            ; 0       ; 0         ; 0    ; 0            ; 5 (5)        ; 0 (0)             ; 15 (15)          ; |mips_mono|bank_reg_32x32bit:BancoRegistradores|mux_32x1_32bit:115|mux_2x1_32bit:20|mux_2x1_8bit:18|mux_2x1_1bit:20                                    ; work         ;
;                |mux_2x1_1bit:23|             ; 20 (20)     ; 0 (0)                     ; 0 (0)         ; 0           ; 0    ; 0            ; 0       ; 0         ; 0    ; 0            ; 10 (10)      ; 0 (0)             ; 10 (10)          ; |mips_mono|bank_reg_32x32bit:BancoRegistradores|mux_32x1_32bit:115|mux_2x1_32bit:20|mux_2x1_8bit:18|mux_2x1_1bit:23                                    ; work         ;
;                |mux_2x1_1bit:24|             ; 20 (20)     ; 0 (0)                     ; 0 (0)         ; 0           ; 0    ; 0            ; 0       ; 0         ; 0    ; 0            ; 14 (14)      ; 0 (0)             ; 6 (6)            ; |mips_mono|bank_reg_32x32bit:BancoRegistradores|mux_32x1_32bit:115|mux_2x1_32bit:20|mux_2x1_8bit:18|mux_2x1_1bit:24                                    ; work         ;
;                |mux_2x1_1bit:25|             ; 21 (21)     ; 0 (0)                     ; 0 (0)         ; 0           ; 0    ; 0            ; 0       ; 0         ; 0    ; 0            ; 12 (12)      ; 0 (0)             ; 9 (9)            ; |mips_mono|bank_reg_32x32bit:BancoRegistradores|mux_32x1_32bit:115|mux_2x1_32bit:20|mux_2x1_8bit:18|mux_2x1_1bit:25                                    ; work         ;
;                |mux_2x1_1bit:26|             ; 20 (20)     ; 0 (0)                     ; 0 (0)         ; 0           ; 0    ; 0            ; 0       ; 0         ; 0    ; 0            ; 6 (6)        ; 0 (0)             ; 14 (14)          ; |mips_mono|bank_reg_32x32bit:BancoRegistradores|mux_32x1_32bit:115|mux_2x1_32bit:20|mux_2x1_8bit:18|mux_2x1_1bit:26                                    ; work         ;
;                |mux_2x1_1bit:27|             ; 20 (20)     ; 0 (0)                     ; 0 (0)         ; 0           ; 0    ; 0            ; 0       ; 0         ; 0    ; 0            ; 8 (8)        ; 0 (0)             ; 12 (12)          ; |mips_mono|bank_reg_32x32bit:BancoRegistradores|mux_32x1_32bit:115|mux_2x1_32bit:20|mux_2x1_8bit:18|mux_2x1_1bit:27                                    ; work         ;
;                |mux_2x1_1bit:28|             ; 20 (20)     ; 0 (0)                     ; 0 (0)         ; 0           ; 0    ; 0            ; 0       ; 0         ; 0    ; 0            ; 9 (9)        ; 0 (0)             ; 11 (11)          ; |mips_mono|bank_reg_32x32bit:BancoRegistradores|mux_32x1_32bit:115|mux_2x1_32bit:20|mux_2x1_8bit:18|mux_2x1_1bit:28                                    ; work         ;
;                |mux_2x1_1bit:29|             ; 20 (20)     ; 0 (0)                     ; 0 (0)         ; 0           ; 0    ; 0            ; 0       ; 0         ; 0    ; 0            ; 15 (15)      ; 0 (0)             ; 5 (5)            ; |mips_mono|bank_reg_32x32bit:BancoRegistradores|mux_32x1_32bit:115|mux_2x1_32bit:20|mux_2x1_8bit:18|mux_2x1_1bit:29                                    ; work         ;
;             |mux_2x1_8bit:19|                ; 160 (0)     ; 0 (0)                     ; 0 (0)         ; 0           ; 0    ; 0            ; 0       ; 0         ; 0    ; 0            ; 88 (0)       ; 0 (0)             ; 72 (0)           ; |mips_mono|bank_reg_32x32bit:BancoRegistradores|mux_32x1_32bit:115|mux_2x1_32bit:20|mux_2x1_8bit:19                                                    ; work         ;
;                |mux_2x1_1bit:20|             ; 20 (20)     ; 0 (0)                     ; 0 (0)         ; 0           ; 0    ; 0            ; 0       ; 0         ; 0    ; 0            ; 14 (14)      ; 0 (0)             ; 6 (6)            ; |mips_mono|bank_reg_32x32bit:BancoRegistradores|mux_32x1_32bit:115|mux_2x1_32bit:20|mux_2x1_8bit:19|mux_2x1_1bit:20                                    ; work         ;
;                |mux_2x1_1bit:23|             ; 20 (20)     ; 0 (0)                     ; 0 (0)         ; 0           ; 0    ; 0            ; 0       ; 0         ; 0    ; 0            ; 9 (9)        ; 0 (0)             ; 11 (11)          ; |mips_mono|bank_reg_32x32bit:BancoRegistradores|mux_32x1_32bit:115|mux_2x1_32bit:20|mux_2x1_8bit:19|mux_2x1_1bit:23                                    ; work         ;
;                |mux_2x1_1bit:24|             ; 20 (20)     ; 0 (0)                     ; 0 (0)         ; 0           ; 0    ; 0            ; 0       ; 0         ; 0    ; 0            ; 13 (13)      ; 0 (0)             ; 7 (7)            ; |mips_mono|bank_reg_32x32bit:BancoRegistradores|mux_32x1_32bit:115|mux_2x1_32bit:20|mux_2x1_8bit:19|mux_2x1_1bit:24                                    ; work         ;
;                |mux_2x1_1bit:25|             ; 20 (20)     ; 0 (0)                     ; 0 (0)         ; 0           ; 0    ; 0            ; 0       ; 0         ; 0    ; 0            ; 7 (7)        ; 0 (0)             ; 13 (13)          ; |mips_mono|bank_reg_32x32bit:BancoRegistradores|mux_32x1_32bit:115|mux_2x1_32bit:20|mux_2x1_8bit:19|mux_2x1_1bit:25                                    ; work         ;
;                |mux_2x1_1bit:26|             ; 20 (20)     ; 0 (0)                     ; 0 (0)         ; 0           ; 0    ; 0            ; 0       ; 0         ; 0    ; 0            ; 13 (13)      ; 0 (0)             ; 7 (7)            ; |mips_mono|bank_reg_32x32bit:BancoRegistradores|mux_32x1_32bit:115|mux_2x1_32bit:20|mux_2x1_8bit:19|mux_2x1_1bit:26                                    ; work         ;
;                |mux_2x1_1bit:27|             ; 20 (20)     ; 0 (0)                     ; 0 (0)         ; 0           ; 0    ; 0            ; 0       ; 0         ; 0    ; 0            ; 12 (12)      ; 0 (0)             ; 8 (8)            ; |mips_mono|bank_reg_32x32bit:BancoRegistradores|mux_32x1_32bit:115|mux_2x1_32bit:20|mux_2x1_8bit:19|mux_2x1_1bit:27                                    ; work         ;
;                |mux_2x1_1bit:28|             ; 20 (20)     ; 0 (0)                     ; 0 (0)         ; 0           ; 0    ; 0            ; 0       ; 0         ; 0    ; 0            ; 8 (8)        ; 0 (0)             ; 12 (12)          ; |mips_mono|bank_reg_32x32bit:BancoRegistradores|mux_32x1_32bit:115|mux_2x1_32bit:20|mux_2x1_8bit:19|mux_2x1_1bit:28                                    ; work         ;
;                |mux_2x1_1bit:29|             ; 20 (20)     ; 0 (0)                     ; 0 (0)         ; 0           ; 0    ; 0            ; 0       ; 0         ; 0    ; 0            ; 12 (12)      ; 0 (0)             ; 8 (8)            ; |mips_mono|bank_reg_32x32bit:BancoRegistradores|mux_32x1_32bit:115|mux_2x1_32bit:20|mux_2x1_8bit:19|mux_2x1_1bit:29                                    ; work         ;
;             |mux_2x1_8bit:20|                ; 160 (0)     ; 0 (0)                     ; 0 (0)         ; 0           ; 0    ; 0            ; 0       ; 0         ; 0    ; 0            ; 92 (0)       ; 0 (0)             ; 68 (0)           ; |mips_mono|bank_reg_32x32bit:BancoRegistradores|mux_32x1_32bit:115|mux_2x1_32bit:20|mux_2x1_8bit:20                                                    ; work         ;
;                |mux_2x1_1bit:20|             ; 20 (20)     ; 0 (0)                     ; 0 (0)         ; 0           ; 0    ; 0            ; 0       ; 0         ; 0    ; 0            ; 11 (11)      ; 0 (0)             ; 9 (9)            ; |mips_mono|bank_reg_32x32bit:BancoRegistradores|mux_32x1_32bit:115|mux_2x1_32bit:20|mux_2x1_8bit:20|mux_2x1_1bit:20                                    ; work         ;
;                |mux_2x1_1bit:23|             ; 20 (20)     ; 0 (0)                     ; 0 (0)         ; 0           ; 0    ; 0            ; 0       ; 0         ; 0    ; 0            ; 12 (12)      ; 0 (0)             ; 8 (8)            ; |mips_mono|bank_reg_32x32bit:BancoRegistradores|mux_32x1_32bit:115|mux_2x1_32bit:20|mux_2x1_8bit:20|mux_2x1_1bit:23                                    ; work         ;
;                |mux_2x1_1bit:24|             ; 20 (20)     ; 0 (0)                     ; 0 (0)         ; 0           ; 0    ; 0            ; 0       ; 0         ; 0    ; 0            ; 11 (11)      ; 0 (0)             ; 9 (9)            ; |mips_mono|bank_reg_32x32bit:BancoRegistradores|mux_32x1_32bit:115|mux_2x1_32bit:20|mux_2x1_8bit:20|mux_2x1_1bit:24                                    ; work         ;
;                |mux_2x1_1bit:25|             ; 20 (20)     ; 0 (0)                     ; 0 (0)         ; 0           ; 0    ; 0            ; 0       ; 0         ; 0    ; 0            ; 13 (13)      ; 0 (0)             ; 7 (7)            ; |mips_mono|bank_reg_32x32bit:BancoRegistradores|mux_32x1_32bit:115|mux_2x1_32bit:20|mux_2x1_8bit:20|mux_2x1_1bit:25                                    ; work         ;
;                |mux_2x1_1bit:26|             ; 20 (20)     ; 0 (0)                     ; 0 (0)         ; 0           ; 0    ; 0            ; 0       ; 0         ; 0    ; 0            ; 8 (8)        ; 0 (0)             ; 12 (12)          ; |mips_mono|bank_reg_32x32bit:BancoRegistradores|mux_32x1_32bit:115|mux_2x1_32bit:20|mux_2x1_8bit:20|mux_2x1_1bit:26                                    ; work         ;
;                |mux_2x1_1bit:27|             ; 20 (20)     ; 0 (0)                     ; 0 (0)         ; 0           ; 0    ; 0            ; 0       ; 0         ; 0    ; 0            ; 11 (11)      ; 0 (0)             ; 9 (9)            ; |mips_mono|bank_reg_32x32bit:BancoRegistradores|mux_32x1_32bit:115|mux_2x1_32bit:20|mux_2x1_8bit:20|mux_2x1_1bit:27                                    ; work         ;
;                |mux_2x1_1bit:28|             ; 20 (20)     ; 0 (0)                     ; 0 (0)         ; 0           ; 0    ; 0            ; 0       ; 0         ; 0    ; 0            ; 13 (13)      ; 0 (0)             ; 7 (7)            ; |mips_mono|bank_reg_32x32bit:BancoRegistradores|mux_32x1_32bit:115|mux_2x1_32bit:20|mux_2x1_8bit:20|mux_2x1_1bit:28                                    ; work         ;
;                |mux_2x1_1bit:29|             ; 20 (20)     ; 0 (0)                     ; 0 (0)         ; 0           ; 0    ; 0            ; 0       ; 0         ; 0    ; 0            ; 13 (13)      ; 0 (0)             ; 7 (7)            ; |mips_mono|bank_reg_32x32bit:BancoRegistradores|mux_32x1_32bit:115|mux_2x1_32bit:20|mux_2x1_8bit:20|mux_2x1_1bit:29                                    ; work         ;
;             |mux_2x1_8bit:21|                ; 164 (0)     ; 0 (0)                     ; 0 (0)         ; 0           ; 0    ; 0            ; 0       ; 0         ; 0    ; 0            ; 89 (0)       ; 0 (0)             ; 75 (0)           ; |mips_mono|bank_reg_32x32bit:BancoRegistradores|mux_32x1_32bit:115|mux_2x1_32bit:20|mux_2x1_8bit:21                                                    ; work         ;
;                |mux_2x1_1bit:20|             ; 20 (20)     ; 0 (0)                     ; 0 (0)         ; 0           ; 0    ; 0            ; 0       ; 0         ; 0    ; 0            ; 8 (8)        ; 0 (0)             ; 12 (12)          ; |mips_mono|bank_reg_32x32bit:BancoRegistradores|mux_32x1_32bit:115|mux_2x1_32bit:20|mux_2x1_8bit:21|mux_2x1_1bit:20                                    ; work         ;
;                |mux_2x1_1bit:23|             ; 20 (20)     ; 0 (0)                     ; 0 (0)         ; 0           ; 0    ; 0            ; 0       ; 0         ; 0    ; 0            ; 8 (8)        ; 0 (0)             ; 12 (12)          ; |mips_mono|bank_reg_32x32bit:BancoRegistradores|mux_32x1_32bit:115|mux_2x1_32bit:20|mux_2x1_8bit:21|mux_2x1_1bit:23                                    ; work         ;
;                |mux_2x1_1bit:24|             ; 20 (20)     ; 0 (0)                     ; 0 (0)         ; 0           ; 0    ; 0            ; 0       ; 0         ; 0    ; 0            ; 12 (12)      ; 0 (0)             ; 8 (8)            ; |mips_mono|bank_reg_32x32bit:BancoRegistradores|mux_32x1_32bit:115|mux_2x1_32bit:20|mux_2x1_8bit:21|mux_2x1_1bit:24                                    ; work         ;
;                |mux_2x1_1bit:25|             ; 20 (20)     ; 0 (0)                     ; 0 (0)         ; 0           ; 0    ; 0            ; 0       ; 0         ; 0    ; 0            ; 10 (10)      ; 0 (0)             ; 10 (10)          ; |mips_mono|bank_reg_32x32bit:BancoRegistradores|mux_32x1_32bit:115|mux_2x1_32bit:20|mux_2x1_8bit:21|mux_2x1_1bit:25                                    ; work         ;
;                |mux_2x1_1bit:26|             ; 20 (20)     ; 0 (0)                     ; 0 (0)         ; 0           ; 0    ; 0            ; 0       ; 0         ; 0    ; 0            ; 14 (14)      ; 0 (0)             ; 6 (6)            ; |mips_mono|bank_reg_32x32bit:BancoRegistradores|mux_32x1_32bit:115|mux_2x1_32bit:20|mux_2x1_8bit:21|mux_2x1_1bit:26                                    ; work         ;
;                |mux_2x1_1bit:27|             ; 20 (20)     ; 0 (0)                     ; 0 (0)         ; 0           ; 0    ; 0            ; 0       ; 0         ; 0    ; 0            ; 8 (8)        ; 0 (0)             ; 12 (12)          ; |mips_mono|bank_reg_32x32bit:BancoRegistradores|mux_32x1_32bit:115|mux_2x1_32bit:20|mux_2x1_8bit:21|mux_2x1_1bit:27                                    ; work         ;
;                |mux_2x1_1bit:28|             ; 24 (24)     ; 0 (0)                     ; 0 (0)         ; 0           ; 0    ; 0            ; 0       ; 0         ; 0    ; 0            ; 16 (16)      ; 0 (0)             ; 8 (8)            ; |mips_mono|bank_reg_32x32bit:BancoRegistradores|mux_32x1_32bit:115|mux_2x1_32bit:20|mux_2x1_8bit:21|mux_2x1_1bit:28                                    ; work         ;
;                |mux_2x1_1bit:29|             ; 20 (20)     ; 0 (0)                     ; 0 (0)         ; 0           ; 0    ; 0            ; 0       ; 0         ; 0    ; 0            ; 13 (13)      ; 0 (0)             ; 7 (7)            ; |mips_mono|bank_reg_32x32bit:BancoRegistradores|mux_32x1_32bit:115|mux_2x1_32bit:20|mux_2x1_8bit:21|mux_2x1_1bit:29                                    ; work         ;
;       |mux_32x1_32bit:78|                    ; 736 (0)     ; 0 (0)                     ; 0 (0)         ; 0           ; 0    ; 0            ; 0       ; 0         ; 0    ; 0            ; 424 (0)      ; 0 (0)             ; 312 (0)          ; |mips_mono|bank_reg_32x32bit:BancoRegistradores|mux_32x1_32bit:78                                                                                      ; work         ;
;          |mux_16x1_32bit:18|                 ; 271 (0)     ; 0 (0)                     ; 0 (0)         ; 0           ; 0    ; 0            ; 0       ; 0         ; 0    ; 0            ; 133 (0)      ; 0 (0)             ; 138 (0)          ; |mips_mono|bank_reg_32x32bit:BancoRegistradores|mux_32x1_32bit:78|mux_16x1_32bit:18                                                                    ; work         ;
;             |mux_4x1_32bit:28|               ; 31 (0)      ; 0 (0)                     ; 0 (0)         ; 0           ; 0    ; 0            ; 0       ; 0         ; 0    ; 0            ; 16 (0)       ; 0 (0)             ; 15 (0)           ; |mips_mono|bank_reg_32x32bit:BancoRegistradores|mux_32x1_32bit:78|mux_16x1_32bit:18|mux_4x1_32bit:28                                                   ; work         ;
;                |mux_2x1_32bit:23|            ; 31 (0)      ; 0 (0)                     ; 0 (0)         ; 0           ; 0    ; 0            ; 0       ; 0         ; 0    ; 0            ; 16 (0)       ; 0 (0)             ; 15 (0)           ; |mips_mono|bank_reg_32x32bit:BancoRegistradores|mux_32x1_32bit:78|mux_16x1_32bit:18|mux_4x1_32bit:28|mux_2x1_32bit:23                                  ; work         ;
;                   |mux_2x1_8bit:18|          ; 7 (0)       ; 0 (0)                     ; 0 (0)         ; 0           ; 0    ; 0            ; 0       ; 0         ; 0    ; 0            ; 3 (0)        ; 0 (0)             ; 4 (0)            ; |mips_mono|bank_reg_32x32bit:BancoRegistradores|mux_32x1_32bit:78|mux_16x1_32bit:18|mux_4x1_32bit:28|mux_2x1_32bit:23|mux_2x1_8bit:18                  ; work         ;
;                      |mux_2x1_1bit:23|       ; 1 (1)       ; 0 (0)                     ; 0 (0)         ; 0           ; 0    ; 0            ; 0       ; 0         ; 0    ; 0            ; 1 (1)        ; 0 (0)             ; 0 (0)            ; |mips_mono|bank_reg_32x32bit:BancoRegistradores|mux_32x1_32bit:78|mux_16x1_32bit:18|mux_4x1_32bit:28|mux_2x1_32bit:23|mux_2x1_8bit:18|mux_2x1_1bit:23  ; work         ;
;                      |mux_2x1_1bit:24|       ; 1 (1)       ; 0 (0)                     ; 0 (0)         ; 0           ; 0    ; 0            ; 0       ; 0         ; 0    ; 0            ; 1 (1)        ; 0 (0)             ; 0 (0)            ; |mips_mono|bank_reg_32x32bit:BancoRegistradores|mux_32x1_32bit:78|mux_16x1_32bit:18|mux_4x1_32bit:28|mux_2x1_32bit:23|mux_2x1_8bit:18|mux_2x1_1bit:24  ; work         ;
;                      |mux_2x1_1bit:25|       ; 1 (1)       ; 0 (0)                     ; 0 (0)         ; 0           ; 0    ; 0            ; 0       ; 0         ; 0    ; 0            ; 1 (1)        ; 0 (0)             ; 0 (0)            ; |mips_mono|bank_reg_32x32bit:BancoRegistradores|mux_32x1_32bit:78|mux_16x1_32bit:18|mux_4x1_32bit:28|mux_2x1_32bit:23|mux_2x1_8bit:18|mux_2x1_1bit:25  ; work         ;
;                      |mux_2x1_1bit:26|       ; 1 (1)       ; 0 (0)                     ; 0 (0)         ; 0           ; 0    ; 0            ; 0       ; 0         ; 0    ; 0            ; 0 (0)        ; 0 (0)             ; 1 (1)            ; |mips_mono|bank_reg_32x32bit:BancoRegistradores|mux_32x1_32bit:78|mux_16x1_32bit:18|mux_4x1_32bit:28|mux_2x1_32bit:23|mux_2x1_8bit:18|mux_2x1_1bit:26  ; work         ;
;                      |mux_2x1_1bit:27|       ; 1 (1)       ; 0 (0)                     ; 0 (0)         ; 0           ; 0    ; 0            ; 0       ; 0         ; 0    ; 0            ; 0 (0)        ; 0 (0)             ; 1 (1)            ; |mips_mono|bank_reg_32x32bit:BancoRegistradores|mux_32x1_32bit:78|mux_16x1_32bit:18|mux_4x1_32bit:28|mux_2x1_32bit:23|mux_2x1_8bit:18|mux_2x1_1bit:27  ; work         ;
;                      |mux_2x1_1bit:28|       ; 1 (1)       ; 0 (0)                     ; 0 (0)         ; 0           ; 0    ; 0            ; 0       ; 0         ; 0    ; 0            ; 0 (0)        ; 0 (0)             ; 1 (1)            ; |mips_mono|bank_reg_32x32bit:BancoRegistradores|mux_32x1_32bit:78|mux_16x1_32bit:18|mux_4x1_32bit:28|mux_2x1_32bit:23|mux_2x1_8bit:18|mux_2x1_1bit:28  ; work         ;
;                      |mux_2x1_1bit:29|       ; 1 (1)       ; 0 (0)                     ; 0 (0)         ; 0           ; 0    ; 0            ; 0       ; 0         ; 0    ; 0            ; 0 (0)        ; 0 (0)             ; 1 (1)            ; |mips_mono|bank_reg_32x32bit:BancoRegistradores|mux_32x1_32bit:78|mux_16x1_32bit:18|mux_4x1_32bit:28|mux_2x1_32bit:23|mux_2x1_8bit:18|mux_2x1_1bit:29  ; work         ;
;                   |mux_2x1_8bit:19|          ; 8 (0)       ; 0 (0)                     ; 0 (0)         ; 0           ; 0    ; 0            ; 0       ; 0         ; 0    ; 0            ; 1 (0)        ; 0 (0)             ; 7 (0)            ; |mips_mono|bank_reg_32x32bit:BancoRegistradores|mux_32x1_32bit:78|mux_16x1_32bit:18|mux_4x1_32bit:28|mux_2x1_32bit:23|mux_2x1_8bit:19                  ; work         ;
;                      |mux_2x1_1bit:20|       ; 1 (1)       ; 0 (0)                     ; 0 (0)         ; 0           ; 0    ; 0            ; 0       ; 0         ; 0    ; 0            ; 1 (1)        ; 0 (0)             ; 0 (0)            ; |mips_mono|bank_reg_32x32bit:BancoRegistradores|mux_32x1_32bit:78|mux_16x1_32bit:18|mux_4x1_32bit:28|mux_2x1_32bit:23|mux_2x1_8bit:19|mux_2x1_1bit:20  ; work         ;
;                      |mux_2x1_1bit:23|       ; 1 (1)       ; 0 (0)                     ; 0 (0)         ; 0           ; 0    ; 0            ; 0       ; 0         ; 0    ; 0            ; 0 (0)        ; 0 (0)             ; 1 (1)            ; |mips_mono|bank_reg_32x32bit:BancoRegistradores|mux_32x1_32bit:78|mux_16x1_32bit:18|mux_4x1_32bit:28|mux_2x1_32bit:23|mux_2x1_8bit:19|mux_2x1_1bit:23  ; work         ;
;                      |mux_2x1_1bit:24|       ; 1 (1)       ; 0 (0)                     ; 0 (0)         ; 0           ; 0    ; 0            ; 0       ; 0         ; 0    ; 0            ; 0 (0)        ; 0 (0)             ; 1 (1)            ; |mips_mono|bank_reg_32x32bit:BancoRegistradores|mux_32x1_32bit:78|mux_16x1_32bit:18|mux_4x1_32bit:28|mux_2x1_32bit:23|mux_2x1_8bit:19|mux_2x1_1bit:24  ; work         ;
;                      |mux_2x1_1bit:25|       ; 1 (1)       ; 0 (0)                     ; 0 (0)         ; 0           ; 0    ; 0            ; 0       ; 0         ; 0    ; 0            ; 0 (0)        ; 0 (0)             ; 1 (1)            ; |mips_mono|bank_reg_32x32bit:BancoRegistradores|mux_32x1_32bit:78|mux_16x1_32bit:18|mux_4x1_32bit:28|mux_2x1_32bit:23|mux_2x1_8bit:19|mux_2x1_1bit:25  ; work         ;
;                      |mux_2x1_1bit:26|       ; 1 (1)       ; 0 (0)                     ; 0 (0)         ; 0           ; 0    ; 0            ; 0       ; 0         ; 0    ; 0            ; 0 (0)        ; 0 (0)             ; 1 (1)            ; |mips_mono|bank_reg_32x32bit:BancoRegistradores|mux_32x1_32bit:78|mux_16x1_32bit:18|mux_4x1_32bit:28|mux_2x1_32bit:23|mux_2x1_8bit:19|mux_2x1_1bit:26  ; work         ;
;                      |mux_2x1_1bit:27|       ; 1 (1)       ; 0 (0)                     ; 0 (0)         ; 0           ; 0    ; 0            ; 0       ; 0         ; 0    ; 0            ; 0 (0)        ; 0 (0)             ; 1 (1)            ; |mips_mono|bank_reg_32x32bit:BancoRegistradores|mux_32x1_32bit:78|mux_16x1_32bit:18|mux_4x1_32bit:28|mux_2x1_32bit:23|mux_2x1_8bit:19|mux_2x1_1bit:27  ; work         ;
;                      |mux_2x1_1bit:28|       ; 1 (1)       ; 0 (0)                     ; 0 (0)         ; 0           ; 0    ; 0            ; 0       ; 0         ; 0    ; 0            ; 0 (0)        ; 0 (0)             ; 1 (1)            ; |mips_mono|bank_reg_32x32bit:BancoRegistradores|mux_32x1_32bit:78|mux_16x1_32bit:18|mux_4x1_32bit:28|mux_2x1_32bit:23|mux_2x1_8bit:19|mux_2x1_1bit:28  ; work         ;
;                      |mux_2x1_1bit:29|       ; 1 (1)       ; 0 (0)                     ; 0 (0)         ; 0           ; 0    ; 0            ; 0       ; 0         ; 0    ; 0            ; 0 (0)        ; 0 (0)             ; 1 (1)            ; |mips_mono|bank_reg_32x32bit:BancoRegistradores|mux_32x1_32bit:78|mux_16x1_32bit:18|mux_4x1_32bit:28|mux_2x1_32bit:23|mux_2x1_8bit:19|mux_2x1_1bit:29  ; work         ;
;                   |mux_2x1_8bit:20|          ; 8 (0)       ; 0 (0)                     ; 0 (0)         ; 0           ; 0    ; 0            ; 0       ; 0         ; 0    ; 0            ; 7 (0)        ; 0 (0)             ; 1 (0)            ; |mips_mono|bank_reg_32x32bit:BancoRegistradores|mux_32x1_32bit:78|mux_16x1_32bit:18|mux_4x1_32bit:28|mux_2x1_32bit:23|mux_2x1_8bit:20                  ; work         ;
;                      |mux_2x1_1bit:20|       ; 1 (1)       ; 0 (0)                     ; 0 (0)         ; 0           ; 0    ; 0            ; 0       ; 0         ; 0    ; 0            ; 1 (1)        ; 0 (0)             ; 0 (0)            ; |mips_mono|bank_reg_32x32bit:BancoRegistradores|mux_32x1_32bit:78|mux_16x1_32bit:18|mux_4x1_32bit:28|mux_2x1_32bit:23|mux_2x1_8bit:20|mux_2x1_1bit:20  ; work         ;
;                      |mux_2x1_1bit:23|       ; 1 (1)       ; 0 (0)                     ; 0 (0)         ; 0           ; 0    ; 0            ; 0       ; 0         ; 0    ; 0            ; 1 (1)        ; 0 (0)             ; 0 (0)            ; |mips_mono|bank_reg_32x32bit:BancoRegistradores|mux_32x1_32bit:78|mux_16x1_32bit:18|mux_4x1_32bit:28|mux_2x1_32bit:23|mux_2x1_8bit:20|mux_2x1_1bit:23  ; work         ;
;                      |mux_2x1_1bit:24|       ; 1 (1)       ; 0 (0)                     ; 0 (0)         ; 0           ; 0    ; 0            ; 0       ; 0         ; 0    ; 0            ; 1 (1)        ; 0 (0)             ; 0 (0)            ; |mips_mono|bank_reg_32x32bit:BancoRegistradores|mux_32x1_32bit:78|mux_16x1_32bit:18|mux_4x1_32bit:28|mux_2x1_32bit:23|mux_2x1_8bit:20|mux_2x1_1bit:24  ; work         ;
;                      |mux_2x1_1bit:25|       ; 1 (1)       ; 0 (0)                     ; 0 (0)         ; 0           ; 0    ; 0            ; 0       ; 0         ; 0    ; 0            ; 1 (1)        ; 0 (0)             ; 0 (0)            ; |mips_mono|bank_reg_32x32bit:BancoRegistradores|mux_32x1_32bit:78|mux_16x1_32bit:18|mux_4x1_32bit:28|mux_2x1_32bit:23|mux_2x1_8bit:20|mux_2x1_1bit:25  ; work         ;
;                      |mux_2x1_1bit:26|       ; 1 (1)       ; 0 (0)                     ; 0 (0)         ; 0           ; 0    ; 0            ; 0       ; 0         ; 0    ; 0            ; 1 (1)        ; 0 (0)             ; 0 (0)            ; |mips_mono|bank_reg_32x32bit:BancoRegistradores|mux_32x1_32bit:78|mux_16x1_32bit:18|mux_4x1_32bit:28|mux_2x1_32bit:23|mux_2x1_8bit:20|mux_2x1_1bit:26  ; work         ;
;                      |mux_2x1_1bit:27|       ; 1 (1)       ; 0 (0)                     ; 0 (0)         ; 0           ; 0    ; 0            ; 0       ; 0         ; 0    ; 0            ; 1 (1)        ; 0 (0)             ; 0 (0)            ; |mips_mono|bank_reg_32x32bit:BancoRegistradores|mux_32x1_32bit:78|mux_16x1_32bit:18|mux_4x1_32bit:28|mux_2x1_32bit:23|mux_2x1_8bit:20|mux_2x1_1bit:27  ; work         ;
;                      |mux_2x1_1bit:28|       ; 1 (1)       ; 0 (0)                     ; 0 (0)         ; 0           ; 0    ; 0            ; 0       ; 0         ; 0    ; 0            ; 1 (1)        ; 0 (0)             ; 0 (0)            ; |mips_mono|bank_reg_32x32bit:BancoRegistradores|mux_32x1_32bit:78|mux_16x1_32bit:18|mux_4x1_32bit:28|mux_2x1_32bit:23|mux_2x1_8bit:20|mux_2x1_1bit:28  ; work         ;
;                      |mux_2x1_1bit:29|       ; 1 (1)       ; 0 (0)                     ; 0 (0)         ; 0           ; 0    ; 0            ; 0       ; 0         ; 0    ; 0            ; 0 (0)        ; 0 (0)             ; 1 (1)            ; |mips_mono|bank_reg_32x32bit:BancoRegistradores|mux_32x1_32bit:78|mux_16x1_32bit:18|mux_4x1_32bit:28|mux_2x1_32bit:23|mux_2x1_8bit:20|mux_2x1_1bit:29  ; work         ;
;                   |mux_2x1_8bit:21|          ; 8 (0)       ; 0 (0)                     ; 0 (0)         ; 0           ; 0    ; 0            ; 0       ; 0         ; 0    ; 0            ; 5 (0)        ; 0 (0)             ; 3 (0)            ; |mips_mono|bank_reg_32x32bit:BancoRegistradores|mux_32x1_32bit:78|mux_16x1_32bit:18|mux_4x1_32bit:28|mux_2x1_32bit:23|mux_2x1_8bit:21                  ; work         ;
;                      |mux_2x1_1bit:20|       ; 1 (1)       ; 0 (0)                     ; 0 (0)         ; 0           ; 0    ; 0            ; 0       ; 0         ; 0    ; 0            ; 0 (0)        ; 0 (0)             ; 1 (1)            ; |mips_mono|bank_reg_32x32bit:BancoRegistradores|mux_32x1_32bit:78|mux_16x1_32bit:18|mux_4x1_32bit:28|mux_2x1_32bit:23|mux_2x1_8bit:21|mux_2x1_1bit:20  ; work         ;
;                      |mux_2x1_1bit:23|       ; 1 (1)       ; 0 (0)                     ; 0 (0)         ; 0           ; 0    ; 0            ; 0       ; 0         ; 0    ; 0            ; 1 (1)        ; 0 (0)             ; 0 (0)            ; |mips_mono|bank_reg_32x32bit:BancoRegistradores|mux_32x1_32bit:78|mux_16x1_32bit:18|mux_4x1_32bit:28|mux_2x1_32bit:23|mux_2x1_8bit:21|mux_2x1_1bit:23  ; work         ;
;                      |mux_2x1_1bit:24|       ; 1 (1)       ; 0 (0)                     ; 0 (0)         ; 0           ; 0    ; 0            ; 0       ; 0         ; 0    ; 0            ; 1 (1)        ; 0 (0)             ; 0 (0)            ; |mips_mono|bank_reg_32x32bit:BancoRegistradores|mux_32x1_32bit:78|mux_16x1_32bit:18|mux_4x1_32bit:28|mux_2x1_32bit:23|mux_2x1_8bit:21|mux_2x1_1bit:24  ; work         ;
;                      |mux_2x1_1bit:25|       ; 1 (1)       ; 0 (0)                     ; 0 (0)         ; 0           ; 0    ; 0            ; 0       ; 0         ; 0    ; 0            ; 1 (1)        ; 0 (0)             ; 0 (0)            ; |mips_mono|bank_reg_32x32bit:BancoRegistradores|mux_32x1_32bit:78|mux_16x1_32bit:18|mux_4x1_32bit:28|mux_2x1_32bit:23|mux_2x1_8bit:21|mux_2x1_1bit:25  ; work         ;
;                      |mux_2x1_1bit:26|       ; 1 (1)       ; 0 (0)                     ; 0 (0)         ; 0           ; 0    ; 0            ; 0       ; 0         ; 0    ; 0            ; 0 (0)        ; 0 (0)             ; 1 (1)            ; |mips_mono|bank_reg_32x32bit:BancoRegistradores|mux_32x1_32bit:78|mux_16x1_32bit:18|mux_4x1_32bit:28|mux_2x1_32bit:23|mux_2x1_8bit:21|mux_2x1_1bit:26  ; work         ;
;                      |mux_2x1_1bit:27|       ; 1 (1)       ; 0 (0)                     ; 0 (0)         ; 0           ; 0    ; 0            ; 0       ; 0         ; 0    ; 0            ; 0 (0)        ; 0 (0)             ; 1 (1)            ; |mips_mono|bank_reg_32x32bit:BancoRegistradores|mux_32x1_32bit:78|mux_16x1_32bit:18|mux_4x1_32bit:28|mux_2x1_32bit:23|mux_2x1_8bit:21|mux_2x1_1bit:27  ; work         ;
;                      |mux_2x1_1bit:28|       ; 1 (1)       ; 0 (0)                     ; 0 (0)         ; 0           ; 0    ; 0            ; 0       ; 0         ; 0    ; 0            ; 1 (1)        ; 0 (0)             ; 0 (0)            ; |mips_mono|bank_reg_32x32bit:BancoRegistradores|mux_32x1_32bit:78|mux_16x1_32bit:18|mux_4x1_32bit:28|mux_2x1_32bit:23|mux_2x1_8bit:21|mux_2x1_1bit:28  ; work         ;
;                      |mux_2x1_1bit:29|       ; 1 (1)       ; 0 (0)                     ; 0 (0)         ; 0           ; 0    ; 0            ; 0       ; 0         ; 0    ; 0            ; 1 (1)        ; 0 (0)             ; 0 (0)            ; |mips_mono|bank_reg_32x32bit:BancoRegistradores|mux_32x1_32bit:78|mux_16x1_32bit:18|mux_4x1_32bit:28|mux_2x1_32bit:23|mux_2x1_8bit:21|mux_2x1_1bit:29  ; work         ;
;             |mux_4x1_32bit:32|               ; 240 (0)     ; 0 (0)                     ; 0 (0)         ; 0           ; 0    ; 0            ; 0       ; 0         ; 0    ; 0            ; 117 (0)      ; 0 (0)             ; 123 (0)          ; |mips_mono|bank_reg_32x32bit:BancoRegistradores|mux_32x1_32bit:78|mux_16x1_32bit:18|mux_4x1_32bit:32                                                   ; work         ;
;                |mux_2x1_32bit:25|            ; 240 (0)     ; 0 (0)                     ; 0 (0)         ; 0           ; 0    ; 0            ; 0       ; 0         ; 0    ; 0            ; 117 (0)      ; 0 (0)             ; 123 (0)          ; |mips_mono|bank_reg_32x32bit:BancoRegistradores|mux_32x1_32bit:78|mux_16x1_32bit:18|mux_4x1_32bit:32|mux_2x1_32bit:25                                  ; work         ;
;                   |mux_2x1_8bit:18|          ; 56 (0)      ; 0 (0)                     ; 0 (0)         ; 0           ; 0    ; 0            ; 0       ; 0         ; 0    ; 0            ; 28 (0)       ; 0 (0)             ; 28 (0)           ; |mips_mono|bank_reg_32x32bit:BancoRegistradores|mux_32x1_32bit:78|mux_16x1_32bit:18|mux_4x1_32bit:32|mux_2x1_32bit:25|mux_2x1_8bit:18                  ; work         ;
;                      |mux_2x1_1bit:23|       ; 8 (8)       ; 0 (0)                     ; 0 (0)         ; 0           ; 0    ; 0            ; 0       ; 0         ; 0    ; 0            ; 6 (6)        ; 0 (0)             ; 2 (2)            ; |mips_mono|bank_reg_32x32bit:BancoRegistradores|mux_32x1_32bit:78|mux_16x1_32bit:18|mux_4x1_32bit:32|mux_2x1_32bit:25|mux_2x1_8bit:18|mux_2x1_1bit:23  ; work         ;
;                      |mux_2x1_1bit:24|       ; 8 (8)       ; 0 (0)                     ; 0 (0)         ; 0           ; 0    ; 0            ; 0       ; 0         ; 0    ; 0            ; 4 (4)        ; 0 (0)             ; 4 (4)            ; |mips_mono|bank_reg_32x32bit:BancoRegistradores|mux_32x1_32bit:78|mux_16x1_32bit:18|mux_4x1_32bit:32|mux_2x1_32bit:25|mux_2x1_8bit:18|mux_2x1_1bit:24  ; work         ;
;                      |mux_2x1_1bit:25|       ; 8 (8)       ; 0 (0)                     ; 0 (0)         ; 0           ; 0    ; 0            ; 0       ; 0         ; 0    ; 0            ; 4 (4)        ; 0 (0)             ; 4 (4)            ; |mips_mono|bank_reg_32x32bit:BancoRegistradores|mux_32x1_32bit:78|mux_16x1_32bit:18|mux_4x1_32bit:32|mux_2x1_32bit:25|mux_2x1_8bit:18|mux_2x1_1bit:25  ; work         ;
;                      |mux_2x1_1bit:26|       ; 8 (8)       ; 0 (0)                     ; 0 (0)         ; 0           ; 0    ; 0            ; 0       ; 0         ; 0    ; 0            ; 3 (3)        ; 0 (0)             ; 5 (5)            ; |mips_mono|bank_reg_32x32bit:BancoRegistradores|mux_32x1_32bit:78|mux_16x1_32bit:18|mux_4x1_32bit:32|mux_2x1_32bit:25|mux_2x1_8bit:18|mux_2x1_1bit:26  ; work         ;
;                      |mux_2x1_1bit:27|       ; 8 (8)       ; 0 (0)                     ; 0 (0)         ; 0           ; 0    ; 0            ; 0       ; 0         ; 0    ; 0            ; 3 (3)        ; 0 (0)             ; 5 (5)            ; |mips_mono|bank_reg_32x32bit:BancoRegistradores|mux_32x1_32bit:78|mux_16x1_32bit:18|mux_4x1_32bit:32|mux_2x1_32bit:25|mux_2x1_8bit:18|mux_2x1_1bit:27  ; work         ;
;                      |mux_2x1_1bit:28|       ; 8 (8)       ; 0 (0)                     ; 0 (0)         ; 0           ; 0    ; 0            ; 0       ; 0         ; 0    ; 0            ; 4 (4)        ; 0 (0)             ; 4 (4)            ; |mips_mono|bank_reg_32x32bit:BancoRegistradores|mux_32x1_32bit:78|mux_16x1_32bit:18|mux_4x1_32bit:32|mux_2x1_32bit:25|mux_2x1_8bit:18|mux_2x1_1bit:28  ; work         ;
;                      |mux_2x1_1bit:29|       ; 8 (8)       ; 0 (0)                     ; 0 (0)         ; 0           ; 0    ; 0            ; 0       ; 0         ; 0    ; 0            ; 4 (4)        ; 0 (0)             ; 4 (4)            ; |mips_mono|bank_reg_32x32bit:BancoRegistradores|mux_32x1_32bit:78|mux_16x1_32bit:18|mux_4x1_32bit:32|mux_2x1_32bit:25|mux_2x1_8bit:18|mux_2x1_1bit:29  ; work         ;
;                   |mux_2x1_8bit:19|          ; 64 (0)      ; 0 (0)                     ; 0 (0)         ; 0           ; 0    ; 0            ; 0       ; 0         ; 0    ; 0            ; 29 (0)       ; 0 (0)             ; 35 (0)           ; |mips_mono|bank_reg_32x32bit:BancoRegistradores|mux_32x1_32bit:78|mux_16x1_32bit:18|mux_4x1_32bit:32|mux_2x1_32bit:25|mux_2x1_8bit:19                  ; work         ;
;                      |mux_2x1_1bit:20|       ; 8 (8)       ; 0 (0)                     ; 0 (0)         ; 0           ; 0    ; 0            ; 0       ; 0         ; 0    ; 0            ; 3 (3)        ; 0 (0)             ; 5 (5)            ; |mips_mono|bank_reg_32x32bit:BancoRegistradores|mux_32x1_32bit:78|mux_16x1_32bit:18|mux_4x1_32bit:32|mux_2x1_32bit:25|mux_2x1_8bit:19|mux_2x1_1bit:20  ; work         ;
;                      |mux_2x1_1bit:23|       ; 8 (8)       ; 0 (0)                     ; 0 (0)         ; 0           ; 0    ; 0            ; 0       ; 0         ; 0    ; 0            ; 6 (6)        ; 0 (0)             ; 2 (2)            ; |mips_mono|bank_reg_32x32bit:BancoRegistradores|mux_32x1_32bit:78|mux_16x1_32bit:18|mux_4x1_32bit:32|mux_2x1_32bit:25|mux_2x1_8bit:19|mux_2x1_1bit:23  ; work         ;
;                      |mux_2x1_1bit:24|       ; 8 (8)       ; 0 (0)                     ; 0 (0)         ; 0           ; 0    ; 0            ; 0       ; 0         ; 0    ; 0            ; 3 (3)        ; 0 (0)             ; 5 (5)            ; |mips_mono|bank_reg_32x32bit:BancoRegistradores|mux_32x1_32bit:78|mux_16x1_32bit:18|mux_4x1_32bit:32|mux_2x1_32bit:25|mux_2x1_8bit:19|mux_2x1_1bit:24  ; work         ;
;                      |mux_2x1_1bit:25|       ; 8 (8)       ; 0 (0)                     ; 0 (0)         ; 0           ; 0    ; 0            ; 0       ; 0         ; 0    ; 0            ; 5 (5)        ; 0 (0)             ; 3 (3)            ; |mips_mono|bank_reg_32x32bit:BancoRegistradores|mux_32x1_32bit:78|mux_16x1_32bit:18|mux_4x1_32bit:32|mux_2x1_32bit:25|mux_2x1_8bit:19|mux_2x1_1bit:25  ; work         ;
;                      |mux_2x1_1bit:26|       ; 8 (8)       ; 0 (0)                     ; 0 (0)         ; 0           ; 0    ; 0            ; 0       ; 0         ; 0    ; 0            ; 4 (4)        ; 0 (0)             ; 4 (4)            ; |mips_mono|bank_reg_32x32bit:BancoRegistradores|mux_32x1_32bit:78|mux_16x1_32bit:18|mux_4x1_32bit:32|mux_2x1_32bit:25|mux_2x1_8bit:19|mux_2x1_1bit:26  ; work         ;
;                      |mux_2x1_1bit:27|       ; 8 (8)       ; 0 (0)                     ; 0 (0)         ; 0           ; 0    ; 0            ; 0       ; 0         ; 0    ; 0            ; 1 (1)        ; 0 (0)             ; 7 (7)            ; |mips_mono|bank_reg_32x32bit:BancoRegistradores|mux_32x1_32bit:78|mux_16x1_32bit:18|mux_4x1_32bit:32|mux_2x1_32bit:25|mux_2x1_8bit:19|mux_2x1_1bit:27  ; work         ;
;                      |mux_2x1_1bit:28|       ; 8 (8)       ; 0 (0)                     ; 0 (0)         ; 0           ; 0    ; 0            ; 0       ; 0         ; 0    ; 0            ; 4 (4)        ; 0 (0)             ; 4 (4)            ; |mips_mono|bank_reg_32x32bit:BancoRegistradores|mux_32x1_32bit:78|mux_16x1_32bit:18|mux_4x1_32bit:32|mux_2x1_32bit:25|mux_2x1_8bit:19|mux_2x1_1bit:28  ; work         ;
;                      |mux_2x1_1bit:29|       ; 8 (8)       ; 0 (0)                     ; 0 (0)         ; 0           ; 0    ; 0            ; 0       ; 0         ; 0    ; 0            ; 3 (3)        ; 0 (0)             ; 5 (5)            ; |mips_mono|bank_reg_32x32bit:BancoRegistradores|mux_32x1_32bit:78|mux_16x1_32bit:18|mux_4x1_32bit:32|mux_2x1_32bit:25|mux_2x1_8bit:19|mux_2x1_1bit:29  ; work         ;
;                   |mux_2x1_8bit:20|          ; 64 (0)      ; 0 (0)                     ; 0 (0)         ; 0           ; 0    ; 0            ; 0       ; 0         ; 0    ; 0            ; 35 (0)       ; 0 (0)             ; 29 (0)           ; |mips_mono|bank_reg_32x32bit:BancoRegistradores|mux_32x1_32bit:78|mux_16x1_32bit:18|mux_4x1_32bit:32|mux_2x1_32bit:25|mux_2x1_8bit:20                  ; work         ;
;                      |mux_2x1_1bit:20|       ; 8 (8)       ; 0 (0)                     ; 0 (0)         ; 0           ; 0    ; 0            ; 0       ; 0         ; 0    ; 0            ; 3 (3)        ; 0 (0)             ; 5 (5)            ; |mips_mono|bank_reg_32x32bit:BancoRegistradores|mux_32x1_32bit:78|mux_16x1_32bit:18|mux_4x1_32bit:32|mux_2x1_32bit:25|mux_2x1_8bit:20|mux_2x1_1bit:20  ; work         ;
;                      |mux_2x1_1bit:23|       ; 8 (8)       ; 0 (0)                     ; 0 (0)         ; 0           ; 0    ; 0            ; 0       ; 0         ; 0    ; 0            ; 5 (5)        ; 0 (0)             ; 3 (3)            ; |mips_mono|bank_reg_32x32bit:BancoRegistradores|mux_32x1_32bit:78|mux_16x1_32bit:18|mux_4x1_32bit:32|mux_2x1_32bit:25|mux_2x1_8bit:20|mux_2x1_1bit:23  ; work         ;
;                      |mux_2x1_1bit:24|       ; 8 (8)       ; 0 (0)                     ; 0 (0)         ; 0           ; 0    ; 0            ; 0       ; 0         ; 0    ; 0            ; 6 (6)        ; 0 (0)             ; 2 (2)            ; |mips_mono|bank_reg_32x32bit:BancoRegistradores|mux_32x1_32bit:78|mux_16x1_32bit:18|mux_4x1_32bit:32|mux_2x1_32bit:25|mux_2x1_8bit:20|mux_2x1_1bit:24  ; work         ;
;                      |mux_2x1_1bit:25|       ; 8 (8)       ; 0 (0)                     ; 0 (0)         ; 0           ; 0    ; 0            ; 0       ; 0         ; 0    ; 0            ; 5 (5)        ; 0 (0)             ; 3 (3)            ; |mips_mono|bank_reg_32x32bit:BancoRegistradores|mux_32x1_32bit:78|mux_16x1_32bit:18|mux_4x1_32bit:32|mux_2x1_32bit:25|mux_2x1_8bit:20|mux_2x1_1bit:25  ; work         ;
;                      |mux_2x1_1bit:26|       ; 8 (8)       ; 0 (0)                     ; 0 (0)         ; 0           ; 0    ; 0            ; 0       ; 0         ; 0    ; 0            ; 4 (4)        ; 0 (0)             ; 4 (4)            ; |mips_mono|bank_reg_32x32bit:BancoRegistradores|mux_32x1_32bit:78|mux_16x1_32bit:18|mux_4x1_32bit:32|mux_2x1_32bit:25|mux_2x1_8bit:20|mux_2x1_1bit:26  ; work         ;
;                      |mux_2x1_1bit:27|       ; 8 (8)       ; 0 (0)                     ; 0 (0)         ; 0           ; 0    ; 0            ; 0       ; 0         ; 0    ; 0            ; 4 (4)        ; 0 (0)             ; 4 (4)            ; |mips_mono|bank_reg_32x32bit:BancoRegistradores|mux_32x1_32bit:78|mux_16x1_32bit:18|mux_4x1_32bit:32|mux_2x1_32bit:25|mux_2x1_8bit:20|mux_2x1_1bit:27  ; work         ;
;                      |mux_2x1_1bit:28|       ; 8 (8)       ; 0 (0)                     ; 0 (0)         ; 0           ; 0    ; 0            ; 0       ; 0         ; 0    ; 0            ; 5 (5)        ; 0 (0)             ; 3 (3)            ; |mips_mono|bank_reg_32x32bit:BancoRegistradores|mux_32x1_32bit:78|mux_16x1_32bit:18|mux_4x1_32bit:32|mux_2x1_32bit:25|mux_2x1_8bit:20|mux_2x1_1bit:28  ; work         ;
;                      |mux_2x1_1bit:29|       ; 8 (8)       ; 0 (0)                     ; 0 (0)         ; 0           ; 0    ; 0            ; 0       ; 0         ; 0    ; 0            ; 3 (3)        ; 0 (0)             ; 5 (5)            ; |mips_mono|bank_reg_32x32bit:BancoRegistradores|mux_32x1_32bit:78|mux_16x1_32bit:18|mux_4x1_32bit:32|mux_2x1_32bit:25|mux_2x1_8bit:20|mux_2x1_1bit:29  ; work         ;
;                   |mux_2x1_8bit:21|          ; 56 (0)      ; 0 (0)                     ; 0 (0)         ; 0           ; 0    ; 0            ; 0       ; 0         ; 0    ; 0            ; 25 (0)       ; 0 (0)             ; 31 (0)           ; |mips_mono|bank_reg_32x32bit:BancoRegistradores|mux_32x1_32bit:78|mux_16x1_32bit:18|mux_4x1_32bit:32|mux_2x1_32bit:25|mux_2x1_8bit:21                  ; work         ;
;                      |mux_2x1_1bit:20|       ; 8 (8)       ; 0 (0)                     ; 0 (0)         ; 0           ; 0    ; 0            ; 0       ; 0         ; 0    ; 0            ; 4 (4)        ; 0 (0)             ; 4 (4)            ; |mips_mono|bank_reg_32x32bit:BancoRegistradores|mux_32x1_32bit:78|mux_16x1_32bit:18|mux_4x1_32bit:32|mux_2x1_32bit:25|mux_2x1_8bit:21|mux_2x1_1bit:20  ; work         ;
;                      |mux_2x1_1bit:23|       ; 8 (8)       ; 0 (0)                     ; 0 (0)         ; 0           ; 0    ; 0            ; 0       ; 0         ; 0    ; 0            ; 3 (3)        ; 0 (0)             ; 5 (5)            ; |mips_mono|bank_reg_32x32bit:BancoRegistradores|mux_32x1_32bit:78|mux_16x1_32bit:18|mux_4x1_32bit:32|mux_2x1_32bit:25|mux_2x1_8bit:21|mux_2x1_1bit:23  ; work         ;
;                      |mux_2x1_1bit:24|       ; 8 (8)       ; 0 (0)                     ; 0 (0)         ; 0           ; 0    ; 0            ; 0       ; 0         ; 0    ; 0            ; 4 (4)        ; 0 (0)             ; 4 (4)            ; |mips_mono|bank_reg_32x32bit:BancoRegistradores|mux_32x1_32bit:78|mux_16x1_32bit:18|mux_4x1_32bit:32|mux_2x1_32bit:25|mux_2x1_8bit:21|mux_2x1_1bit:24  ; work         ;
;                      |mux_2x1_1bit:25|       ; 8 (8)       ; 0 (0)                     ; 0 (0)         ; 0           ; 0    ; 0            ; 0       ; 0         ; 0    ; 0            ; 5 (5)        ; 0 (0)             ; 3 (3)            ; |mips_mono|bank_reg_32x32bit:BancoRegistradores|mux_32x1_32bit:78|mux_16x1_32bit:18|mux_4x1_32bit:32|mux_2x1_32bit:25|mux_2x1_8bit:21|mux_2x1_1bit:25  ; work         ;
;                      |mux_2x1_1bit:27|       ; 8 (8)       ; 0 (0)                     ; 0 (0)         ; 0           ; 0    ; 0            ; 0       ; 0         ; 0    ; 0            ; 2 (2)        ; 0 (0)             ; 6 (6)            ; |mips_mono|bank_reg_32x32bit:BancoRegistradores|mux_32x1_32bit:78|mux_16x1_32bit:18|mux_4x1_32bit:32|mux_2x1_32bit:25|mux_2x1_8bit:21|mux_2x1_1bit:27  ; work         ;
;                      |mux_2x1_1bit:28|       ; 8 (8)       ; 0 (0)                     ; 0 (0)         ; 0           ; 0    ; 0            ; 0       ; 0         ; 0    ; 0            ; 4 (4)        ; 0 (0)             ; 4 (4)            ; |mips_mono|bank_reg_32x32bit:BancoRegistradores|mux_32x1_32bit:78|mux_16x1_32bit:18|mux_4x1_32bit:32|mux_2x1_32bit:25|mux_2x1_8bit:21|mux_2x1_1bit:28  ; work         ;
;                      |mux_2x1_1bit:29|       ; 8 (8)       ; 0 (0)                     ; 0 (0)         ; 0           ; 0    ; 0            ; 0       ; 0         ; 0    ; 0            ; 3 (3)        ; 0 (0)             ; 5 (5)            ; |mips_mono|bank_reg_32x32bit:BancoRegistradores|mux_32x1_32bit:78|mux_16x1_32bit:18|mux_4x1_32bit:32|mux_2x1_32bit:25|mux_2x1_8bit:21|mux_2x1_1bit:29  ; work         ;
;          |mux_16x1_32bit:19|                 ; 300 (0)     ; 0 (0)                     ; 0 (0)         ; 0           ; 0    ; 0            ; 0       ; 0         ; 0    ; 0            ; 161 (0)      ; 0 (0)             ; 139 (0)          ; |mips_mono|bank_reg_32x32bit:BancoRegistradores|mux_32x1_32bit:78|mux_16x1_32bit:19                                                                    ; work         ;
;             |mux_4x1_32bit:32|               ; 300 (0)     ; 0 (0)                     ; 0 (0)         ; 0           ; 0    ; 0            ; 0       ; 0         ; 0    ; 0            ; 161 (0)      ; 0 (0)             ; 139 (0)          ; |mips_mono|bank_reg_32x32bit:BancoRegistradores|mux_32x1_32bit:78|mux_16x1_32bit:19|mux_4x1_32bit:32                                                   ; work         ;
;                |mux_2x1_32bit:25|            ; 300 (0)     ; 0 (0)                     ; 0 (0)         ; 0           ; 0    ; 0            ; 0       ; 0         ; 0    ; 0            ; 161 (0)      ; 0 (0)             ; 139 (0)          ; |mips_mono|bank_reg_32x32bit:BancoRegistradores|mux_32x1_32bit:78|mux_16x1_32bit:19|mux_4x1_32bit:32|mux_2x1_32bit:25                                  ; work         ;
;                   |mux_2x1_8bit:18|          ; 70 (0)      ; 0 (0)                     ; 0 (0)         ; 0           ; 0    ; 0            ; 0       ; 0         ; 0    ; 0            ; 46 (0)       ; 0 (0)             ; 24 (0)           ; |mips_mono|bank_reg_32x32bit:BancoRegistradores|mux_32x1_32bit:78|mux_16x1_32bit:19|mux_4x1_32bit:32|mux_2x1_32bit:25|mux_2x1_8bit:18                  ; work         ;
;                      |mux_2x1_1bit:23|       ; 10 (10)     ; 0 (0)                     ; 0 (0)         ; 0           ; 0    ; 0            ; 0       ; 0         ; 0    ; 0            ; 3 (3)        ; 0 (0)             ; 7 (7)            ; |mips_mono|bank_reg_32x32bit:BancoRegistradores|mux_32x1_32bit:78|mux_16x1_32bit:19|mux_4x1_32bit:32|mux_2x1_32bit:25|mux_2x1_8bit:18|mux_2x1_1bit:23  ; work         ;
;                      |mux_2x1_1bit:24|       ; 10 (10)     ; 0 (0)                     ; 0 (0)         ; 0           ; 0    ; 0            ; 0       ; 0         ; 0    ; 0            ; 9 (9)        ; 0 (0)             ; 1 (1)            ; |mips_mono|bank_reg_32x32bit:BancoRegistradores|mux_32x1_32bit:78|mux_16x1_32bit:19|mux_4x1_32bit:32|mux_2x1_32bit:25|mux_2x1_8bit:18|mux_2x1_1bit:24  ; work         ;
;                      |mux_2x1_1bit:25|       ; 10 (10)     ; 0 (0)                     ; 0 (0)         ; 0           ; 0    ; 0            ; 0       ; 0         ; 0    ; 0            ; 8 (8)        ; 0 (0)             ; 2 (2)            ; |mips_mono|bank_reg_32x32bit:BancoRegistradores|mux_32x1_32bit:78|mux_16x1_32bit:19|mux_4x1_32bit:32|mux_2x1_32bit:25|mux_2x1_8bit:18|mux_2x1_1bit:25  ; work         ;
;                      |mux_2x1_1bit:26|       ; 10 (10)     ; 0 (0)                     ; 0 (0)         ; 0           ; 0    ; 0            ; 0       ; 0         ; 0    ; 0            ; 5 (5)        ; 0 (0)             ; 5 (5)            ; |mips_mono|bank_reg_32x32bit:BancoRegistradores|mux_32x1_32bit:78|mux_16x1_32bit:19|mux_4x1_32bit:32|mux_2x1_32bit:25|mux_2x1_8bit:18|mux_2x1_1bit:26  ; work         ;
;                      |mux_2x1_1bit:27|       ; 10 (10)     ; 0 (0)                     ; 0 (0)         ; 0           ; 0    ; 0            ; 0       ; 0         ; 0    ; 0            ; 8 (8)        ; 0 (0)             ; 2 (2)            ; |mips_mono|bank_reg_32x32bit:BancoRegistradores|mux_32x1_32bit:78|mux_16x1_32bit:19|mux_4x1_32bit:32|mux_2x1_32bit:25|mux_2x1_8bit:18|mux_2x1_1bit:27  ; work         ;
;                      |mux_2x1_1bit:28|       ; 10 (10)     ; 0 (0)                     ; 0 (0)         ; 0           ; 0    ; 0            ; 0       ; 0         ; 0    ; 0            ; 8 (8)        ; 0 (0)             ; 2 (2)            ; |mips_mono|bank_reg_32x32bit:BancoRegistradores|mux_32x1_32bit:78|mux_16x1_32bit:19|mux_4x1_32bit:32|mux_2x1_32bit:25|mux_2x1_8bit:18|mux_2x1_1bit:28  ; work         ;
;                      |mux_2x1_1bit:29|       ; 10 (10)     ; 0 (0)                     ; 0 (0)         ; 0           ; 0    ; 0            ; 0       ; 0         ; 0    ; 0            ; 5 (5)        ; 0 (0)             ; 5 (5)            ; |mips_mono|bank_reg_32x32bit:BancoRegistradores|mux_32x1_32bit:78|mux_16x1_32bit:19|mux_4x1_32bit:32|mux_2x1_32bit:25|mux_2x1_8bit:18|mux_2x1_1bit:29  ; work         ;
;                   |mux_2x1_8bit:19|          ; 80 (0)      ; 0 (0)                     ; 0 (0)         ; 0           ; 0    ; 0            ; 0       ; 0         ; 0    ; 0            ; 46 (0)       ; 0 (0)             ; 34 (0)           ; |mips_mono|bank_reg_32x32bit:BancoRegistradores|mux_32x1_32bit:78|mux_16x1_32bit:19|mux_4x1_32bit:32|mux_2x1_32bit:25|mux_2x1_8bit:19                  ; work         ;
;                      |mux_2x1_1bit:20|       ; 10 (10)     ; 0 (0)                     ; 0 (0)         ; 0           ; 0    ; 0            ; 0       ; 0         ; 0    ; 0            ; 9 (9)        ; 0 (0)             ; 1 (1)            ; |mips_mono|bank_reg_32x32bit:BancoRegistradores|mux_32x1_32bit:78|mux_16x1_32bit:19|mux_4x1_32bit:32|mux_2x1_32bit:25|mux_2x1_8bit:19|mux_2x1_1bit:20  ; work         ;
;                      |mux_2x1_1bit:23|       ; 10 (10)     ; 0 (0)                     ; 0 (0)         ; 0           ; 0    ; 0            ; 0       ; 0         ; 0    ; 0            ; 6 (6)        ; 0 (0)             ; 4 (4)            ; |mips_mono|bank_reg_32x32bit:BancoRegistradores|mux_32x1_32bit:78|mux_16x1_32bit:19|mux_4x1_32bit:32|mux_2x1_32bit:25|mux_2x1_8bit:19|mux_2x1_1bit:23  ; work         ;
;                      |mux_2x1_1bit:24|       ; 10 (10)     ; 0 (0)                     ; 0 (0)         ; 0           ; 0    ; 0            ; 0       ; 0         ; 0    ; 0            ; 7 (7)        ; 0 (0)             ; 3 (3)            ; |mips_mono|bank_reg_32x32bit:BancoRegistradores|mux_32x1_32bit:78|mux_16x1_32bit:19|mux_4x1_32bit:32|mux_2x1_32bit:25|mux_2x1_8bit:19|mux_2x1_1bit:24  ; work         ;
;                      |mux_2x1_1bit:25|       ; 10 (10)     ; 0 (0)                     ; 0 (0)         ; 0           ; 0    ; 0            ; 0       ; 0         ; 0    ; 0            ; 6 (6)        ; 0 (0)             ; 4 (4)            ; |mips_mono|bank_reg_32x32bit:BancoRegistradores|mux_32x1_32bit:78|mux_16x1_32bit:19|mux_4x1_32bit:32|mux_2x1_32bit:25|mux_2x1_8bit:19|mux_2x1_1bit:25  ; work         ;
;                      |mux_2x1_1bit:26|       ; 10 (10)     ; 0 (0)                     ; 0 (0)         ; 0           ; 0    ; 0            ; 0       ; 0         ; 0    ; 0            ; 5 (5)        ; 0 (0)             ; 5 (5)            ; |mips_mono|bank_reg_32x32bit:BancoRegistradores|mux_32x1_32bit:78|mux_16x1_32bit:19|mux_4x1_32bit:32|mux_2x1_32bit:25|mux_2x1_8bit:19|mux_2x1_1bit:26  ; work         ;
;                      |mux_2x1_1bit:27|       ; 10 (10)     ; 0 (0)                     ; 0 (0)         ; 0           ; 0    ; 0            ; 0       ; 0         ; 0    ; 0            ; 6 (6)        ; 0 (0)             ; 4 (4)            ; |mips_mono|bank_reg_32x32bit:BancoRegistradores|mux_32x1_32bit:78|mux_16x1_32bit:19|mux_4x1_32bit:32|mux_2x1_32bit:25|mux_2x1_8bit:19|mux_2x1_1bit:27  ; work         ;
;                      |mux_2x1_1bit:28|       ; 10 (10)     ; 0 (0)                     ; 0 (0)         ; 0           ; 0    ; 0            ; 0       ; 0         ; 0    ; 0            ; 3 (3)        ; 0 (0)             ; 7 (7)            ; |mips_mono|bank_reg_32x32bit:BancoRegistradores|mux_32x1_32bit:78|mux_16x1_32bit:19|mux_4x1_32bit:32|mux_2x1_32bit:25|mux_2x1_8bit:19|mux_2x1_1bit:28  ; work         ;
;                      |mux_2x1_1bit:29|       ; 10 (10)     ; 0 (0)                     ; 0 (0)         ; 0           ; 0    ; 0            ; 0       ; 0         ; 0    ; 0            ; 4 (4)        ; 0 (0)             ; 6 (6)            ; |mips_mono|bank_reg_32x32bit:BancoRegistradores|mux_32x1_32bit:78|mux_16x1_32bit:19|mux_4x1_32bit:32|mux_2x1_32bit:25|mux_2x1_8bit:19|mux_2x1_1bit:29  ; work         ;
;                   |mux_2x1_8bit:20|          ; 80 (0)      ; 0 (0)                     ; 0 (0)         ; 0           ; 0    ; 0            ; 0       ; 0         ; 0    ; 0            ; 36 (0)       ; 0 (0)             ; 44 (0)           ; |mips_mono|bank_reg_32x32bit:BancoRegistradores|mux_32x1_32bit:78|mux_16x1_32bit:19|mux_4x1_32bit:32|mux_2x1_32bit:25|mux_2x1_8bit:20                  ; work         ;
;                      |mux_2x1_1bit:20|       ; 10 (10)     ; 0 (0)                     ; 0 (0)         ; 0           ; 0    ; 0            ; 0       ; 0         ; 0    ; 0            ; 4 (4)        ; 0 (0)             ; 6 (6)            ; |mips_mono|bank_reg_32x32bit:BancoRegistradores|mux_32x1_32bit:78|mux_16x1_32bit:19|mux_4x1_32bit:32|mux_2x1_32bit:25|mux_2x1_8bit:20|mux_2x1_1bit:20  ; work         ;
;                      |mux_2x1_1bit:23|       ; 10 (10)     ; 0 (0)                     ; 0 (0)         ; 0           ; 0    ; 0            ; 0       ; 0         ; 0    ; 0            ; 4 (4)        ; 0 (0)             ; 6 (6)            ; |mips_mono|bank_reg_32x32bit:BancoRegistradores|mux_32x1_32bit:78|mux_16x1_32bit:19|mux_4x1_32bit:32|mux_2x1_32bit:25|mux_2x1_8bit:20|mux_2x1_1bit:23  ; work         ;
;                      |mux_2x1_1bit:24|       ; 10 (10)     ; 0 (0)                     ; 0 (0)         ; 0           ; 0    ; 0            ; 0       ; 0         ; 0    ; 0            ; 4 (4)        ; 0 (0)             ; 6 (6)            ; |mips_mono|bank_reg_32x32bit:BancoRegistradores|mux_32x1_32bit:78|mux_16x1_32bit:19|mux_4x1_32bit:32|mux_2x1_32bit:25|mux_2x1_8bit:20|mux_2x1_1bit:24  ; work         ;
;                      |mux_2x1_1bit:25|       ; 10 (10)     ; 0 (0)                     ; 0 (0)         ; 0           ; 0    ; 0            ; 0       ; 0         ; 0    ; 0            ; 7 (7)        ; 0 (0)             ; 3 (3)            ; |mips_mono|bank_reg_32x32bit:BancoRegistradores|mux_32x1_32bit:78|mux_16x1_32bit:19|mux_4x1_32bit:32|mux_2x1_32bit:25|mux_2x1_8bit:20|mux_2x1_1bit:25  ; work         ;
;                      |mux_2x1_1bit:26|       ; 10 (10)     ; 0 (0)                     ; 0 (0)         ; 0           ; 0    ; 0            ; 0       ; 0         ; 0    ; 0            ; 5 (5)        ; 0 (0)             ; 5 (5)            ; |mips_mono|bank_reg_32x32bit:BancoRegistradores|mux_32x1_32bit:78|mux_16x1_32bit:19|mux_4x1_32bit:32|mux_2x1_32bit:25|mux_2x1_8bit:20|mux_2x1_1bit:26  ; work         ;
;                      |mux_2x1_1bit:27|       ; 10 (10)     ; 0 (0)                     ; 0 (0)         ; 0           ; 0    ; 0            ; 0       ; 0         ; 0    ; 0            ; 4 (4)        ; 0 (0)             ; 6 (6)            ; |mips_mono|bank_reg_32x32bit:BancoRegistradores|mux_32x1_32bit:78|mux_16x1_32bit:19|mux_4x1_32bit:32|mux_2x1_32bit:25|mux_2x1_8bit:20|mux_2x1_1bit:27  ; work         ;
;                      |mux_2x1_1bit:28|       ; 10 (10)     ; 0 (0)                     ; 0 (0)         ; 0           ; 0    ; 0            ; 0       ; 0         ; 0    ; 0            ; 4 (4)        ; 0 (0)             ; 6 (6)            ; |mips_mono|bank_reg_32x32bit:BancoRegistradores|mux_32x1_32bit:78|mux_16x1_32bit:19|mux_4x1_32bit:32|mux_2x1_32bit:25|mux_2x1_8bit:20|mux_2x1_1bit:28  ; work         ;
;                      |mux_2x1_1bit:29|       ; 10 (10)     ; 0 (0)                     ; 0 (0)         ; 0           ; 0    ; 0            ; 0       ; 0         ; 0    ; 0            ; 4 (4)        ; 0 (0)             ; 6 (6)            ; |mips_mono|bank_reg_32x32bit:BancoRegistradores|mux_32x1_32bit:78|mux_16x1_32bit:19|mux_4x1_32bit:32|mux_2x1_32bit:25|mux_2x1_8bit:20|mux_2x1_1bit:29  ; work         ;
;                   |mux_2x1_8bit:21|          ; 70 (0)      ; 0 (0)                     ; 0 (0)         ; 0           ; 0    ; 0            ; 0       ; 0         ; 0    ; 0            ; 33 (0)       ; 0 (0)             ; 37 (0)           ; |mips_mono|bank_reg_32x32bit:BancoRegistradores|mux_32x1_32bit:78|mux_16x1_32bit:19|mux_4x1_32bit:32|mux_2x1_32bit:25|mux_2x1_8bit:21                  ; work         ;
;                      |mux_2x1_1bit:20|       ; 10 (10)     ; 0 (0)                     ; 0 (0)         ; 0           ; 0    ; 0            ; 0       ; 0         ; 0    ; 0            ; 4 (4)        ; 0 (0)             ; 6 (6)            ; |mips_mono|bank_reg_32x32bit:BancoRegistradores|mux_32x1_32bit:78|mux_16x1_32bit:19|mux_4x1_32bit:32|mux_2x1_32bit:25|mux_2x1_8bit:21|mux_2x1_1bit:20  ; work         ;
;                      |mux_2x1_1bit:23|       ; 10 (10)     ; 0 (0)                     ; 0 (0)         ; 0           ; 0    ; 0            ; 0       ; 0         ; 0    ; 0            ; 5 (5)        ; 0 (0)             ; 5 (5)            ; |mips_mono|bank_reg_32x32bit:BancoRegistradores|mux_32x1_32bit:78|mux_16x1_32bit:19|mux_4x1_32bit:32|mux_2x1_32bit:25|mux_2x1_8bit:21|mux_2x1_1bit:23  ; work         ;
;                      |mux_2x1_1bit:24|       ; 10 (10)     ; 0 (0)                     ; 0 (0)         ; 0           ; 0    ; 0            ; 0       ; 0         ; 0    ; 0            ; 7 (7)        ; 0 (0)             ; 3 (3)            ; |mips_mono|bank_reg_32x32bit:BancoRegistradores|mux_32x1_32bit:78|mux_16x1_32bit:19|mux_4x1_32bit:32|mux_2x1_32bit:25|mux_2x1_8bit:21|mux_2x1_1bit:24  ; work         ;
;                      |mux_2x1_1bit:25|       ; 10 (10)     ; 0 (0)                     ; 0 (0)         ; 0           ; 0    ; 0            ; 0       ; 0         ; 0    ; 0            ; 3 (3)        ; 0 (0)             ; 7 (7)            ; |mips_mono|bank_reg_32x32bit:BancoRegistradores|mux_32x1_32bit:78|mux_16x1_32bit:19|mux_4x1_32bit:32|mux_2x1_32bit:25|mux_2x1_8bit:21|mux_2x1_1bit:25  ; work         ;
;                      |mux_2x1_1bit:27|       ; 10 (10)     ; 0 (0)                     ; 0 (0)         ; 0           ; 0    ; 0            ; 0       ; 0         ; 0    ; 0            ; 2 (2)        ; 0 (0)             ; 8 (8)            ; |mips_mono|bank_reg_32x32bit:BancoRegistradores|mux_32x1_32bit:78|mux_16x1_32bit:19|mux_4x1_32bit:32|mux_2x1_32bit:25|mux_2x1_8bit:21|mux_2x1_1bit:27  ; work         ;
;                      |mux_2x1_1bit:28|       ; 10 (10)     ; 0 (0)                     ; 0 (0)         ; 0           ; 0    ; 0            ; 0       ; 0         ; 0    ; 0            ; 6 (6)        ; 0 (0)             ; 4 (4)            ; |mips_mono|bank_reg_32x32bit:BancoRegistradores|mux_32x1_32bit:78|mux_16x1_32bit:19|mux_4x1_32bit:32|mux_2x1_32bit:25|mux_2x1_8bit:21|mux_2x1_1bit:28  ; work         ;
;                      |mux_2x1_1bit:29|       ; 10 (10)     ; 0 (0)                     ; 0 (0)         ; 0           ; 0    ; 0            ; 0       ; 0         ; 0    ; 0            ; 6 (6)        ; 0 (0)             ; 4 (4)            ; |mips_mono|bank_reg_32x32bit:BancoRegistradores|mux_32x1_32bit:78|mux_16x1_32bit:19|mux_4x1_32bit:32|mux_2x1_32bit:25|mux_2x1_8bit:21|mux_2x1_1bit:29  ; work         ;
;          |mux_2x1_32bit:20|                  ; 165 (0)     ; 0 (0)                     ; 0 (0)         ; 0           ; 0    ; 0            ; 0       ; 0         ; 0    ; 0            ; 130 (0)      ; 0 (0)             ; 35 (0)           ; |mips_mono|bank_reg_32x32bit:BancoRegistradores|mux_32x1_32bit:78|mux_2x1_32bit:20                                                                     ; work         ;
;             |mux_2x1_8bit:18|                ; 53 (0)      ; 0 (0)                     ; 0 (0)         ; 0           ; 0    ; 0            ; 0       ; 0         ; 0    ; 0            ; 42 (0)       ; 0 (0)             ; 11 (0)           ; |mips_mono|bank_reg_32x32bit:BancoRegistradores|mux_32x1_32bit:78|mux_2x1_32bit:20|mux_2x1_8bit:18                                                     ; work         ;
;                |mux_2x1_1bit:20|             ; 25 (25)     ; 0 (0)                     ; 0 (0)         ; 0           ; 0    ; 0            ; 0       ; 0         ; 0    ; 0            ; 18 (18)      ; 0 (0)             ; 7 (7)            ; |mips_mono|bank_reg_32x32bit:BancoRegistradores|mux_32x1_32bit:78|mux_2x1_32bit:20|mux_2x1_8bit:18|mux_2x1_1bit:20                                     ; work         ;
;                |mux_2x1_1bit:23|             ; 4 (4)       ; 0 (0)                     ; 0 (0)         ; 0           ; 0    ; 0            ; 0       ; 0         ; 0    ; 0            ; 3 (3)        ; 0 (0)             ; 1 (1)            ; |mips_mono|bank_reg_32x32bit:BancoRegistradores|mux_32x1_32bit:78|mux_2x1_32bit:20|mux_2x1_8bit:18|mux_2x1_1bit:23                                     ; work         ;
;                |mux_2x1_1bit:24|             ; 4 (4)       ; 0 (0)                     ; 0 (0)         ; 0           ; 0    ; 0            ; 0       ; 0         ; 0    ; 0            ; 3 (3)        ; 0 (0)             ; 1 (1)            ; |mips_mono|bank_reg_32x32bit:BancoRegistradores|mux_32x1_32bit:78|mux_2x1_32bit:20|mux_2x1_8bit:18|mux_2x1_1bit:24                                     ; work         ;
;                |mux_2x1_1bit:25|             ; 4 (4)       ; 0 (0)                     ; 0 (0)         ; 0           ; 0    ; 0            ; 0       ; 0         ; 0    ; 0            ; 3 (3)        ; 0 (0)             ; 1 (1)            ; |mips_mono|bank_reg_32x32bit:BancoRegistradores|mux_32x1_32bit:78|mux_2x1_32bit:20|mux_2x1_8bit:18|mux_2x1_1bit:25                                     ; work         ;
;                |mux_2x1_1bit:26|             ; 4 (4)       ; 0 (0)                     ; 0 (0)         ; 0           ; 0    ; 0            ; 0       ; 0         ; 0    ; 0            ; 4 (4)        ; 0 (0)             ; 0 (0)            ; |mips_mono|bank_reg_32x32bit:BancoRegistradores|mux_32x1_32bit:78|mux_2x1_32bit:20|mux_2x1_8bit:18|mux_2x1_1bit:26                                     ; work         ;
;                |mux_2x1_1bit:27|             ; 4 (4)       ; 0 (0)                     ; 0 (0)         ; 0           ; 0    ; 0            ; 0       ; 0         ; 0    ; 0            ; 3 (3)        ; 0 (0)             ; 1 (1)            ; |mips_mono|bank_reg_32x32bit:BancoRegistradores|mux_32x1_32bit:78|mux_2x1_32bit:20|mux_2x1_8bit:18|mux_2x1_1bit:27                                     ; work         ;
;                |mux_2x1_1bit:28|             ; 4 (4)       ; 0 (0)                     ; 0 (0)         ; 0           ; 0    ; 0            ; 0       ; 0         ; 0    ; 0            ; 4 (4)        ; 0 (0)             ; 0 (0)            ; |mips_mono|bank_reg_32x32bit:BancoRegistradores|mux_32x1_32bit:78|mux_2x1_32bit:20|mux_2x1_8bit:18|mux_2x1_1bit:28                                     ; work         ;
;                |mux_2x1_1bit:29|             ; 4 (4)       ; 0 (0)                     ; 0 (0)         ; 0           ; 0    ; 0            ; 0       ; 0         ; 0    ; 0            ; 4 (4)        ; 0 (0)             ; 0 (0)            ; |mips_mono|bank_reg_32x32bit:BancoRegistradores|mux_32x1_32bit:78|mux_2x1_32bit:20|mux_2x1_8bit:18|mux_2x1_1bit:29                                     ; work         ;
;             |mux_2x1_8bit:19|                ; 32 (0)      ; 0 (0)                     ; 0 (0)         ; 0           ; 0    ; 0            ; 0       ; 0         ; 0    ; 0            ; 24 (0)       ; 0 (0)             ; 8 (0)            ; |mips_mono|bank_reg_32x32bit:BancoRegistradores|mux_32x1_32bit:78|mux_2x1_32bit:20|mux_2x1_8bit:19                                                     ; work         ;
;                |mux_2x1_1bit:20|             ; 4 (4)       ; 0 (0)                     ; 0 (0)         ; 0           ; 0    ; 0            ; 0       ; 0         ; 0    ; 0            ; 3 (3)        ; 0 (0)             ; 1 (1)            ; |mips_mono|bank_reg_32x32bit:BancoRegistradores|mux_32x1_32bit:78|mux_2x1_32bit:20|mux_2x1_8bit:19|mux_2x1_1bit:20                                     ; work         ;
;                |mux_2x1_1bit:23|             ; 4 (4)       ; 0 (0)                     ; 0 (0)         ; 0           ; 0    ; 0            ; 0       ; 0         ; 0    ; 0            ; 3 (3)        ; 0 (0)             ; 1 (1)            ; |mips_mono|bank_reg_32x32bit:BancoRegistradores|mux_32x1_32bit:78|mux_2x1_32bit:20|mux_2x1_8bit:19|mux_2x1_1bit:23                                     ; work         ;
;                |mux_2x1_1bit:24|             ; 4 (4)       ; 0 (0)                     ; 0 (0)         ; 0           ; 0    ; 0            ; 0       ; 0         ; 0    ; 0            ; 3 (3)        ; 0 (0)             ; 1 (1)            ; |mips_mono|bank_reg_32x32bit:BancoRegistradores|mux_32x1_32bit:78|mux_2x1_32bit:20|mux_2x1_8bit:19|mux_2x1_1bit:24                                     ; work         ;
;                |mux_2x1_1bit:25|             ; 4 (4)       ; 0 (0)                     ; 0 (0)         ; 0           ; 0    ; 0            ; 0       ; 0         ; 0    ; 0            ; 3 (3)        ; 0 (0)             ; 1 (1)            ; |mips_mono|bank_reg_32x32bit:BancoRegistradores|mux_32x1_32bit:78|mux_2x1_32bit:20|mux_2x1_8bit:19|mux_2x1_1bit:25                                     ; work         ;
;                |mux_2x1_1bit:26|             ; 4 (4)       ; 0 (0)                     ; 0 (0)         ; 0           ; 0    ; 0            ; 0       ; 0         ; 0    ; 0            ; 3 (3)        ; 0 (0)             ; 1 (1)            ; |mips_mono|bank_reg_32x32bit:BancoRegistradores|mux_32x1_32bit:78|mux_2x1_32bit:20|mux_2x1_8bit:19|mux_2x1_1bit:26                                     ; work         ;
;                |mux_2x1_1bit:27|             ; 4 (4)       ; 0 (0)                     ; 0 (0)         ; 0           ; 0    ; 0            ; 0       ; 0         ; 0    ; 0            ; 3 (3)        ; 0 (0)             ; 1 (1)            ; |mips_mono|bank_reg_32x32bit:BancoRegistradores|mux_32x1_32bit:78|mux_2x1_32bit:20|mux_2x1_8bit:19|mux_2x1_1bit:27                                     ; work         ;
;                |mux_2x1_1bit:28|             ; 4 (4)       ; 0 (0)                     ; 0 (0)         ; 0           ; 0    ; 0            ; 0       ; 0         ; 0    ; 0            ; 3 (3)        ; 0 (0)             ; 1 (1)            ; |mips_mono|bank_reg_32x32bit:BancoRegistradores|mux_32x1_32bit:78|mux_2x1_32bit:20|mux_2x1_8bit:19|mux_2x1_1bit:28                                     ; work         ;
;                |mux_2x1_1bit:29|             ; 4 (4)       ; 0 (0)                     ; 0 (0)         ; 0           ; 0    ; 0            ; 0       ; 0         ; 0    ; 0            ; 3 (3)        ; 0 (0)             ; 1 (1)            ; |mips_mono|bank_reg_32x32bit:BancoRegistradores|mux_32x1_32bit:78|mux_2x1_32bit:20|mux_2x1_8bit:19|mux_2x1_1bit:29                                     ; work         ;
;             |mux_2x1_8bit:20|                ; 32 (0)      ; 0 (0)                     ; 0 (0)         ; 0           ; 0    ; 0            ; 0       ; 0         ; 0    ; 0            ; 27 (0)       ; 0 (0)             ; 5 (0)            ; |mips_mono|bank_reg_32x32bit:BancoRegistradores|mux_32x1_32bit:78|mux_2x1_32bit:20|mux_2x1_8bit:20                                                     ; work         ;
;                |mux_2x1_1bit:20|             ; 4 (4)       ; 0 (0)                     ; 0 (0)         ; 0           ; 0    ; 0            ; 0       ; 0         ; 0    ; 0            ; 2 (2)        ; 0 (0)             ; 2 (2)            ; |mips_mono|bank_reg_32x32bit:BancoRegistradores|mux_32x1_32bit:78|mux_2x1_32bit:20|mux_2x1_8bit:20|mux_2x1_1bit:20                                     ; work         ;
;                |mux_2x1_1bit:23|             ; 4 (4)       ; 0 (0)                     ; 0 (0)         ; 0           ; 0    ; 0            ; 0       ; 0         ; 0    ; 0            ; 3 (3)        ; 0 (0)             ; 1 (1)            ; |mips_mono|bank_reg_32x32bit:BancoRegistradores|mux_32x1_32bit:78|mux_2x1_32bit:20|mux_2x1_8bit:20|mux_2x1_1bit:23                                     ; work         ;
;                |mux_2x1_1bit:24|             ; 4 (4)       ; 0 (0)                     ; 0 (0)         ; 0           ; 0    ; 0            ; 0       ; 0         ; 0    ; 0            ; 4 (4)        ; 0 (0)             ; 0 (0)            ; |mips_mono|bank_reg_32x32bit:BancoRegistradores|mux_32x1_32bit:78|mux_2x1_32bit:20|mux_2x1_8bit:20|mux_2x1_1bit:24                                     ; work         ;
;                |mux_2x1_1bit:25|             ; 4 (4)       ; 0 (0)                     ; 0 (0)         ; 0           ; 0    ; 0            ; 0       ; 0         ; 0    ; 0            ; 3 (3)        ; 0 (0)             ; 1 (1)            ; |mips_mono|bank_reg_32x32bit:BancoRegistradores|mux_32x1_32bit:78|mux_2x1_32bit:20|mux_2x1_8bit:20|mux_2x1_1bit:25                                     ; work         ;
;                |mux_2x1_1bit:26|             ; 4 (4)       ; 0 (0)                     ; 0 (0)         ; 0           ; 0    ; 0            ; 0       ; 0         ; 0    ; 0            ; 4 (4)        ; 0 (0)             ; 0 (0)            ; |mips_mono|bank_reg_32x32bit:BancoRegistradores|mux_32x1_32bit:78|mux_2x1_32bit:20|mux_2x1_8bit:20|mux_2x1_1bit:26                                     ; work         ;
;                |mux_2x1_1bit:27|             ; 4 (4)       ; 0 (0)                     ; 0 (0)         ; 0           ; 0    ; 0            ; 0       ; 0         ; 0    ; 0            ; 4 (4)        ; 0 (0)             ; 0 (0)            ; |mips_mono|bank_reg_32x32bit:BancoRegistradores|mux_32x1_32bit:78|mux_2x1_32bit:20|mux_2x1_8bit:20|mux_2x1_1bit:27                                     ; work         ;
;                |mux_2x1_1bit:28|             ; 4 (4)       ; 0 (0)                     ; 0 (0)         ; 0           ; 0    ; 0            ; 0       ; 0         ; 0    ; 0            ; 4 (4)        ; 0 (0)             ; 0 (0)            ; |mips_mono|bank_reg_32x32bit:BancoRegistradores|mux_32x1_32bit:78|mux_2x1_32bit:20|mux_2x1_8bit:20|mux_2x1_1bit:28                                     ; work         ;
;                |mux_2x1_1bit:29|             ; 4 (4)       ; 0 (0)                     ; 0 (0)         ; 0           ; 0    ; 0            ; 0       ; 0         ; 0    ; 0            ; 3 (3)        ; 0 (0)             ; 1 (1)            ; |mips_mono|bank_reg_32x32bit:BancoRegistradores|mux_32x1_32bit:78|mux_2x1_32bit:20|mux_2x1_8bit:20|mux_2x1_1bit:29                                     ; work         ;
;             |mux_2x1_8bit:21|                ; 48 (0)      ; 0 (0)                     ; 0 (0)         ; 0           ; 0    ; 0            ; 0       ; 0         ; 0    ; 0            ; 37 (0)       ; 0 (0)             ; 11 (0)           ; |mips_mono|bank_reg_32x32bit:BancoRegistradores|mux_32x1_32bit:78|mux_2x1_32bit:20|mux_2x1_8bit:21                                                     ; work         ;
;                |mux_2x1_1bit:20|             ; 4 (4)       ; 0 (0)                     ; 0 (0)         ; 0           ; 0    ; 0            ; 0       ; 0         ; 0    ; 0            ; 3 (3)        ; 0 (0)             ; 1 (1)            ; |mips_mono|bank_reg_32x32bit:BancoRegistradores|mux_32x1_32bit:78|mux_2x1_32bit:20|mux_2x1_8bit:21|mux_2x1_1bit:20                                     ; work         ;
;                |mux_2x1_1bit:23|             ; 4 (4)       ; 0 (0)                     ; 0 (0)         ; 0           ; 0    ; 0            ; 0       ; 0         ; 0    ; 0            ; 4 (4)        ; 0 (0)             ; 0 (0)            ; |mips_mono|bank_reg_32x32bit:BancoRegistradores|mux_32x1_32bit:78|mux_2x1_32bit:20|mux_2x1_8bit:21|mux_2x1_1bit:23                                     ; work         ;
;                |mux_2x1_1bit:24|             ; 4 (4)       ; 0 (0)                     ; 0 (0)         ; 0           ; 0    ; 0            ; 0       ; 0         ; 0    ; 0            ; 4 (4)        ; 0 (0)             ; 0 (0)            ; |mips_mono|bank_reg_32x32bit:BancoRegistradores|mux_32x1_32bit:78|mux_2x1_32bit:20|mux_2x1_8bit:21|mux_2x1_1bit:24                                     ; work         ;
;                |mux_2x1_1bit:25|             ; 4 (4)       ; 0 (0)                     ; 0 (0)         ; 0           ; 0    ; 0            ; 0       ; 0         ; 0    ; 0            ; 3 (3)        ; 0 (0)             ; 1 (1)            ; |mips_mono|bank_reg_32x32bit:BancoRegistradores|mux_32x1_32bit:78|mux_2x1_32bit:20|mux_2x1_8bit:21|mux_2x1_1bit:25                                     ; work         ;
;                |mux_2x1_1bit:26|             ; 20 (20)     ; 0 (0)                     ; 0 (0)         ; 0           ; 0    ; 0            ; 0       ; 0         ; 0    ; 0            ; 12 (12)      ; 0 (0)             ; 8 (8)            ; |mips_mono|bank_reg_32x32bit:BancoRegistradores|mux_32x1_32bit:78|mux_2x1_32bit:20|mux_2x1_8bit:21|mux_2x1_1bit:26                                     ; work         ;
;                |mux_2x1_1bit:27|             ; 4 (4)       ; 0 (0)                     ; 0 (0)         ; 0           ; 0    ; 0            ; 0       ; 0         ; 0    ; 0            ; 4 (4)        ; 0 (0)             ; 0 (0)            ; |mips_mono|bank_reg_32x32bit:BancoRegistradores|mux_32x1_32bit:78|mux_2x1_32bit:20|mux_2x1_8bit:21|mux_2x1_1bit:27                                     ; work         ;
;                |mux_2x1_1bit:28|             ; 4 (4)       ; 0 (0)                     ; 0 (0)         ; 0           ; 0    ; 0            ; 0       ; 0         ; 0    ; 0            ; 4 (4)        ; 0 (0)             ; 0 (0)            ; |mips_mono|bank_reg_32x32bit:BancoRegistradores|mux_32x1_32bit:78|mux_2x1_32bit:20|mux_2x1_8bit:21|mux_2x1_1bit:28                                     ; work         ;
;                |mux_2x1_1bit:29|             ; 4 (4)       ; 0 (0)                     ; 0 (0)         ; 0           ; 0    ; 0            ; 0       ; 0         ; 0    ; 0            ; 3 (3)        ; 0 (0)             ; 1 (1)            ; |mips_mono|bank_reg_32x32bit:BancoRegistradores|mux_32x1_32bit:78|mux_2x1_32bit:20|mux_2x1_8bit:21|mux_2x1_1bit:29                                     ; work         ;
;       |reg_pp_32bit:a0|                      ; 32 (32)     ; 32 (32)                   ; 0 (0)         ; 0           ; 0    ; 0            ; 0       ; 0         ; 0    ; 0            ; 0 (0)        ; 15 (15)           ; 17 (17)          ; |mips_mono|bank_reg_32x32bit:BancoRegistradores|reg_pp_32bit:a0                                                                                        ; work         ;
;       |reg_pp_32bit:a1|                      ; 32 (32)     ; 32 (32)                   ; 0 (0)         ; 0           ; 0    ; 0            ; 0       ; 0         ; 0    ; 0            ; 0 (0)        ; 9 (9)             ; 23 (23)          ; |mips_mono|bank_reg_32x32bit:BancoRegistradores|reg_pp_32bit:a1                                                                                        ; work         ;
;       |reg_pp_32bit:a2|                      ; 32 (32)     ; 32 (32)                   ; 0 (0)         ; 0           ; 0    ; 0            ; 0       ; 0         ; 0    ; 0            ; 0 (0)        ; 14 (14)           ; 18 (18)          ; |mips_mono|bank_reg_32x32bit:BancoRegistradores|reg_pp_32bit:a2                                                                                        ; work         ;
;       |reg_pp_32bit:a3|                      ; 32 (32)     ; 32 (32)                   ; 0 (0)         ; 0           ; 0    ; 0            ; 0       ; 0         ; 0    ; 0            ; 0 (0)        ; 14 (14)           ; 18 (18)          ; |mips_mono|bank_reg_32x32bit:BancoRegistradores|reg_pp_32bit:a3                                                                                        ; work         ;
;       |reg_pp_32bit:at|                      ; 32 (32)     ; 32 (32)                   ; 0 (0)         ; 0           ; 0    ; 0            ; 0       ; 0         ; 0    ; 0            ; 0 (0)        ; 2 (2)             ; 30 (30)          ; |mips_mono|bank_reg_32x32bit:BancoRegistradores|reg_pp_32bit:at                                                                                        ; work         ;
;       |reg_pp_32bit:fp|                      ; 32 (32)     ; 32 (32)                   ; 0 (0)         ; 0           ; 0    ; 0            ; 0       ; 0         ; 0    ; 0            ; 0 (0)        ; 8 (8)             ; 24 (24)          ; |mips_mono|bank_reg_32x32bit:BancoRegistradores|reg_pp_32bit:fp                                                                                        ; work         ;
;       |reg_pp_32bit:gp|                      ; 32 (32)     ; 32 (32)                   ; 0 (0)         ; 0           ; 0    ; 0            ; 0       ; 0         ; 0    ; 0            ; 0 (0)        ; 10 (10)           ; 22 (22)          ; |mips_mono|bank_reg_32x32bit:BancoRegistradores|reg_pp_32bit:gp                                                                                        ; work         ;
;       |reg_pp_32bit:k0|                      ; 32 (32)     ; 32 (32)                   ; 0 (0)         ; 0           ; 0    ; 0            ; 0       ; 0         ; 0    ; 0            ; 0 (0)        ; 16 (16)           ; 16 (16)          ; |mips_mono|bank_reg_32x32bit:BancoRegistradores|reg_pp_32bit:k0                                                                                        ; work         ;
;       |reg_pp_32bit:k1|                      ; 32 (32)     ; 32 (32)                   ; 0 (0)         ; 0           ; 0    ; 0            ; 0       ; 0         ; 0    ; 0            ; 0 (0)        ; 10 (10)           ; 22 (22)          ; |mips_mono|bank_reg_32x32bit:BancoRegistradores|reg_pp_32bit:k1                                                                                        ; work         ;
;       |reg_pp_32bit:ra|                      ; 32 (32)     ; 32 (32)                   ; 0 (0)         ; 0           ; 0    ; 0            ; 0       ; 0         ; 0    ; 0            ; 0 (0)        ; 4 (4)             ; 28 (28)          ; |mips_mono|bank_reg_32x32bit:BancoRegistradores|reg_pp_32bit:ra                                                                                        ; work         ;
;       |reg_pp_32bit:s0|                      ; 32 (32)     ; 32 (32)                   ; 0 (0)         ; 0           ; 0    ; 0            ; 0       ; 0         ; 0    ; 0            ; 0 (0)        ; 9 (9)             ; 23 (23)          ; |mips_mono|bank_reg_32x32bit:BancoRegistradores|reg_pp_32bit:s0                                                                                        ; work         ;
;       |reg_pp_32bit:s1|                      ; 32 (32)     ; 32 (32)                   ; 0 (0)         ; 0           ; 0    ; 0            ; 0       ; 0         ; 0    ; 0            ; 0 (0)        ; 22 (22)           ; 10 (10)          ; |mips_mono|bank_reg_32x32bit:BancoRegistradores|reg_pp_32bit:s1                                                                                        ; work         ;
;       |reg_pp_32bit:s2|                      ; 32 (32)     ; 32 (32)                   ; 0 (0)         ; 0           ; 0    ; 0            ; 0       ; 0         ; 0    ; 0            ; 0 (0)        ; 7 (7)             ; 25 (25)          ; |mips_mono|bank_reg_32x32bit:BancoRegistradores|reg_pp_32bit:s2                                                                                        ; work         ;
;       |reg_pp_32bit:s3|                      ; 32 (32)     ; 32 (32)                   ; 0 (0)         ; 0           ; 0    ; 0            ; 0       ; 0         ; 0    ; 0            ; 0 (0)        ; 6 (6)             ; 26 (26)          ; |mips_mono|bank_reg_32x32bit:BancoRegistradores|reg_pp_32bit:s3                                                                                        ; work         ;
;       |reg_pp_32bit:s4|                      ; 32 (32)     ; 32 (32)                   ; 0 (0)         ; 0           ; 0    ; 0            ; 0       ; 0         ; 0    ; 0            ; 0 (0)        ; 4 (4)             ; 28 (28)          ; |mips_mono|bank_reg_32x32bit:BancoRegistradores|reg_pp_32bit:s4                                                                                        ; work         ;
;       |reg_pp_32bit:s5|                      ; 32 (32)     ; 32 (32)                   ; 0 (0)         ; 0           ; 0    ; 0            ; 0       ; 0         ; 0    ; 0            ; 0 (0)        ; 9 (9)             ; 23 (23)          ; |mips_mono|bank_reg_32x32bit:BancoRegistradores|reg_pp_32bit:s5                                                                                        ; work         ;
;       |reg_pp_32bit:s6|                      ; 32 (32)     ; 32 (32)                   ; 0 (0)         ; 0           ; 0    ; 0            ; 0       ; 0         ; 0    ; 0            ; 0 (0)        ; 15 (15)           ; 17 (17)          ; |mips_mono|bank_reg_32x32bit:BancoRegistradores|reg_pp_32bit:s6                                                                                        ; work         ;
;       |reg_pp_32bit:s7|                      ; 32 (32)     ; 32 (32)                   ; 0 (0)         ; 0           ; 0    ; 0            ; 0       ; 0         ; 0    ; 0            ; 0 (0)        ; 7 (7)             ; 25 (25)          ; |mips_mono|bank_reg_32x32bit:BancoRegistradores|reg_pp_32bit:s7                                                                                        ; work         ;
;       |reg_pp_32bit:sp|                      ; 32 (32)     ; 32 (32)                   ; 0 (0)         ; 0           ; 0    ; 0            ; 0       ; 0         ; 0    ; 0            ; 0 (0)        ; 13 (13)           ; 19 (19)          ; |mips_mono|bank_reg_32x32bit:BancoRegistradores|reg_pp_32bit:sp                                                                                        ; work         ;
;       |reg_pp_32bit:t0|                      ; 32 (32)     ; 32 (32)                   ; 0 (0)         ; 0           ; 0    ; 0            ; 0       ; 0         ; 0    ; 0            ; 0 (0)        ; 0 (0)             ; 32 (32)          ; |mips_mono|bank_reg_32x32bit:BancoRegistradores|reg_pp_32bit:t0                                                                                        ; work         ;
;       |reg_pp_32bit:t1|                      ; 32 (32)     ; 32 (32)                   ; 0 (0)         ; 0           ; 0    ; 0            ; 0       ; 0         ; 0    ; 0            ; 0 (0)        ; 6 (6)             ; 26 (26)          ; |mips_mono|bank_reg_32x32bit:BancoRegistradores|reg_pp_32bit:t1                                                                                        ; work         ;
;       |reg_pp_32bit:t2|                      ; 32 (32)     ; 32 (32)                   ; 0 (0)         ; 0           ; 0    ; 0            ; 0       ; 0         ; 0    ; 0            ; 0 (0)        ; 7 (7)             ; 25 (25)          ; |mips_mono|bank_reg_32x32bit:BancoRegistradores|reg_pp_32bit:t2                                                                                        ; work         ;
;       |reg_pp_32bit:t3|                      ; 32 (32)     ; 32 (32)                   ; 0 (0)         ; 0           ; 0    ; 0            ; 0       ; 0         ; 0    ; 0            ; 0 (0)        ; 7 (7)             ; 25 (25)          ; |mips_mono|bank_reg_32x32bit:BancoRegistradores|reg_pp_32bit:t3                                                                                        ; work         ;
;       |reg_pp_32bit:t4|                      ; 32 (32)     ; 32 (32)                   ; 0 (0)         ; 0           ; 0    ; 0            ; 0       ; 0         ; 0    ; 0            ; 0 (0)        ; 5 (5)             ; 27 (27)          ; |mips_mono|bank_reg_32x32bit:BancoRegistradores|reg_pp_32bit:t4                                                                                        ; work         ;
;       |reg_pp_32bit:t5|                      ; 32 (32)     ; 32 (32)                   ; 0 (0)         ; 0           ; 0    ; 0            ; 0       ; 0         ; 0    ; 0            ; 0 (0)        ; 8 (8)             ; 24 (24)          ; |mips_mono|bank_reg_32x32bit:BancoRegistradores|reg_pp_32bit:t5                                                                                        ; work         ;
;       |reg_pp_32bit:t6|                      ; 32 (32)     ; 32 (32)                   ; 0 (0)         ; 0           ; 0    ; 0            ; 0       ; 0         ; 0    ; 0            ; 0 (0)        ; 10 (10)           ; 22 (22)          ; |mips_mono|bank_reg_32x32bit:BancoRegistradores|reg_pp_32bit:t6                                                                                        ; work         ;
;       |reg_pp_32bit:t7|                      ; 32 (32)     ; 32 (32)                   ; 0 (0)         ; 0           ; 0    ; 0            ; 0       ; 0         ; 0    ; 0            ; 0 (0)        ; 6 (6)             ; 26 (26)          ; |mips_mono|bank_reg_32x32bit:BancoRegistradores|reg_pp_32bit:t7                                                                                        ; work         ;
;       |reg_pp_32bit:t8|                      ; 32 (32)     ; 32 (32)                   ; 0 (0)         ; 0           ; 0    ; 0            ; 0       ; 0         ; 0    ; 0            ; 0 (0)        ; 7 (7)             ; 25 (25)          ; |mips_mono|bank_reg_32x32bit:BancoRegistradores|reg_pp_32bit:t8                                                                                        ; work         ;
;       |reg_pp_32bit:t9|                      ; 32 (32)     ; 32 (32)                   ; 0 (0)         ; 0           ; 0    ; 0            ; 0       ; 0         ; 0    ; 0            ; 0 (0)        ; 15 (15)           ; 17 (17)          ; |mips_mono|bank_reg_32x32bit:BancoRegistradores|reg_pp_32bit:t9                                                                                        ; work         ;
;       |reg_pp_32bit:v0|                      ; 32 (32)     ; 32 (32)                   ; 0 (0)         ; 0           ; 0    ; 0            ; 0       ; 0         ; 0    ; 0            ; 0 (0)        ; 4 (4)             ; 28 (28)          ; |mips_mono|bank_reg_32x32bit:BancoRegistradores|reg_pp_32bit:v0                                                                                        ; work         ;
;       |reg_pp_32bit:v1|                      ; 32 (32)     ; 32 (32)                   ; 0 (0)         ; 0           ; 0    ; 0            ; 0       ; 0         ; 0    ; 0            ; 0 (0)        ; 8 (8)             ; 24 (24)          ; |mips_mono|bank_reg_32x32bit:BancoRegistradores|reg_pp_32bit:v1                                                                                        ; work         ;
;    |control:inst2|                           ; 13 (13)     ; 0 (0)                     ; 0 (0)         ; 0           ; 0    ; 0            ; 0       ; 0         ; 0    ; 0            ; 13 (13)      ; 0 (0)             ; 0 (0)            ; |mips_mono|control:inst2                                                                                                                               ; work         ;
;    |data_memory:DataMemory|                  ; 0 (0)       ; 0 (0)                     ; 0 (0)         ; 8192        ; 1    ; 0            ; 0       ; 0         ; 0    ; 0            ; 0 (0)        ; 0 (0)             ; 0 (0)            ; |mips_mono|data_memory:DataMemory                                                                                                                      ; work         ;
;       |ram:MemoriaRAM|                       ; 0 (0)       ; 0 (0)                     ; 0 (0)         ; 8192        ; 1    ; 0            ; 0       ; 0         ; 0    ; 0            ; 0 (0)        ; 0 (0)             ; 0 (0)            ; |mips_mono|data_memory:DataMemory|ram:MemoriaRAM                                                                                                       ; work         ;
;          |altsyncram:altsyncram_component|   ; 0 (0)       ; 0 (0)                     ; 0 (0)         ; 8192        ; 1    ; 0            ; 0       ; 0         ; 0    ; 0            ; 0 (0)        ; 0 (0)             ; 0 (0)            ; |mips_mono|data_memory:DataMemory|ram:MemoriaRAM|altsyncram:altsyncram_component                                                                       ; work         ;
;             |altsyncram_vme1:auto_generated| ; 0 (0)       ; 0 (0)                     ; 0 (0)         ; 8192        ; 1    ; 0            ; 0       ; 0         ; 0    ; 0            ; 0 (0)        ; 0 (0)             ; 0 (0)            ; |mips_mono|data_memory:DataMemory|ram:MemoriaRAM|altsyncram:altsyncram_component|altsyncram_vme1:auto_generated                                        ; work         ;
;    |instruction_memory:InstructionMemory|    ; 0 (0)       ; 0 (0)                     ; 0 (0)         ; 8192        ; 1    ; 0            ; 0       ; 0         ; 0    ; 0            ; 0 (0)        ; 0 (0)             ; 0 (0)            ; |mips_mono|instruction_memory:InstructionMemory                                                                                                        ; work         ;
;       |rom:MemoriaRom|                       ; 0 (0)       ; 0 (0)                     ; 0 (0)         ; 8192        ; 1    ; 0            ; 0       ; 0         ; 0    ; 0            ; 0 (0)        ; 0 (0)             ; 0 (0)            ; |mips_mono|instruction_memory:InstructionMemory|rom:MemoriaRom                                                                                         ; work         ;
;          |altsyncram:altsyncram_component|   ; 0 (0)       ; 0 (0)                     ; 0 (0)         ; 8192        ; 1    ; 0            ; 0       ; 0         ; 0    ; 0            ; 0 (0)        ; 0 (0)             ; 0 (0)            ; |mips_mono|instruction_memory:InstructionMemory|rom:MemoriaRom|altsyncram:altsyncram_component                                                         ; work         ;
;             |altsyncram_bk91:auto_generated| ; 0 (0)       ; 0 (0)                     ; 0 (0)         ; 8192        ; 1    ; 0            ; 0       ; 0         ; 0    ; 0            ; 0 (0)        ; 0 (0)             ; 0 (0)            ; |mips_mono|instruction_memory:InstructionMemory|rom:MemoriaRom|altsyncram:altsyncram_component|altsyncram_bk91:auto_generated                          ; work         ;
;    |mux_2x1_32bit:177|                       ; 59 (0)      ; 0 (0)                     ; 0 (0)         ; 0           ; 0    ; 0            ; 0       ; 0         ; 0    ; 0            ; 58 (0)       ; 0 (0)             ; 1 (0)            ; |mips_mono|mux_2x1_32bit:177                                                                                                                           ; work         ;
;       |mux_2x1_8bit:18|                      ; 15 (0)      ; 0 (0)                     ; 0 (0)         ; 0           ; 0    ; 0            ; 0       ; 0         ; 0    ; 0            ; 15 (0)       ; 0 (0)             ; 0 (0)            ; |mips_mono|mux_2x1_32bit:177|mux_2x1_8bit:18                                                                                                           ; work         ;
;          |mux_2x1_1bit:20|                   ; 1 (1)       ; 0 (0)                     ; 0 (0)         ; 0           ; 0    ; 0            ; 0       ; 0         ; 0    ; 0            ; 1 (1)        ; 0 (0)             ; 0 (0)            ; |mips_mono|mux_2x1_32bit:177|mux_2x1_8bit:18|mux_2x1_1bit:20                                                                                           ; work         ;
;          |mux_2x1_1bit:23|                   ; 2 (2)       ; 0 (0)                     ; 0 (0)         ; 0           ; 0    ; 0            ; 0       ; 0         ; 0    ; 0            ; 2 (2)        ; 0 (0)             ; 0 (0)            ; |mips_mono|mux_2x1_32bit:177|mux_2x1_8bit:18|mux_2x1_1bit:23                                                                                           ; work         ;
;          |mux_2x1_1bit:24|                   ; 2 (2)       ; 0 (0)                     ; 0 (0)         ; 0           ; 0    ; 0            ; 0       ; 0         ; 0    ; 0            ; 2 (2)        ; 0 (0)             ; 0 (0)            ; |mips_mono|mux_2x1_32bit:177|mux_2x1_8bit:18|mux_2x1_1bit:24                                                                                           ; work         ;
;          |mux_2x1_1bit:25|                   ; 2 (2)       ; 0 (0)                     ; 0 (0)         ; 0           ; 0    ; 0            ; 0       ; 0         ; 0    ; 0            ; 2 (2)        ; 0 (0)             ; 0 (0)            ; |mips_mono|mux_2x1_32bit:177|mux_2x1_8bit:18|mux_2x1_1bit:25                                                                                           ; work         ;
;          |mux_2x1_1bit:26|                   ; 2 (2)       ; 0 (0)                     ; 0 (0)         ; 0           ; 0    ; 0            ; 0       ; 0         ; 0    ; 0            ; 2 (2)        ; 0 (0)             ; 0 (0)            ; |mips_mono|mux_2x1_32bit:177|mux_2x1_8bit:18|mux_2x1_1bit:26                                                                                           ; work         ;
;          |mux_2x1_1bit:27|                   ; 2 (2)       ; 0 (0)                     ; 0 (0)         ; 0           ; 0    ; 0            ; 0       ; 0         ; 0    ; 0            ; 2 (2)        ; 0 (0)             ; 0 (0)            ; |mips_mono|mux_2x1_32bit:177|mux_2x1_8bit:18|mux_2x1_1bit:27                                                                                           ; work         ;
;          |mux_2x1_1bit:28|                   ; 2 (2)       ; 0 (0)                     ; 0 (0)         ; 0           ; 0    ; 0            ; 0       ; 0         ; 0    ; 0            ; 2 (2)        ; 0 (0)             ; 0 (0)            ; |mips_mono|mux_2x1_32bit:177|mux_2x1_8bit:18|mux_2x1_1bit:28                                                                                           ; work         ;
;          |mux_2x1_1bit:29|                   ; 2 (2)       ; 0 (0)                     ; 0 (0)         ; 0           ; 0    ; 0            ; 0       ; 0         ; 0    ; 0            ; 2 (2)        ; 0 (0)             ; 0 (0)            ; |mips_mono|mux_2x1_32bit:177|mux_2x1_8bit:18|mux_2x1_1bit:29                                                                                           ; work         ;
;       |mux_2x1_8bit:19|                      ; 14 (0)      ; 0 (0)                     ; 0 (0)         ; 0           ; 0    ; 0            ; 0       ; 0         ; 0    ; 0            ; 14 (0)       ; 0 (0)             ; 0 (0)            ; |mips_mono|mux_2x1_32bit:177|mux_2x1_8bit:19                                                                                                           ; work         ;
;          |mux_2x1_1bit:20|                   ; 2 (2)       ; 0 (0)                     ; 0 (0)         ; 0           ; 0    ; 0            ; 0       ; 0         ; 0    ; 0            ; 2 (2)        ; 0 (0)             ; 0 (0)            ; |mips_mono|mux_2x1_32bit:177|mux_2x1_8bit:19|mux_2x1_1bit:20                                                                                           ; work         ;
;          |mux_2x1_1bit:24|                   ; 2 (2)       ; 0 (0)                     ; 0 (0)         ; 0           ; 0    ; 0            ; 0       ; 0         ; 0    ; 0            ; 2 (2)        ; 0 (0)             ; 0 (0)            ; |mips_mono|mux_2x1_32bit:177|mux_2x1_8bit:19|mux_2x1_1bit:24                                                                                           ; work         ;
;          |mux_2x1_1bit:25|                   ; 2 (2)       ; 0 (0)                     ; 0 (0)         ; 0           ; 0    ; 0            ; 0       ; 0         ; 0    ; 0            ; 2 (2)        ; 0 (0)             ; 0 (0)            ; |mips_mono|mux_2x1_32bit:177|mux_2x1_8bit:19|mux_2x1_1bit:25                                                                                           ; work         ;
;          |mux_2x1_1bit:26|                   ; 2 (2)       ; 0 (0)                     ; 0 (0)         ; 0           ; 0    ; 0            ; 0       ; 0         ; 0    ; 0            ; 2 (2)        ; 0 (0)             ; 0 (0)            ; |mips_mono|mux_2x1_32bit:177|mux_2x1_8bit:19|mux_2x1_1bit:26                                                                                           ; work         ;
;          |mux_2x1_1bit:27|                   ; 2 (2)       ; 0 (0)                     ; 0 (0)         ; 0           ; 0    ; 0            ; 0       ; 0         ; 0    ; 0            ; 2 (2)        ; 0 (0)             ; 0 (0)            ; |mips_mono|mux_2x1_32bit:177|mux_2x1_8bit:19|mux_2x1_1bit:27                                                                                           ; work         ;
;          |mux_2x1_1bit:28|                   ; 2 (2)       ; 0 (0)                     ; 0 (0)         ; 0           ; 0    ; 0            ; 0       ; 0         ; 0    ; 0            ; 2 (2)        ; 0 (0)             ; 0 (0)            ; |mips_mono|mux_2x1_32bit:177|mux_2x1_8bit:19|mux_2x1_1bit:28                                                                                           ; work         ;
;          |mux_2x1_1bit:29|                   ; 2 (2)       ; 0 (0)                     ; 0 (0)         ; 0           ; 0    ; 0            ; 0       ; 0         ; 0    ; 0            ; 2 (2)        ; 0 (0)             ; 0 (0)            ; |mips_mono|mux_2x1_32bit:177|mux_2x1_8bit:19|mux_2x1_1bit:29                                                                                           ; work         ;
;       |mux_2x1_8bit:20|                      ; 16 (0)      ; 0 (0)                     ; 0 (0)         ; 0           ; 0    ; 0            ; 0       ; 0         ; 0    ; 0            ; 16 (0)       ; 0 (0)             ; 0 (0)            ; |mips_mono|mux_2x1_32bit:177|mux_2x1_8bit:20                                                                                                           ; work         ;
;          |mux_2x1_1bit:20|                   ; 2 (2)       ; 0 (0)                     ; 0 (0)         ; 0           ; 0    ; 0            ; 0       ; 0         ; 0    ; 0            ; 2 (2)        ; 0 (0)             ; 0 (0)            ; |mips_mono|mux_2x1_32bit:177|mux_2x1_8bit:20|mux_2x1_1bit:20                                                                                           ; work         ;
;          |mux_2x1_1bit:23|                   ; 2 (2)       ; 0 (0)                     ; 0 (0)         ; 0           ; 0    ; 0            ; 0       ; 0         ; 0    ; 0            ; 2 (2)        ; 0 (0)             ; 0 (0)            ; |mips_mono|mux_2x1_32bit:177|mux_2x1_8bit:20|mux_2x1_1bit:23                                                                                           ; work         ;
;          |mux_2x1_1bit:24|                   ; 2 (2)       ; 0 (0)                     ; 0 (0)         ; 0           ; 0    ; 0            ; 0       ; 0         ; 0    ; 0            ; 2 (2)        ; 0 (0)             ; 0 (0)            ; |mips_mono|mux_2x1_32bit:177|mux_2x1_8bit:20|mux_2x1_1bit:24                                                                                           ; work         ;
;          |mux_2x1_1bit:25|                   ; 2 (2)       ; 0 (0)                     ; 0 (0)         ; 0           ; 0    ; 0            ; 0       ; 0         ; 0    ; 0            ; 2 (2)        ; 0 (0)             ; 0 (0)            ; |mips_mono|mux_2x1_32bit:177|mux_2x1_8bit:20|mux_2x1_1bit:25                                                                                           ; work         ;
;          |mux_2x1_1bit:26|                   ; 2 (2)       ; 0 (0)                     ; 0 (0)         ; 0           ; 0    ; 0            ; 0       ; 0         ; 0    ; 0            ; 2 (2)        ; 0 (0)             ; 0 (0)            ; |mips_mono|mux_2x1_32bit:177|mux_2x1_8bit:20|mux_2x1_1bit:26                                                                                           ; work         ;
;          |mux_2x1_1bit:27|                   ; 2 (2)       ; 0 (0)                     ; 0 (0)         ; 0           ; 0    ; 0            ; 0       ; 0         ; 0    ; 0            ; 2 (2)        ; 0 (0)             ; 0 (0)            ; |mips_mono|mux_2x1_32bit:177|mux_2x1_8bit:20|mux_2x1_1bit:27                                                                                           ; work         ;
;          |mux_2x1_1bit:28|                   ; 2 (2)       ; 0 (0)                     ; 0 (0)         ; 0           ; 0    ; 0            ; 0       ; 0         ; 0    ; 0            ; 2 (2)        ; 0 (0)             ; 0 (0)            ; |mips_mono|mux_2x1_32bit:177|mux_2x1_8bit:20|mux_2x1_1bit:28                                                                                           ; work         ;
;          |mux_2x1_1bit:29|                   ; 2 (2)       ; 0 (0)                     ; 0 (0)         ; 0           ; 0    ; 0            ; 0       ; 0         ; 0    ; 0            ; 2 (2)        ; 0 (0)             ; 0 (0)            ; |mips_mono|mux_2x1_32bit:177|mux_2x1_8bit:20|mux_2x1_1bit:29                                                                                           ; work         ;
;       |mux_2x1_8bit:21|                      ; 14 (0)      ; 0 (0)                     ; 0 (0)         ; 0           ; 0    ; 0            ; 0       ; 0         ; 0    ; 0            ; 13 (0)       ; 0 (0)             ; 1 (0)            ; |mips_mono|mux_2x1_32bit:177|mux_2x1_8bit:21                                                                                                           ; work         ;
;          |mux_2x1_1bit:20|                   ; 2 (2)       ; 0 (0)                     ; 0 (0)         ; 0           ; 0    ; 0            ; 0       ; 0         ; 0    ; 0            ; 2 (2)        ; 0 (0)             ; 0 (0)            ; |mips_mono|mux_2x1_32bit:177|mux_2x1_8bit:21|mux_2x1_1bit:20                                                                                           ; work         ;
;          |mux_2x1_1bit:23|                   ; 2 (2)       ; 0 (0)                     ; 0 (0)         ; 0           ; 0    ; 0            ; 0       ; 0         ; 0    ; 0            ; 2 (2)        ; 0 (0)             ; 0 (0)            ; |mips_mono|mux_2x1_32bit:177|mux_2x1_8bit:21|mux_2x1_1bit:23                                                                                           ; work         ;
;          |mux_2x1_1bit:24|                   ; 1 (1)       ; 0 (0)                     ; 0 (0)         ; 0           ; 0    ; 0            ; 0       ; 0         ; 0    ; 0            ; 1 (1)        ; 0 (0)             ; 0 (0)            ; |mips_mono|mux_2x1_32bit:177|mux_2x1_8bit:21|mux_2x1_1bit:24                                                                                           ; work         ;
;          |mux_2x1_1bit:25|                   ; 1 (1)       ; 0 (0)                     ; 0 (0)         ; 0           ; 0    ; 0            ; 0       ; 0         ; 0    ; 0            ; 1 (1)        ; 0 (0)             ; 0 (0)            ; |mips_mono|mux_2x1_32bit:177|mux_2x1_8bit:21|mux_2x1_1bit:25                                                                                           ; work         ;
;          |mux_2x1_1bit:26|                   ; 3 (3)       ; 0 (0)                     ; 0 (0)         ; 0           ; 0    ; 0            ; 0       ; 0         ; 0    ; 0            ; 2 (2)        ; 0 (0)             ; 1 (1)            ; |mips_mono|mux_2x1_32bit:177|mux_2x1_8bit:21|mux_2x1_1bit:26                                                                                           ; work         ;
;          |mux_2x1_1bit:27|                   ; 2 (2)       ; 0 (0)                     ; 0 (0)         ; 0           ; 0    ; 0            ; 0       ; 0         ; 0    ; 0            ; 2 (2)        ; 0 (0)             ; 0 (0)            ; |mips_mono|mux_2x1_32bit:177|mux_2x1_8bit:21|mux_2x1_1bit:27                                                                                           ; work         ;
;          |mux_2x1_1bit:28|                   ; 1 (1)       ; 0 (0)                     ; 0 (0)         ; 0           ; 0    ; 0            ; 0       ; 0         ; 0    ; 0            ; 1 (1)        ; 0 (0)             ; 0 (0)            ; |mips_mono|mux_2x1_32bit:177|mux_2x1_8bit:21|mux_2x1_1bit:28                                                                                           ; work         ;
;          |mux_2x1_1bit:29|                   ; 2 (2)       ; 0 (0)                     ; 0 (0)         ; 0           ; 0    ; 0            ; 0       ; 0         ; 0    ; 0            ; 2 (2)        ; 0 (0)             ; 0 (0)            ; |mips_mono|mux_2x1_32bit:177|mux_2x1_8bit:21|mux_2x1_1bit:29                                                                                           ; work         ;
;    |mux_2x1_32bit:34|                        ; 64 (0)      ; 0 (0)                     ; 0 (0)         ; 0           ; 0    ; 0            ; 0       ; 0         ; 0    ; 0            ; 56 (0)       ; 0 (0)             ; 8 (0)            ; |mips_mono|mux_2x1_32bit:34                                                                                                                            ; work         ;
;       |mux_2x1_8bit:18|                      ; 16 (0)      ; 0 (0)                     ; 0 (0)         ; 0           ; 0    ; 0            ; 0       ; 0         ; 0    ; 0            ; 10 (0)       ; 0 (0)             ; 6 (0)            ; |mips_mono|mux_2x1_32bit:34|mux_2x1_8bit:18                                                                                                            ; work         ;
;          |mux_2x1_1bit:20|                   ; 2 (2)       ; 0 (0)                     ; 0 (0)         ; 0           ; 0    ; 0            ; 0       ; 0         ; 0    ; 0            ; 2 (2)        ; 0 (0)             ; 0 (0)            ; |mips_mono|mux_2x1_32bit:34|mux_2x1_8bit:18|mux_2x1_1bit:20                                                                                            ; work         ;
;          |mux_2x1_1bit:23|                   ; 2 (2)       ; 0 (0)                     ; 0 (0)         ; 0           ; 0    ; 0            ; 0       ; 0         ; 0    ; 0            ; 1 (1)        ; 0 (0)             ; 1 (1)            ; |mips_mono|mux_2x1_32bit:34|mux_2x1_8bit:18|mux_2x1_1bit:23                                                                                            ; work         ;
;          |mux_2x1_1bit:24|                   ; 2 (2)       ; 0 (0)                     ; 0 (0)         ; 0           ; 0    ; 0            ; 0       ; 0         ; 0    ; 0            ; 1 (1)        ; 0 (0)             ; 1 (1)            ; |mips_mono|mux_2x1_32bit:34|mux_2x1_8bit:18|mux_2x1_1bit:24                                                                                            ; work         ;
;          |mux_2x1_1bit:25|                   ; 2 (2)       ; 0 (0)                     ; 0 (0)         ; 0           ; 0    ; 0            ; 0       ; 0         ; 0    ; 0            ; 1 (1)        ; 0 (0)             ; 1 (1)            ; |mips_mono|mux_2x1_32bit:34|mux_2x1_8bit:18|mux_2x1_1bit:25                                                                                            ; work         ;
;          |mux_2x1_1bit:26|                   ; 2 (2)       ; 0 (0)                     ; 0 (0)         ; 0           ; 0    ; 0            ; 0       ; 0         ; 0    ; 0            ; 1 (1)        ; 0 (0)             ; 1 (1)            ; |mips_mono|mux_2x1_32bit:34|mux_2x1_8bit:18|mux_2x1_1bit:26                                                                                            ; work         ;
;          |mux_2x1_1bit:27|                   ; 2 (2)       ; 0 (0)                     ; 0 (0)         ; 0           ; 0    ; 0            ; 0       ; 0         ; 0    ; 0            ; 1 (1)        ; 0 (0)             ; 1 (1)            ; |mips_mono|mux_2x1_32bit:34|mux_2x1_8bit:18|mux_2x1_1bit:27                                                                                            ; work         ;
;          |mux_2x1_1bit:28|                   ; 2 (2)       ; 0 (0)                     ; 0 (0)         ; 0           ; 0    ; 0            ; 0       ; 0         ; 0    ; 0            ; 2 (2)        ; 0 (0)             ; 0 (0)            ; |mips_mono|mux_2x1_32bit:34|mux_2x1_8bit:18|mux_2x1_1bit:28                                                                                            ; work         ;
;          |mux_2x1_1bit:29|                   ; 2 (2)       ; 0 (0)                     ; 0 (0)         ; 0           ; 0    ; 0            ; 0       ; 0         ; 0    ; 0            ; 1 (1)        ; 0 (0)             ; 1 (1)            ; |mips_mono|mux_2x1_32bit:34|mux_2x1_8bit:18|mux_2x1_1bit:29                                                                                            ; work         ;
;       |mux_2x1_8bit:19|                      ; 16 (0)      ; 0 (0)                     ; 0 (0)         ; 0           ; 0    ; 0            ; 0       ; 0         ; 0    ; 0            ; 16 (0)       ; 0 (0)             ; 0 (0)            ; |mips_mono|mux_2x1_32bit:34|mux_2x1_8bit:19                                                                                                            ; work         ;
;          |mux_2x1_1bit:20|                   ; 2 (2)       ; 0 (0)                     ; 0 (0)         ; 0           ; 0    ; 0            ; 0       ; 0         ; 0    ; 0            ; 2 (2)        ; 0 (0)             ; 0 (0)            ; |mips_mono|mux_2x1_32bit:34|mux_2x1_8bit:19|mux_2x1_1bit:20                                                                                            ; work         ;
;          |mux_2x1_1bit:23|                   ; 2 (2)       ; 0 (0)                     ; 0 (0)         ; 0           ; 0    ; 0            ; 0       ; 0         ; 0    ; 0            ; 2 (2)        ; 0 (0)             ; 0 (0)            ; |mips_mono|mux_2x1_32bit:34|mux_2x1_8bit:19|mux_2x1_1bit:23                                                                                            ; work         ;
;          |mux_2x1_1bit:24|                   ; 2 (2)       ; 0 (0)                     ; 0 (0)         ; 0           ; 0    ; 0            ; 0       ; 0         ; 0    ; 0            ; 2 (2)        ; 0 (0)             ; 0 (0)            ; |mips_mono|mux_2x1_32bit:34|mux_2x1_8bit:19|mux_2x1_1bit:24                                                                                            ; work         ;
;          |mux_2x1_1bit:25|                   ; 2 (2)       ; 0 (0)                     ; 0 (0)         ; 0           ; 0    ; 0            ; 0       ; 0         ; 0    ; 0            ; 2 (2)        ; 0 (0)             ; 0 (0)            ; |mips_mono|mux_2x1_32bit:34|mux_2x1_8bit:19|mux_2x1_1bit:25                                                                                            ; work         ;
;          |mux_2x1_1bit:26|                   ; 2 (2)       ; 0 (0)                     ; 0 (0)         ; 0           ; 0    ; 0            ; 0       ; 0         ; 0    ; 0            ; 2 (2)        ; 0 (0)             ; 0 (0)            ; |mips_mono|mux_2x1_32bit:34|mux_2x1_8bit:19|mux_2x1_1bit:26                                                                                            ; work         ;
;          |mux_2x1_1bit:27|                   ; 2 (2)       ; 0 (0)                     ; 0 (0)         ; 0           ; 0    ; 0            ; 0       ; 0         ; 0    ; 0            ; 2 (2)        ; 0 (0)             ; 0 (0)            ; |mips_mono|mux_2x1_32bit:34|mux_2x1_8bit:19|mux_2x1_1bit:27                                                                                            ; work         ;
;          |mux_2x1_1bit:28|                   ; 2 (2)       ; 0 (0)                     ; 0 (0)         ; 0           ; 0    ; 0            ; 0       ; 0         ; 0    ; 0            ; 2 (2)        ; 0 (0)             ; 0 (0)            ; |mips_mono|mux_2x1_32bit:34|mux_2x1_8bit:19|mux_2x1_1bit:28                                                                                            ; work         ;
;          |mux_2x1_1bit:29|                   ; 2 (2)       ; 0 (0)                     ; 0 (0)         ; 0           ; 0    ; 0            ; 0       ; 0         ; 0    ; 0            ; 2 (2)        ; 0 (0)             ; 0 (0)            ; |mips_mono|mux_2x1_32bit:34|mux_2x1_8bit:19|mux_2x1_1bit:29                                                                                            ; work         ;
;       |mux_2x1_8bit:20|                      ; 16 (0)      ; 0 (0)                     ; 0 (0)         ; 0           ; 0    ; 0            ; 0       ; 0         ; 0    ; 0            ; 16 (0)       ; 0 (0)             ; 0 (0)            ; |mips_mono|mux_2x1_32bit:34|mux_2x1_8bit:20                                                                                                            ; work         ;
;          |mux_2x1_1bit:20|                   ; 2 (2)       ; 0 (0)                     ; 0 (0)         ; 0           ; 0    ; 0            ; 0       ; 0         ; 0    ; 0            ; 2 (2)        ; 0 (0)             ; 0 (0)            ; |mips_mono|mux_2x1_32bit:34|mux_2x1_8bit:20|mux_2x1_1bit:20                                                                                            ; work         ;
;          |mux_2x1_1bit:23|                   ; 2 (2)       ; 0 (0)                     ; 0 (0)         ; 0           ; 0    ; 0            ; 0       ; 0         ; 0    ; 0            ; 2 (2)        ; 0 (0)             ; 0 (0)            ; |mips_mono|mux_2x1_32bit:34|mux_2x1_8bit:20|mux_2x1_1bit:23                                                                                            ; work         ;
;          |mux_2x1_1bit:24|                   ; 2 (2)       ; 0 (0)                     ; 0 (0)         ; 0           ; 0    ; 0            ; 0       ; 0         ; 0    ; 0            ; 2 (2)        ; 0 (0)             ; 0 (0)            ; |mips_mono|mux_2x1_32bit:34|mux_2x1_8bit:20|mux_2x1_1bit:24                                                                                            ; work         ;
;          |mux_2x1_1bit:25|                   ; 2 (2)       ; 0 (0)                     ; 0 (0)         ; 0           ; 0    ; 0            ; 0       ; 0         ; 0    ; 0            ; 2 (2)        ; 0 (0)             ; 0 (0)            ; |mips_mono|mux_2x1_32bit:34|mux_2x1_8bit:20|mux_2x1_1bit:25                                                                                            ; work         ;
;          |mux_2x1_1bit:26|                   ; 2 (2)       ; 0 (0)                     ; 0 (0)         ; 0           ; 0    ; 0            ; 0       ; 0         ; 0    ; 0            ; 2 (2)        ; 0 (0)             ; 0 (0)            ; |mips_mono|mux_2x1_32bit:34|mux_2x1_8bit:20|mux_2x1_1bit:26                                                                                            ; work         ;
;          |mux_2x1_1bit:27|                   ; 2 (2)       ; 0 (0)                     ; 0 (0)         ; 0           ; 0    ; 0            ; 0       ; 0         ; 0    ; 0            ; 2 (2)        ; 0 (0)             ; 0 (0)            ; |mips_mono|mux_2x1_32bit:34|mux_2x1_8bit:20|mux_2x1_1bit:27                                                                                            ; work         ;
;          |mux_2x1_1bit:28|                   ; 2 (2)       ; 0 (0)                     ; 0 (0)         ; 0           ; 0    ; 0            ; 0       ; 0         ; 0    ; 0            ; 2 (2)        ; 0 (0)             ; 0 (0)            ; |mips_mono|mux_2x1_32bit:34|mux_2x1_8bit:20|mux_2x1_1bit:28                                                                                            ; work         ;
;          |mux_2x1_1bit:29|                   ; 2 (2)       ; 0 (0)                     ; 0 (0)         ; 0           ; 0    ; 0            ; 0       ; 0         ; 0    ; 0            ; 2 (2)        ; 0 (0)             ; 0 (0)            ; |mips_mono|mux_2x1_32bit:34|mux_2x1_8bit:20|mux_2x1_1bit:29                                                                                            ; work         ;
;       |mux_2x1_8bit:21|                      ; 16 (0)      ; 0 (0)                     ; 0 (0)         ; 0           ; 0    ; 0            ; 0       ; 0         ; 0    ; 0            ; 14 (0)       ; 0 (0)             ; 2 (0)            ; |mips_mono|mux_2x1_32bit:34|mux_2x1_8bit:21                                                                                                            ; work         ;
;          |mux_2x1_1bit:20|                   ; 2 (2)       ; 0 (0)                     ; 0 (0)         ; 0           ; 0    ; 0            ; 0       ; 0         ; 0    ; 0            ; 2 (2)        ; 0 (0)             ; 0 (0)            ; |mips_mono|mux_2x1_32bit:34|mux_2x1_8bit:21|mux_2x1_1bit:20                                                                                            ; work         ;
;          |mux_2x1_1bit:23|                   ; 2 (2)       ; 0 (0)                     ; 0 (0)         ; 0           ; 0    ; 0            ; 0       ; 0         ; 0    ; 0            ; 1 (1)        ; 0 (0)             ; 1 (1)            ; |mips_mono|mux_2x1_32bit:34|mux_2x1_8bit:21|mux_2x1_1bit:23                                                                                            ; work         ;
;          |mux_2x1_1bit:24|                   ; 2 (2)       ; 0 (0)                     ; 0 (0)         ; 0           ; 0    ; 0            ; 0       ; 0         ; 0    ; 0            ; 2 (2)        ; 0 (0)             ; 0 (0)            ; |mips_mono|mux_2x1_32bit:34|mux_2x1_8bit:21|mux_2x1_1bit:24                                                                                            ; work         ;
;          |mux_2x1_1bit:25|                   ; 2 (2)       ; 0 (0)                     ; 0 (0)         ; 0           ; 0    ; 0            ; 0       ; 0         ; 0    ; 0            ; 1 (1)        ; 0 (0)             ; 1 (1)            ; |mips_mono|mux_2x1_32bit:34|mux_2x1_8bit:21|mux_2x1_1bit:25                                                                                            ; work         ;
;          |mux_2x1_1bit:26|                   ; 2 (2)       ; 0 (0)                     ; 0 (0)         ; 0           ; 0    ; 0            ; 0       ; 0         ; 0    ; 0            ; 2 (2)        ; 0 (0)             ; 0 (0)            ; |mips_mono|mux_2x1_32bit:34|mux_2x1_8bit:21|mux_2x1_1bit:26                                                                                            ; work         ;
;          |mux_2x1_1bit:27|                   ; 2 (2)       ; 0 (0)                     ; 0 (0)         ; 0           ; 0    ; 0            ; 0       ; 0         ; 0    ; 0            ; 2 (2)        ; 0 (0)             ; 0 (0)            ; |mips_mono|mux_2x1_32bit:34|mux_2x1_8bit:21|mux_2x1_1bit:27                                                                                            ; work         ;
;          |mux_2x1_1bit:28|                   ; 2 (2)       ; 0 (0)                     ; 0 (0)         ; 0           ; 0    ; 0            ; 0       ; 0         ; 0    ; 0            ; 2 (2)        ; 0 (0)             ; 0 (0)            ; |mips_mono|mux_2x1_32bit:34|mux_2x1_8bit:21|mux_2x1_1bit:28                                                                                            ; work         ;
;          |mux_2x1_1bit:29|                   ; 2 (2)       ; 0 (0)                     ; 0 (0)         ; 0           ; 0    ; 0            ; 0       ; 0         ; 0    ; 0            ; 2 (2)        ; 0 (0)             ; 0 (0)            ; |mips_mono|mux_2x1_32bit:34|mux_2x1_8bit:21|mux_2x1_1bit:29                                                                                            ; work         ;
;    |mux_2x1_32bit:38|                        ; 89 (0)      ; 0 (0)                     ; 0 (0)         ; 0           ; 0    ; 0            ; 0       ; 0         ; 0    ; 0            ; 72 (0)       ; 0 (0)             ; 17 (0)           ; |mips_mono|mux_2x1_32bit:38                                                                                                                            ; work         ;
;       |mux_2x1_8bit:18|                      ; 17 (0)      ; 0 (0)                     ; 0 (0)         ; 0           ; 0    ; 0            ; 0       ; 0         ; 0    ; 0            ; 17 (0)       ; 0 (0)             ; 0 (0)            ; |mips_mono|mux_2x1_32bit:38|mux_2x1_8bit:18                                                                                                            ; work         ;
;          |mux_2x1_1bit:20|                   ; 2 (2)       ; 0 (0)                     ; 0 (0)         ; 0           ; 0    ; 0            ; 0       ; 0         ; 0    ; 0            ; 2 (2)        ; 0 (0)             ; 0 (0)            ; |mips_mono|mux_2x1_32bit:38|mux_2x1_8bit:18|mux_2x1_1bit:20                                                                                            ; work         ;
;          |mux_2x1_1bit:23|                   ; 2 (2)       ; 0 (0)                     ; 0 (0)         ; 0           ; 0    ; 0            ; 0       ; 0         ; 0    ; 0            ; 2 (2)        ; 0 (0)             ; 0 (0)            ; |mips_mono|mux_2x1_32bit:38|mux_2x1_8bit:18|mux_2x1_1bit:23                                                                                            ; work         ;
;          |mux_2x1_1bit:24|                   ; 2 (2)       ; 0 (0)                     ; 0 (0)         ; 0           ; 0    ; 0            ; 0       ; 0         ; 0    ; 0            ; 2 (2)        ; 0 (0)             ; 0 (0)            ; |mips_mono|mux_2x1_32bit:38|mux_2x1_8bit:18|mux_2x1_1bit:24                                                                                            ; work         ;
;          |mux_2x1_1bit:25|                   ; 2 (2)       ; 0 (0)                     ; 0 (0)         ; 0           ; 0    ; 0            ; 0       ; 0         ; 0    ; 0            ; 2 (2)        ; 0 (0)             ; 0 (0)            ; |mips_mono|mux_2x1_32bit:38|mux_2x1_8bit:18|mux_2x1_1bit:25                                                                                            ; work         ;
;          |mux_2x1_1bit:26|                   ; 2 (2)       ; 0 (0)                     ; 0 (0)         ; 0           ; 0    ; 0            ; 0       ; 0         ; 0    ; 0            ; 2 (2)        ; 0 (0)             ; 0 (0)            ; |mips_mono|mux_2x1_32bit:38|mux_2x1_8bit:18|mux_2x1_1bit:26                                                                                            ; work         ;
;          |mux_2x1_1bit:27|                   ; 3 (3)       ; 0 (0)                     ; 0 (0)         ; 0           ; 0    ; 0            ; 0       ; 0         ; 0    ; 0            ; 3 (3)        ; 0 (0)             ; 0 (0)            ; |mips_mono|mux_2x1_32bit:38|mux_2x1_8bit:18|mux_2x1_1bit:27                                                                                            ; work         ;
;          |mux_2x1_1bit:28|                   ; 2 (2)       ; 0 (0)                     ; 0 (0)         ; 0           ; 0    ; 0            ; 0       ; 0         ; 0    ; 0            ; 2 (2)        ; 0 (0)             ; 0 (0)            ; |mips_mono|mux_2x1_32bit:38|mux_2x1_8bit:18|mux_2x1_1bit:28                                                                                            ; work         ;
;          |mux_2x1_1bit:29|                   ; 2 (2)       ; 0 (0)                     ; 0 (0)         ; 0           ; 0    ; 0            ; 0       ; 0         ; 0    ; 0            ; 2 (2)        ; 0 (0)             ; 0 (0)            ; |mips_mono|mux_2x1_32bit:38|mux_2x1_8bit:18|mux_2x1_1bit:29                                                                                            ; work         ;
;       |mux_2x1_8bit:19|                      ; 34 (0)      ; 0 (0)                     ; 0 (0)         ; 0           ; 0    ; 0            ; 0       ; 0         ; 0    ; 0            ; 31 (0)       ; 0 (0)             ; 3 (0)            ; |mips_mono|mux_2x1_32bit:38|mux_2x1_8bit:19                                                                                                            ; work         ;
;          |mux_2x1_1bit:20|                   ; 2 (2)       ; 0 (0)                     ; 0 (0)         ; 0           ; 0    ; 0            ; 0       ; 0         ; 0    ; 0            ; 2 (2)        ; 0 (0)             ; 0 (0)            ; |mips_mono|mux_2x1_32bit:38|mux_2x1_8bit:19|mux_2x1_1bit:20                                                                                            ; work         ;
;          |mux_2x1_1bit:23|                   ; 19 (19)     ; 0 (0)                     ; 0 (0)         ; 0           ; 0    ; 0            ; 0       ; 0         ; 0    ; 0            ; 19 (19)      ; 0 (0)             ; 0 (0)            ; |mips_mono|mux_2x1_32bit:38|mux_2x1_8bit:19|mux_2x1_1bit:23                                                                                            ; work         ;
;          |mux_2x1_1bit:24|                   ; 2 (2)       ; 0 (0)                     ; 0 (0)         ; 0           ; 0    ; 0            ; 0       ; 0         ; 0    ; 0            ; 2 (2)        ; 0 (0)             ; 0 (0)            ; |mips_mono|mux_2x1_32bit:38|mux_2x1_8bit:19|mux_2x1_1bit:24                                                                                            ; work         ;
;          |mux_2x1_1bit:25|                   ; 2 (2)       ; 0 (0)                     ; 0 (0)         ; 0           ; 0    ; 0            ; 0       ; 0         ; 0    ; 0            ; 2 (2)        ; 0 (0)             ; 0 (0)            ; |mips_mono|mux_2x1_32bit:38|mux_2x1_8bit:19|mux_2x1_1bit:25                                                                                            ; work         ;
;          |mux_2x1_1bit:26|                   ; 2 (2)       ; 0 (0)                     ; 0 (0)         ; 0           ; 0    ; 0            ; 0       ; 0         ; 0    ; 0            ; 2 (2)        ; 0 (0)             ; 0 (0)            ; |mips_mono|mux_2x1_32bit:38|mux_2x1_8bit:19|mux_2x1_1bit:26                                                                                            ; work         ;
;          |mux_2x1_1bit:27|                   ; 2 (2)       ; 0 (0)                     ; 0 (0)         ; 0           ; 0    ; 0            ; 0       ; 0         ; 0    ; 0            ; 1 (1)        ; 0 (0)             ; 1 (1)            ; |mips_mono|mux_2x1_32bit:38|mux_2x1_8bit:19|mux_2x1_1bit:27                                                                                            ; work         ;
;          |mux_2x1_1bit:28|                   ; 2 (2)       ; 0 (0)                     ; 0 (0)         ; 0           ; 0    ; 0            ; 0       ; 0         ; 0    ; 0            ; 1 (1)        ; 0 (0)             ; 1 (1)            ; |mips_mono|mux_2x1_32bit:38|mux_2x1_8bit:19|mux_2x1_1bit:28                                                                                            ; work         ;
;          |mux_2x1_1bit:29|                   ; 3 (3)       ; 0 (0)                     ; 0 (0)         ; 0           ; 0    ; 0            ; 0       ; 0         ; 0    ; 0            ; 2 (2)        ; 0 (0)             ; 1 (1)            ; |mips_mono|mux_2x1_32bit:38|mux_2x1_8bit:19|mux_2x1_1bit:29                                                                                            ; work         ;
;       |mux_2x1_8bit:20|                      ; 17 (0)      ; 0 (0)                     ; 0 (0)         ; 0           ; 0    ; 0            ; 0       ; 0         ; 0    ; 0            ; 11 (0)       ; 0 (0)             ; 6 (0)            ; |mips_mono|mux_2x1_32bit:38|mux_2x1_8bit:20                                                                                                            ; work         ;
;          |mux_2x1_1bit:20|                   ; 2 (2)       ; 0 (0)                     ; 0 (0)         ; 0           ; 0    ; 0            ; 0       ; 0         ; 0    ; 0            ; 2 (2)        ; 0 (0)             ; 0 (0)            ; |mips_mono|mux_2x1_32bit:38|mux_2x1_8bit:20|mux_2x1_1bit:20                                                                                            ; work         ;
;          |mux_2x1_1bit:23|                   ; 2 (2)       ; 0 (0)                     ; 0 (0)         ; 0           ; 0    ; 0            ; 0       ; 0         ; 0    ; 0            ; 1 (1)        ; 0 (0)             ; 1 (1)            ; |mips_mono|mux_2x1_32bit:38|mux_2x1_8bit:20|mux_2x1_1bit:23                                                                                            ; work         ;
;          |mux_2x1_1bit:24|                   ; 3 (3)       ; 0 (0)                     ; 0 (0)         ; 0           ; 0    ; 0            ; 0       ; 0         ; 0    ; 0            ; 2 (2)        ; 0 (0)             ; 1 (1)            ; |mips_mono|mux_2x1_32bit:38|mux_2x1_8bit:20|mux_2x1_1bit:24                                                                                            ; work         ;
;          |mux_2x1_1bit:25|                   ; 2 (2)       ; 0 (0)                     ; 0 (0)         ; 0           ; 0    ; 0            ; 0       ; 0         ; 0    ; 0            ; 1 (1)        ; 0 (0)             ; 1 (1)            ; |mips_mono|mux_2x1_32bit:38|mux_2x1_8bit:20|mux_2x1_1bit:25                                                                                            ; work         ;
;          |mux_2x1_1bit:26|                   ; 2 (2)       ; 0 (0)                     ; 0 (0)         ; 0           ; 0    ; 0            ; 0       ; 0         ; 0    ; 0            ; 1 (1)        ; 0 (0)             ; 1 (1)            ; |mips_mono|mux_2x1_32bit:38|mux_2x1_8bit:20|mux_2x1_1bit:26                                                                                            ; work         ;
;          |mux_2x1_1bit:27|                   ; 2 (2)       ; 0 (0)                     ; 0 (0)         ; 0           ; 0    ; 0            ; 0       ; 0         ; 0    ; 0            ; 2 (2)        ; 0 (0)             ; 0 (0)            ; |mips_mono|mux_2x1_32bit:38|mux_2x1_8bit:20|mux_2x1_1bit:27                                                                                            ; work         ;
;          |mux_2x1_1bit:28|                   ; 2 (2)       ; 0 (0)                     ; 0 (0)         ; 0           ; 0    ; 0            ; 0       ; 0         ; 0    ; 0            ; 1 (1)        ; 0 (0)             ; 1 (1)            ; |mips_mono|mux_2x1_32bit:38|mux_2x1_8bit:20|mux_2x1_1bit:28                                                                                            ; work         ;
;          |mux_2x1_1bit:29|                   ; 2 (2)       ; 0 (0)                     ; 0 (0)         ; 0           ; 0    ; 0            ; 0       ; 0         ; 0    ; 0            ; 1 (1)        ; 0 (0)             ; 1 (1)            ; |mips_mono|mux_2x1_32bit:38|mux_2x1_8bit:20|mux_2x1_1bit:29                                                                                            ; work         ;
;       |mux_2x1_8bit:21|                      ; 21 (0)      ; 0 (0)                     ; 0 (0)         ; 0           ; 0    ; 0            ; 0       ; 0         ; 0    ; 0            ; 13 (0)       ; 0 (0)             ; 8 (0)            ; |mips_mono|mux_2x1_32bit:38|mux_2x1_8bit:21                                                                                                            ; work         ;
;          |mux_2x1_1bit:20|                   ; 3 (3)       ; 0 (0)                     ; 0 (0)         ; 0           ; 0    ; 0            ; 0       ; 0         ; 0    ; 0            ; 2 (2)        ; 0 (0)             ; 1 (1)            ; |mips_mono|mux_2x1_32bit:38|mux_2x1_8bit:21|mux_2x1_1bit:20                                                                                            ; work         ;
;          |mux_2x1_1bit:23|                   ; 3 (3)       ; 0 (0)                     ; 0 (0)         ; 0           ; 0    ; 0            ; 0       ; 0         ; 0    ; 0            ; 2 (2)        ; 0 (0)             ; 1 (1)            ; |mips_mono|mux_2x1_32bit:38|mux_2x1_8bit:21|mux_2x1_1bit:23                                                                                            ; work         ;
;          |mux_2x1_1bit:24|                   ; 2 (2)       ; 0 (0)                     ; 0 (0)         ; 0           ; 0    ; 0            ; 0       ; 0         ; 0    ; 0            ; 1 (1)        ; 0 (0)             ; 1 (1)            ; |mips_mono|mux_2x1_32bit:38|mux_2x1_8bit:21|mux_2x1_1bit:24                                                                                            ; work         ;
;          |mux_2x1_1bit:25|                   ; 3 (3)       ; 0 (0)                     ; 0 (0)         ; 0           ; 0    ; 0            ; 0       ; 0         ; 0    ; 0            ; 2 (2)        ; 0 (0)             ; 1 (1)            ; |mips_mono|mux_2x1_32bit:38|mux_2x1_8bit:21|mux_2x1_1bit:25                                                                                            ; work         ;
;          |mux_2x1_1bit:26|                   ; 4 (4)       ; 0 (0)                     ; 0 (0)         ; 0           ; 0    ; 0            ; 0       ; 0         ; 0    ; 0            ; 3 (3)        ; 0 (0)             ; 1 (1)            ; |mips_mono|mux_2x1_32bit:38|mux_2x1_8bit:21|mux_2x1_1bit:26                                                                                            ; work         ;
;          |mux_2x1_1bit:27|                   ; 2 (2)       ; 0 (0)                     ; 0 (0)         ; 0           ; 0    ; 0            ; 0       ; 0         ; 0    ; 0            ; 1 (1)        ; 0 (0)             ; 1 (1)            ; |mips_mono|mux_2x1_32bit:38|mux_2x1_8bit:21|mux_2x1_1bit:27                                                                                            ; work         ;
;          |mux_2x1_1bit:28|                   ; 2 (2)       ; 0 (0)                     ; 0 (0)         ; 0           ; 0    ; 0            ; 0       ; 0         ; 0    ; 0            ; 1 (1)        ; 0 (0)             ; 1 (1)            ; |mips_mono|mux_2x1_32bit:38|mux_2x1_8bit:21|mux_2x1_1bit:28                                                                                            ; work         ;
;          |mux_2x1_1bit:29|                   ; 2 (2)       ; 0 (0)                     ; 0 (0)         ; 0           ; 0    ; 0            ; 0       ; 0         ; 0    ; 0            ; 1 (1)        ; 0 (0)             ; 1 (1)            ; |mips_mono|mux_2x1_32bit:38|mux_2x1_8bit:21|mux_2x1_1bit:29                                                                                            ; work         ;
;    |mux_2x1_5bit:50|                         ; 2 (0)       ; 0 (0)                     ; 0 (0)         ; 0           ; 0    ; 0            ; 0       ; 0         ; 0    ; 0            ; 0 (0)        ; 0 (0)             ; 2 (0)            ; |mips_mono|mux_2x1_5bit:50                                                                                                                             ; work         ;
;       |mux_2x1_1bit:25|                      ; 1 (1)       ; 0 (0)                     ; 0 (0)         ; 0           ; 0    ; 0            ; 0       ; 0         ; 0    ; 0            ; 0 (0)        ; 0 (0)             ; 1 (1)            ; |mips_mono|mux_2x1_5bit:50|mux_2x1_1bit:25                                                                                                             ; work         ;
;       |mux_2x1_1bit:26|                      ; 1 (1)       ; 0 (0)                     ; 0 (0)         ; 0           ; 0    ; 0            ; 0       ; 0         ; 0    ; 0            ; 0 (0)        ; 0 (0)             ; 1 (1)            ; |mips_mono|mux_2x1_5bit:50|mux_2x1_1bit:26                                                                                                             ; work         ;
;    |mux_2x1_5bit:51|                         ; 3 (0)       ; 0 (0)                     ; 0 (0)         ; 0           ; 0    ; 0            ; 0       ; 0         ; 0    ; 0            ; 3 (0)        ; 0 (0)             ; 0 (0)            ; |mips_mono|mux_2x1_5bit:51                                                                                                                             ; work         ;
;       |mux_2x1_1bit:22|                      ; 1 (1)       ; 0 (0)                     ; 0 (0)         ; 0           ; 0    ; 0            ; 0       ; 0         ; 0    ; 0            ; 1 (1)        ; 0 (0)             ; 0 (0)            ; |mips_mono|mux_2x1_5bit:51|mux_2x1_1bit:22                                                                                                             ; work         ;
;       |mux_2x1_1bit:23|                      ; 1 (1)       ; 0 (0)                     ; 0 (0)         ; 0           ; 0    ; 0            ; 0       ; 0         ; 0    ; 0            ; 1 (1)        ; 0 (0)             ; 0 (0)            ; |mips_mono|mux_2x1_5bit:51|mux_2x1_1bit:23                                                                                                             ; work         ;
;       |mux_2x1_1bit:24|                      ; 1 (1)       ; 0 (0)                     ; 0 (0)         ; 0           ; 0    ; 0            ; 0       ; 0         ; 0    ; 0            ; 1 (1)        ; 0 (0)             ; 0 (0)            ; |mips_mono|mux_2x1_5bit:51|mux_2x1_1bit:24                                                                                                             ; work         ;
;    |program_counter:ProgramCounter|          ; 32 (0)      ; 32 (0)                    ; 0 (0)         ; 0           ; 0    ; 0            ; 0       ; 0         ; 0    ; 0            ; 0 (0)        ; 2 (0)             ; 30 (0)           ; |mips_mono|program_counter:ProgramCounter                                                                                                              ; work         ;
;       |lpm_dff:133|                          ; 32 (32)     ; 32 (32)                   ; 0 (0)         ; 0           ; 0    ; 0            ; 0       ; 0         ; 0    ; 0            ; 0 (0)        ; 2 (2)             ; 30 (30)          ; |mips_mono|program_counter:ProgramCounter|lpm_dff:133                                                                                                  ; work         ;
;    |signal_ext_32bit:23|                     ; 32 (32)     ; 0 (0)                     ; 0 (0)         ; 0           ; 0    ; 0            ; 0       ; 0         ; 0    ; 0            ; 24 (24)      ; 0 (0)             ; 8 (8)            ; |mips_mono|signal_ext_32bit:23                                                                                                                         ; work         ;
+----------------------------------------------+-------------+---------------------------+---------------+-------------+------+--------------+---------+-----------+------+--------------+--------------+-------------------+------------------+--------------------------------------------------------------------------------------------------------------------------------------------------------+--------------+
Note: For table entries with two numbers listed, the numbers in parentheses indicate the number of resources of the given type used by the specific entity alone. The numbers listed outside of parentheses indicate the total resources of the given type used by the specific entity and all of its sub-entities in the hierarchy.


+-------------------------------------------------------------------------------------------------+
; Delay Chain Summary                                                                             ;
+-----------------+----------+---------------+---------------+-----------------------+-----+------+
; Name            ; Pin Type ; Pad to Core 0 ; Pad to Core 1 ; Pad to Input Register ; TCO ; TCOE ;
+-----------------+----------+---------------+---------------+-----------------------+-----+------+
; Branch          ; Output   ; --            ; --            ; --                    ; --  ; --   ;
; Instruction[31] ; Output   ; --            ; --            ; --                    ; --  ; --   ;
; Instruction[30] ; Output   ; --            ; --            ; --                    ; --  ; --   ;
; Instruction[29] ; Output   ; --            ; --            ; --                    ; --  ; --   ;
; Instruction[28] ; Output   ; --            ; --            ; --                    ; --  ; --   ;
; Instruction[27] ; Output   ; --            ; --            ; --                    ; --  ; --   ;
; Instruction[26] ; Output   ; --            ; --            ; --                    ; --  ; --   ;
; Instruction[25] ; Output   ; --            ; --            ; --                    ; --  ; --   ;
; Instruction[24] ; Output   ; --            ; --            ; --                    ; --  ; --   ;
; Instruction[23] ; Output   ; --            ; --            ; --                    ; --  ; --   ;
; Instruction[22] ; Output   ; --            ; --            ; --                    ; --  ; --   ;
; Instruction[21] ; Output   ; --            ; --            ; --                    ; --  ; --   ;
; Instruction[20] ; Output   ; --            ; --            ; --                    ; --  ; --   ;
; Instruction[19] ; Output   ; --            ; --            ; --                    ; --  ; --   ;
; Instruction[18] ; Output   ; --            ; --            ; --                    ; --  ; --   ;
; Instruction[17] ; Output   ; --            ; --            ; --                    ; --  ; --   ;
; Instruction[16] ; Output   ; --            ; --            ; --                    ; --  ; --   ;
; Instruction[15] ; Output   ; --            ; --            ; --                    ; --  ; --   ;
; Instruction[14] ; Output   ; --            ; --            ; --                    ; --  ; --   ;
; Instruction[13] ; Output   ; --            ; --            ; --                    ; --  ; --   ;
; Instruction[12] ; Output   ; --            ; --            ; --                    ; --  ; --   ;
; Instruction[11] ; Output   ; --            ; --            ; --                    ; --  ; --   ;
; Instruction[10] ; Output   ; --            ; --            ; --                    ; --  ; --   ;
; Instruction[9]  ; Output   ; --            ; --            ; --                    ; --  ; --   ;
; Instruction[8]  ; Output   ; --            ; --            ; --                    ; --  ; --   ;
; Instruction[7]  ; Output   ; --            ; --            ; --                    ; --  ; --   ;
; Instruction[6]  ; Output   ; --            ; --            ; --                    ; --  ; --   ;
; Instruction[5]  ; Output   ; --            ; --            ; --                    ; --  ; --   ;
; Instruction[4]  ; Output   ; --            ; --            ; --                    ; --  ; --   ;
; Instruction[3]  ; Output   ; --            ; --            ; --                    ; --  ; --   ;
; Instruction[2]  ; Output   ; --            ; --            ; --                    ; --  ; --   ;
; Instruction[1]  ; Output   ; --            ; --            ; --                    ; --  ; --   ;
; Instruction[0]  ; Output   ; --            ; --            ; --                    ; --  ; --   ;
; PC[31]          ; Output   ; --            ; --            ; --                    ; --  ; --   ;
; PC[30]          ; Output   ; --            ; --            ; --                    ; --  ; --   ;
; PC[29]          ; Output   ; --            ; --            ; --                    ; --  ; --   ;
; PC[28]          ; Output   ; --            ; --            ; --                    ; --  ; --   ;
; PC[27]          ; Output   ; --            ; --            ; --                    ; --  ; --   ;
; PC[26]          ; Output   ; --            ; --            ; --                    ; --  ; --   ;
; PC[25]          ; Output   ; --            ; --            ; --                    ; --  ; --   ;
; PC[24]          ; Output   ; --            ; --            ; --                    ; --  ; --   ;
; PC[23]          ; Output   ; --            ; --            ; --                    ; --  ; --   ;
; PC[22]          ; Output   ; --            ; --            ; --                    ; --  ; --   ;
; PC[21]          ; Output   ; --            ; --            ; --                    ; --  ; --   ;
; PC[20]          ; Output   ; --            ; --            ; --                    ; --  ; --   ;
; PC[19]          ; Output   ; --            ; --            ; --                    ; --  ; --   ;
; PC[18]          ; Output   ; --            ; --            ; --                    ; --  ; --   ;
; PC[17]          ; Output   ; --            ; --            ; --                    ; --  ; --   ;
; PC[16]          ; Output   ; --            ; --            ; --                    ; --  ; --   ;
; PC[15]          ; Output   ; --            ; --            ; --                    ; --  ; --   ;
; PC[14]          ; Output   ; --            ; --            ; --                    ; --  ; --   ;
; PC[13]          ; Output   ; --            ; --            ; --                    ; --  ; --   ;
; PC[12]          ; Output   ; --            ; --            ; --                    ; --  ; --   ;
; PC[11]          ; Output   ; --            ; --            ; --                    ; --  ; --   ;
; PC[10]          ; Output   ; --            ; --            ; --                    ; --  ; --   ;
; PC[9]           ; Output   ; --            ; --            ; --                    ; --  ; --   ;
; PC[8]           ; Output   ; --            ; --            ; --                    ; --  ; --   ;
; PC[7]           ; Output   ; --            ; --            ; --                    ; --  ; --   ;
; PC[6]           ; Output   ; --            ; --            ; --                    ; --  ; --   ;
; PC[5]           ; Output   ; --            ; --            ; --                    ; --  ; --   ;
; PC[4]           ; Output   ; --            ; --            ; --                    ; --  ; --   ;
; PC[3]           ; Output   ; --            ; --            ; --                    ; --  ; --   ;
; PC[2]           ; Output   ; --            ; --            ; --                    ; --  ; --   ;
; PC[1]           ; Output   ; --            ; --            ; --                    ; --  ; --   ;
; PC[0]           ; Output   ; --            ; --            ; --                    ; --  ; --   ;
; RegDst          ; Output   ; --            ; --            ; --                    ; --  ; --   ;
; Operation[2]    ; Output   ; --            ; --            ; --                    ; --  ; --   ;
; Operation[1]    ; Output   ; --            ; --            ; --                    ; --  ; --   ;
; Operation[0]    ; Output   ; --            ; --            ; --                    ; --  ; --   ;
; ALUOp[1]        ; Output   ; --            ; --            ; --                    ; --  ; --   ;
; ALUOp[0]        ; Output   ; --            ; --            ; --                    ; --  ; --   ;
; RegWrite        ; Output   ; --            ; --            ; --                    ; --  ; --   ;
; MemToReg        ; Output   ; --            ; --            ; --                    ; --  ; --   ;
; MemWrite        ; Output   ; --            ; --            ; --                    ; --  ; --   ;
; ALUSrc          ; Output   ; --            ; --            ; --                    ; --  ; --   ;
; clkSys          ; Output   ; --            ; --            ; --                    ; --  ; --   ;
; function[5]     ; Output   ; --            ; --            ; --                    ; --  ; --   ;
; function[4]     ; Output   ; --            ; --            ; --                    ; --  ; --   ;
; function[3]     ; Output   ; --            ; --            ; --                    ; --  ; --   ;
; function[2]     ; Output   ; --            ; --            ; --                    ; --  ; --   ;
; function[1]     ; Output   ; --            ; --            ; --                    ; --  ; --   ;
; function[0]     ; Output   ; --            ; --            ; --                    ; --  ; --   ;
; imed16[15]      ; Output   ; --            ; --            ; --                    ; --  ; --   ;
; imed16[14]      ; Output   ; --            ; --            ; --                    ; --  ; --   ;
; imed16[13]      ; Output   ; --            ; --            ; --                    ; --  ; --   ;
; imed16[12]      ; Output   ; --            ; --            ; --                    ; --  ; --   ;
; imed16[11]      ; Output   ; --            ; --            ; --                    ; --  ; --   ;
; imed16[10]      ; Output   ; --            ; --            ; --                    ; --  ; --   ;
; imed16[9]       ; Output   ; --            ; --            ; --                    ; --  ; --   ;
; imed16[8]       ; Output   ; --            ; --            ; --                    ; --  ; --   ;
; imed16[7]       ; Output   ; --            ; --            ; --                    ; --  ; --   ;
; imed16[6]       ; Output   ; --            ; --            ; --                    ; --  ; --   ;
; imed16[5]       ; Output   ; --            ; --            ; --                    ; --  ; --   ;
; imed16[4]       ; Output   ; --            ; --            ; --                    ; --  ; --   ;
; imed16[3]       ; Output   ; --            ; --            ; --                    ; --  ; --   ;
; imed16[2]       ; Output   ; --            ; --            ; --                    ; --  ; --   ;
; imed16[1]       ; Output   ; --            ; --            ; --                    ; --  ; --   ;
; imed16[0]       ; Output   ; --            ; --            ; --                    ; --  ; --   ;
; nextPC[31]      ; Output   ; --            ; --            ; --                    ; --  ; --   ;
; nextPC[30]      ; Output   ; --            ; --            ; --                    ; --  ; --   ;
; nextPC[29]      ; Output   ; --            ; --            ; --                    ; --  ; --   ;
; nextPC[28]      ; Output   ; --            ; --            ; --                    ; --  ; --   ;
; nextPC[27]      ; Output   ; --            ; --            ; --                    ; --  ; --   ;
; nextPC[26]      ; Output   ; --            ; --            ; --                    ; --  ; --   ;
; nextPC[25]      ; Output   ; --            ; --            ; --                    ; --  ; --   ;
; nextPC[24]      ; Output   ; --            ; --            ; --                    ; --  ; --   ;
; nextPC[23]      ; Output   ; --            ; --            ; --                    ; --  ; --   ;
; nextPC[22]      ; Output   ; --            ; --            ; --                    ; --  ; --   ;
; nextPC[21]      ; Output   ; --            ; --            ; --                    ; --  ; --   ;
; nextPC[20]      ; Output   ; --            ; --            ; --                    ; --  ; --   ;
; nextPC[19]      ; Output   ; --            ; --            ; --                    ; --  ; --   ;
; nextPC[18]      ; Output   ; --            ; --            ; --                    ; --  ; --   ;
; nextPC[17]      ; Output   ; --            ; --            ; --                    ; --  ; --   ;
; nextPC[16]      ; Output   ; --            ; --            ; --                    ; --  ; --   ;
; nextPC[15]      ; Output   ; --            ; --            ; --                    ; --  ; --   ;
; nextPC[14]      ; Output   ; --            ; --            ; --                    ; --  ; --   ;
; nextPC[13]      ; Output   ; --            ; --            ; --                    ; --  ; --   ;
; nextPC[12]      ; Output   ; --            ; --            ; --                    ; --  ; --   ;
; nextPC[11]      ; Output   ; --            ; --            ; --                    ; --  ; --   ;
; nextPC[10]      ; Output   ; --            ; --            ; --                    ; --  ; --   ;
; nextPC[9]       ; Output   ; --            ; --            ; --                    ; --  ; --   ;
; nextPC[8]       ; Output   ; --            ; --            ; --                    ; --  ; --   ;
; nextPC[7]       ; Output   ; --            ; --            ; --                    ; --  ; --   ;
; nextPC[6]       ; Output   ; --            ; --            ; --                    ; --  ; --   ;
; nextPC[5]       ; Output   ; --            ; --            ; --                    ; --  ; --   ;
; nextPC[4]       ; Output   ; --            ; --            ; --                    ; --  ; --   ;
; nextPC[3]       ; Output   ; --            ; --            ; --                    ; --  ; --   ;
; nextPC[2]       ; Output   ; --            ; --            ; --                    ; --  ; --   ;
; nextPC[1]       ; Output   ; --            ; --            ; --                    ; --  ; --   ;
; nextPC[0]       ; Output   ; --            ; --            ; --                    ; --  ; --   ;
; op[31]          ; Output   ; --            ; --            ; --                    ; --  ; --   ;
; op[30]          ; Output   ; --            ; --            ; --                    ; --  ; --   ;
; op[29]          ; Output   ; --            ; --            ; --                    ; --  ; --   ;
; op[28]          ; Output   ; --            ; --            ; --                    ; --  ; --   ;
; op[27]          ; Output   ; --            ; --            ; --                    ; --  ; --   ;
; op[26]          ; Output   ; --            ; --            ; --                    ; --  ; --   ;
; rd[15]          ; Output   ; --            ; --            ; --                    ; --  ; --   ;
; rd[14]          ; Output   ; --            ; --            ; --                    ; --  ; --   ;
; rd[13]          ; Output   ; --            ; --            ; --                    ; --  ; --   ;
; rd[12]          ; Output   ; --            ; --            ; --                    ; --  ; --   ;
; rd[11]          ; Output   ; --            ; --            ; --                    ; --  ; --   ;
; rs[25]          ; Output   ; --            ; --            ; --                    ; --  ; --   ;
; rs[24]          ; Output   ; --            ; --            ; --                    ; --  ; --   ;
; rs[23]          ; Output   ; --            ; --            ; --                    ; --  ; --   ;
; rs[22]          ; Output   ; --            ; --            ; --                    ; --  ; --   ;
; rs[21]          ; Output   ; --            ; --            ; --                    ; --  ; --   ;
; rt[20]          ; Output   ; --            ; --            ; --                    ; --  ; --   ;
; rt[19]          ; Output   ; --            ; --            ; --                    ; --  ; --   ;
; rt[18]          ; Output   ; --            ; --            ; --                    ; --  ; --   ;
; rt[17]          ; Output   ; --            ; --            ; --                    ; --  ; --   ;
; rt[16]          ; Output   ; --            ; --            ; --                    ; --  ; --   ;
; shamt[10]       ; Output   ; --            ; --            ; --                    ; --  ; --   ;
; shamt[9]        ; Output   ; --            ; --            ; --                    ; --  ; --   ;
; shamt[8]        ; Output   ; --            ; --            ; --                    ; --  ; --   ;
; shamt[7]        ; Output   ; --            ; --            ; --                    ; --  ; --   ;
; shamt[6]        ; Output   ; --            ; --            ; --                    ; --  ; --   ;
; clock           ; Input    ; (0) 0 ps      ; --            ; --                    ; --  ; --   ;
; reset           ; Input    ; (0) 0 ps      ; --            ; --                    ; --  ; --   ;
+-----------------+----------+---------------+---------------+-----------------------+-----+------+


+---------------------------------------------------+
; Pad To Core Delay Chain Fanout                    ;
+---------------------+-------------------+---------+
; Source Pin / Fanout ; Pad To Core Index ; Setting ;
+---------------------+-------------------+---------+
; clock               ;                   ;         ;
; reset               ;                   ;         ;
+---------------------+-------------------+---------+


+-------------------------------------------------------------------------------------------------------------------------------------------------------------------------+
; Control Signals                                                                                                                                                         ;
+--------------------------------------------+--------------------+---------+--------------+--------+----------------------+------------------+---------------------------+
; Name                                       ; Location           ; Fan-Out ; Usage        ; Global ; Global Resource Used ; Global Line Name ; Enable Signal Source Name ;
+--------------------------------------------+--------------------+---------+--------------+--------+----------------------+------------------+---------------------------+
; DivisorFrequencia:inst4|inst2              ; FF_X33_Y19_N21     ; 1024    ; Clock        ; yes    ; Global Clock         ; GCLK6            ; --                        ;
; bank_reg_32x32bit:BancoRegistradores|122~2 ; LCCOMB_X35_Y18_N22 ; 32      ; Clock enable ; no     ; --                   ; --               ; --                        ;
; bank_reg_32x32bit:BancoRegistradores|123~2 ; LCCOMB_X27_Y18_N10 ; 32      ; Clock enable ; no     ; --                   ; --               ; --                        ;
; bank_reg_32x32bit:BancoRegistradores|124~2 ; LCCOMB_X35_Y18_N0  ; 32      ; Clock enable ; no     ; --                   ; --               ; --                        ;
; bank_reg_32x32bit:BancoRegistradores|125~0 ; LCCOMB_X33_Y18_N28 ; 32      ; Clock enable ; no     ; --                   ; --               ; --                        ;
; bank_reg_32x32bit:BancoRegistradores|126~2 ; LCCOMB_X31_Y18_N30 ; 32      ; Clock enable ; no     ; --                   ; --               ; --                        ;
; bank_reg_32x32bit:BancoRegistradores|128~1 ; LCCOMB_X33_Y17_N2  ; 32      ; Clock enable ; no     ; --                   ; --               ; --                        ;
; bank_reg_32x32bit:BancoRegistradores|129~0 ; LCCOMB_X33_Y17_N8  ; 32      ; Clock enable ; no     ; --                   ; --               ; --                        ;
; bank_reg_32x32bit:BancoRegistradores|130~0 ; LCCOMB_X30_Y17_N20 ; 32      ; Clock enable ; no     ; --                   ; --               ; --                        ;
; bank_reg_32x32bit:BancoRegistradores|131~0 ; LCCOMB_X35_Y17_N30 ; 32      ; Clock enable ; no     ; --                   ; --               ; --                        ;
; bank_reg_32x32bit:BancoRegistradores|132~0 ; LCCOMB_X32_Y12_N20 ; 32      ; Clock enable ; no     ; --                   ; --               ; --                        ;
; bank_reg_32x32bit:BancoRegistradores|133~0 ; LCCOMB_X35_Y17_N12 ; 32      ; Clock enable ; no     ; --                   ; --               ; --                        ;
; bank_reg_32x32bit:BancoRegistradores|134~0 ; LCCOMB_X35_Y17_N4  ; 32      ; Clock enable ; no     ; --                   ; --               ; --                        ;
; bank_reg_32x32bit:BancoRegistradores|135~0 ; LCCOMB_X28_Y12_N22 ; 32      ; Clock enable ; no     ; --                   ; --               ; --                        ;
; bank_reg_32x32bit:BancoRegistradores|136~0 ; LCCOMB_X35_Y14_N20 ; 32      ; Clock enable ; no     ; --                   ; --               ; --                        ;
; bank_reg_32x32bit:BancoRegistradores|137~1 ; LCCOMB_X33_Y17_N28 ; 32      ; Clock enable ; no     ; --                   ; --               ; --                        ;
; bank_reg_32x32bit:BancoRegistradores|138~3 ; LCCOMB_X35_Y18_N30 ; 32      ; Clock enable ; no     ; --                   ; --               ; --                        ;
; bank_reg_32x32bit:BancoRegistradores|139~3 ; LCCOMB_X33_Y17_N26 ; 32      ; Clock enable ; no     ; --                   ; --               ; --                        ;
; bank_reg_32x32bit:BancoRegistradores|140~3 ; LCCOMB_X35_Y18_N26 ; 32      ; Clock enable ; no     ; --                   ; --               ; --                        ;
; bank_reg_32x32bit:BancoRegistradores|141~3 ; LCCOMB_X35_Y17_N8  ; 32      ; Clock enable ; no     ; --                   ; --               ; --                        ;
; bank_reg_32x32bit:BancoRegistradores|142~1 ; LCCOMB_X35_Y18_N10 ; 32      ; Clock enable ; no     ; --                   ; --               ; --                        ;
; bank_reg_32x32bit:BancoRegistradores|143~3 ; LCCOMB_X35_Y17_N22 ; 32      ; Clock enable ; no     ; --                   ; --               ; --                        ;
; bank_reg_32x32bit:BancoRegistradores|144~3 ; LCCOMB_X33_Y17_N22 ; 32      ; Clock enable ; no     ; --                   ; --               ; --                        ;
; bank_reg_32x32bit:BancoRegistradores|145~0 ; LCCOMB_X35_Y18_N2  ; 32      ; Clock enable ; no     ; --                   ; --               ; --                        ;
; bank_reg_32x32bit:BancoRegistradores|146~2 ; LCCOMB_X35_Y18_N20 ; 32      ; Clock enable ; no     ; --                   ; --               ; --                        ;
; bank_reg_32x32bit:BancoRegistradores|147~2 ; LCCOMB_X33_Y17_N12 ; 32      ; Clock enable ; no     ; --                   ; --               ; --                        ;
; bank_reg_32x32bit:BancoRegistradores|148~2 ; LCCOMB_X35_Y18_N14 ; 32      ; Clock enable ; no     ; --                   ; --               ; --                        ;
; bank_reg_32x32bit:BancoRegistradores|149~0 ; LCCOMB_X35_Y18_N16 ; 32      ; Clock enable ; no     ; --                   ; --               ; --                        ;
; bank_reg_32x32bit:BancoRegistradores|150~2 ; LCCOMB_X35_Y17_N14 ; 32      ; Clock enable ; no     ; --                   ; --               ; --                        ;
; bank_reg_32x32bit:BancoRegistradores|151~2 ; LCCOMB_X35_Y18_N28 ; 32      ; Clock enable ; no     ; --                   ; --               ; --                        ;
; bank_reg_32x32bit:BancoRegistradores|152~2 ; LCCOMB_X32_Y18_N20 ; 32      ; Clock enable ; no     ; --                   ; --               ; --                        ;
; bank_reg_32x32bit:BancoRegistradores|153~0 ; LCCOMB_X35_Y18_N12 ; 32      ; Clock enable ; no     ; --                   ; --               ; --                        ;
; clock                                      ; PIN_G2             ; 6       ; Clock        ; yes    ; Global Clock         ; GCLK4            ; --                        ;
; control:inst2|116~0                        ; LCCOMB_X33_Y19_N28 ; 3       ; Write enable ; no     ; --                   ; --               ; --                        ;
; reset                                      ; PIN_G1             ; 1024    ; Async. clear ; yes    ; Global Clock         ; GCLK2            ; --                        ;
+--------------------------------------------+--------------------+---------+--------------+--------+----------------------+------------------+---------------------------+


+-----------------------------------------------------------------------------------------------------------------------------------------------------------------------+
; Global & Other Fast Signals                                                                                                                                           ;
+-------------------------------+----------------+---------+--------------------------------------+----------------------+------------------+---------------------------+
; Name                          ; Location       ; Fan-Out ; Fan-Out Using Intentional Clock Skew ; Global Resource Used ; Global Line Name ; Enable Signal Source Name ;
+-------------------------------+----------------+---------+--------------------------------------+----------------------+------------------+---------------------------+
; DivisorFrequencia:inst4|inst2 ; FF_X33_Y19_N21 ; 1024    ; 140                                  ; Global Clock         ; GCLK6            ; --                        ;
; clock                         ; PIN_G2         ; 6       ; 1                                    ; Global Clock         ; GCLK4            ; --                        ;
; reset                         ; PIN_G1         ; 1024    ; 0                                    ; Global Clock         ; GCLK2            ; --                        ;
+-------------------------------+----------------+---------+--------------------------------------+----------------------+------------------+---------------------------+


+----------------------------------------------------------------------------------------------------------------------------------------------------------+
; Non-Global High Fan-Out Signals                                                                                                                          ;
+------------------------------------------------------------------------------------------------------------------------------------------------+---------+
; Name                                                                                                                                           ; Fan-Out ;
+------------------------------------------------------------------------------------------------------------------------------------------------+---------+
; instruction_memory:InstructionMemory|rom:MemoriaRom|altsyncram:altsyncram_component|altsyncram_bk91:auto_generated|q_a[24]                     ; 253     ;
; instruction_memory:InstructionMemory|rom:MemoriaRom|altsyncram:altsyncram_component|altsyncram_bk91:auto_generated|q_a[21]                     ; 221     ;
; instruction_memory:InstructionMemory|rom:MemoriaRom|altsyncram:altsyncram_component|altsyncram_bk91:auto_generated|q_a[23]                     ; 219     ;
; instruction_memory:InstructionMemory|rom:MemoriaRom|altsyncram:altsyncram_component|altsyncram_bk91:auto_generated|q_a[22]                     ; 218     ;
; instruction_memory:InstructionMemory|rom:MemoriaRom|altsyncram:altsyncram_component|altsyncram_bk91:auto_generated|q_a[17]                     ; 214     ;
; instruction_memory:InstructionMemory|rom:MemoriaRom|altsyncram:altsyncram_component|altsyncram_bk91:auto_generated|q_a[16]                     ; 211     ;
; instruction_memory:InstructionMemory|rom:MemoriaRom|altsyncram:altsyncram_component|altsyncram_bk91:auto_generated|q_a[19]                     ; 200     ;
; instruction_memory:InstructionMemory|rom:MemoriaRom|altsyncram:altsyncram_component|altsyncram_bk91:auto_generated|q_a[18]                     ; 199     ;
; instruction_memory:InstructionMemory|rom:MemoriaRom|altsyncram:altsyncram_component|altsyncram_bk91:auto_generated|q_a[25]                     ; 105     ;
; control:inst2|110                                                                                                                              ; 87      ;
; instruction_memory:InstructionMemory|rom:MemoriaRom|altsyncram:altsyncram_component|altsyncram_bk91:auto_generated|q_a[28]                     ; 70      ;
; instruction_memory:InstructionMemory|rom:MemoriaRom|altsyncram:altsyncram_component|altsyncram_bk91:auto_generated|q_a[30]                     ; 66      ;
; control:inst2|108~2                                                                                                                            ; 61      ;
; mux_2x1_32bit:38|mux_2x1_8bit:19|mux_2x1_1bit:23|5~16                                                                                          ; 51      ;
; bank_reg_32x32bit:BancoRegistradores|mux_32x1_32bit:78|mux_2x1_32bit:20|mux_2x1_8bit:18|mux_2x1_1bit:20|5~9                                    ; 48      ;
; bank_reg_32x32bit:BancoRegistradores|mux_32x1_32bit:115|mux_2x1_32bit:20|mux_2x1_8bit:21|mux_2x1_1bit:28|5~3                                   ; 48      ;
; bank_reg_32x32bit:BancoRegistradores|mux_32x1_32bit:115|mux_2x1_32bit:20|mux_2x1_8bit:21|mux_2x1_1bit:28|5~1                                   ; 48      ;
; bank_reg_32x32bit:BancoRegistradores|mux_32x1_32bit:115|mux_2x1_32bit:20|mux_2x1_8bit:21|mux_2x1_1bit:28|5~0                                   ; 48      ;
; bank_reg_32x32bit:BancoRegistradores|mux_32x1_32bit:78|mux_2x1_32bit:20|mux_2x1_8bit:18|mux_2x1_1bit:20|5~8                                    ; 47      ;
; bank_reg_32x32bit:BancoRegistradores|mux_32x1_32bit:115|mux_2x1_32bit:20|mux_2x1_8bit:21|mux_2x1_1bit:28|5~2                                   ; 45      ;
; mux_2x1_32bit:38|mux_2x1_8bit:19|mux_2x1_1bit:23|5~15                                                                                          ; 37      ;
; control:inst2|108~3                                                                                                                            ; 37      ;
; alu_operation:135|73                                                                                                                           ; 36      ;
; control:inst2|61                                                                                                                               ; 35      ;
; alu_operation:135|75                                                                                                                           ; 35      ;
; alu_32bit:ULA|alu_1bit:98|mux_4x1_1bit:48|mux_2x1_1bit:21|5~0                                                                                  ; 34      ;
; alu_operation:135|77~0                                                                                                                         ; 34      ;
; bank_reg_32x32bit:BancoRegistradores|126~2                                                                                                     ; 32      ;
; bank_reg_32x32bit:BancoRegistradores|122~2                                                                                                     ; 32      ;
; bank_reg_32x32bit:BancoRegistradores|123~2                                                                                                     ; 32      ;
; bank_reg_32x32bit:BancoRegistradores|124~2                                                                                                     ; 32      ;
; bank_reg_32x32bit:BancoRegistradores|139~3                                                                                                     ; 32      ;
; bank_reg_32x32bit:BancoRegistradores|150~2                                                                                                     ; 32      ;
; bank_reg_32x32bit:BancoRegistradores|147~2                                                                                                     ; 32      ;
; bank_reg_32x32bit:BancoRegistradores|141~3                                                                                                     ; 32      ;
; bank_reg_32x32bit:BancoRegistradores|138~3                                                                                                     ; 32      ;
; bank_reg_32x32bit:BancoRegistradores|152~2                                                                                                     ; 32      ;
; bank_reg_32x32bit:BancoRegistradores|146~2                                                                                                     ; 32      ;
; bank_reg_32x32bit:BancoRegistradores|144~3                                                                                                     ; 32      ;
; bank_reg_32x32bit:BancoRegistradores|140~3                                                                                                     ; 32      ;
; bank_reg_32x32bit:BancoRegistradores|151~2                                                                                                     ; 32      ;
; bank_reg_32x32bit:BancoRegistradores|143~3                                                                                                     ; 32      ;
; bank_reg_32x32bit:BancoRegistradores|148~2                                                                                                     ; 32      ;
; bank_reg_32x32bit:BancoRegistradores|130~0                                                                                                     ; 32      ;
; bank_reg_32x32bit:BancoRegistradores|134~0                                                                                                     ; 32      ;
; bank_reg_32x32bit:BancoRegistradores|131~0                                                                                                     ; 32      ;
; bank_reg_32x32bit:BancoRegistradores|132~0                                                                                                     ; 32      ;
; bank_reg_32x32bit:BancoRegistradores|129~0                                                                                                     ; 32      ;
; bank_reg_32x32bit:BancoRegistradores|125~0                                                                                                     ; 32      ;
; bank_reg_32x32bit:BancoRegistradores|128~1                                                                                                     ; 32      ;
; bank_reg_32x32bit:BancoRegistradores|133~0                                                                                                     ; 32      ;
; bank_reg_32x32bit:BancoRegistradores|137~1                                                                                                     ; 32      ;
; bank_reg_32x32bit:BancoRegistradores|136~0                                                                                                     ; 32      ;
; bank_reg_32x32bit:BancoRegistradores|135~0                                                                                                     ; 32      ;
; bank_reg_32x32bit:BancoRegistradores|142~1                                                                                                     ; 32      ;
; bank_reg_32x32bit:BancoRegistradores|153~0                                                                                                     ; 32      ;
; bank_reg_32x32bit:BancoRegistradores|145~0                                                                                                     ; 32      ;
; bank_reg_32x32bit:BancoRegistradores|149~0                                                                                                     ; 32      ;
; mux_2x1_32bit:34|mux_2x1_8bit:21|mux_2x1_1bit:25|5~3                                                                                           ; 31      ;
; mux_2x1_32bit:34|mux_2x1_8bit:20|mux_2x1_1bit:24|5~3                                                                                           ; 31      ;
; mux_2x1_32bit:34|mux_2x1_8bit:20|mux_2x1_1bit:28|5~3                                                                                           ; 31      ;
; mux_2x1_32bit:34|mux_2x1_8bit:21|mux_2x1_1bit:20|5~3                                                                                           ; 31      ;
; mux_2x1_32bit:34|mux_2x1_8bit:19|mux_2x1_1bit:26|5~3                                                                                           ; 31      ;
; mux_2x1_32bit:34|mux_2x1_8bit:19|mux_2x1_1bit:29|5~3                                                                                           ; 31      ;
; mux_2x1_32bit:34|mux_2x1_8bit:18|mux_2x1_1bit:25|5~3                                                                                           ; 31      ;
; mux_2x1_32bit:34|mux_2x1_8bit:18|mux_2x1_1bit:27|5~3                                                                                           ; 31      ;
; mux_2x1_32bit:34|mux_2x1_8bit:19|mux_2x1_1bit:23|5~3                                                                                           ; 31      ;
; mux_2x1_32bit:34|mux_2x1_8bit:21|mux_2x1_1bit:26|5~1                                                                                           ; 31      ;
; mux_2x1_32bit:34|mux_2x1_8bit:21|mux_2x1_1bit:29|5~1                                                                                           ; 31      ;
; mux_2x1_32bit:34|mux_2x1_8bit:21|mux_2x1_1bit:28|5~1                                                                                           ; 31      ;
; mux_2x1_32bit:34|mux_2x1_8bit:21|mux_2x1_1bit:27|5~1                                                                                           ; 31      ;
; mux_2x1_32bit:34|mux_2x1_8bit:21|mux_2x1_1bit:24|5~1                                                                                           ; 31      ;
; mux_2x1_32bit:34|mux_2x1_8bit:20|mux_2x1_1bit:20|5~1                                                                                           ; 31      ;
; mux_2x1_32bit:34|mux_2x1_8bit:20|mux_2x1_1bit:23|5~1                                                                                           ; 31      ;
; mux_2x1_32bit:34|mux_2x1_8bit:20|mux_2x1_1bit:25|5~1                                                                                           ; 31      ;
; mux_2x1_32bit:34|mux_2x1_8bit:20|mux_2x1_1bit:29|5~1                                                                                           ; 31      ;
; mux_2x1_32bit:34|mux_2x1_8bit:20|mux_2x1_1bit:27|5~1                                                                                           ; 31      ;
; mux_2x1_32bit:34|mux_2x1_8bit:20|mux_2x1_1bit:26|5~1                                                                                           ; 31      ;
; mux_2x1_32bit:34|mux_2x1_8bit:21|mux_2x1_1bit:23|5~1                                                                                           ; 31      ;
; mux_2x1_32bit:34|mux_2x1_8bit:19|mux_2x1_1bit:27|5~1                                                                                           ; 31      ;
; mux_2x1_32bit:34|mux_2x1_8bit:19|mux_2x1_1bit:28|5~1                                                                                           ; 31      ;
; mux_2x1_32bit:34|mux_2x1_8bit:18|mux_2x1_1bit:20|5~1                                                                                           ; 31      ;
; mux_2x1_32bit:34|mux_2x1_8bit:18|mux_2x1_1bit:23|5~1                                                                                           ; 31      ;
; mux_2x1_32bit:34|mux_2x1_8bit:18|mux_2x1_1bit:24|5~1                                                                                           ; 31      ;
; mux_2x1_32bit:34|mux_2x1_8bit:18|mux_2x1_1bit:29|5~1                                                                                           ; 31      ;
; mux_2x1_32bit:34|mux_2x1_8bit:18|mux_2x1_1bit:28|5~1                                                                                           ; 31      ;
; mux_2x1_32bit:34|mux_2x1_8bit:18|mux_2x1_1bit:26|5~1                                                                                           ; 31      ;
; mux_2x1_32bit:34|mux_2x1_8bit:19|mux_2x1_1bit:20|5~1                                                                                           ; 31      ;
; mux_2x1_32bit:34|mux_2x1_8bit:19|mux_2x1_1bit:24|5~1                                                                                           ; 31      ;
; mux_2x1_32bit:34|mux_2x1_8bit:19|mux_2x1_1bit:25|5~1                                                                                           ; 31      ;
; instruction_memory:InstructionMemory|rom:MemoriaRom|altsyncram:altsyncram_component|altsyncram_bk91:auto_generated|q_a[15]                     ; 23      ;
; mux_2x1_5bit:50|mux_2x1_1bit:25|5~0                                                                                                            ; 20      ;
; mux_2x1_5bit:50|mux_2x1_1bit:26|5~0                                                                                                            ; 19      ;
; control:inst2|inst12~1                                                                                                                         ; 16      ;
; program_counter:ProgramCounter|lpm_dff:133|dffs[2]                                                                                             ; 15      ;
; control:inst2|60                                                                                                                               ; 14      ;
; mux_2x1_32bit:38|mux_2x1_8bit:21|mux_2x1_1bit:23|5~0                                                                                           ; 13      ;
; program_counter:ProgramCounter|lpm_dff:133|dffs[3]                                                                                             ; 11      ;
; program_counter:ProgramCounter|lpm_dff:133|dffs[9]                                                                                             ; 11      ;
; mux_2x1_5bit:51|mux_2x1_1bit:23|5~0                                                                                                            ; 10      ;
; mux_2x1_5bit:51|mux_2x1_1bit:22|5~0                                                                                                            ; 10      ;
; program_counter:ProgramCounter|lpm_dff:133|dffs[6]                                                                                             ; 10      ;
; program_counter:ProgramCounter|lpm_dff:133|dffs[15]                                                                                            ; 10      ;
; program_counter:ProgramCounter|lpm_dff:133|dffs[21]                                                                                            ; 10      ;
; instruction_memory:InstructionMemory|rom:MemoriaRom|altsyncram:altsyncram_component|altsyncram_bk91:auto_generated|q_a[2]                      ; 10      ;
; instruction_memory:InstructionMemory|rom:MemoriaRom|altsyncram:altsyncram_component|altsyncram_bk91:auto_generated|q_a[29]                     ; 10      ;
; mux_2x1_5bit:51|mux_2x1_1bit:24|5~0                                                                                                            ; 9       ;
; program_counter:ProgramCounter|lpm_dff:133|dffs[12]                                                                                            ; 9       ;
; program_counter:ProgramCounter|lpm_dff:133|dffs[18]                                                                                            ; 9       ;
; program_counter:ProgramCounter|lpm_dff:133|dffs[24]                                                                                            ; 9       ;
; program_counter:ProgramCounter|lpm_dff:133|dffs[27]                                                                                            ; 9       ;
; instruction_memory:InstructionMemory|rom:MemoriaRom|altsyncram:altsyncram_component|altsyncram_bk91:auto_generated|q_a[27]                     ; 9       ;
; bank_reg_32x32bit:BancoRegistradores|decoder_5x32:117|decoder_2x4:163|126                                                                      ; 8       ;
; adder_32bit:18|full_adder:166|40                                                                                                               ; 8       ;
; adder_32bit:18|full_adder:156|40                                                                                                               ; 8       ;
; adder_32bit:18|full_adder:162|40                                                                                                               ; 8       ;
; program_counter:ProgramCounter|lpm_dff:133|dffs[4]                                                                                             ; 8       ;
; instruction_memory:InstructionMemory|rom:MemoriaRom|altsyncram:altsyncram_component|altsyncram_bk91:auto_generated|q_a[3]                      ; 8       ;
; instruction_memory:InstructionMemory|rom:MemoriaRom|altsyncram:altsyncram_component|altsyncram_bk91:auto_generated|q_a[0]                      ; 8       ;
; adder_32bit:18|full_adder:176|40                                                                                                               ; 7       ;
; adder_32bit:18|full_adder:163|40                                                                                                               ; 7       ;
; adder_32bit:18|full_adder:169|40                                                                                                               ; 7       ;
; adder_32bit:18|full_adder:159|40                                                                                                               ; 7       ;
; adder_32bit:18|full_adder:151|40                                                                                                               ; 7       ;
; program_counter:ProgramCounter|lpm_dff:133|dffs[7]                                                                                             ; 7       ;
; program_counter:ProgramCounter|lpm_dff:133|dffs[8]                                                                                             ; 7       ;
; program_counter:ProgramCounter|lpm_dff:133|dffs[10]                                                                                            ; 7       ;
; program_counter:ProgramCounter|lpm_dff:133|dffs[16]                                                                                            ; 7       ;
; program_counter:ProgramCounter|lpm_dff:133|dffs[22]                                                                                            ; 7       ;
; program_counter:ProgramCounter|lpm_dff:133|dffs[28]                                                                                            ; 7       ;
; instruction_memory:InstructionMemory|rom:MemoriaRom|altsyncram:altsyncram_component|altsyncram_bk91:auto_generated|q_a[1]                      ; 7       ;
; instruction_memory:InstructionMemory|rom:MemoriaRom|altsyncram:altsyncram_component|altsyncram_bk91:auto_generated|q_a[14]                     ; 7       ;
; instruction_memory:InstructionMemory|rom:MemoriaRom|altsyncram:altsyncram_component|altsyncram_bk91:auto_generated|q_a[20]                     ; 7       ;
; bank_reg_32x32bit:BancoRegistradores|mux_32x1_32bit:78|mux_2x1_32bit:20|mux_2x1_8bit:18|mux_2x1_1bit:24|5~2                                    ; 6       ;
; bank_reg_32x32bit:BancoRegistradores|mux_32x1_32bit:78|mux_2x1_32bit:20|mux_2x1_8bit:21|mux_2x1_1bit:25|5~0                                    ; 6       ;
; bank_reg_32x32bit:BancoRegistradores|mux_32x1_32bit:78|mux_2x1_32bit:20|mux_2x1_8bit:18|mux_2x1_1bit:25|5~0                                    ; 6       ;
; program_counter:ProgramCounter|lpm_dff:133|dffs[5]                                                                                             ; 6       ;
; program_counter:ProgramCounter|lpm_dff:133|dffs[13]                                                                                            ; 6       ;
; program_counter:ProgramCounter|lpm_dff:133|dffs[14]                                                                                            ; 6       ;
; program_counter:ProgramCounter|lpm_dff:133|dffs[19]                                                                                            ; 6       ;
; program_counter:ProgramCounter|lpm_dff:133|dffs[20]                                                                                            ; 6       ;
; program_counter:ProgramCounter|lpm_dff:133|dffs[25]                                                                                            ; 6       ;
; program_counter:ProgramCounter|lpm_dff:133|dffs[26]                                                                                            ; 6       ;
; instruction_memory:InstructionMemory|rom:MemoriaRom|altsyncram:altsyncram_component|altsyncram_bk91:auto_generated|q_a[4]                      ; 6       ;
; instruction_memory:InstructionMemory|rom:MemoriaRom|altsyncram:altsyncram_component|altsyncram_bk91:auto_generated|q_a[5]                      ; 6       ;
; instruction_memory:InstructionMemory|rom:MemoriaRom|altsyncram:altsyncram_component|altsyncram_bk91:auto_generated|q_a[11]                     ; 6       ;
; instruction_memory:InstructionMemory|rom:MemoriaRom|altsyncram:altsyncram_component|altsyncram_bk91:auto_generated|q_a[12]                     ; 6       ;
; instruction_memory:InstructionMemory|rom:MemoriaRom|altsyncram:altsyncram_component|altsyncram_bk91:auto_generated|q_a[13]                     ; 6       ;
; instruction_memory:InstructionMemory|rom:MemoriaRom|altsyncram:altsyncram_component|altsyncram_bk91:auto_generated|q_a[26]                     ; 6       ;
; instruction_memory:InstructionMemory|rom:MemoriaRom|altsyncram:altsyncram_component|altsyncram_bk91:auto_generated|q_a[31]                     ; 6       ;
; bank_reg_32x32bit:BancoRegistradores|mux_32x1_32bit:78|mux_2x1_32bit:20|mux_2x1_8bit:20|mux_2x1_1bit:27|5~2                                    ; 5       ;
; bank_reg_32x32bit:BancoRegistradores|mux_32x1_32bit:78|mux_2x1_32bit:20|mux_2x1_8bit:20|mux_2x1_1bit:24|5~2                                    ; 5       ;
; bank_reg_32x32bit:BancoRegistradores|mux_32x1_32bit:78|mux_2x1_32bit:20|mux_2x1_8bit:20|mux_2x1_1bit:20|5~2                                    ; 5       ;
; bank_reg_32x32bit:BancoRegistradores|mux_32x1_32bit:78|mux_2x1_32bit:20|mux_2x1_8bit:21|mux_2x1_1bit:20|5~2                                    ; 5       ;
; bank_reg_32x32bit:BancoRegistradores|mux_32x1_32bit:78|mux_2x1_32bit:20|mux_2x1_8bit:21|mux_2x1_1bit:29|5~2                                    ; 5       ;
; bank_reg_32x32bit:BancoRegistradores|mux_32x1_32bit:78|mux_2x1_32bit:20|mux_2x1_8bit:18|mux_2x1_1bit:27|5~2                                    ; 5       ;
; bank_reg_32x32bit:BancoRegistradores|mux_32x1_32bit:78|mux_2x1_32bit:20|mux_2x1_8bit:18|mux_2x1_1bit:29|5~2                                    ; 5       ;
; bank_reg_32x32bit:BancoRegistradores|mux_32x1_32bit:78|mux_2x1_32bit:20|mux_2x1_8bit:19|mux_2x1_1bit:29|5~2                                    ; 5       ;
; bank_reg_32x32bit:BancoRegistradores|mux_32x1_32bit:78|mux_2x1_32bit:20|mux_2x1_8bit:19|mux_2x1_1bit:24|5~2                                    ; 5       ;
; bank_reg_32x32bit:BancoRegistradores|mux_32x1_32bit:78|mux_2x1_32bit:20|mux_2x1_8bit:19|mux_2x1_1bit:23|5~0                                    ; 5       ;
; bank_reg_32x32bit:BancoRegistradores|mux_32x1_32bit:78|mux_2x1_32bit:20|mux_2x1_8bit:20|mux_2x1_1bit:28|5~0                                    ; 5       ;
; bank_reg_32x32bit:BancoRegistradores|mux_32x1_32bit:78|mux_2x1_32bit:20|mux_2x1_8bit:20|mux_2x1_1bit:25|5~0                                    ; 5       ;
; bank_reg_32x32bit:BancoRegistradores|mux_32x1_32bit:78|mux_2x1_32bit:20|mux_2x1_8bit:21|mux_2x1_1bit:23|5~0                                    ; 5       ;
; bank_reg_32x32bit:BancoRegistradores|mux_32x1_32bit:78|mux_2x1_32bit:20|mux_2x1_8bit:18|mux_2x1_1bit:26|5~0                                    ; 5       ;
; bank_reg_32x32bit:BancoRegistradores|mux_32x1_32bit:78|mux_2x1_32bit:20|mux_2x1_8bit:19|mux_2x1_1bit:26|5~0                                    ; 5       ;
; bank_reg_32x32bit:BancoRegistradores|mux_32x1_32bit:78|mux_2x1_32bit:20|mux_2x1_8bit:19|mux_2x1_1bit:28|5~0                                    ; 5       ;
; program_counter:ProgramCounter|lpm_dff:133|dffs[0]                                                                                             ; 5       ;
; program_counter:ProgramCounter|lpm_dff:133|dffs[1]                                                                                             ; 5       ;
; program_counter:ProgramCounter|lpm_dff:133|dffs[11]                                                                                            ; 5       ;
; program_counter:ProgramCounter|lpm_dff:133|dffs[17]                                                                                            ; 5       ;
; program_counter:ProgramCounter|lpm_dff:133|dffs[23]                                                                                            ; 5       ;
; program_counter:ProgramCounter|lpm_dff:133|dffs[29]                                                                                            ; 5       ;
; program_counter:ProgramCounter|lpm_dff:133|dffs[30]                                                                                            ; 5       ;
; control:inst2|60~0                                                                                                                             ; 5       ;
; instruction_memory:InstructionMemory|rom:MemoriaRom|altsyncram:altsyncram_component|altsyncram_bk91:auto_generated|q_a[6]                      ; 5       ;
; instruction_memory:InstructionMemory|rom:MemoriaRom|altsyncram:altsyncram_component|altsyncram_bk91:auto_generated|q_a[7]                      ; 5       ;
; instruction_memory:InstructionMemory|rom:MemoriaRom|altsyncram:altsyncram_component|altsyncram_bk91:auto_generated|q_a[8]                      ; 5       ;
; instruction_memory:InstructionMemory|rom:MemoriaRom|altsyncram:altsyncram_component|altsyncram_bk91:auto_generated|q_a[9]                      ; 5       ;
; instruction_memory:InstructionMemory|rom:MemoriaRom|altsyncram:altsyncram_component|altsyncram_bk91:auto_generated|q_a[10]                     ; 5       ;
; bank_reg_32x32bit:BancoRegistradores|mux_32x1_32bit:78|mux_2x1_32bit:20|mux_2x1_8bit:19|mux_2x1_1bit:20|5~2                                    ; 4       ;
; bank_reg_32x32bit:BancoRegistradores|mux_32x1_32bit:78|mux_2x1_32bit:20|mux_2x1_8bit:20|mux_2x1_1bit:29|5~2                                    ; 4       ;
; bank_reg_32x32bit:BancoRegistradores|mux_32x1_32bit:78|mux_2x1_32bit:20|mux_2x1_8bit:19|mux_2x1_1bit:27|5~2                                    ; 4       ;
; bank_reg_32x32bit:BancoRegistradores|141~2                                                                                                     ; 4       ;
; bank_reg_32x32bit:BancoRegistradores|142~0                                                                                                     ; 4       ;
; bank_reg_32x32bit:BancoRegistradores|144~2                                                                                                     ; 4       ;
; bank_reg_32x32bit:BancoRegistradores|143~2                                                                                                     ; 4       ;
; bank_reg_32x32bit:BancoRegistradores|140~2                                                                                                     ; 4       ;
; adder_32bit:28|full_adder:176|40                                                                                                               ; 4       ;
; adder_32bit:28|full_adder:163|40                                                                                                               ; 4       ;
; adder_32bit:28|full_adder:166|40                                                                                                               ; 4       ;
; adder_32bit:28|full_adder:169|40                                                                                                               ; 4       ;
; adder_32bit:28|full_adder:156|40                                                                                                               ; 4       ;
; adder_32bit:28|full_adder:159|40                                                                                                               ; 4       ;
; adder_32bit:28|full_adder:162|40                                                                                                               ; 4       ;
; adder_32bit:28|full_adder:151|40                                                                                                               ; 4       ;
; alu_32bit:ULA|alu_1bit:98|mux_4x1_1bit:48|mux_2x1_1bit:21|5~5                                                                                  ; 4       ;
; alu_32bit:ULA|alu_1bit:99|mux_4x1_1bit:48|mux_2x1_1bit:21|5~1                                                                                  ; 4       ;
; bank_reg_32x32bit:BancoRegistradores|mux_32x1_32bit:78|mux_2x1_32bit:20|mux_2x1_8bit:20|mux_2x1_1bit:26|5~0                                    ; 4       ;
; bank_reg_32x32bit:BancoRegistradores|mux_32x1_32bit:78|mux_2x1_32bit:20|mux_2x1_8bit:20|mux_2x1_1bit:23|5~0                                    ; 4       ;
; bank_reg_32x32bit:BancoRegistradores|mux_32x1_32bit:78|mux_2x1_32bit:20|mux_2x1_8bit:21|mux_2x1_1bit:28|5~0                                    ; 4       ;
; alu_32bit:ULA|alu_1bit:78|mux_4x1_1bit:48|mux_2x1_1bit:21|5~1                                                                                  ; 4       ;
; bank_reg_32x32bit:BancoRegistradores|mux_32x1_32bit:78|mux_2x1_32bit:20|mux_2x1_8bit:21|mux_2x1_1bit:26|5~19                                   ; 4       ;
; alu_32bit:ULA|alu_1bit:88|mux_4x1_1bit:48|mux_2x1_1bit:21|5~1                                                                                  ; 4       ;
; alu_32bit:ULA|alu_1bit:89|mux_4x1_1bit:48|mux_2x1_1bit:21|5~1                                                                                  ; 4       ;
; alu_32bit:ULA|alu_1bit:90|mux_4x1_1bit:48|mux_2x1_1bit:21|5~1                                                                                  ; 4       ;
; bank_reg_32x32bit:BancoRegistradores|mux_32x1_32bit:78|mux_2x1_32bit:20|mux_2x1_8bit:18|mux_2x1_1bit:28|5~0                                    ; 4       ;
; alu_32bit:ULA|alu_1bit:79|mux_4x1_1bit:48|mux_2x1_1bit:21|5~1                                                                                  ; 4       ;
; bank_reg_32x32bit:BancoRegistradores|mux_32x1_32bit:78|mux_2x1_32bit:20|mux_2x1_8bit:18|mux_2x1_1bit:20|5~31                                   ; 4       ;
; bank_reg_32x32bit:BancoRegistradores|mux_32x1_32bit:78|mux_2x1_32bit:20|mux_2x1_8bit:19|mux_2x1_1bit:25|5~0                                    ; 4       ;
; DivisorFrequencia:inst4|inst2                                                                                                                  ; 4       ;
; control:inst2|110~0                                                                                                                            ; 4       ;
; 2bit_left_shifter_32bit:26|150                                                                                                                 ; 3       ;
; signal_ext_32bit:23|141                                                                                                                        ; 3       ;
; signal_ext_32bit:23|137                                                                                                                        ; 3       ;
; signal_ext_32bit:23|136                                                                                                                        ; 3       ;
; signal_ext_32bit:23|140                                                                                                                        ; 3       ;
; signal_ext_32bit:23|146                                                                                                                        ; 3       ;
; signal_ext_32bit:23|147                                                                                                                        ; 3       ;
; signal_ext_32bit:23|148                                                                                                                        ; 3       ;
; signal_ext_32bit:23|149                                                                                                                        ; 3       ;
; signal_ext_32bit:23|143                                                                                                                        ; 3       ;
; signal_ext_32bit:23|142                                                                                                                        ; 3       ;
; signal_ext_32bit:23|145                                                                                                                        ; 3       ;
; signal_ext_32bit:23|144                                                                                                                        ; 3       ;
; signal_ext_32bit:23|138                                                                                                                        ; 3       ;
; signal_ext_32bit:23|139                                                                                                                        ; 3       ;
; signal_ext_32bit:23|164                                                                                                                        ; 3       ;
; signal_ext_32bit:23|165                                                                                                                        ; 3       ;
; signal_ext_32bit:23|167                                                                                                                        ; 3       ;
; signal_ext_32bit:23|166                                                                                                                        ; 3       ;
; signal_ext_32bit:23|150                                                                                                                        ; 3       ;
; signal_ext_32bit:23|151                                                                                                                        ; 3       ;
; signal_ext_32bit:23|153                                                                                                                        ; 3       ;
; signal_ext_32bit:23|156                                                                                                                        ; 3       ;
; signal_ext_32bit:23|155                                                                                                                        ; 3       ;
; signal_ext_32bit:23|154                                                                                                                        ; 3       ;
; signal_ext_32bit:23|162                                                                                                                        ; 3       ;
; signal_ext_32bit:23|161                                                                                                                        ; 3       ;
; signal_ext_32bit:23|160                                                                                                                        ; 3       ;
; signal_ext_32bit:23|159                                                                                                                        ; 3       ;
; signal_ext_32bit:23|157                                                                                                                        ; 3       ;
; signal_ext_32bit:23|158                                                                                                                        ; 3       ;
; bank_reg_32x32bit:BancoRegistradores|mux_32x1_32bit:115|mux_2x1_32bit:20|mux_2x1_8bit:18|mux_2x1_1bit:25|5~28                                  ; 3       ;
; bank_reg_32x32bit:BancoRegistradores|mux_32x1_32bit:78|mux_2x1_32bit:20|mux_2x1_8bit:21|mux_2x1_1bit:24|5~2                                    ; 3       ;
; alu_32bit:ULA|alu_1bit:91|mux_4x1_1bit:48|mux_2x1_1bit:21|5~1                                                                                  ; 3       ;
; bank_reg_32x32bit:BancoRegistradores|139~2                                                                                                     ; 3       ;
; bank_reg_32x32bit:BancoRegistradores|137~0                                                                                                     ; 3       ;
; bank_reg_32x32bit:BancoRegistradores|138~2                                                                                                     ; 3       ;
; adder_32bit:18|full_adder:151|31                                                                                                               ; 3       ;
; adder_32bit:18|full_adder:153|31                                                                                                               ; 3       ;
; adder_32bit:18|full_adder:159|31                                                                                                               ; 3       ;
; adder_32bit:18|full_adder:157|31                                                                                                               ; 3       ;
; adder_32bit:18|full_adder:169|31                                                                                                               ; 3       ;
; adder_32bit:18|full_adder:167|31                                                                                                               ; 3       ;
; adder_32bit:18|full_adder:163|31                                                                                                               ; 3       ;
; adder_32bit:18|full_adder:177|31                                                                                                               ; 3       ;
; 2bit_left_shifter_4bit_concat_PC:inst3|137                                                                                                     ; 3       ;
; 2bit_left_shifter_4bit_concat_PC:inst3|136                                                                                                     ; 3       ;
; 2bit_left_shifter_4bit_concat_PC:inst3|135                                                                                                     ; 3       ;
; adder_32bit:18|full_adder:153|40                                                                                                               ; 3       ;
; adder_32bit:18|full_adder:157|40                                                                                                               ; 3       ;
; adder_32bit:18|full_adder:167|40                                                                                                               ; 3       ;
; adder_32bit:18|full_adder:177|40                                                                                                               ; 3       ;
; adder_32bit:18|full_adder:173|40                                                                                                               ; 3       ;
; bank_reg_32x32bit:BancoRegistradores|mux_32x1_32bit:78|mux_2x1_32bit:20|mux_2x1_8bit:21|mux_2x1_1bit:27|5~0                                    ; 3       ;
; alu_32bit:ULA|alu_1bit:57|mux_4x1_1bit:48|mux_2x1_1bit:21|5~2                                                                                  ; 3       ;
; bank_reg_32x32bit:BancoRegistradores|mux_32x1_32bit:115|mux_2x1_32bit:20|mux_2x1_8bit:21|mux_2x1_1bit:26|5~19                                  ; 3       ;
; alu_32bit:ULA|alu_1bit:139|full_adder:53|38~0                                                                                                  ; 3       ;
; bank_reg_32x32bit:BancoRegistradores|mux_32x1_32bit:115|mux_2x1_32bit:20|mux_2x1_8bit:21|mux_2x1_1bit:25|5~19                                  ; 3       ;
; bank_reg_32x32bit:BancoRegistradores|mux_32x1_32bit:115|mux_2x1_32bit:20|mux_2x1_8bit:21|mux_2x1_1bit:29|5~19                                  ; 3       ;
; bank_reg_32x32bit:BancoRegistradores|mux_32x1_32bit:115|mux_2x1_32bit:20|mux_2x1_8bit:21|mux_2x1_1bit:28|5~23                                  ; 3       ;
; mux_2x1_32bit:177|mux_2x1_8bit:21|mux_2x1_1bit:27|18                                                                                           ; 3       ;
; bank_reg_32x32bit:BancoRegistradores|mux_32x1_32bit:115|mux_2x1_32bit:20|mux_2x1_8bit:21|mux_2x1_1bit:27|5~19                                  ; 3       ;
; bank_reg_32x32bit:BancoRegistradores|mux_32x1_32bit:78|mux_2x1_32bit:20|mux_2x1_8bit:21|mux_2x1_1bit:27|6~1                                    ; 3       ;
; bank_reg_32x32bit:BancoRegistradores|mux_32x1_32bit:78|mux_16x1_32bit:19|mux_4x1_32bit:32|mux_2x1_32bit:25|mux_2x1_8bit:21|mux_2x1_1bit:27|5~9 ; 3       ;
; bank_reg_32x32bit:BancoRegistradores|mux_32x1_32bit:115|mux_2x1_32bit:20|mux_2x1_8bit:21|mux_2x1_1bit:24|5~19                                  ; 3       ;
; bank_reg_32x32bit:BancoRegistradores|mux_32x1_32bit:78|mux_2x1_32bit:20|mux_2x1_8bit:21|mux_2x1_1bit:24|6~1                                    ; 3       ;
; bank_reg_32x32bit:BancoRegistradores|mux_32x1_32bit:78|mux_16x1_32bit:19|mux_4x1_32bit:32|mux_2x1_32bit:25|mux_2x1_8bit:21|mux_2x1_1bit:24|5~9 ; 3       ;
; bank_reg_32x32bit:BancoRegistradores|mux_32x1_32bit:78|mux_2x1_32bit:20|mux_2x1_8bit:18|mux_2x1_1bit:23|5~0                                    ; 3       ;
; bank_reg_32x32bit:BancoRegistradores|mux_32x1_32bit:115|mux_2x1_32bit:20|mux_2x1_8bit:20|mux_2x1_1bit:20|5~19                                  ; 3       ;
; bank_reg_32x32bit:BancoRegistradores|mux_32x1_32bit:115|mux_2x1_32bit:20|mux_2x1_8bit:20|mux_2x1_1bit:23|5~19                                  ; 3       ;
; bank_reg_32x32bit:BancoRegistradores|mux_32x1_32bit:115|mux_2x1_32bit:20|mux_2x1_8bit:20|mux_2x1_1bit:24|5~19                                  ; 3       ;
; bank_reg_32x32bit:BancoRegistradores|mux_32x1_32bit:78|mux_2x1_32bit:20|mux_2x1_8bit:20|mux_2x1_1bit:24|6~1                                    ; 3       ;
; bank_reg_32x32bit:BancoRegistradores|mux_32x1_32bit:78|mux_16x1_32bit:19|mux_4x1_32bit:32|mux_2x1_32bit:25|mux_2x1_8bit:20|mux_2x1_1bit:24|5~9 ; 3       ;
; bank_reg_32x32bit:BancoRegistradores|mux_32x1_32bit:115|mux_2x1_32bit:20|mux_2x1_8bit:20|mux_2x1_1bit:25|5~19                                  ; 3       ;
; bank_reg_32x32bit:BancoRegistradores|mux_32x1_32bit:115|mux_2x1_32bit:20|mux_2x1_8bit:20|mux_2x1_1bit:29|5~19                                  ; 3       ;
; bank_reg_32x32bit:BancoRegistradores|mux_32x1_32bit:115|mux_2x1_32bit:20|mux_2x1_8bit:20|mux_2x1_1bit:28|5~19                                  ; 3       ;
; bank_reg_32x32bit:BancoRegistradores|mux_32x1_32bit:78|mux_2x1_32bit:20|mux_2x1_8bit:20|mux_2x1_1bit:28|6~1                                    ; 3       ;
; bank_reg_32x32bit:BancoRegistradores|mux_32x1_32bit:78|mux_16x1_32bit:19|mux_4x1_32bit:32|mux_2x1_32bit:25|mux_2x1_8bit:20|mux_2x1_1bit:28|5~9 ; 3       ;
; bank_reg_32x32bit:BancoRegistradores|mux_32x1_32bit:115|mux_2x1_32bit:20|mux_2x1_8bit:20|mux_2x1_1bit:27|5~19                                  ; 3       ;
; bank_reg_32x32bit:BancoRegistradores|mux_32x1_32bit:115|mux_2x1_32bit:20|mux_2x1_8bit:20|mux_2x1_1bit:26|5~19                                  ; 3       ;
; bank_reg_32x32bit:BancoRegistradores|mux_32x1_32bit:115|mux_2x1_32bit:20|mux_2x1_8bit:21|mux_2x1_1bit:20|5~19                                  ; 3       ;
; bank_reg_32x32bit:BancoRegistradores|mux_32x1_32bit:78|mux_2x1_32bit:20|mux_2x1_8bit:21|mux_2x1_1bit:20|6~1                                    ; 3       ;
; bank_reg_32x32bit:BancoRegistradores|mux_32x1_32bit:78|mux_16x1_32bit:19|mux_4x1_32bit:32|mux_2x1_32bit:25|mux_2x1_8bit:21|mux_2x1_1bit:20|5~9 ; 3       ;
; bank_reg_32x32bit:BancoRegistradores|mux_32x1_32bit:115|mux_2x1_32bit:20|mux_2x1_8bit:21|mux_2x1_1bit:23|5~19                                  ; 3       ;
; bank_reg_32x32bit:BancoRegistradores|mux_32x1_32bit:78|mux_16x1_32bit:19|mux_4x1_32bit:32|mux_2x1_32bit:25|mux_2x1_8bit:19|mux_2x1_1bit:26|5~9 ; 3       ;
; bank_reg_32x32bit:BancoRegistradores|mux_32x1_32bit:78|mux_2x1_32bit:20|mux_2x1_8bit:19|mux_2x1_1bit:26|6~1                                    ; 3       ;
; bank_reg_32x32bit:BancoRegistradores|mux_32x1_32bit:115|mux_2x1_32bit:20|mux_2x1_8bit:19|mux_2x1_1bit:26|5~19                                  ; 3       ;
; bank_reg_32x32bit:BancoRegistradores|mux_32x1_32bit:115|mux_2x1_32bit:20|mux_2x1_8bit:19|mux_2x1_1bit:27|5~19                                  ; 3       ;
; bank_reg_32x32bit:BancoRegistradores|mux_32x1_32bit:115|mux_2x1_32bit:20|mux_2x1_8bit:19|mux_2x1_1bit:28|5~19                                  ; 3       ;
; bank_reg_32x32bit:BancoRegistradores|mux_32x1_32bit:78|mux_2x1_32bit:20|mux_2x1_8bit:19|mux_2x1_1bit:29|6~1                                    ; 3       ;
; bank_reg_32x32bit:BancoRegistradores|mux_32x1_32bit:78|mux_16x1_32bit:19|mux_4x1_32bit:32|mux_2x1_32bit:25|mux_2x1_8bit:19|mux_2x1_1bit:29|5~9 ; 3       ;
; bank_reg_32x32bit:BancoRegistradores|mux_32x1_32bit:115|mux_2x1_32bit:20|mux_2x1_8bit:19|mux_2x1_1bit:29|5~19                                  ; 3       ;
; bank_reg_32x32bit:BancoRegistradores|mux_32x1_32bit:115|mux_2x1_32bit:20|mux_2x1_8bit:18|mux_2x1_1bit:20|5~27                                  ; 3       ;
; bank_reg_32x32bit:BancoRegistradores|mux_32x1_32bit:78|mux_2x1_32bit:20|mux_2x1_8bit:18|mux_2x1_1bit:20|5~23                                   ; 3       ;
; bank_reg_32x32bit:BancoRegistradores|mux_32x1_32bit:78|mux_2x1_32bit:20|mux_2x1_8bit:18|mux_2x1_1bit:20|5~20                                   ; 3       ;
; bank_reg_32x32bit:BancoRegistradores|mux_32x1_32bit:115|mux_2x1_32bit:20|mux_2x1_8bit:18|mux_2x1_1bit:23|5~27                                  ; 3       ;
; bank_reg_32x32bit:BancoRegistradores|mux_32x1_32bit:115|mux_2x1_32bit:20|mux_2x1_8bit:18|mux_2x1_1bit:24|5~19                                  ; 3       ;
; bank_reg_32x32bit:BancoRegistradores|mux_32x1_32bit:78|mux_2x1_32bit:20|mux_2x1_8bit:18|mux_2x1_1bit:24|6~1                                    ; 3       ;
; bank_reg_32x32bit:BancoRegistradores|mux_32x1_32bit:78|mux_16x1_32bit:19|mux_4x1_32bit:32|mux_2x1_32bit:25|mux_2x1_8bit:18|mux_2x1_1bit:24|5~9 ; 3       ;
; bank_reg_32x32bit:BancoRegistradores|mux_32x1_32bit:115|mux_2x1_32bit:20|mux_2x1_8bit:18|mux_2x1_1bit:25|5~27                                  ; 3       ;
; bank_reg_32x32bit:BancoRegistradores|mux_32x1_32bit:115|mux_2x1_32bit:20|mux_2x1_8bit:18|mux_2x1_1bit:29|5~19                                  ; 3       ;
; bank_reg_32x32bit:BancoRegistradores|mux_32x1_32bit:115|mux_2x1_32bit:20|mux_2x1_8bit:18|mux_2x1_1bit:28|5~19                                  ; 3       ;
; bank_reg_32x32bit:BancoRegistradores|mux_32x1_32bit:115|mux_2x1_32bit:20|mux_2x1_8bit:18|mux_2x1_1bit:27|5~19                                  ; 3       ;
; bank_reg_32x32bit:BancoRegistradores|mux_32x1_32bit:78|mux_2x1_32bit:20|mux_2x1_8bit:18|mux_2x1_1bit:27|6~1                                    ; 3       ;
; bank_reg_32x32bit:BancoRegistradores|mux_32x1_32bit:78|mux_16x1_32bit:19|mux_4x1_32bit:32|mux_2x1_32bit:25|mux_2x1_8bit:18|mux_2x1_1bit:27|5~9 ; 3       ;
; bank_reg_32x32bit:BancoRegistradores|mux_32x1_32bit:115|mux_2x1_32bit:20|mux_2x1_8bit:18|mux_2x1_1bit:26|5~19                                  ; 3       ;
; bank_reg_32x32bit:BancoRegistradores|mux_32x1_32bit:115|mux_2x1_32bit:20|mux_2x1_8bit:19|mux_2x1_1bit:20|5~19                                  ; 3       ;
; bank_reg_32x32bit:BancoRegistradores|mux_32x1_32bit:115|mux_2x1_32bit:20|mux_2x1_8bit:19|mux_2x1_1bit:23|5~19                                  ; 3       ;
; bank_reg_32x32bit:BancoRegistradores|mux_32x1_32bit:78|mux_2x1_32bit:20|mux_2x1_8bit:19|mux_2x1_1bit:23|6~1                                    ; 3       ;
; bank_reg_32x32bit:BancoRegistradores|mux_32x1_32bit:78|mux_16x1_32bit:19|mux_4x1_32bit:32|mux_2x1_32bit:25|mux_2x1_8bit:19|mux_2x1_1bit:23|5~9 ; 3       ;
; bank_reg_32x32bit:BancoRegistradores|mux_32x1_32bit:115|mux_2x1_32bit:20|mux_2x1_8bit:19|mux_2x1_1bit:24|5~19                                  ; 3       ;
; bank_reg_32x32bit:BancoRegistradores|mux_32x1_32bit:115|mux_2x1_32bit:20|mux_2x1_8bit:19|mux_2x1_1bit:25|5~19                                  ; 3       ;
; inst6                                                                                                                                          ; 3       ;
; control:inst2|116~0                                                                                                                            ; 3       ;
; control:inst2|63                                                                                                                               ; 3       ;
; 2bit_left_shifter_32bit:26|151                                                                                                                 ; 2       ;
; 2bit_left_shifter_32bit:26|153                                                                                                                 ; 2       ;
; 2bit_left_shifter_32bit:26|156                                                                                                                 ; 2       ;
; 2bit_left_shifter_32bit:26|155                                                                                                                 ; 2       ;
; 2bit_left_shifter_32bit:26|154                                                                                                                 ; 2       ;
; 2bit_left_shifter_32bit:26|162                                                                                                                 ; 2       ;
; 2bit_left_shifter_32bit:26|161                                                                                                                 ; 2       ;
; 2bit_left_shifter_32bit:26|160                                                                                                                 ; 2       ;
; 2bit_left_shifter_32bit:26|159                                                                                                                 ; 2       ;
; 2bit_left_shifter_32bit:26|157                                                                                                                 ; 2       ;
; 2bit_left_shifter_32bit:26|158                                                                                                                 ; 2       ;
; 2bit_left_shifter_32bit:26|166                                                                                                                 ; 2       ;
; 2bit_left_shifter_32bit:26|167                                                                                                                 ; 2       ;
; 2bit_left_shifter_32bit:26|165                                                                                                                 ; 2       ;
; 2bit_left_shifter_32bit:26|164                                                                                                                 ; 2       ;
; 2bit_left_shifter_32bit:26|146                                                                                                                 ; 2       ;
; 2bit_left_shifter_32bit:26|147                                                                                                                 ; 2       ;
; 2bit_left_shifter_32bit:26|148                                                                                                                 ; 2       ;
; 2bit_left_shifter_32bit:26|149                                                                                                                 ; 2       ;
; 2bit_left_shifter_32bit:26|143                                                                                                                 ; 2       ;
; 2bit_left_shifter_32bit:26|142                                                                                                                 ; 2       ;
; 2bit_left_shifter_32bit:26|145                                                                                                                 ; 2       ;
; 2bit_left_shifter_32bit:26|144                                                                                                                 ; 2       ;
; 2bit_left_shifter_32bit:26|138                                                                                                                 ; 2       ;
; 2bit_left_shifter_32bit:26|139                                                                                                                 ; 2       ;
; 2bit_left_shifter_32bit:26|140                                                                                                                 ; 2       ;
; 2bit_left_shifter_32bit:26|141                                                                                                                 ; 2       ;
; 2bit_left_shifter_32bit:26|137                                                                                                                 ; 2       ;
; 2bit_left_shifter_32bit:26|136                                                                                                                 ; 2       ;
; 2bit_left_shifter_32bit:26|135                                                                                                                 ; 2       ;
; signal_ext_32bit:23|134                                                                                                                        ; 2       ;
; mux_2x1_32bit:177|mux_2x1_8bit:21|mux_2x1_1bit:27|6                                                                                            ; 2       ;
; mux_2x1_32bit:177|mux_2x1_8bit:21|mux_2x1_1bit:23|6                                                                                            ; 2       ;
; DivisorFrequencia:inst4|inst                                                                                                                   ; 2       ;
; bank_reg_32x32bit:BancoRegistradores|128~0                                                                                                     ; 2       ;
; bank_reg_32x32bit:BancoRegistradores|decoder_5x32:117|decoder_2x4:163|126~2                                                                    ; 2       ;
; bank_reg_32x32bit:BancoRegistradores|decoder_5x32:117|decoder_2x4:163|130~0                                                                    ; 2       ;
; bank_reg_32x32bit:BancoRegistradores|decoder_5x32:117|decoder_2x4:163|129                                                                      ; 2       ;
; DivisorFrequencia:inst4|inst1                                                                                                                  ; 2       ;
; mux_2x1_32bit:38|mux_2x1_8bit:18|mux_2x1_1bit:20|5~1                                                                                           ; 2       ;
; mux_2x1_32bit:38|mux_2x1_8bit:18|mux_2x1_1bit:23|5~1                                                                                           ; 2       ;
; mux_2x1_32bit:38|mux_2x1_8bit:18|mux_2x1_1bit:24|5~1                                                                                           ; 2       ;
; mux_2x1_32bit:38|mux_2x1_8bit:18|mux_2x1_1bit:25|5~1                                                                                           ; 2       ;
; mux_2x1_32bit:38|mux_2x1_8bit:18|mux_2x1_1bit:29|5~1                                                                                           ; 2       ;
; adder_32bit:18|full_adder:152|31                                                                                                               ; 2       ;
; mux_2x1_32bit:38|mux_2x1_8bit:18|mux_2x1_1bit:28|5~1                                                                                           ; 2       ;
; mux_2x1_32bit:38|mux_2x1_8bit:18|mux_2x1_1bit:27|5~0                                                                                           ; 2       ;
; mux_2x1_32bit:38|mux_2x1_8bit:18|mux_2x1_1bit:26|5~1                                                                                           ; 2       ;
; mux_2x1_32bit:38|mux_2x1_8bit:19|mux_2x1_1bit:20|5~1                                                                                           ; 2       ;
; adder_32bit:18|full_adder:162|31                                                                                                               ; 2       ;
; mux_2x1_32bit:38|mux_2x1_8bit:19|mux_2x1_1bit:23|5~18                                                                                          ; 2       ;
; mux_2x1_32bit:38|mux_2x1_8bit:19|mux_2x1_1bit:24|5~1                                                                                           ; 2       ;
; adder_32bit:18|full_adder:160|31                                                                                                               ; 2       ;
; mux_2x1_32bit:38|mux_2x1_8bit:19|mux_2x1_1bit:25|5~1                                                                                           ; 2       ;
; mux_2x1_32bit:38|mux_2x1_8bit:19|mux_2x1_1bit:29|5~0                                                                                           ; 2       ;
; mux_2x1_32bit:38|mux_2x1_8bit:19|mux_2x1_1bit:28|5~1                                                                                           ; 2       ;
; mux_2x1_32bit:38|mux_2x1_8bit:19|mux_2x1_1bit:27|5~1                                                                                           ; 2       ;
; adder_32bit:18|full_adder:156|31                                                                                                               ; 2       ;
; mux_2x1_32bit:38|mux_2x1_8bit:19|mux_2x1_1bit:26|5~1                                                                                           ; 2       ;
; mux_2x1_32bit:38|mux_2x1_8bit:20|mux_2x1_1bit:20|5~1                                                                                           ; 2       ;
; adder_32bit:18|full_adder:170|31                                                                                                               ; 2       ;
; mux_2x1_32bit:38|mux_2x1_8bit:20|mux_2x1_1bit:23|5~1                                                                                           ; 2       ;
; mux_2x1_32bit:38|mux_2x1_8bit:20|mux_2x1_1bit:24|5~0                                                                                           ; 2       ;
; mux_2x1_32bit:38|mux_2x1_8bit:20|mux_2x1_1bit:25|5~1                                                                                           ; 2       ;
; mux_2x1_32bit:38|mux_2x1_8bit:20|mux_2x1_1bit:29|5~1                                                                                           ; 2       ;
; adder_32bit:18|full_adder:166|31                                                                                                               ; 2       ;
; mux_2x1_32bit:38|mux_2x1_8bit:20|mux_2x1_1bit:28|5~1                                                                                           ; 2       ;
; mux_2x1_32bit:38|mux_2x1_8bit:20|mux_2x1_1bit:27|5~1                                                                                           ; 2       ;
; adder_32bit:18|full_adder:164|31                                                                                                               ; 2       ;
; mux_2x1_32bit:38|mux_2x1_8bit:20|mux_2x1_1bit:26|5~1                                                                                           ; 2       ;
; mux_2x1_32bit:38|mux_2x1_8bit:21|mux_2x1_1bit:20|5~0                                                                                           ; 2       ;
; mux_2x1_32bit:38|mux_2x1_8bit:21|mux_2x1_1bit:23|5~2                                                                                           ; 2       ;
; mux_2x1_32bit:38|mux_2x1_8bit:21|mux_2x1_1bit:24|5~1                                                                                           ; 2       ;
; adder_32bit:18|full_adder:176|31                                                                                                               ; 2       ;
; mux_2x1_32bit:38|mux_2x1_8bit:21|mux_2x1_1bit:25|5~2                                                                                           ; 2       ;
; mux_2x1_32bit:38|mux_2x1_8bit:21|mux_2x1_1bit:29|5~1                                                                                           ; 2       ;
; mux_2x1_32bit:38|mux_2x1_8bit:21|mux_2x1_1bit:28|5~1                                                                                           ; 2       ;
; mux_2x1_32bit:38|mux_2x1_8bit:21|mux_2x1_1bit:27|5~1                                                                                           ; 2       ;
; mux_2x1_32bit:38|mux_2x1_8bit:21|mux_2x1_1bit:26|5~4                                                                                           ; 2       ;
; adder_32bit:28|full_adder:173|40                                                                                                               ; 2       ;
; adder_32bit:27|full_adder:173|38~0                                                                                                             ; 2       ;
; adder_32bit:27|full_adder:174|38~0                                                                                                             ; 2       ;
; adder_32bit:27|full_adder:175|38~0                                                                                                             ; 2       ;
; adder_32bit:27|full_adder:176|38~0                                                                                                             ; 2       ;
; adder_32bit:27|full_adder:177|38~0                                                                                                             ; 2       ;
; adder_32bit:27|full_adder:178|38~0                                                                                                             ; 2       ;
; adder_32bit:27|full_adder:163|38~0                                                                                                             ; 2       ;
; adder_32bit:27|full_adder:164|38~0                                                                                                             ; 2       ;
; adder_32bit:27|full_adder:165|38~0                                                                                                             ; 2       ;
; adder_32bit:27|full_adder:166|38~0                                                                                                             ; 2       ;
; adder_32bit:27|full_adder:167|38~0                                                                                                             ; 2       ;
; adder_32bit:27|full_adder:168|38~0                                                                                                             ; 2       ;
; adder_32bit:27|full_adder:169|38~0                                                                                                             ; 2       ;
; adder_32bit:27|full_adder:170|38~0                                                                                                             ; 2       ;
; adder_32bit:27|full_adder:155|38~0                                                                                                             ; 2       ;
; adder_32bit:27|full_adder:156|38~0                                                                                                             ; 2       ;
; adder_32bit:27|full_adder:157|38~0                                                                                                             ; 2       ;
; adder_32bit:27|full_adder:158|38~0                                                                                                             ; 2       ;
; adder_32bit:27|full_adder:159|38~0                                                                                                             ; 2       ;
; adder_32bit:27|full_adder:160|38~0                                                                                                             ; 2       ;
; adder_32bit:27|full_adder:161|38~0                                                                                                             ; 2       ;
; adder_32bit:27|full_adder:162|38~0                                                                                                             ; 2       ;
; adder_32bit:27|full_adder:153|38~0                                                                                                             ; 2       ;
; adder_32bit:27|full_adder:154|38~0                                                                                                             ; 2       ;
; adder_32bit:27|full_adder:151|38~0                                                                                                             ; 2       ;
; adder_32bit:27|full_adder:152|38~0                                                                                                             ; 2       ;
; adder_32bit:27|full_adder:149|38~0                                                                                                             ; 2       ;
; adder_32bit:27|full_adder:150|38~0                                                                                                             ; 2       ;
; adder_32bit:27|full_adder:148|38~0                                                                                                             ; 2       ;
; adder_32bit:18|full_adder:149|40                                                                                                               ; 2       ;
; adder_32bit:18|full_adder:152|40                                                                                                               ; 2       ;
; adder_32bit:18|full_adder:161|40                                                                                                               ; 2       ;
; adder_32bit:18|full_adder:160|40                                                                                                               ; 2       ;
; adder_32bit:18|full_adder:155|40                                                                                                               ; 2       ;
; adder_32bit:18|full_adder:170|40                                                                                                               ; 2       ;
; adder_32bit:18|full_adder:165|40                                                                                                               ; 2       ;
; adder_32bit:18|full_adder:164|40                                                                                                               ; 2       ;
; adder_32bit:18|full_adder:175|40                                                                                                               ; 2       ;
; adder_32bit:18|full_adder:174|40                                                                                                               ; 2       ;
; 2bit_left_shifter_4bit_concat_PC:inst3|134                                                                                                     ; 2       ;
; mux_2x1_32bit:38|mux_2x1_8bit:19|mux_2x1_1bit:23|5~14                                                                                          ; 2       ;
; alu_32bit:ULA|alu_1bit:132|mux_4x1_1bit:48|mux_2x1_1bit:21|5~1                                                                                 ; 2       ;
; alu_32bit:ULA|alu_1bit:131|mux_4x1_1bit:48|mux_2x1_1bit:21|5~1                                                                                 ; 2       ;
; alu_32bit:ULA|alu_1bit:130|mux_4x1_1bit:48|mux_2x1_1bit:21|5~1                                                                                 ; 2       ;
; alu_32bit:ULA|alu_1bit:129|mux_4x1_1bit:48|mux_2x1_1bit:21|5~1                                                                                 ; 2       ;
; alu_32bit:ULA|alu_1bit:128|mux_4x1_1bit:48|mux_2x1_1bit:21|5~1                                                                                 ; 2       ;
; alu_32bit:ULA|alu_1bit:127|mux_4x1_1bit:48|mux_2x1_1bit:21|5~1                                                                                 ; 2       ;
; alu_32bit:ULA|alu_1bit:140|mux_4x1_1bit:48|mux_2x1_1bit:21|5~0                                                                                 ; 2       ;
; alu_32bit:ULA|alu_1bit:126|mux_4x1_1bit:48|mux_2x1_1bit:21|5~1                                                                                 ; 2       ;
; alu_32bit:ULA|alu_1bit:125|mux_4x1_1bit:48|mux_2x1_1bit:21|5~1                                                                                 ; 2       ;
; alu_32bit:ULA|alu_1bit:134|mux_4x1_1bit:48|mux_2x1_1bit:21|5~1                                                                                 ; 2       ;
; alu_32bit:ULA|alu_1bit:140|full_adder:53|31~0                                                                                                  ; 2       ;
; alu_32bit:ULA|alu_1bit:139|mux_4x1_1bit:48|mux_2x1_1bit:21|5~3                                                                                 ; 2       ;
; alu_32bit:ULA|alu_1bit:138|mux_4x1_1bit:48|mux_2x1_1bit:21|5~1                                                                                 ; 2       ;
; alu_32bit:ULA|alu_1bit:137|mux_4x1_1bit:48|mux_2x1_1bit:21|5~3                                                                                 ; 2       ;
; mux_2x1_32bit:38|mux_2x1_8bit:19|mux_2x1_1bit:23|5~8                                                                                           ; 2       ;
; alu_32bit:ULA|alu_1bit_msb:142|mux_4x1_1bit:48|mux_2x1_1bit:20|5~0                                                                             ; 2       ;
; alu_32bit:ULA|alu_1bit_msb:142|full_adder:56|31~0                                                                                              ; 2       ;
; mux_2x1_32bit:38|mux_2x1_8bit:19|mux_2x1_1bit:23|5~6                                                                                           ; 2       ;
; alu_32bit:ULA|alu_1bit:57|mux_4x1_1bit:48|mux_2x1_1bit:21|5~5                                                                                  ; 2       ;
; alu_32bit:ULA|alu_1bit:57|mux_4x1_1bit:48|mux_2x1_1bit:21|5~1                                                                                  ; 2       ;
; mux_2x1_32bit:177|mux_2x1_8bit:21|mux_2x1_1bit:26|5~0                                                                                          ; 2       ;
; bank_reg_32x32bit:BancoRegistradores|reg_pp_32bit:t7|31                                                                                        ; 2       ;
; bank_reg_32x32bit:BancoRegistradores|reg_pp_32bit:t4|31                                                                                        ; 2       ;
; bank_reg_32x32bit:BancoRegistradores|reg_pp_32bit:t5|31                                                                                        ; 2       ;
; bank_reg_32x32bit:BancoRegistradores|reg_pp_32bit:t6|31                                                                                        ; 2       ;
; bank_reg_32x32bit:BancoRegistradores|reg_pp_32bit:v1|31                                                                                        ; 2       ;
; bank_reg_32x32bit:BancoRegistradores|reg_pp_32bit:at|31                                                                                        ; 2       ;
; bank_reg_32x32bit:BancoRegistradores|reg_pp_32bit:a3|31                                                                                        ; 2       ;
; bank_reg_32x32bit:BancoRegistradores|reg_pp_32bit:a0|31                                                                                        ; 2       ;
; bank_reg_32x32bit:BancoRegistradores|reg_pp_32bit:a1|31                                                                                        ; 2       ;
; bank_reg_32x32bit:BancoRegistradores|reg_pp_32bit:a2|31                                                                                        ; 2       ;
; bank_reg_32x32bit:BancoRegistradores|reg_pp_32bit:v0|31                                                                                        ; 2       ;
; bank_reg_32x32bit:BancoRegistradores|reg_pp_32bit:ra|31                                                                                        ; 2       ;
; bank_reg_32x32bit:BancoRegistradores|reg_pp_32bit:s3|31                                                                                        ; 2       ;
; bank_reg_32x32bit:BancoRegistradores|reg_pp_32bit:s7|31                                                                                        ; 2       ;
; bank_reg_32x32bit:BancoRegistradores|reg_pp_32bit:k1|31                                                                                        ; 2       ;
; bank_reg_32x32bit:BancoRegistradores|reg_pp_32bit:gp|31                                                                                        ; 2       ;
; bank_reg_32x32bit:BancoRegistradores|reg_pp_32bit:s0|31                                                                                        ; 2       ;
; bank_reg_32x32bit:BancoRegistradores|reg_pp_32bit:t8|31                                                                                        ; 2       ;
; bank_reg_32x32bit:BancoRegistradores|reg_pp_32bit:s4|31                                                                                        ; 2       ;
; bank_reg_32x32bit:BancoRegistradores|reg_pp_32bit:sp|31                                                                                        ; 2       ;
; bank_reg_32x32bit:BancoRegistradores|reg_pp_32bit:s1|31                                                                                        ; 2       ;
; bank_reg_32x32bit:BancoRegistradores|reg_pp_32bit:t9|31                                                                                        ; 2       ;
; bank_reg_32x32bit:BancoRegistradores|reg_pp_32bit:s5|31                                                                                        ; 2       ;
; bank_reg_32x32bit:BancoRegistradores|reg_pp_32bit:fp|31                                                                                        ; 2       ;
; bank_reg_32x32bit:BancoRegistradores|reg_pp_32bit:s2|31                                                                                        ; 2       ;
; bank_reg_32x32bit:BancoRegistradores|reg_pp_32bit:s6|31                                                                                        ; 2       ;
; bank_reg_32x32bit:BancoRegistradores|reg_pp_32bit:k0|31                                                                                        ; 2       ;
; bank_reg_32x32bit:BancoRegistradores|reg_pp_32bit:t3|31                                                                                        ; 2       ;
; bank_reg_32x32bit:BancoRegistradores|reg_pp_32bit:t0|31                                                                                        ; 2       ;
; bank_reg_32x32bit:BancoRegistradores|reg_pp_32bit:t2|31                                                                                        ; 2       ;
; bank_reg_32x32bit:BancoRegistradores|reg_pp_32bit:t1|31                                                                                        ; 2       ;
; alu_32bit:ULA|alu_1bit:140|full_adder:53|38~0                                                                                                  ; 2       ;
; alu_32bit:ULA|alu_1bit:138|full_adder:53|38~0                                                                                                  ; 2       ;
; alu_32bit:ULA|alu_1bit:137|full_adder:53|38~0                                                                                                  ; 2       ;
; alu_32bit:ULA|alu_1bit:136|full_adder:53|38~0                                                                                                  ; 2       ;
; alu_32bit:ULA|alu_1bit:137|50                                                                                                                  ; 2       ;
; bank_reg_32x32bit:BancoRegistradores|mux_32x1_32bit:78|mux_2x1_32bit:20|mux_2x1_8bit:21|mux_2x1_1bit:25|6~1                                    ; 2       ;
; bank_reg_32x32bit:BancoRegistradores|reg_pp_32bit:v1|27                                                                                        ; 2       ;
; bank_reg_32x32bit:BancoRegistradores|reg_pp_32bit:at|27                                                                                        ; 2       ;
; bank_reg_32x32bit:BancoRegistradores|reg_pp_32bit:v0|27                                                                                        ; 2       ;
; bank_reg_32x32bit:BancoRegistradores|reg_pp_32bit:a3|27                                                                                        ; 2       ;
; bank_reg_32x32bit:BancoRegistradores|reg_pp_32bit:a0|27                                                                                        ; 2       ;
; bank_reg_32x32bit:BancoRegistradores|reg_pp_32bit:a1|27                                                                                        ; 2       ;
; bank_reg_32x32bit:BancoRegistradores|reg_pp_32bit:a2|27                                                                                        ; 2       ;
; bank_reg_32x32bit:BancoRegistradores|reg_pp_32bit:t3|27                                                                                        ; 2       ;
; bank_reg_32x32bit:BancoRegistradores|reg_pp_32bit:t0|27                                                                                        ; 2       ;
; bank_reg_32x32bit:BancoRegistradores|reg_pp_32bit:t1|27                                                                                        ; 2       ;
; bank_reg_32x32bit:BancoRegistradores|reg_pp_32bit:t2|27                                                                                        ; 2       ;
; bank_reg_32x32bit:BancoRegistradores|reg_pp_32bit:t7|27                                                                                        ; 2       ;
; bank_reg_32x32bit:BancoRegistradores|reg_pp_32bit:t4|27                                                                                        ; 2       ;
; bank_reg_32x32bit:BancoRegistradores|reg_pp_32bit:t6|27                                                                                        ; 2       ;
; bank_reg_32x32bit:BancoRegistradores|reg_pp_32bit:t5|27                                                                                        ; 2       ;
; bank_reg_32x32bit:BancoRegistradores|mux_32x1_32bit:78|mux_16x1_32bit:19|mux_4x1_32bit:32|mux_2x1_32bit:25|mux_2x1_8bit:21|mux_2x1_1bit:25|5~9 ; 2       ;
; bank_reg_32x32bit:BancoRegistradores|reg_pp_32bit:ra|27                                                                                        ; 2       ;
; bank_reg_32x32bit:BancoRegistradores|reg_pp_32bit:s3|27                                                                                        ; 2       ;
; bank_reg_32x32bit:BancoRegistradores|reg_pp_32bit:s7|27                                                                                        ; 2       ;
; bank_reg_32x32bit:BancoRegistradores|reg_pp_32bit:k1|27                                                                                        ; 2       ;
; bank_reg_32x32bit:BancoRegistradores|reg_pp_32bit:gp|27                                                                                        ; 2       ;
; bank_reg_32x32bit:BancoRegistradores|reg_pp_32bit:s0|27                                                                                        ; 2       ;
; bank_reg_32x32bit:BancoRegistradores|reg_pp_32bit:t8|27                                                                                        ; 2       ;
; bank_reg_32x32bit:BancoRegistradores|reg_pp_32bit:s4|27                                                                                        ; 2       ;
; bank_reg_32x32bit:BancoRegistradores|reg_pp_32bit:sp|27                                                                                        ; 2       ;
; bank_reg_32x32bit:BancoRegistradores|reg_pp_32bit:s1|27                                                                                        ; 2       ;
; bank_reg_32x32bit:BancoRegistradores|reg_pp_32bit:t9|27                                                                                        ; 2       ;
; bank_reg_32x32bit:BancoRegistradores|reg_pp_32bit:s5|27                                                                                        ; 2       ;
; bank_reg_32x32bit:BancoRegistradores|reg_pp_32bit:fp|27                                                                                        ; 2       ;
; bank_reg_32x32bit:BancoRegistradores|reg_pp_32bit:s2|27                                                                                        ; 2       ;
; bank_reg_32x32bit:BancoRegistradores|reg_pp_32bit:s6|27                                                                                        ; 2       ;
; bank_reg_32x32bit:BancoRegistradores|reg_pp_32bit:k0|27                                                                                        ; 2       ;
; alu_32bit:ULA|alu_1bit:138|50                                                                                                                  ; 2       ;
; bank_reg_32x32bit:BancoRegistradores|mux_32x1_32bit:78|mux_2x1_32bit:20|mux_2x1_8bit:21|mux_2x1_1bit:29|6~1                                    ; 2       ;
; bank_reg_32x32bit:BancoRegistradores|reg_pp_32bit:v1|28                                                                                        ; 2       ;
; bank_reg_32x32bit:BancoRegistradores|reg_pp_32bit:at|28                                                                                        ; 2       ;
; bank_reg_32x32bit:BancoRegistradores|reg_pp_32bit:a3|28                                                                                        ; 2       ;
; bank_reg_32x32bit:BancoRegistradores|reg_pp_32bit:a0|28                                                                                        ; 2       ;
; bank_reg_32x32bit:BancoRegistradores|reg_pp_32bit:a1|28                                                                                        ; 2       ;
; bank_reg_32x32bit:BancoRegistradores|reg_pp_32bit:a2|28                                                                                        ; 2       ;
; bank_reg_32x32bit:BancoRegistradores|reg_pp_32bit:v0|28                                                                                        ; 2       ;
; bank_reg_32x32bit:BancoRegistradores|reg_pp_32bit:t3|28                                                                                        ; 2       ;
; bank_reg_32x32bit:BancoRegistradores|reg_pp_32bit:t0|28                                                                                        ; 2       ;
; bank_reg_32x32bit:BancoRegistradores|reg_pp_32bit:t1|28                                                                                        ; 2       ;
; bank_reg_32x32bit:BancoRegistradores|reg_pp_32bit:t2|28                                                                                        ; 2       ;
; bank_reg_32x32bit:BancoRegistradores|reg_pp_32bit:t7|28                                                                                        ; 2       ;
; bank_reg_32x32bit:BancoRegistradores|reg_pp_32bit:t4|28                                                                                        ; 2       ;
; bank_reg_32x32bit:BancoRegistradores|reg_pp_32bit:t6|28                                                                                        ; 2       ;
; bank_reg_32x32bit:BancoRegistradores|reg_pp_32bit:t5|28                                                                                        ; 2       ;
; bank_reg_32x32bit:BancoRegistradores|mux_32x1_32bit:78|mux_16x1_32bit:19|mux_4x1_32bit:32|mux_2x1_32bit:25|mux_2x1_8bit:21|mux_2x1_1bit:29|5~9 ; 2       ;
; bank_reg_32x32bit:BancoRegistradores|reg_pp_32bit:ra|28                                                                                        ; 2       ;
; bank_reg_32x32bit:BancoRegistradores|reg_pp_32bit:s3|28                                                                                        ; 2       ;
; bank_reg_32x32bit:BancoRegistradores|reg_pp_32bit:s7|28                                                                                        ; 2       ;
; bank_reg_32x32bit:BancoRegistradores|reg_pp_32bit:k1|28                                                                                        ; 2       ;
; bank_reg_32x32bit:BancoRegistradores|reg_pp_32bit:gp|28                                                                                        ; 2       ;
; bank_reg_32x32bit:BancoRegistradores|reg_pp_32bit:s0|28                                                                                        ; 2       ;
; bank_reg_32x32bit:BancoRegistradores|reg_pp_32bit:t8|28                                                                                        ; 2       ;
; bank_reg_32x32bit:BancoRegistradores|reg_pp_32bit:s4|28                                                                                        ; 2       ;
; bank_reg_32x32bit:BancoRegistradores|reg_pp_32bit:fp|28                                                                                        ; 2       ;
; bank_reg_32x32bit:BancoRegistradores|reg_pp_32bit:s2|28                                                                                        ; 2       ;
; bank_reg_32x32bit:BancoRegistradores|reg_pp_32bit:s6|28                                                                                        ; 2       ;
; bank_reg_32x32bit:BancoRegistradores|reg_pp_32bit:k0|28                                                                                        ; 2       ;
; bank_reg_32x32bit:BancoRegistradores|reg_pp_32bit:sp|28                                                                                        ; 2       ;
; bank_reg_32x32bit:BancoRegistradores|reg_pp_32bit:s1|28                                                                                        ; 2       ;
; bank_reg_32x32bit:BancoRegistradores|reg_pp_32bit:t9|28                                                                                        ; 2       ;
; bank_reg_32x32bit:BancoRegistradores|reg_pp_32bit:s5|28                                                                                        ; 2       ;
; alu_32bit:ULA|alu_1bit:139|50                                                                                                                  ; 2       ;
; bank_reg_32x32bit:BancoRegistradores|mux_32x1_32bit:78|mux_2x1_32bit:20|mux_2x1_8bit:21|mux_2x1_1bit:28|6~1                                    ; 2       ;
; bank_reg_32x32bit:BancoRegistradores|reg_pp_32bit:v1|29                                                                                        ; 2       ;
; bank_reg_32x32bit:BancoRegistradores|reg_pp_32bit:at|29                                                                                        ; 2       ;
; bank_reg_32x32bit:BancoRegistradores|reg_pp_32bit:v0|29                                                                                        ; 2       ;
; bank_reg_32x32bit:BancoRegistradores|reg_pp_32bit:a3|29                                                                                        ; 2       ;
; bank_reg_32x32bit:BancoRegistradores|reg_pp_32bit:a0|29                                                                                        ; 2       ;
; bank_reg_32x32bit:BancoRegistradores|reg_pp_32bit:a1|29                                                                                        ; 2       ;
; bank_reg_32x32bit:BancoRegistradores|reg_pp_32bit:a2|29                                                                                        ; 2       ;
; bank_reg_32x32bit:BancoRegistradores|reg_pp_32bit:t3|29                                                                                        ; 2       ;
; bank_reg_32x32bit:BancoRegistradores|reg_pp_32bit:t0|29                                                                                        ; 2       ;
; bank_reg_32x32bit:BancoRegistradores|reg_pp_32bit:t1|29                                                                                        ; 2       ;
; bank_reg_32x32bit:BancoRegistradores|reg_pp_32bit:t2|29                                                                                        ; 2       ;
; bank_reg_32x32bit:BancoRegistradores|reg_pp_32bit:t7|29                                                                                        ; 2       ;
; bank_reg_32x32bit:BancoRegistradores|reg_pp_32bit:t4|29                                                                                        ; 2       ;
; bank_reg_32x32bit:BancoRegistradores|reg_pp_32bit:t6|29                                                                                        ; 2       ;
; bank_reg_32x32bit:BancoRegistradores|reg_pp_32bit:t5|29                                                                                        ; 2       ;
; bank_reg_32x32bit:BancoRegistradores|mux_32x1_32bit:78|mux_16x1_32bit:19|mux_4x1_32bit:32|mux_2x1_32bit:25|mux_2x1_8bit:21|mux_2x1_1bit:28|5~9 ; 2       ;
; bank_reg_32x32bit:BancoRegistradores|reg_pp_32bit:ra|29                                                                                        ; 2       ;
; bank_reg_32x32bit:BancoRegistradores|reg_pp_32bit:s3|29                                                                                        ; 2       ;
; bank_reg_32x32bit:BancoRegistradores|reg_pp_32bit:s7|29                                                                                        ; 2       ;
; bank_reg_32x32bit:BancoRegistradores|reg_pp_32bit:k1|29                                                                                        ; 2       ;
; bank_reg_32x32bit:BancoRegistradores|reg_pp_32bit:gp|29                                                                                        ; 2       ;
; bank_reg_32x32bit:BancoRegistradores|reg_pp_32bit:s0|29                                                                                        ; 2       ;
; bank_reg_32x32bit:BancoRegistradores|reg_pp_32bit:t8|29                                                                                        ; 2       ;
; bank_reg_32x32bit:BancoRegistradores|reg_pp_32bit:s4|29                                                                                        ; 2       ;
; bank_reg_32x32bit:BancoRegistradores|reg_pp_32bit:sp|29                                                                                        ; 2       ;
; bank_reg_32x32bit:BancoRegistradores|reg_pp_32bit:s1|29                                                                                        ; 2       ;
; bank_reg_32x32bit:BancoRegistradores|reg_pp_32bit:t9|29                                                                                        ; 2       ;
; bank_reg_32x32bit:BancoRegistradores|reg_pp_32bit:s5|29                                                                                        ; 2       ;
; bank_reg_32x32bit:BancoRegistradores|reg_pp_32bit:fp|29                                                                                        ; 2       ;
; bank_reg_32x32bit:BancoRegistradores|reg_pp_32bit:s2|29                                                                                        ; 2       ;
; bank_reg_32x32bit:BancoRegistradores|reg_pp_32bit:s6|29                                                                                        ; 2       ;
; bank_reg_32x32bit:BancoRegistradores|reg_pp_32bit:k0|29                                                                                        ; 2       ;
; bank_reg_32x32bit:BancoRegistradores|reg_pp_32bit:v1|30                                                                                        ; 2       ;
; bank_reg_32x32bit:BancoRegistradores|reg_pp_32bit:at|30                                                                                        ; 2       ;
; bank_reg_32x32bit:BancoRegistradores|reg_pp_32bit:a3|30                                                                                        ; 2       ;
; bank_reg_32x32bit:BancoRegistradores|reg_pp_32bit:a0|30                                                                                        ; 2       ;
; bank_reg_32x32bit:BancoRegistradores|reg_pp_32bit:a1|30                                                                                        ; 2       ;
; bank_reg_32x32bit:BancoRegistradores|reg_pp_32bit:a2|30                                                                                        ; 2       ;
; bank_reg_32x32bit:BancoRegistradores|reg_pp_32bit:v0|30                                                                                        ; 2       ;
; bank_reg_32x32bit:BancoRegistradores|reg_pp_32bit:t3|30                                                                                        ; 2       ;
; bank_reg_32x32bit:BancoRegistradores|reg_pp_32bit:t0|30                                                                                        ; 2       ;
; bank_reg_32x32bit:BancoRegistradores|reg_pp_32bit:t1|30                                                                                        ; 2       ;
; bank_reg_32x32bit:BancoRegistradores|reg_pp_32bit:t2|30                                                                                        ; 2       ;
; bank_reg_32x32bit:BancoRegistradores|reg_pp_32bit:t7|30                                                                                        ; 2       ;
; bank_reg_32x32bit:BancoRegistradores|reg_pp_32bit:t4|30                                                                                        ; 2       ;
; bank_reg_32x32bit:BancoRegistradores|reg_pp_32bit:t6|30                                                                                        ; 2       ;
; bank_reg_32x32bit:BancoRegistradores|reg_pp_32bit:t5|30                                                                                        ; 2       ;
; bank_reg_32x32bit:BancoRegistradores|reg_pp_32bit:ra|30                                                                                        ; 2       ;
; bank_reg_32x32bit:BancoRegistradores|reg_pp_32bit:s3|30                                                                                        ; 2       ;
; bank_reg_32x32bit:BancoRegistradores|reg_pp_32bit:s7|30                                                                                        ; 2       ;
; bank_reg_32x32bit:BancoRegistradores|reg_pp_32bit:k1|30                                                                                        ; 2       ;
; bank_reg_32x32bit:BancoRegistradores|reg_pp_32bit:gp|30                                                                                        ; 2       ;
; bank_reg_32x32bit:BancoRegistradores|reg_pp_32bit:s0|30                                                                                        ; 2       ;
; bank_reg_32x32bit:BancoRegistradores|reg_pp_32bit:t8|30                                                                                        ; 2       ;
; bank_reg_32x32bit:BancoRegistradores|reg_pp_32bit:s4|30                                                                                        ; 2       ;
; bank_reg_32x32bit:BancoRegistradores|reg_pp_32bit:fp|30                                                                                        ; 2       ;
; bank_reg_32x32bit:BancoRegistradores|reg_pp_32bit:s2|30                                                                                        ; 2       ;
; bank_reg_32x32bit:BancoRegistradores|reg_pp_32bit:s6|30                                                                                        ; 2       ;
; bank_reg_32x32bit:BancoRegistradores|reg_pp_32bit:k0|30                                                                                        ; 2       ;
; bank_reg_32x32bit:BancoRegistradores|reg_pp_32bit:sp|30                                                                                        ; 2       ;
; bank_reg_32x32bit:BancoRegistradores|reg_pp_32bit:s1|30                                                                                        ; 2       ;
; bank_reg_32x32bit:BancoRegistradores|reg_pp_32bit:t9|30                                                                                        ; 2       ;
; bank_reg_32x32bit:BancoRegistradores|reg_pp_32bit:s5|30                                                                                        ; 2       ;
; alu_32bit:ULA|alu_1bit:136|mux_4x1_1bit:48|mux_2x1_1bit:21|5~2                                                                                 ; 2       ;
; alu_32bit:ULA|alu_1bit:136|50                                                                                                                  ; 2       ;
; alu_32bit:ULA|alu_1bit:135|full_adder:53|38~0                                                                                                  ; 2       ;
; bank_reg_32x32bit:BancoRegistradores|reg_pp_32bit:v1|26                                                                                        ; 2       ;
; bank_reg_32x32bit:BancoRegistradores|reg_pp_32bit:at|26                                                                                        ; 2       ;
; bank_reg_32x32bit:BancoRegistradores|reg_pp_32bit:a3|26                                                                                        ; 2       ;
; bank_reg_32x32bit:BancoRegistradores|reg_pp_32bit:a0|26                                                                                        ; 2       ;
; bank_reg_32x32bit:BancoRegistradores|reg_pp_32bit:a1|26                                                                                        ; 2       ;
; bank_reg_32x32bit:BancoRegistradores|reg_pp_32bit:a2|26                                                                                        ; 2       ;
; bank_reg_32x32bit:BancoRegistradores|reg_pp_32bit:v0|26                                                                                        ; 2       ;
; bank_reg_32x32bit:BancoRegistradores|reg_pp_32bit:t3|26                                                                                        ; 2       ;
; bank_reg_32x32bit:BancoRegistradores|reg_pp_32bit:t0|26                                                                                        ; 2       ;
; bank_reg_32x32bit:BancoRegistradores|reg_pp_32bit:t1|26                                                                                        ; 2       ;
; bank_reg_32x32bit:BancoRegistradores|reg_pp_32bit:t2|26                                                                                        ; 2       ;
; bank_reg_32x32bit:BancoRegistradores|reg_pp_32bit:t7|26                                                                                        ; 2       ;
; bank_reg_32x32bit:BancoRegistradores|reg_pp_32bit:t4|26                                                                                        ; 2       ;
; bank_reg_32x32bit:BancoRegistradores|reg_pp_32bit:t6|26                                                                                        ; 2       ;
; bank_reg_32x32bit:BancoRegistradores|reg_pp_32bit:t5|26                                                                                        ; 2       ;
; bank_reg_32x32bit:BancoRegistradores|reg_pp_32bit:ra|26                                                                                        ; 2       ;
; bank_reg_32x32bit:BancoRegistradores|reg_pp_32bit:s3|26                                                                                        ; 2       ;
; bank_reg_32x32bit:BancoRegistradores|reg_pp_32bit:s7|26                                                                                        ; 2       ;
; bank_reg_32x32bit:BancoRegistradores|reg_pp_32bit:k1|26                                                                                        ; 2       ;
; bank_reg_32x32bit:BancoRegistradores|reg_pp_32bit:gp|26                                                                                        ; 2       ;
; bank_reg_32x32bit:BancoRegistradores|reg_pp_32bit:s0|26                                                                                        ; 2       ;
; bank_reg_32x32bit:BancoRegistradores|reg_pp_32bit:t8|26                                                                                        ; 2       ;
; bank_reg_32x32bit:BancoRegistradores|reg_pp_32bit:s4|26                                                                                        ; 2       ;
; bank_reg_32x32bit:BancoRegistradores|reg_pp_32bit:fp|26                                                                                        ; 2       ;
; bank_reg_32x32bit:BancoRegistradores|reg_pp_32bit:s2|26                                                                                        ; 2       ;
; bank_reg_32x32bit:BancoRegistradores|reg_pp_32bit:s6|26                                                                                        ; 2       ;
; bank_reg_32x32bit:BancoRegistradores|reg_pp_32bit:k0|26                                                                                        ; 2       ;
; bank_reg_32x32bit:BancoRegistradores|reg_pp_32bit:sp|26                                                                                        ; 2       ;
; bank_reg_32x32bit:BancoRegistradores|reg_pp_32bit:s1|26                                                                                        ; 2       ;
; bank_reg_32x32bit:BancoRegistradores|reg_pp_32bit:t9|26                                                                                        ; 2       ;
; bank_reg_32x32bit:BancoRegistradores|reg_pp_32bit:s5|26                                                                                        ; 2       ;
; alu_32bit:ULA|alu_1bit:77|mux_4x1_1bit:48|mux_2x1_1bit:21|5~1                                                                                  ; 2       ;
; alu_32bit:ULA|alu_1bit:135|mux_4x1_1bit:48|mux_2x1_1bit:21|5~1                                                                                 ; 2       ;
; alu_32bit:ULA|alu_1bit:134|full_adder:53|38~0                                                                                                  ; 2       ;
; alu_32bit:ULA|alu_1bit:132|full_adder:53|38~0                                                                                                  ; 2       ;
; alu_32bit:ULA|alu_1bit:131|full_adder:53|38~0                                                                                                  ; 2       ;
; alu_32bit:ULA|alu_1bit:130|full_adder:53|38~0                                                                                                  ; 2       ;
; alu_32bit:ULA|alu_1bit:129|full_adder:53|38~0                                                                                                  ; 2       ;
; alu_32bit:ULA|alu_1bit:128|full_adder:53|38~0                                                                                                  ; 2       ;
; alu_32bit:ULA|alu_1bit:127|full_adder:53|38~0                                                                                                  ; 2       ;
; alu_32bit:ULA|alu_1bit:126|full_adder:53|38~0                                                                                                  ; 2       ;
; alu_32bit:ULA|alu_1bit:125|full_adder:53|38~0                                                                                                  ; 2       ;
; alu_32bit:ULA|alu_1bit:92|full_adder:53|38~0                                                                                                   ; 2       ;
; alu_32bit:ULA|alu_1bit:125|50                                                                                                                  ; 2       ;
; bank_reg_32x32bit:BancoRegistradores|mux_32x1_32bit:78|mux_2x1_32bit:20|mux_2x1_8bit:20|mux_2x1_1bit:20|6~1                                    ; 2       ;
; bank_reg_32x32bit:BancoRegistradores|reg_pp_32bit:v1|16                                                                                        ; 2       ;
; bank_reg_32x32bit:BancoRegistradores|reg_pp_32bit:at|16                                                                                        ; 2       ;
; bank_reg_32x32bit:BancoRegistradores|reg_pp_32bit:a3|16                                                                                        ; 2       ;
; bank_reg_32x32bit:BancoRegistradores|reg_pp_32bit:a0|16                                                                                        ; 2       ;
; bank_reg_32x32bit:BancoRegistradores|reg_pp_32bit:a2|16                                                                                        ; 2       ;
; bank_reg_32x32bit:BancoRegistradores|reg_pp_32bit:a1|16                                                                                        ; 2       ;
; bank_reg_32x32bit:BancoRegistradores|reg_pp_32bit:v0|16                                                                                        ; 2       ;
; bank_reg_32x32bit:BancoRegistradores|reg_pp_32bit:t3|16                                                                                        ; 2       ;
; bank_reg_32x32bit:BancoRegistradores|reg_pp_32bit:t0|16                                                                                        ; 2       ;
; bank_reg_32x32bit:BancoRegistradores|reg_pp_32bit:t1|16                                                                                        ; 2       ;
; bank_reg_32x32bit:BancoRegistradores|reg_pp_32bit:t2|16                                                                                        ; 2       ;
; bank_reg_32x32bit:BancoRegistradores|reg_pp_32bit:t7|16                                                                                        ; 2       ;
; bank_reg_32x32bit:BancoRegistradores|reg_pp_32bit:t4|16                                                                                        ; 2       ;
; bank_reg_32x32bit:BancoRegistradores|reg_pp_32bit:t6|16                                                                                        ; 2       ;
; bank_reg_32x32bit:BancoRegistradores|reg_pp_32bit:t5|16                                                                                        ; 2       ;
; bank_reg_32x32bit:BancoRegistradores|mux_32x1_32bit:78|mux_16x1_32bit:19|mux_4x1_32bit:32|mux_2x1_32bit:25|mux_2x1_8bit:20|mux_2x1_1bit:20|5~9 ; 2       ;
; bank_reg_32x32bit:BancoRegistradores|reg_pp_32bit:ra|16                                                                                        ; 2       ;
; bank_reg_32x32bit:BancoRegistradores|reg_pp_32bit:s3|16                                                                                        ; 2       ;
; bank_reg_32x32bit:BancoRegistradores|reg_pp_32bit:s7|16                                                                                        ; 2       ;
; bank_reg_32x32bit:BancoRegistradores|reg_pp_32bit:k1|16                                                                                        ; 2       ;
; bank_reg_32x32bit:BancoRegistradores|reg_pp_32bit:gp|16                                                                                        ; 2       ;
; bank_reg_32x32bit:BancoRegistradores|reg_pp_32bit:s0|16                                                                                        ; 2       ;
; bank_reg_32x32bit:BancoRegistradores|reg_pp_32bit:t8|16                                                                                        ; 2       ;
; bank_reg_32x32bit:BancoRegistradores|reg_pp_32bit:s4|16                                                                                        ; 2       ;
; bank_reg_32x32bit:BancoRegistradores|reg_pp_32bit:fp|16                                                                                        ; 2       ;
; bank_reg_32x32bit:BancoRegistradores|reg_pp_32bit:s2|16                                                                                        ; 2       ;
; bank_reg_32x32bit:BancoRegistradores|reg_pp_32bit:s6|16                                                                                        ; 2       ;
; bank_reg_32x32bit:BancoRegistradores|reg_pp_32bit:k0|16                                                                                        ; 2       ;
; bank_reg_32x32bit:BancoRegistradores|reg_pp_32bit:sp|16                                                                                        ; 2       ;
; bank_reg_32x32bit:BancoRegistradores|reg_pp_32bit:s1|16                                                                                        ; 2       ;
; bank_reg_32x32bit:BancoRegistradores|reg_pp_32bit:t9|16                                                                                        ; 2       ;
; bank_reg_32x32bit:BancoRegistradores|reg_pp_32bit:s5|16                                                                                        ; 2       ;
; alu_32bit:ULA|alu_1bit:126|50                                                                                                                  ; 2       ;
; bank_reg_32x32bit:BancoRegistradores|mux_32x1_32bit:78|mux_2x1_32bit:20|mux_2x1_8bit:20|mux_2x1_1bit:23|6~1                                    ; 2       ;
; bank_reg_32x32bit:BancoRegistradores|reg_pp_32bit:v1|17                                                                                        ; 2       ;
; bank_reg_32x32bit:BancoRegistradores|reg_pp_32bit:at|17                                                                                        ; 2       ;
; bank_reg_32x32bit:BancoRegistradores|reg_pp_32bit:v0|17                                                                                        ; 2       ;
; bank_reg_32x32bit:BancoRegistradores|reg_pp_32bit:a3|17                                                                                        ; 2       ;
; bank_reg_32x32bit:BancoRegistradores|reg_pp_32bit:a0|17                                                                                        ; 2       ;
; bank_reg_32x32bit:BancoRegistradores|reg_pp_32bit:a1|17                                                                                        ; 2       ;
; bank_reg_32x32bit:BancoRegistradores|reg_pp_32bit:a2|17                                                                                        ; 2       ;
; bank_reg_32x32bit:BancoRegistradores|reg_pp_32bit:t3|17                                                                                        ; 2       ;
; bank_reg_32x32bit:BancoRegistradores|reg_pp_32bit:t0|17                                                                                        ; 2       ;
; bank_reg_32x32bit:BancoRegistradores|reg_pp_32bit:t1|17                                                                                        ; 2       ;
; bank_reg_32x32bit:BancoRegistradores|reg_pp_32bit:t2|17                                                                                        ; 2       ;
; bank_reg_32x32bit:BancoRegistradores|reg_pp_32bit:t7|17                                                                                        ; 2       ;
; bank_reg_32x32bit:BancoRegistradores|reg_pp_32bit:t4|17                                                                                        ; 2       ;
; bank_reg_32x32bit:BancoRegistradores|reg_pp_32bit:t6|17                                                                                        ; 2       ;
; bank_reg_32x32bit:BancoRegistradores|reg_pp_32bit:t5|17                                                                                        ; 2       ;
; bank_reg_32x32bit:BancoRegistradores|mux_32x1_32bit:78|mux_16x1_32bit:19|mux_4x1_32bit:32|mux_2x1_32bit:25|mux_2x1_8bit:20|mux_2x1_1bit:23|5~9 ; 2       ;
; bank_reg_32x32bit:BancoRegistradores|reg_pp_32bit:ra|17                                                                                        ; 2       ;
; bank_reg_32x32bit:BancoRegistradores|reg_pp_32bit:s3|17                                                                                        ; 2       ;
; bank_reg_32x32bit:BancoRegistradores|reg_pp_32bit:s7|17                                                                                        ; 2       ;
; bank_reg_32x32bit:BancoRegistradores|reg_pp_32bit:k1|17                                                                                        ; 2       ;
; bank_reg_32x32bit:BancoRegistradores|reg_pp_32bit:gp|17                                                                                        ; 2       ;
; bank_reg_32x32bit:BancoRegistradores|reg_pp_32bit:s0|17                                                                                        ; 2       ;
; bank_reg_32x32bit:BancoRegistradores|reg_pp_32bit:t8|17                                                                                        ; 2       ;
; bank_reg_32x32bit:BancoRegistradores|reg_pp_32bit:s4|17                                                                                        ; 2       ;
; bank_reg_32x32bit:BancoRegistradores|reg_pp_32bit:sp|17                                                                                        ; 2       ;
; bank_reg_32x32bit:BancoRegistradores|reg_pp_32bit:s1|17                                                                                        ; 2       ;
; bank_reg_32x32bit:BancoRegistradores|reg_pp_32bit:t9|17                                                                                        ; 2       ;
; bank_reg_32x32bit:BancoRegistradores|reg_pp_32bit:s5|17                                                                                        ; 2       ;
; bank_reg_32x32bit:BancoRegistradores|reg_pp_32bit:fp|17                                                                                        ; 2       ;
; bank_reg_32x32bit:BancoRegistradores|reg_pp_32bit:s2|17                                                                                        ; 2       ;
; bank_reg_32x32bit:BancoRegistradores|reg_pp_32bit:s6|17                                                                                        ; 2       ;
; bank_reg_32x32bit:BancoRegistradores|reg_pp_32bit:k0|17                                                                                        ; 2       ;
; alu_32bit:ULA|alu_1bit:127|50                                                                                                                  ; 2       ;
; bank_reg_32x32bit:BancoRegistradores|reg_pp_32bit:v1|18                                                                                        ; 2       ;
; bank_reg_32x32bit:BancoRegistradores|reg_pp_32bit:at|18                                                                                        ; 2       ;
; bank_reg_32x32bit:BancoRegistradores|reg_pp_32bit:a3|18                                                                                        ; 2       ;
; bank_reg_32x32bit:BancoRegistradores|reg_pp_32bit:a0|18                                                                                        ; 2       ;
; bank_reg_32x32bit:BancoRegistradores|reg_pp_32bit:a2|18                                                                                        ; 2       ;
; bank_reg_32x32bit:BancoRegistradores|reg_pp_32bit:a1|18                                                                                        ; 2       ;
; bank_reg_32x32bit:BancoRegistradores|reg_pp_32bit:v0|18                                                                                        ; 2       ;
; bank_reg_32x32bit:BancoRegistradores|reg_pp_32bit:t3|18                                                                                        ; 2       ;
; bank_reg_32x32bit:BancoRegistradores|reg_pp_32bit:t0|18                                                                                        ; 2       ;
; bank_reg_32x32bit:BancoRegistradores|reg_pp_32bit:t1|18                                                                                        ; 2       ;
; bank_reg_32x32bit:BancoRegistradores|reg_pp_32bit:t2|18                                                                                        ; 2       ;
; bank_reg_32x32bit:BancoRegistradores|reg_pp_32bit:t7|18                                                                                        ; 2       ;
; bank_reg_32x32bit:BancoRegistradores|reg_pp_32bit:t4|18                                                                                        ; 2       ;
; bank_reg_32x32bit:BancoRegistradores|reg_pp_32bit:t6|18                                                                                        ; 2       ;
; bank_reg_32x32bit:BancoRegistradores|reg_pp_32bit:t5|18                                                                                        ; 2       ;
; bank_reg_32x32bit:BancoRegistradores|reg_pp_32bit:ra|18                                                                                        ; 2       ;
; bank_reg_32x32bit:BancoRegistradores|reg_pp_32bit:s3|18                                                                                        ; 2       ;
; bank_reg_32x32bit:BancoRegistradores|reg_pp_32bit:s7|18                                                                                        ; 2       ;
; bank_reg_32x32bit:BancoRegistradores|reg_pp_32bit:k1|18                                                                                        ; 2       ;
; bank_reg_32x32bit:BancoRegistradores|reg_pp_32bit:gp|18                                                                                        ; 2       ;
; bank_reg_32x32bit:BancoRegistradores|reg_pp_32bit:s0|18                                                                                        ; 2       ;
; bank_reg_32x32bit:BancoRegistradores|reg_pp_32bit:t8|18                                                                                        ; 2       ;
; bank_reg_32x32bit:BancoRegistradores|reg_pp_32bit:s4|18                                                                                        ; 2       ;
; bank_reg_32x32bit:BancoRegistradores|reg_pp_32bit:fp|18                                                                                        ; 2       ;
; bank_reg_32x32bit:BancoRegistradores|reg_pp_32bit:s2|18                                                                                        ; 2       ;
; bank_reg_32x32bit:BancoRegistradores|reg_pp_32bit:s6|18                                                                                        ; 2       ;
; bank_reg_32x32bit:BancoRegistradores|reg_pp_32bit:k0|18                                                                                        ; 2       ;
; bank_reg_32x32bit:BancoRegistradores|reg_pp_32bit:sp|18                                                                                        ; 2       ;
; bank_reg_32x32bit:BancoRegistradores|reg_pp_32bit:s1|18                                                                                        ; 2       ;
; bank_reg_32x32bit:BancoRegistradores|reg_pp_32bit:t9|18                                                                                        ; 2       ;
; bank_reg_32x32bit:BancoRegistradores|reg_pp_32bit:s5|18                                                                                        ; 2       ;
; alu_32bit:ULA|alu_1bit:128|50                                                                                                                  ; 2       ;
; bank_reg_32x32bit:BancoRegistradores|mux_32x1_32bit:78|mux_2x1_32bit:20|mux_2x1_8bit:20|mux_2x1_1bit:25|6~1                                    ; 2       ;
; bank_reg_32x32bit:BancoRegistradores|reg_pp_32bit:v1|19                                                                                        ; 2       ;
; bank_reg_32x32bit:BancoRegistradores|reg_pp_32bit:at|19                                                                                        ; 2       ;
; bank_reg_32x32bit:BancoRegistradores|reg_pp_32bit:v0|19                                                                                        ; 2       ;
; bank_reg_32x32bit:BancoRegistradores|reg_pp_32bit:a3|19                                                                                        ; 2       ;
; bank_reg_32x32bit:BancoRegistradores|reg_pp_32bit:a0|19                                                                                        ; 2       ;
; bank_reg_32x32bit:BancoRegistradores|reg_pp_32bit:a1|19                                                                                        ; 2       ;
; bank_reg_32x32bit:BancoRegistradores|reg_pp_32bit:a2|19                                                                                        ; 2       ;
; bank_reg_32x32bit:BancoRegistradores|reg_pp_32bit:t3|19                                                                                        ; 2       ;
; bank_reg_32x32bit:BancoRegistradores|reg_pp_32bit:t0|19                                                                                        ; 2       ;
; bank_reg_32x32bit:BancoRegistradores|reg_pp_32bit:t1|19                                                                                        ; 2       ;
; bank_reg_32x32bit:BancoRegistradores|reg_pp_32bit:t2|19                                                                                        ; 2       ;
; bank_reg_32x32bit:BancoRegistradores|reg_pp_32bit:t7|19                                                                                        ; 2       ;
; bank_reg_32x32bit:BancoRegistradores|reg_pp_32bit:t4|19                                                                                        ; 2       ;
; bank_reg_32x32bit:BancoRegistradores|reg_pp_32bit:t6|19                                                                                        ; 2       ;
; bank_reg_32x32bit:BancoRegistradores|reg_pp_32bit:t5|19                                                                                        ; 2       ;
; bank_reg_32x32bit:BancoRegistradores|mux_32x1_32bit:78|mux_16x1_32bit:19|mux_4x1_32bit:32|mux_2x1_32bit:25|mux_2x1_8bit:20|mux_2x1_1bit:25|5~9 ; 2       ;
; bank_reg_32x32bit:BancoRegistradores|reg_pp_32bit:ra|19                                                                                        ; 2       ;
; bank_reg_32x32bit:BancoRegistradores|reg_pp_32bit:s3|19                                                                                        ; 2       ;
; bank_reg_32x32bit:BancoRegistradores|reg_pp_32bit:s7|19                                                                                        ; 2       ;
; bank_reg_32x32bit:BancoRegistradores|reg_pp_32bit:k1|19                                                                                        ; 2       ;
; bank_reg_32x32bit:BancoRegistradores|reg_pp_32bit:gp|19                                                                                        ; 2       ;
; bank_reg_32x32bit:BancoRegistradores|reg_pp_32bit:s0|19                                                                                        ; 2       ;
; bank_reg_32x32bit:BancoRegistradores|reg_pp_32bit:t8|19                                                                                        ; 2       ;
; bank_reg_32x32bit:BancoRegistradores|reg_pp_32bit:s4|19                                                                                        ; 2       ;
; bank_reg_32x32bit:BancoRegistradores|reg_pp_32bit:sp|19                                                                                        ; 2       ;
; bank_reg_32x32bit:BancoRegistradores|reg_pp_32bit:s1|19                                                                                        ; 2       ;
; bank_reg_32x32bit:BancoRegistradores|reg_pp_32bit:t9|19                                                                                        ; 2       ;
; bank_reg_32x32bit:BancoRegistradores|reg_pp_32bit:s5|19                                                                                        ; 2       ;
; bank_reg_32x32bit:BancoRegistradores|reg_pp_32bit:fp|19                                                                                        ; 2       ;
; bank_reg_32x32bit:BancoRegistradores|reg_pp_32bit:s2|19                                                                                        ; 2       ;
; bank_reg_32x32bit:BancoRegistradores|reg_pp_32bit:s6|19                                                                                        ; 2       ;
; bank_reg_32x32bit:BancoRegistradores|reg_pp_32bit:k0|19                                                                                        ; 2       ;
; alu_32bit:ULA|alu_1bit:129|50                                                                                                                  ; 2       ;
; bank_reg_32x32bit:BancoRegistradores|mux_32x1_32bit:78|mux_2x1_32bit:20|mux_2x1_8bit:20|mux_2x1_1bit:29|6~1                                    ; 2       ;
; bank_reg_32x32bit:BancoRegistradores|reg_pp_32bit:v1|20                                                                                        ; 2       ;
; bank_reg_32x32bit:BancoRegistradores|reg_pp_32bit:at|20                                                                                        ; 2       ;
; bank_reg_32x32bit:BancoRegistradores|reg_pp_32bit:a3|20                                                                                        ; 2       ;
; bank_reg_32x32bit:BancoRegistradores|reg_pp_32bit:a0|20                                                                                        ; 2       ;
; bank_reg_32x32bit:BancoRegistradores|reg_pp_32bit:a2|20                                                                                        ; 2       ;
; bank_reg_32x32bit:BancoRegistradores|reg_pp_32bit:a1|20                                                                                        ; 2       ;
; bank_reg_32x32bit:BancoRegistradores|reg_pp_32bit:v0|20                                                                                        ; 2       ;
; bank_reg_32x32bit:BancoRegistradores|reg_pp_32bit:t3|20                                                                                        ; 2       ;
; bank_reg_32x32bit:BancoRegistradores|reg_pp_32bit:t0|20                                                                                        ; 2       ;
; bank_reg_32x32bit:BancoRegistradores|reg_pp_32bit:t1|20                                                                                        ; 2       ;
; bank_reg_32x32bit:BancoRegistradores|reg_pp_32bit:t2|20                                                                                        ; 2       ;
; bank_reg_32x32bit:BancoRegistradores|reg_pp_32bit:t7|20                                                                                        ; 2       ;
; bank_reg_32x32bit:BancoRegistradores|reg_pp_32bit:t4|20                                                                                        ; 2       ;
; bank_reg_32x32bit:BancoRegistradores|reg_pp_32bit:t6|20                                                                                        ; 2       ;
; bank_reg_32x32bit:BancoRegistradores|reg_pp_32bit:t5|20                                                                                        ; 2       ;
; bank_reg_32x32bit:BancoRegistradores|mux_32x1_32bit:78|mux_16x1_32bit:19|mux_4x1_32bit:32|mux_2x1_32bit:25|mux_2x1_8bit:20|mux_2x1_1bit:29|5~9 ; 2       ;
; bank_reg_32x32bit:BancoRegistradores|reg_pp_32bit:ra|20                                                                                        ; 2       ;
; bank_reg_32x32bit:BancoRegistradores|reg_pp_32bit:s3|20                                                                                        ; 2       ;
; bank_reg_32x32bit:BancoRegistradores|reg_pp_32bit:s7|20                                                                                        ; 2       ;
; bank_reg_32x32bit:BancoRegistradores|reg_pp_32bit:k1|20                                                                                        ; 2       ;
; bank_reg_32x32bit:BancoRegistradores|reg_pp_32bit:gp|20                                                                                        ; 2       ;
; bank_reg_32x32bit:BancoRegistradores|reg_pp_32bit:s0|20                                                                                        ; 2       ;
; bank_reg_32x32bit:BancoRegistradores|reg_pp_32bit:t8|20                                                                                        ; 2       ;
; bank_reg_32x32bit:BancoRegistradores|reg_pp_32bit:s4|20                                                                                        ; 2       ;
; bank_reg_32x32bit:BancoRegistradores|reg_pp_32bit:fp|20                                                                                        ; 2       ;
; bank_reg_32x32bit:BancoRegistradores|reg_pp_32bit:s2|20                                                                                        ; 2       ;
; bank_reg_32x32bit:BancoRegistradores|reg_pp_32bit:s6|20                                                                                        ; 2       ;
; bank_reg_32x32bit:BancoRegistradores|reg_pp_32bit:k0|20                                                                                        ; 2       ;
; bank_reg_32x32bit:BancoRegistradores|reg_pp_32bit:sp|20                                                                                        ; 2       ;
; bank_reg_32x32bit:BancoRegistradores|reg_pp_32bit:s1|20                                                                                        ; 2       ;
; bank_reg_32x32bit:BancoRegistradores|reg_pp_32bit:t9|20                                                                                        ; 2       ;
; bank_reg_32x32bit:BancoRegistradores|reg_pp_32bit:s5|20                                                                                        ; 2       ;
; alu_32bit:ULA|alu_1bit:130|50                                                                                                                  ; 2       ;
; bank_reg_32x32bit:BancoRegistradores|reg_pp_32bit:v1|21                                                                                        ; 2       ;
; bank_reg_32x32bit:BancoRegistradores|reg_pp_32bit:at|21                                                                                        ; 2       ;
; bank_reg_32x32bit:BancoRegistradores|reg_pp_32bit:v0|21                                                                                        ; 2       ;
; bank_reg_32x32bit:BancoRegistradores|reg_pp_32bit:a3|21                                                                                        ; 2       ;
; bank_reg_32x32bit:BancoRegistradores|reg_pp_32bit:a0|21                                                                                        ; 2       ;
; bank_reg_32x32bit:BancoRegistradores|reg_pp_32bit:a1|21                                                                                        ; 2       ;
; bank_reg_32x32bit:BancoRegistradores|reg_pp_32bit:a2|21                                                                                        ; 2       ;
; bank_reg_32x32bit:BancoRegistradores|reg_pp_32bit:t3|21                                                                                        ; 2       ;
; bank_reg_32x32bit:BancoRegistradores|reg_pp_32bit:t0|21                                                                                        ; 2       ;
; bank_reg_32x32bit:BancoRegistradores|reg_pp_32bit:t1|21                                                                                        ; 2       ;
; bank_reg_32x32bit:BancoRegistradores|reg_pp_32bit:t2|21                                                                                        ; 2       ;
; bank_reg_32x32bit:BancoRegistradores|reg_pp_32bit:t7|21                                                                                        ; 2       ;
; bank_reg_32x32bit:BancoRegistradores|reg_pp_32bit:t4|21                                                                                        ; 2       ;
; bank_reg_32x32bit:BancoRegistradores|reg_pp_32bit:t6|21                                                                                        ; 2       ;
; bank_reg_32x32bit:BancoRegistradores|reg_pp_32bit:t5|21                                                                                        ; 2       ;
; bank_reg_32x32bit:BancoRegistradores|reg_pp_32bit:ra|21                                                                                        ; 2       ;
; bank_reg_32x32bit:BancoRegistradores|reg_pp_32bit:s3|21                                                                                        ; 2       ;
; bank_reg_32x32bit:BancoRegistradores|reg_pp_32bit:s7|21                                                                                        ; 2       ;
; bank_reg_32x32bit:BancoRegistradores|reg_pp_32bit:k1|21                                                                                        ; 2       ;
; bank_reg_32x32bit:BancoRegistradores|reg_pp_32bit:gp|21                                                                                        ; 2       ;
; bank_reg_32x32bit:BancoRegistradores|reg_pp_32bit:s0|21                                                                                        ; 2       ;
; bank_reg_32x32bit:BancoRegistradores|reg_pp_32bit:t8|21                                                                                        ; 2       ;
; bank_reg_32x32bit:BancoRegistradores|reg_pp_32bit:s4|21                                                                                        ; 2       ;
; bank_reg_32x32bit:BancoRegistradores|reg_pp_32bit:sp|21                                                                                        ; 2       ;
; bank_reg_32x32bit:BancoRegistradores|reg_pp_32bit:s1|21                                                                                        ; 2       ;
; bank_reg_32x32bit:BancoRegistradores|reg_pp_32bit:t9|21                                                                                        ; 2       ;
; bank_reg_32x32bit:BancoRegistradores|reg_pp_32bit:s5|21                                                                                        ; 2       ;
; bank_reg_32x32bit:BancoRegistradores|reg_pp_32bit:fp|21                                                                                        ; 2       ;
; bank_reg_32x32bit:BancoRegistradores|reg_pp_32bit:s2|21                                                                                        ; 2       ;
; bank_reg_32x32bit:BancoRegistradores|reg_pp_32bit:s6|21                                                                                        ; 2       ;
; bank_reg_32x32bit:BancoRegistradores|reg_pp_32bit:k0|21                                                                                        ; 2       ;
; alu_32bit:ULA|alu_1bit:131|50                                                                                                                  ; 2       ;
; bank_reg_32x32bit:BancoRegistradores|mux_32x1_32bit:78|mux_2x1_32bit:20|mux_2x1_8bit:20|mux_2x1_1bit:27|6~1                                    ; 2       ;
; bank_reg_32x32bit:BancoRegistradores|reg_pp_32bit:v1|22                                                                                        ; 2       ;
; bank_reg_32x32bit:BancoRegistradores|reg_pp_32bit:at|22                                                                                        ; 2       ;
; bank_reg_32x32bit:BancoRegistradores|reg_pp_32bit:a3|22                                                                                        ; 2       ;
; bank_reg_32x32bit:BancoRegistradores|reg_pp_32bit:a0|22                                                                                        ; 2       ;
; bank_reg_32x32bit:BancoRegistradores|reg_pp_32bit:a2|22                                                                                        ; 2       ;
; bank_reg_32x32bit:BancoRegistradores|reg_pp_32bit:a1|22                                                                                        ; 2       ;
; bank_reg_32x32bit:BancoRegistradores|reg_pp_32bit:v0|22                                                                                        ; 2       ;
; bank_reg_32x32bit:BancoRegistradores|reg_pp_32bit:t3|22                                                                                        ; 2       ;
; bank_reg_32x32bit:BancoRegistradores|reg_pp_32bit:t0|22                                                                                        ; 2       ;
; bank_reg_32x32bit:BancoRegistradores|reg_pp_32bit:t1|22                                                                                        ; 2       ;
; bank_reg_32x32bit:BancoRegistradores|reg_pp_32bit:t2|22                                                                                        ; 2       ;
; bank_reg_32x32bit:BancoRegistradores|reg_pp_32bit:t7|22                                                                                        ; 2       ;
; bank_reg_32x32bit:BancoRegistradores|reg_pp_32bit:t4|22                                                                                        ; 2       ;
; bank_reg_32x32bit:BancoRegistradores|reg_pp_32bit:t6|22                                                                                        ; 2       ;
; bank_reg_32x32bit:BancoRegistradores|reg_pp_32bit:t5|22                                                                                        ; 2       ;
; bank_reg_32x32bit:BancoRegistradores|mux_32x1_32bit:78|mux_16x1_32bit:19|mux_4x1_32bit:32|mux_2x1_32bit:25|mux_2x1_8bit:20|mux_2x1_1bit:27|5~9 ; 2       ;
; bank_reg_32x32bit:BancoRegistradores|reg_pp_32bit:ra|22                                                                                        ; 2       ;
; bank_reg_32x32bit:BancoRegistradores|reg_pp_32bit:s3|22                                                                                        ; 2       ;
; bank_reg_32x32bit:BancoRegistradores|reg_pp_32bit:s7|22                                                                                        ; 2       ;
; bank_reg_32x32bit:BancoRegistradores|reg_pp_32bit:k1|22                                                                                        ; 2       ;
; bank_reg_32x32bit:BancoRegistradores|reg_pp_32bit:gp|22                                                                                        ; 2       ;
; bank_reg_32x32bit:BancoRegistradores|reg_pp_32bit:s0|22                                                                                        ; 2       ;
; bank_reg_32x32bit:BancoRegistradores|reg_pp_32bit:t8|22                                                                                        ; 2       ;
; bank_reg_32x32bit:BancoRegistradores|reg_pp_32bit:s4|22                                                                                        ; 2       ;
; bank_reg_32x32bit:BancoRegistradores|reg_pp_32bit:fp|22                                                                                        ; 2       ;
; bank_reg_32x32bit:BancoRegistradores|reg_pp_32bit:s2|22                                                                                        ; 2       ;
; bank_reg_32x32bit:BancoRegistradores|reg_pp_32bit:s6|22                                                                                        ; 2       ;
; bank_reg_32x32bit:BancoRegistradores|reg_pp_32bit:k0|22                                                                                        ; 2       ;
; bank_reg_32x32bit:BancoRegistradores|reg_pp_32bit:sp|22                                                                                        ; 2       ;
; bank_reg_32x32bit:BancoRegistradores|reg_pp_32bit:s1|22                                                                                        ; 2       ;
; bank_reg_32x32bit:BancoRegistradores|reg_pp_32bit:t9|22                                                                                        ; 2       ;
; bank_reg_32x32bit:BancoRegistradores|reg_pp_32bit:s5|22                                                                                        ; 2       ;
; alu_32bit:ULA|alu_1bit:132|50                                                                                                                  ; 2       ;
; bank_reg_32x32bit:BancoRegistradores|mux_32x1_32bit:78|mux_2x1_32bit:20|mux_2x1_8bit:20|mux_2x1_1bit:26|6~1                                    ; 2       ;
; bank_reg_32x32bit:BancoRegistradores|reg_pp_32bit:v1|23                                                                                        ; 2       ;
; bank_reg_32x32bit:BancoRegistradores|reg_pp_32bit:at|23                                                                                        ; 2       ;
; bank_reg_32x32bit:BancoRegistradores|reg_pp_32bit:v0|23                                                                                        ; 2       ;
; bank_reg_32x32bit:BancoRegistradores|reg_pp_32bit:a3|23                                                                                        ; 2       ;
; bank_reg_32x32bit:BancoRegistradores|reg_pp_32bit:a0|23                                                                                        ; 2       ;
; bank_reg_32x32bit:BancoRegistradores|reg_pp_32bit:a1|23                                                                                        ; 2       ;
; bank_reg_32x32bit:BancoRegistradores|reg_pp_32bit:a2|23                                                                                        ; 2       ;
; bank_reg_32x32bit:BancoRegistradores|reg_pp_32bit:t3|23                                                                                        ; 2       ;
; bank_reg_32x32bit:BancoRegistradores|reg_pp_32bit:t0|23                                                                                        ; 2       ;
; bank_reg_32x32bit:BancoRegistradores|reg_pp_32bit:t1|23                                                                                        ; 2       ;
; bank_reg_32x32bit:BancoRegistradores|reg_pp_32bit:t2|23                                                                                        ; 2       ;
; bank_reg_32x32bit:BancoRegistradores|reg_pp_32bit:t7|23                                                                                        ; 2       ;
; bank_reg_32x32bit:BancoRegistradores|reg_pp_32bit:t4|23                                                                                        ; 2       ;
; bank_reg_32x32bit:BancoRegistradores|reg_pp_32bit:t6|23                                                                                        ; 2       ;
; bank_reg_32x32bit:BancoRegistradores|reg_pp_32bit:t5|23                                                                                        ; 2       ;
; bank_reg_32x32bit:BancoRegistradores|mux_32x1_32bit:78|mux_16x1_32bit:19|mux_4x1_32bit:32|mux_2x1_32bit:25|mux_2x1_8bit:20|mux_2x1_1bit:26|5~9 ; 2       ;
; bank_reg_32x32bit:BancoRegistradores|reg_pp_32bit:ra|23                                                                                        ; 2       ;
; bank_reg_32x32bit:BancoRegistradores|reg_pp_32bit:s3|23                                                                                        ; 2       ;
; bank_reg_32x32bit:BancoRegistradores|reg_pp_32bit:s7|23                                                                                        ; 2       ;
; bank_reg_32x32bit:BancoRegistradores|reg_pp_32bit:k1|23                                                                                        ; 2       ;
; bank_reg_32x32bit:BancoRegistradores|reg_pp_32bit:gp|23                                                                                        ; 2       ;
; bank_reg_32x32bit:BancoRegistradores|reg_pp_32bit:s0|23                                                                                        ; 2       ;
; bank_reg_32x32bit:BancoRegistradores|reg_pp_32bit:t8|23                                                                                        ; 2       ;
; bank_reg_32x32bit:BancoRegistradores|reg_pp_32bit:s4|23                                                                                        ; 2       ;
; bank_reg_32x32bit:BancoRegistradores|reg_pp_32bit:sp|23                                                                                        ; 2       ;
; bank_reg_32x32bit:BancoRegistradores|reg_pp_32bit:s1|23                                                                                        ; 2       ;
; bank_reg_32x32bit:BancoRegistradores|reg_pp_32bit:t9|23                                                                                        ; 2       ;
; bank_reg_32x32bit:BancoRegistradores|reg_pp_32bit:s5|23                                                                                        ; 2       ;
; bank_reg_32x32bit:BancoRegistradores|reg_pp_32bit:fp|23                                                                                        ; 2       ;
; bank_reg_32x32bit:BancoRegistradores|reg_pp_32bit:s2|23                                                                                        ; 2       ;
; bank_reg_32x32bit:BancoRegistradores|reg_pp_32bit:s6|23                                                                                        ; 2       ;
; bank_reg_32x32bit:BancoRegistradores|reg_pp_32bit:k0|23                                                                                        ; 2       ;
; alu_32bit:ULA|alu_1bit:134|50                                                                                                                  ; 2       ;
; bank_reg_32x32bit:BancoRegistradores|reg_pp_32bit:v1|24                                                                                        ; 2       ;
; bank_reg_32x32bit:BancoRegistradores|reg_pp_32bit:at|24                                                                                        ; 2       ;
; bank_reg_32x32bit:BancoRegistradores|reg_pp_32bit:a3|24                                                                                        ; 2       ;
; bank_reg_32x32bit:BancoRegistradores|reg_pp_32bit:a0|24                                                                                        ; 2       ;
; bank_reg_32x32bit:BancoRegistradores|reg_pp_32bit:a1|24                                                                                        ; 2       ;
; bank_reg_32x32bit:BancoRegistradores|reg_pp_32bit:a2|24                                                                                        ; 2       ;
; bank_reg_32x32bit:BancoRegistradores|reg_pp_32bit:v0|24                                                                                        ; 2       ;
; bank_reg_32x32bit:BancoRegistradores|reg_pp_32bit:t3|24                                                                                        ; 2       ;
; bank_reg_32x32bit:BancoRegistradores|reg_pp_32bit:t0|24                                                                                        ; 2       ;
; bank_reg_32x32bit:BancoRegistradores|reg_pp_32bit:t1|24                                                                                        ; 2       ;
; bank_reg_32x32bit:BancoRegistradores|reg_pp_32bit:t2|24                                                                                        ; 2       ;
; bank_reg_32x32bit:BancoRegistradores|reg_pp_32bit:t7|24                                                                                        ; 2       ;
; bank_reg_32x32bit:BancoRegistradores|reg_pp_32bit:t4|24                                                                                        ; 2       ;
; bank_reg_32x32bit:BancoRegistradores|reg_pp_32bit:t6|24                                                                                        ; 2       ;
; bank_reg_32x32bit:BancoRegistradores|reg_pp_32bit:t5|24                                                                                        ; 2       ;
; bank_reg_32x32bit:BancoRegistradores|reg_pp_32bit:ra|24                                                                                        ; 2       ;
; bank_reg_32x32bit:BancoRegistradores|reg_pp_32bit:s3|24                                                                                        ; 2       ;
; bank_reg_32x32bit:BancoRegistradores|reg_pp_32bit:s7|24                                                                                        ; 2       ;
; bank_reg_32x32bit:BancoRegistradores|reg_pp_32bit:k1|24                                                                                        ; 2       ;
; bank_reg_32x32bit:BancoRegistradores|reg_pp_32bit:gp|24                                                                                        ; 2       ;
; bank_reg_32x32bit:BancoRegistradores|reg_pp_32bit:s0|24                                                                                        ; 2       ;
; bank_reg_32x32bit:BancoRegistradores|reg_pp_32bit:t8|24                                                                                        ; 2       ;
; bank_reg_32x32bit:BancoRegistradores|reg_pp_32bit:s4|24                                                                                        ; 2       ;
; bank_reg_32x32bit:BancoRegistradores|reg_pp_32bit:fp|24                                                                                        ; 2       ;
; bank_reg_32x32bit:BancoRegistradores|reg_pp_32bit:s2|24                                                                                        ; 2       ;
; bank_reg_32x32bit:BancoRegistradores|reg_pp_32bit:s6|24                                                                                        ; 2       ;
; bank_reg_32x32bit:BancoRegistradores|reg_pp_32bit:k0|24                                                                                        ; 2       ;
; bank_reg_32x32bit:BancoRegistradores|reg_pp_32bit:sp|24                                                                                        ; 2       ;
; bank_reg_32x32bit:BancoRegistradores|reg_pp_32bit:s1|24                                                                                        ; 2       ;
; bank_reg_32x32bit:BancoRegistradores|reg_pp_32bit:t9|24                                                                                        ; 2       ;
; bank_reg_32x32bit:BancoRegistradores|reg_pp_32bit:s5|24                                                                                        ; 2       ;
; bank_reg_32x32bit:BancoRegistradores|mux_32x1_32bit:78|mux_16x1_32bit:19|mux_4x1_32bit:32|mux_2x1_32bit:25|mux_2x1_8bit:21|mux_2x1_1bit:23|5~9 ; 2       ;
; bank_reg_32x32bit:BancoRegistradores|mux_32x1_32bit:78|mux_2x1_32bit:20|mux_2x1_8bit:21|mux_2x1_1bit:23|6~1                                    ; 2       ;
; bank_reg_32x32bit:BancoRegistradores|reg_pp_32bit:t7|25                                                                                        ; 2       ;
; bank_reg_32x32bit:BancoRegistradores|reg_pp_32bit:t4|25                                                                                        ; 2       ;
; bank_reg_32x32bit:BancoRegistradores|reg_pp_32bit:t5|25                                                                                        ; 2       ;
; bank_reg_32x32bit:BancoRegistradores|reg_pp_32bit:t6|25                                                                                        ; 2       ;
; bank_reg_32x32bit:BancoRegistradores|reg_pp_32bit:v1|25                                                                                        ; 2       ;
; bank_reg_32x32bit:BancoRegistradores|reg_pp_32bit:at|25                                                                                        ; 2       ;
; bank_reg_32x32bit:BancoRegistradores|reg_pp_32bit:v0|25                                                                                        ; 2       ;
; bank_reg_32x32bit:BancoRegistradores|reg_pp_32bit:a3|25                                                                                        ; 2       ;
; bank_reg_32x32bit:BancoRegistradores|reg_pp_32bit:a0|25                                                                                        ; 2       ;
; bank_reg_32x32bit:BancoRegistradores|reg_pp_32bit:a1|25                                                                                        ; 2       ;
; bank_reg_32x32bit:BancoRegistradores|reg_pp_32bit:a2|25                                                                                        ; 2       ;
; bank_reg_32x32bit:BancoRegistradores|reg_pp_32bit:t3|25                                                                                        ; 2       ;
; bank_reg_32x32bit:BancoRegistradores|reg_pp_32bit:t0|25                                                                                        ; 2       ;
; bank_reg_32x32bit:BancoRegistradores|reg_pp_32bit:t1|25                                                                                        ; 2       ;
; bank_reg_32x32bit:BancoRegistradores|reg_pp_32bit:t2|25                                                                                        ; 2       ;
; bank_reg_32x32bit:BancoRegistradores|reg_pp_32bit:ra|25                                                                                        ; 2       ;
+------------------------------------------------------------------------------------------------------------------------------------------------+---------+


+-----------------------------------------------------------------------------------------------------------------------------------------------------------------------------------------------------------------------------------------------------------------------------------------------------------------------------------------------------------------------------------------------------------------------------------------------------------------------------------------------------------------------------------------------------------------------------------------+
; Fitter RAM Summary                                                                                                                                                                                                                                                                                                                                                                                                                                                                                                                                                                      ;
+-------------------------------------------------------------------------------------------------------------------------------+------+-------------+--------------+--------------+--------------+--------------+--------------+------------------------+-------------------------+------------------------+-------------------------+------+-----------------------------+-----------------------------+-----------------------------+-----------------------------+---------------------+------+-----------+----------------+----------------------+-----------------+-----------------+
; Name                                                                                                                          ; Type ; Mode        ; Clock Mode   ; Port A Depth ; Port A Width ; Port B Depth ; Port B Width ; Port A Input Registers ; Port A Output Registers ; Port B Input Registers ; Port B Output Registers ; Size ; Implementation Port A Depth ; Implementation Port A Width ; Implementation Port B Depth ; Implementation Port B Width ; Implementation Bits ; M9Ks ; MIF       ; Location       ; Mixed Width RDW Mode ; Port A RDW Mode ; Port B RDW Mode ;
+-------------------------------------------------------------------------------------------------------------------------------+------+-------------+--------------+--------------+--------------+--------------+--------------+------------------------+-------------------------+------------------------+-------------------------+------+-----------------------------+-----------------------------+-----------------------------+-----------------------------+---------------------+------+-----------+----------------+----------------------+-----------------+-----------------+
; data_memory:DataMemory|ram:MemoriaRAM|altsyncram:altsyncram_component|altsyncram_vme1:auto_generated|ALTSYNCRAM               ; AUTO ; Single Port ; Single Clock ; 256          ; 32           ; --           ; --           ; yes                    ; no                      ; --                     ; --                      ; 8192 ; 256                         ; 32                          ; --                          ; --                          ; 8192                ; 1    ; ram03.mif ; M9K_X25_Y14_N0 ; Don't care           ; Old data        ; Old data        ;
; instruction_memory:InstructionMemory|rom:MemoriaRom|altsyncram:altsyncram_component|altsyncram_bk91:auto_generated|ALTSYNCRAM ; AUTO ; ROM         ; Single Clock ; 256          ; 32           ; --           ; --           ; yes                    ; no                      ; --                     ; --                      ; 8192 ; 256                         ; 32                          ; --                          ; --                          ; 8192                ; 1    ; rom04.mif ; M9K_X25_Y15_N0 ; Don't care           ; Old data        ; Old data        ;
+-------------------------------------------------------------------------------------------------------------------------------+------+-------------+--------------+--------------+--------------+--------------+--------------+------------------------+-------------------------+------------------------+-------------------------+------+-----------------------------+-----------------------------+-----------------------------+-----------------------------+---------------------+------+-----------+----------------+----------------------+-----------------+-----------------+
Note: Fitter may spread logical memories into multiple blocks to improve timing. The actual required RAM blocks can be found in the Fitter Resource Usage section.


RAM content values are presented in the following format: (Binary) (Octal) (Decimal) (Hexadecimal) 
+------------------------------------------------------------------------------------------------------------------------------------------------------------------------------------------------------------------------------------------------------------------+
; |mips_mono|instruction_memory:InstructionMemory|rom:MemoriaRom|altsyncram:altsyncram_component|altsyncram_bk91:auto_generated|ALTSYNCRAM                                                                                                                         ;
+------------------------------------------------------------------------------------------------------------------------------------------------------------------------------------------------------------------------------------------------------------------+
;   Addr   ;              +0              ;              +1              ;              +2              ;              +3              ;              +4              ;              +5              ;              +6              ;              +7              ;
+----------+------------------------------+------------------------------+------------------------------+------------------------------+------------------------------+------------------------------+------------------------------+------------------------------+
;0;(00100000000100000000000000000001) (-290967295) (537919489) (20100001)    ;(00100010000100000000000000000010) (-90967294) (571473922) (22100002)   ;(00001000000100000000000000000001) (1004000001) (135266305) (8100001)   ;(00000000000000000000000000000000) (0) (0) (00)   ;(00000000000000000000000000000000) (0) (0) (00)   ;(00000000000000000000000000000000) (0) (0) (00)   ;(00000000000000000000000000000000) (0) (0) (00)   ;(00000000000000000000000000000000) (0) (0) (00)   ;
;8;(00000000000000000000000000000000) (0) (0) (00)    ;(00000000000000000000000000000000) (0) (0) (00)   ;(00000000000000000000000000000000) (0) (0) (00)   ;(00000000000000000000000000000000) (0) (0) (00)   ;(00000000000000000000000000000000) (0) (0) (00)   ;(00000000000000000000000000000000) (0) (0) (00)   ;(00000000000000000000000000000000) (0) (0) (00)   ;(00000000000000000000000000000000) (0) (0) (00)   ;
;16;(00000000000000000000000000000000) (0) (0) (00)    ;(00000000000000000000000000000000) (0) (0) (00)   ;(00000000000000000000000000000000) (0) (0) (00)   ;(00000000000000000000000000000000) (0) (0) (00)   ;(00000000000000000000000000000000) (0) (0) (00)   ;(00000000000000000000000000000000) (0) (0) (00)   ;(00000000000000000000000000000000) (0) (0) (00)   ;(00000000000000000000000000000000) (0) (0) (00)   ;
;24;(00000000000000000000000000000000) (0) (0) (00)    ;(00000000000000000000000000000000) (0) (0) (00)   ;(00000000000000000000000000000000) (0) (0) (00)   ;(00000000000000000000000000000000) (0) (0) (00)   ;(00000000000000000000000000000000) (0) (0) (00)   ;(00000000000000000000000000000000) (0) (0) (00)   ;(00000000000000000000000000000000) (0) (0) (00)   ;(00000000000000000000000000000000) (0) (0) (00)   ;
;32;(00000000000000000000000000000000) (0) (0) (00)    ;(00000000000000000000000000000000) (0) (0) (00)   ;(00000000000000000000000000000000) (0) (0) (00)   ;(00000000000000000000000000000000) (0) (0) (00)   ;(00000000000000000000000000000000) (0) (0) (00)   ;(00000000000000000000000000000000) (0) (0) (00)   ;(00000000000000000000000000000000) (0) (0) (00)   ;(00000000000000000000000000000000) (0) (0) (00)   ;
;40;(00000000000000000000000000000000) (0) (0) (00)    ;(00000000000000000000000000000000) (0) (0) (00)   ;(00000000000000000000000000000000) (0) (0) (00)   ;(00000000000000000000000000000000) (0) (0) (00)   ;(00000000000000000000000000000000) (0) (0) (00)   ;(00000000000000000000000000000000) (0) (0) (00)   ;(00000000000000000000000000000000) (0) (0) (00)   ;(00000000000000000000000000000000) (0) (0) (00)   ;
;48;(00000000000000000000000000000000) (0) (0) (00)    ;(00000000000000000000000000000000) (0) (0) (00)   ;(00000000000000000000000000000000) (0) (0) (00)   ;(00000000000000000000000000000000) (0) (0) (00)   ;(00000000000000000000000000000000) (0) (0) (00)   ;(00000000000000000000000000000000) (0) (0) (00)   ;(00000000000000000000000000000000) (0) (0) (00)   ;(00000000000000000000000000000000) (0) (0) (00)   ;
;56;(00000000000000000000000000000000) (0) (0) (00)    ;(00000000000000000000000000000000) (0) (0) (00)   ;(00000000000000000000000000000000) (0) (0) (00)   ;(00000000000000000000000000000000) (0) (0) (00)   ;(00000000000000000000000000000000) (0) (0) (00)   ;(00000000000000000000000000000000) (0) (0) (00)   ;(00000000000000000000000000000000) (0) (0) (00)   ;(00000000000000000000000000000000) (0) (0) (00)   ;
;64;(00000000000000000000000000000000) (0) (0) (00)    ;(00000000000000000000000000000000) (0) (0) (00)   ;(00000000000000000000000000000000) (0) (0) (00)   ;(00000000000000000000000000000000) (0) (0) (00)   ;(00000000000000000000000000000000) (0) (0) (00)   ;(00000000000000000000000000000000) (0) (0) (00)   ;(00000000000000000000000000000000) (0) (0) (00)   ;(00000000000000000000000000000000) (0) (0) (00)   ;
;72;(00000000000000000000000000000000) (0) (0) (00)    ;(00000000000000000000000000000000) (0) (0) (00)   ;(00000000000000000000000000000000) (0) (0) (00)   ;(00000000000000000000000000000000) (0) (0) (00)   ;(00000000000000000000000000000000) (0) (0) (00)   ;(00000000000000000000000000000000) (0) (0) (00)   ;(00000000000000000000000000000000) (0) (0) (00)   ;(00000000000000000000000000000000) (0) (0) (00)   ;
;80;(00000000000000000000000000000000) (0) (0) (00)    ;(00000000000000000000000000000000) (0) (0) (00)   ;(00000000000000000000000000000000) (0) (0) (00)   ;(00000000000000000000000000000000) (0) (0) (00)   ;(00000000000000000000000000000000) (0) (0) (00)   ;(00000000000000000000000000000000) (0) (0) (00)   ;(00000000000000000000000000000000) (0) (0) (00)   ;(00000000000000000000000000000000) (0) (0) (00)   ;
;88;(00000000000000000000000000000000) (0) (0) (00)    ;(00000000000000000000000000000000) (0) (0) (00)   ;(00000000000000000000000000000000) (0) (0) (00)   ;(00000000000000000000000000000000) (0) (0) (00)   ;(00000000000000000000000000000000) (0) (0) (00)   ;(00000000000000000000000000000000) (0) (0) (00)   ;(00000000000000000000000000000000) (0) (0) (00)   ;(00000000000000000000000000000000) (0) (0) (00)   ;
;96;(00000000000000000000000000000000) (0) (0) (00)    ;(00000000000000000000000000000000) (0) (0) (00)   ;(00000000000000000000000000000000) (0) (0) (00)   ;(00000000000000000000000000000000) (0) (0) (00)   ;(00000000000000000000000000000000) (0) (0) (00)   ;(00000000000000000000000000000000) (0) (0) (00)   ;(00000000000000000000000000000000) (0) (0) (00)   ;(00000000000000000000000000000000) (0) (0) (00)   ;
;104;(00000000000000000000000000000000) (0) (0) (00)    ;(00000000000000000000000000000000) (0) (0) (00)   ;(00000000000000000000000000000000) (0) (0) (00)   ;(00000000000000000000000000000000) (0) (0) (00)   ;(00000000000000000000000000000000) (0) (0) (00)   ;(00000000000000000000000000000000) (0) (0) (00)   ;(00000000000000000000000000000000) (0) (0) (00)   ;(00000000000000000000000000000000) (0) (0) (00)   ;
;112;(00000000000000000000000000000000) (0) (0) (00)    ;(00000000000000000000000000000000) (0) (0) (00)   ;(00000000000000000000000000000000) (0) (0) (00)   ;(00000000000000000000000000000000) (0) (0) (00)   ;(00000000000000000000000000000000) (0) (0) (00)   ;(00000000000000000000000000000000) (0) (0) (00)   ;(00000000000000000000000000000000) (0) (0) (00)   ;(00000000000000000000000000000000) (0) (0) (00)   ;
;120;(00000000000000000000000000000000) (0) (0) (00)    ;(00000000000000000000000000000000) (0) (0) (00)   ;(00000000000000000000000000000000) (0) (0) (00)   ;(00000000000000000000000000000000) (0) (0) (00)   ;(00000000000000000000000000000000) (0) (0) (00)   ;(00000000000000000000000000000000) (0) (0) (00)   ;(00000000000000000000000000000000) (0) (0) (00)   ;(00000000000000000000000000000000) (0) (0) (00)   ;
;128;(00000000000000000000000000000000) (0) (0) (00)    ;(00000000000000000000000000000000) (0) (0) (00)   ;(00000000000000000000000000000000) (0) (0) (00)   ;(00000000000000000000000000000000) (0) (0) (00)   ;(00000000000000000000000000000000) (0) (0) (00)   ;(00000000000000000000000000000000) (0) (0) (00)   ;(00000000000000000000000000000000) (0) (0) (00)   ;(00000000000000000000000000000000) (0) (0) (00)   ;
;136;(00000000000000000000000000000000) (0) (0) (00)    ;(00000000000000000000000000000000) (0) (0) (00)   ;(00000000000000000000000000000000) (0) (0) (00)   ;(00000000000000000000000000000000) (0) (0) (00)   ;(00000000000000000000000000000000) (0) (0) (00)   ;(00000000000000000000000000000000) (0) (0) (00)   ;(00000000000000000000000000000000) (0) (0) (00)   ;(00000000000000000000000000000000) (0) (0) (00)   ;
;144;(00000000000000000000000000000000) (0) (0) (00)    ;(00000000000000000000000000000000) (0) (0) (00)   ;(00000000000000000000000000000000) (0) (0) (00)   ;(00000000000000000000000000000000) (0) (0) (00)   ;(00000000000000000000000000000000) (0) (0) (00)   ;(00000000000000000000000000000000) (0) (0) (00)   ;(00000000000000000000000000000000) (0) (0) (00)   ;(00000000000000000000000000000000) (0) (0) (00)   ;
;152;(00000000000000000000000000000000) (0) (0) (00)    ;(00000000000000000000000000000000) (0) (0) (00)   ;(00000000000000000000000000000000) (0) (0) (00)   ;(00000000000000000000000000000000) (0) (0) (00)   ;(00000000000000000000000000000000) (0) (0) (00)   ;(00000000000000000000000000000000) (0) (0) (00)   ;(00000000000000000000000000000000) (0) (0) (00)   ;(00000000000000000000000000000000) (0) (0) (00)   ;
;160;(00000000000000000000000000000000) (0) (0) (00)    ;(00000000000000000000000000000000) (0) (0) (00)   ;(00000000000000000000000000000000) (0) (0) (00)   ;(00000000000000000000000000000000) (0) (0) (00)   ;(00000000000000000000000000000000) (0) (0) (00)   ;(00000000000000000000000000000000) (0) (0) (00)   ;(00000000000000000000000000000000) (0) (0) (00)   ;(00000000000000000000000000000000) (0) (0) (00)   ;
;168;(00000000000000000000000000000000) (0) (0) (00)    ;(00000000000000000000000000000000) (0) (0) (00)   ;(00000000000000000000000000000000) (0) (0) (00)   ;(00000000000000000000000000000000) (0) (0) (00)   ;(00000000000000000000000000000000) (0) (0) (00)   ;(00000000000000000000000000000000) (0) (0) (00)   ;(00000000000000000000000000000000) (0) (0) (00)   ;(00000000000000000000000000000000) (0) (0) (00)   ;
;176;(00000000000000000000000000000000) (0) (0) (00)    ;(00000000000000000000000000000000) (0) (0) (00)   ;(00000000000000000000000000000000) (0) (0) (00)   ;(00000000000000000000000000000000) (0) (0) (00)   ;(00000000000000000000000000000000) (0) (0) (00)   ;(00000000000000000000000000000000) (0) (0) (00)   ;(00000000000000000000000000000000) (0) (0) (00)   ;(00000000000000000000000000000000) (0) (0) (00)   ;
;184;(00000000000000000000000000000000) (0) (0) (00)    ;(00000000000000000000000000000000) (0) (0) (00)   ;(00000000000000000000000000000000) (0) (0) (00)   ;(00000000000000000000000000000000) (0) (0) (00)   ;(00000000000000000000000000000000) (0) (0) (00)   ;(00000000000000000000000000000000) (0) (0) (00)   ;(00000000000000000000000000000000) (0) (0) (00)   ;(00000000000000000000000000000000) (0) (0) (00)   ;
;192;(00000000000000000000000000000000) (0) (0) (00)    ;(00000000000000000000000000000000) (0) (0) (00)   ;(00000000000000000000000000000000) (0) (0) (00)   ;(00000000000000000000000000000000) (0) (0) (00)   ;(00000000000000000000000000000000) (0) (0) (00)   ;(00000000000000000000000000000000) (0) (0) (00)   ;(00000000000000000000000000000000) (0) (0) (00)   ;(00000000000000000000000000000000) (0) (0) (00)   ;
;200;(00000000000000000000000000000000) (0) (0) (00)    ;(00000000000000000000000000000000) (0) (0) (00)   ;(00000000000000000000000000000000) (0) (0) (00)   ;(00000000000000000000000000000000) (0) (0) (00)   ;(00000000000000000000000000000000) (0) (0) (00)   ;(00000000000000000000000000000000) (0) (0) (00)   ;(00000000000000000000000000000000) (0) (0) (00)   ;(00000000000000000000000000000000) (0) (0) (00)   ;
;208;(00000000000000000000000000000000) (0) (0) (00)    ;(00000000000000000000000000000000) (0) (0) (00)   ;(00000000000000000000000000000000) (0) (0) (00)   ;(00000000000000000000000000000000) (0) (0) (00)   ;(00000000000000000000000000000000) (0) (0) (00)   ;(00000000000000000000000000000000) (0) (0) (00)   ;(00000000000000000000000000000000) (0) (0) (00)   ;(00000000000000000000000000000000) (0) (0) (00)   ;
;216;(00000000000000000000000000000000) (0) (0) (00)    ;(00000000000000000000000000000000) (0) (0) (00)   ;(00000000000000000000000000000000) (0) (0) (00)   ;(00000000000000000000000000000000) (0) (0) (00)   ;(00000000000000000000000000000000) (0) (0) (00)   ;(00000000000000000000000000000000) (0) (0) (00)   ;(00000000000000000000000000000000) (0) (0) (00)   ;(00000000000000000000000000000000) (0) (0) (00)   ;
;224;(00000000000000000000000000000000) (0) (0) (00)    ;(00000000000000000000000000000000) (0) (0) (00)   ;(00000000000000000000000000000000) (0) (0) (00)   ;(00000000000000000000000000000000) (0) (0) (00)   ;(00000000000000000000000000000000) (0) (0) (00)   ;(00000000000000000000000000000000) (0) (0) (00)   ;(00000000000000000000000000000000) (0) (0) (00)   ;(00000000000000000000000000000000) (0) (0) (00)   ;
;232;(00000000000000000000000000000000) (0) (0) (00)    ;(00000000000000000000000000000000) (0) (0) (00)   ;(00000000000000000000000000000000) (0) (0) (00)   ;(00000000000000000000000000000000) (0) (0) (00)   ;(00000000000000000000000000000000) (0) (0) (00)   ;(00000000000000000000000000000000) (0) (0) (00)   ;(00000000000000000000000000000000) (0) (0) (00)   ;(00000000000000000000000000000000) (0) (0) (00)   ;
;240;(00000000000000000000000000000000) (0) (0) (00)    ;(00000000000000000000000000000000) (0) (0) (00)   ;(00000000000000000000000000000000) (0) (0) (00)   ;(00000000000000000000000000000000) (0) (0) (00)   ;(00000000000000000000000000000000) (0) (0) (00)   ;(00000000000000000000000000000000) (0) (0) (00)   ;(00000000000000000000000000000000) (0) (0) (00)   ;(00000000000000000000000000000000) (0) (0) (00)   ;
;248;(00000000000000000000000000000000) (0) (0) (00)    ;(00000000000000000000000000000000) (0) (0) (00)   ;(00000000000000000000000000000000) (0) (0) (00)   ;(00000000000000000000000000000000) (0) (0) (00)   ;(00000000000000000000000000000000) (0) (0) (00)   ;(00000000000000000000000000000000) (0) (0) (00)   ;(00000000000000000000000000000000) (0) (0) (00)   ;(00000000000000000000000000000000) (0) (0) (00)   ;


RAM content values are presented in the following format: (Binary) (Octal) (Decimal) (Hexadecimal) 
+------------------------------------------------------------------------------------------------------------------------------------------------------------------------------------------------------------------------------------------------------------------+
; |mips_mono|data_memory:DataMemory|ram:MemoriaRAM|altsyncram:altsyncram_component|altsyncram_vme1:auto_generated|ALTSYNCRAM                                                                                                                                       ;
+------------------------------------------------------------------------------------------------------------------------------------------------------------------------------------------------------------------------------------------------------------------+
;   Addr   ;              +0              ;              +1              ;              +2              ;              +3              ;              +4              ;              +5              ;              +6              ;              +7              ;
+----------+------------------------------+------------------------------+------------------------------+------------------------------+------------------------------+------------------------------+------------------------------+------------------------------+
;0;(00000000000000000000000000000000) (0) (0) (00)    ;(00000000000000000000000000000000) (0) (0) (00)   ;(00000000000000000000000000000000) (0) (0) (00)   ;(00000000000000000000000000000000) (0) (0) (00)   ;(00000000000000000000000000000000) (0) (0) (00)   ;(00000000000000000000000000000000) (0) (0) (00)   ;(00000000000000000000000000000000) (0) (0) (00)   ;(00000000000000000000000000000000) (0) (0) (00)   ;
;8;(00000000000000000000000000000000) (0) (0) (00)    ;(00000000000000000000000000000000) (0) (0) (00)   ;(00000000000000000000000000000000) (0) (0) (00)   ;(00000000000000000000000000000000) (0) (0) (00)   ;(00000000000000000000000000000000) (0) (0) (00)   ;(00000000000000000000000000000000) (0) (0) (00)   ;(00000000000000000000000000000000) (0) (0) (00)   ;(00000000000000000000000000000000) (0) (0) (00)   ;
;16;(00000000000000000000000000000000) (0) (0) (00)    ;(00000000000000000000000000000000) (0) (0) (00)   ;(00000000000000000000000000000000) (0) (0) (00)   ;(00000000000000000000000000000000) (0) (0) (00)   ;(00000000000000000000000000000000) (0) (0) (00)   ;(00000000000000000000000000000000) (0) (0) (00)   ;(00000000000000000000000000000000) (0) (0) (00)   ;(00000000000000000000000000000000) (0) (0) (00)   ;
;24;(00000000000000000000000000000000) (0) (0) (00)    ;(00000000000000000000000000000000) (0) (0) (00)   ;(00000000000000000000000000000000) (0) (0) (00)   ;(00000000000000000000000000000000) (0) (0) (00)   ;(00000000000000000000000000000000) (0) (0) (00)   ;(00000000000000000000000000000000) (0) (0) (00)   ;(00000000000000000000000000000000) (0) (0) (00)   ;(00000000000000000000000000000000) (0) (0) (00)   ;
;32;(00000000000000000000000000000000) (0) (0) (00)    ;(00000000000000000000000000000000) (0) (0) (00)   ;(00000000000000000000000000000000) (0) (0) (00)   ;(00000000000000000000000000000000) (0) (0) (00)   ;(00000000000000000000000000000000) (0) (0) (00)   ;(00000000000000000000000000000000) (0) (0) (00)   ;(00000000000000000000000000000000) (0) (0) (00)   ;(00000000000000000000000000000000) (0) (0) (00)   ;
;40;(00000000000000000000000000000000) (0) (0) (00)    ;(00000000000000000000000000000000) (0) (0) (00)   ;(00000000000000000000000000000000) (0) (0) (00)   ;(00000000000000000000000000000000) (0) (0) (00)   ;(00000000000000000000000000000000) (0) (0) (00)   ;(00000000000000000000000000000000) (0) (0) (00)   ;(00000000000000000000000000000000) (0) (0) (00)   ;(00000000000000000000000000000000) (0) (0) (00)   ;
;48;(00000000000000000000000000000000) (0) (0) (00)    ;(00000000000000000000000000000000) (0) (0) (00)   ;(00000000000000000000000000000000) (0) (0) (00)   ;(00000000000000000000000000000000) (0) (0) (00)   ;(00000000000000000000000000000000) (0) (0) (00)   ;(00000000000000000000000000000000) (0) (0) (00)   ;(00000000000000000000000000000000) (0) (0) (00)   ;(00000000000000000000000000000000) (0) (0) (00)   ;
;56;(00000000000000000000000000000000) (0) (0) (00)    ;(00000000000000000000000000000000) (0) (0) (00)   ;(00000000000000000000000000000000) (0) (0) (00)   ;(00000000000000000000000000000000) (0) (0) (00)   ;(00000000000000000000000000000000) (0) (0) (00)   ;(00000000000000000000000000000000) (0) (0) (00)   ;(00000000000000000000000000000000) (0) (0) (00)   ;(00000000000000000000000000000000) (0) (0) (00)   ;
;64;(00000000000000000000000000000000) (0) (0) (00)    ;(00000000000000000000000000000000) (0) (0) (00)   ;(00000000000000000000000000000000) (0) (0) (00)   ;(00000000000000000000000000000000) (0) (0) (00)   ;(00000000000000000000000000000000) (0) (0) (00)   ;(00000000000000000000000000000000) (0) (0) (00)   ;(00000000000000000000000000000000) (0) (0) (00)   ;(00000000000000000000000000000000) (0) (0) (00)   ;
;72;(00000000000000000000000000000000) (0) (0) (00)    ;(00000000000000000000000000000000) (0) (0) (00)   ;(00000000000000000000000000000000) (0) (0) (00)   ;(00000000000000000000000000000000) (0) (0) (00)   ;(00000000000000000000000000000000) (0) (0) (00)   ;(00000000000000000000000000000000) (0) (0) (00)   ;(00000000000000000000000000000000) (0) (0) (00)   ;(00000000000000000000000000000000) (0) (0) (00)   ;
;80;(00000000000000000000000000000000) (0) (0) (00)    ;(00000000000000000000000000000000) (0) (0) (00)   ;(00000000000000000000000000000000) (0) (0) (00)   ;(00000000000000000000000000000000) (0) (0) (00)   ;(00000000000000000000000000000000) (0) (0) (00)   ;(00000000000000000000000000000000) (0) (0) (00)   ;(00000000000000000000000000000000) (0) (0) (00)   ;(00000000000000000000000000000000) (0) (0) (00)   ;
;88;(00000000000000000000000000000000) (0) (0) (00)    ;(00000000000000000000000000000000) (0) (0) (00)   ;(00000000000000000000000000000000) (0) (0) (00)   ;(00000000000000000000000000000000) (0) (0) (00)   ;(00000000000000000000000000000000) (0) (0) (00)   ;(00000000000000000000000000000000) (0) (0) (00)   ;(00000000000000000000000000000000) (0) (0) (00)   ;(00000000000000000000000000000000) (0) (0) (00)   ;
;96;(00000000000000000000000000000000) (0) (0) (00)    ;(00000000000000000000000000000000) (0) (0) (00)   ;(00000000000000000000000000000000) (0) (0) (00)   ;(00000000000000000000000000000000) (0) (0) (00)   ;(00000000000000000000000000000000) (0) (0) (00)   ;(00000000000000000000000000000000) (0) (0) (00)   ;(00000000000000000000000000000000) (0) (0) (00)   ;(00000000000000000000000000000000) (0) (0) (00)   ;
;104;(00000000000000000000000000000000) (0) (0) (00)    ;(00000000000000000000000000000000) (0) (0) (00)   ;(00000000000000000000000000000000) (0) (0) (00)   ;(00000000000000000000000000000000) (0) (0) (00)   ;(00000000000000000000000000000000) (0) (0) (00)   ;(00000000000000000000000000000000) (0) (0) (00)   ;(00000000000000000000000000000000) (0) (0) (00)   ;(00000000000000000000000000000000) (0) (0) (00)   ;
;112;(00000000000000000000000000000000) (0) (0) (00)    ;(00000000000000000000000000000000) (0) (0) (00)   ;(00000000000000000000000000000000) (0) (0) (00)   ;(00000000000000000000000000000000) (0) (0) (00)   ;(00000000000000000000000000000000) (0) (0) (00)   ;(00000000000000000000000000000000) (0) (0) (00)   ;(00000000000000000000000000000000) (0) (0) (00)   ;(00000000000000000000000000000000) (0) (0) (00)   ;
;120;(00000000000000000000000000000000) (0) (0) (00)    ;(00000000000000000000000000000000) (0) (0) (00)   ;(00000000000000000000000000000000) (0) (0) (00)   ;(00000000000000000000000000000000) (0) (0) (00)   ;(00000000000000000000000000000000) (0) (0) (00)   ;(00000000000000000000000000000000) (0) (0) (00)   ;(00000000000000000000000000000000) (0) (0) (00)   ;(00000000000000000000000000000000) (0) (0) (00)   ;
;128;(00000000000000000000000000000000) (0) (0) (00)    ;(00000000000000000000000000000000) (0) (0) (00)   ;(00000000000000000000000000000000) (0) (0) (00)   ;(00000000000000000000000000000000) (0) (0) (00)   ;(00000000000000000000000000000000) (0) (0) (00)   ;(00000000000000000000000000000000) (0) (0) (00)   ;(00000000000000000000000000000000) (0) (0) (00)   ;(00000000000000000000000000000000) (0) (0) (00)   ;
;136;(00000000000000000000000000000000) (0) (0) (00)    ;(00000000000000000000000000000000) (0) (0) (00)   ;(00000000000000000000000000000000) (0) (0) (00)   ;(00000000000000000000000000000000) (0) (0) (00)   ;(00000000000000000000000000000000) (0) (0) (00)   ;(00000000000000000000000000000000) (0) (0) (00)   ;(00000000000000000000000000000000) (0) (0) (00)   ;(00000000000000000000000000000000) (0) (0) (00)   ;
;144;(00000000000000000000000000000000) (0) (0) (00)    ;(00000000000000000000000000000000) (0) (0) (00)   ;(00000000000000000000000000000000) (0) (0) (00)   ;(00000000000000000000000000000000) (0) (0) (00)   ;(00000000000000000000000000000000) (0) (0) (00)   ;(00000000000000000000000000000000) (0) (0) (00)   ;(00000000000000000000000000000000) (0) (0) (00)   ;(00000000000000000000000000000000) (0) (0) (00)   ;
;152;(00000000000000000000000000000000) (0) (0) (00)    ;(00000000000000000000000000000000) (0) (0) (00)   ;(00000000000000000000000000000000) (0) (0) (00)   ;(00000000000000000000000000000000) (0) (0) (00)   ;(00000000000000000000000000000000) (0) (0) (00)   ;(00000000000000000000000000000000) (0) (0) (00)   ;(00000000000000000000000000000000) (0) (0) (00)   ;(00000000000000000000000000000000) (0) (0) (00)   ;
;160;(00000000000000000000000000000000) (0) (0) (00)    ;(00000000000000000000000000000000) (0) (0) (00)   ;(00000000000000000000000000000000) (0) (0) (00)   ;(00000000000000000000000000000000) (0) (0) (00)   ;(00000000000000000000000000000000) (0) (0) (00)   ;(00000000000000000000000000000000) (0) (0) (00)   ;(00000000000000000000000000000000) (0) (0) (00)   ;(00000000000000000000000000000000) (0) (0) (00)   ;
;168;(00000000000000000000000000000000) (0) (0) (00)    ;(00000000000000000000000000000000) (0) (0) (00)   ;(00000000000000000000000000000000) (0) (0) (00)   ;(00000000000000000000000000000000) (0) (0) (00)   ;(00000000000000000000000000000000) (0) (0) (00)   ;(00000000000000000000000000000000) (0) (0) (00)   ;(00000000000000000000000000000000) (0) (0) (00)   ;(00000000000000000000000000000000) (0) (0) (00)   ;
;176;(00000000000000000000000000000000) (0) (0) (00)    ;(00000000000000000000000000000000) (0) (0) (00)   ;(00000000000000000000000000000000) (0) (0) (00)   ;(00000000000000000000000000000000) (0) (0) (00)   ;(00000000000000000000000000000000) (0) (0) (00)   ;(00000000000000000000000000000000) (0) (0) (00)   ;(00000000000000000000000000000000) (0) (0) (00)   ;(00000000000000000000000000000000) (0) (0) (00)   ;
;184;(00000000000000000000000000000000) (0) (0) (00)    ;(00000000000000000000000000000000) (0) (0) (00)   ;(00000000000000000000000000000000) (0) (0) (00)   ;(00000000000000000000000000000000) (0) (0) (00)   ;(00000000000000000000000000000000) (0) (0) (00)   ;(00000000000000000000000000000000) (0) (0) (00)   ;(00000000000000000000000000000000) (0) (0) (00)   ;(00000000000000000000000000000000) (0) (0) (00)   ;
;192;(00000000000000000000000000000000) (0) (0) (00)    ;(00000000000000000000000000000000) (0) (0) (00)   ;(00000000000000000000000000000000) (0) (0) (00)   ;(00000000000000000000000000000000) (0) (0) (00)   ;(00000000000000000000000000000000) (0) (0) (00)   ;(00000000000000000000000000000000) (0) (0) (00)   ;(00000000000000000000000000000000) (0) (0) (00)   ;(00000000000000000000000000000000) (0) (0) (00)   ;
;200;(00000000000000000000000000000000) (0) (0) (00)    ;(00000000000000000000000000000000) (0) (0) (00)   ;(00000000000000000000000000000000) (0) (0) (00)   ;(00000000000000000000000000000000) (0) (0) (00)   ;(00000000000000000000000000000000) (0) (0) (00)   ;(00000000000000000000000000000000) (0) (0) (00)   ;(00000000000000000000000000000000) (0) (0) (00)   ;(00000000000000000000000000000000) (0) (0) (00)   ;
;208;(00000000000000000000000000000000) (0) (0) (00)    ;(00000000000000000000000000000000) (0) (0) (00)   ;(00000000000000000000000000000000) (0) (0) (00)   ;(00000000000000000000000000000000) (0) (0) (00)   ;(00000000000000000000000000000000) (0) (0) (00)   ;(00000000000000000000000000000000) (0) (0) (00)   ;(00000000000000000000000000000000) (0) (0) (00)   ;(00000000000000000000000000000000) (0) (0) (00)   ;
;216;(00000000000000000000000000000000) (0) (0) (00)    ;(00000000000000000000000000000000) (0) (0) (00)   ;(00000000000000000000000000000000) (0) (0) (00)   ;(00000000000000000000000000000000) (0) (0) (00)   ;(00000000000000000000000000000000) (0) (0) (00)   ;(00000000000000000000000000000000) (0) (0) (00)   ;(00000000000000000000000000000000) (0) (0) (00)   ;(00000000000000000000000000000000) (0) (0) (00)   ;
;224;(00000000000000000000000000000000) (0) (0) (00)    ;(00000000000000000000000000000000) (0) (0) (00)   ;(00000000000000000000000000000000) (0) (0) (00)   ;(00000000000000000000000000000000) (0) (0) (00)   ;(00000000000000000000000000000000) (0) (0) (00)   ;(00000000000000000000000000000000) (0) (0) (00)   ;(00000000000000000000000000000000) (0) (0) (00)   ;(00000000000000000000000000000000) (0) (0) (00)   ;
;232;(00000000000000000000000000000000) (0) (0) (00)    ;(00000000000000000000000000000000) (0) (0) (00)   ;(00000000000000000000000000000000) (0) (0) (00)   ;(00000000000000000000000000000000) (0) (0) (00)   ;(00000000000000000000000000000000) (0) (0) (00)   ;(00000000000000000000000000000000) (0) (0) (00)   ;(00000000000000000000000000000000) (0) (0) (00)   ;(00000000000000000000000000000000) (0) (0) (00)   ;
;240;(00000000000000000000000000000000) (0) (0) (00)    ;(00000000000000000000000000000000) (0) (0) (00)   ;(00000000000000000000000000000000) (0) (0) (00)   ;(00000000000000000000000000000000) (0) (0) (00)   ;(00000000000000000000000000000000) (0) (0) (00)   ;(00000000000000000000000000000000) (0) (0) (00)   ;(00000000000000000000000000000000) (0) (0) (00)   ;(00000000000000000000000000000000) (0) (0) (00)   ;
;248;(00000000000000000000000000000000) (0) (0) (00)    ;(00000000000000000000000000000000) (0) (0) (00)   ;(00000000000000000000000000000000) (0) (0) (00)   ;(00000000000000000000000000000000) (0) (0) (00)   ;(00000000000000000000000000000000) (0) (0) (00)   ;(00000000000000000000000000000000) (0) (0) (00)   ;(00000000000000000000000000000000) (0) (0) (00)   ;(00000000000000000000000000000000) (0) (0) (00)   ;


+-------------------------------------------------------+
; Other Routing Usage Summary                           ;
+-----------------------------+-------------------------+
; Other Routing Resource Type ; Usage                   ;
+-----------------------------+-------------------------+
; Block interconnects         ; 4,690 / 47,787 ( 10 % ) ;
; C16 interconnects           ; 106 / 1,804 ( 6 % )     ;
; C4 interconnects            ; 3,290 / 31,272 ( 11 % ) ;
; Direct links                ; 375 / 47,787 ( < 1 % )  ;
; Global clocks               ; 3 / 20 ( 15 % )         ;
; Local interconnects         ; 1,489 / 15,408 ( 10 % ) ;
; R24 interconnects           ; 145 / 1,775 ( 8 % )     ;
; R4 interconnects            ; 4,002 / 41,310 ( 10 % ) ;
+-----------------------------+-------------------------+


+-----------------------------------------------------------------------------+
; LAB Logic Elements                                                          ;
+---------------------------------------------+-------------------------------+
; Number of Logic Elements  (Average = 14.15) ; Number of LABs  (Total = 168) ;
+---------------------------------------------+-------------------------------+
; 1                                           ; 0                             ;
; 2                                           ; 3                             ;
; 3                                           ; 4                             ;
; 4                                           ; 7                             ;
; 5                                           ; 1                             ;
; 6                                           ; 3                             ;
; 7                                           ; 1                             ;
; 8                                           ; 1                             ;
; 9                                           ; 1                             ;
; 10                                          ; 1                             ;
; 11                                          ; 6                             ;
; 12                                          ; 3                             ;
; 13                                          ; 2                             ;
; 14                                          ; 3                             ;
; 15                                          ; 7                             ;
; 16                                          ; 125                           ;
+---------------------------------------------+-------------------------------+


+--------------------------------------------------------------------+
; LAB-wide Signals                                                   ;
+------------------------------------+-------------------------------+
; LAB-wide Signals  (Average = 2.78) ; Number of LABs  (Total = 168) ;
+------------------------------------+-------------------------------+
; 1 Async. clear                     ; 157                           ;
; 1 Clock                            ; 158                           ;
; 1 Clock enable                     ; 27                            ;
; 2 Clock enables                    ; 125                           ;
+------------------------------------+-------------------------------+


+------------------------------------------------------------------------------+
; LAB Signals Sourced                                                          ;
+----------------------------------------------+-------------------------------+
; Number of Signals Sourced  (Average = 20.27) ; Number of LABs  (Total = 168) ;
+----------------------------------------------+-------------------------------+
; 0                                            ; 0                             ;
; 1                                            ; 0                             ;
; 2                                            ; 0                             ;
; 3                                            ; 3                             ;
; 4                                            ; 4                             ;
; 5                                            ; 2                             ;
; 6                                            ; 5                             ;
; 7                                            ; 1                             ;
; 8                                            ; 1                             ;
; 9                                            ; 3                             ;
; 10                                           ; 2                             ;
; 11                                           ; 2                             ;
; 12                                           ; 0                             ;
; 13                                           ; 1                             ;
; 14                                           ; 3                             ;
; 15                                           ; 3                             ;
; 16                                           ; 8                             ;
; 17                                           ; 8                             ;
; 18                                           ; 15                            ;
; 19                                           ; 11                            ;
; 20                                           ; 17                            ;
; 21                                           ; 11                            ;
; 22                                           ; 11                            ;
; 23                                           ; 2                             ;
; 24                                           ; 6                             ;
; 25                                           ; 4                             ;
; 26                                           ; 6                             ;
; 27                                           ; 9                             ;
; 28                                           ; 2                             ;
; 29                                           ; 5                             ;
; 30                                           ; 10                            ;
; 31                                           ; 6                             ;
; 32                                           ; 7                             ;
+----------------------------------------------+-------------------------------+


+----------------------------------------------------------------------------------+
; LAB Signals Sourced Out                                                          ;
+--------------------------------------------------+-------------------------------+
; Number of Signals Sourced Out  (Average = 12.18) ; Number of LABs  (Total = 168) ;
+--------------------------------------------------+-------------------------------+
; 0                                                ; 0                             ;
; 1                                                ; 0                             ;
; 2                                                ; 7                             ;
; 3                                                ; 6                             ;
; 4                                                ; 5                             ;
; 5                                                ; 2                             ;
; 6                                                ; 6                             ;
; 7                                                ; 7                             ;
; 8                                                ; 12                            ;
; 9                                                ; 7                             ;
; 10                                               ; 22                            ;
; 11                                               ; 12                            ;
; 12                                               ; 16                            ;
; 13                                               ; 6                             ;
; 14                                               ; 9                             ;
; 15                                               ; 7                             ;
; 16                                               ; 5                             ;
; 17                                               ; 5                             ;
; 18                                               ; 6                             ;
; 19                                               ; 6                             ;
; 20                                               ; 3                             ;
; 21                                               ; 3                             ;
; 22                                               ; 3                             ;
; 23                                               ; 4                             ;
; 24                                               ; 6                             ;
; 25                                               ; 2                             ;
; 26                                               ; 1                             ;
+--------------------------------------------------+-------------------------------+


+------------------------------------------------------------------------------+
; LAB Distinct Inputs                                                          ;
+----------------------------------------------+-------------------------------+
; Number of Distinct Inputs  (Average = 26.26) ; Number of LABs  (Total = 168) ;
+----------------------------------------------+-------------------------------+
; 0                                            ; 0                             ;
; 1                                            ; 0                             ;
; 2                                            ; 0                             ;
; 3                                            ; 0                             ;
; 4                                            ; 0                             ;
; 5                                            ; 2                             ;
; 6                                            ; 1                             ;
; 7                                            ; 4                             ;
; 8                                            ; 1                             ;
; 9                                            ; 9                             ;
; 10                                           ; 1                             ;
; 11                                           ; 2                             ;
; 12                                           ; 1                             ;
; 13                                           ; 2                             ;
; 14                                           ; 0                             ;
; 15                                           ; 3                             ;
; 16                                           ; 1                             ;
; 17                                           ; 1                             ;
; 18                                           ; 1                             ;
; 19                                           ; 3                             ;
; 20                                           ; 3                             ;
; 21                                           ; 3                             ;
; 22                                           ; 2                             ;
; 23                                           ; 8                             ;
; 24                                           ; 7                             ;
; 25                                           ; 6                             ;
; 26                                           ; 4                             ;
; 27                                           ; 3                             ;
; 28                                           ; 3                             ;
; 29                                           ; 7                             ;
; 30                                           ; 12                            ;
; 31                                           ; 12                            ;
; 32                                           ; 23                            ;
; 33                                           ; 15                            ;
; 34                                           ; 28                            ;
+----------------------------------------------+-------------------------------+


+------------------------------------------+
; I/O Rules Summary                        ;
+----------------------------------+-------+
; I/O Rules Statistic              ; Total ;
+----------------------------------+-------+
; Total I/O Rules                  ; 30    ;
; Number of I/O Rules Passed       ; 6     ;
; Number of I/O Rules Failed       ; 0     ;
; Number of I/O Rules Unchecked    ; 0     ;
; Number of I/O Rules Inapplicable ; 24    ;
+----------------------------------+-------+


+--------------------------------------------------------------------------------------------------------------------------------------------------------------------------------------------------------------------------------------------------------------------------------------+
; I/O Rules Details                                                                                                                                                                                                                                                                    ;
+--------------+-----------+-----------------------------------+------------------------------------------------------------------------------------------------------+----------+--------------------------------------------------------------------------+------+-------------------+
; Status       ; ID        ; Category                          ; Rule Description                                                                                     ; Severity ; Information                                                              ; Area ; Extra Information ;
+--------------+-----------+-----------------------------------+------------------------------------------------------------------------------------------------------+----------+--------------------------------------------------------------------------+------+-------------------+
; Inapplicable ; IO_000001 ; Capacity Checks                   ; Number of pins in an I/O bank should not exceed the number of locations available.                   ; Critical ; No Location assignments found.                                           ; I/O  ;                   ;
; Inapplicable ; IO_000002 ; Capacity Checks                   ; Number of clocks in an I/O bank should not exceed the number of clocks available.                    ; Critical ; No Global Signal assignments found.                                      ; I/O  ;                   ;
; Inapplicable ; IO_000003 ; Capacity Checks                   ; Number of pins in a Vrefgroup should not exceed the number of locations available.                   ; Critical ; No Location assignments found.                                           ; I/O  ;                   ;
; Inapplicable ; IO_000004 ; Voltage Compatibility Checks      ; The I/O bank should support the requested VCCIO.                                                     ; Critical ; No IOBANK_VCCIO assignments found.                                       ; I/O  ;                   ;
; Inapplicable ; IO_000005 ; Voltage Compatibility Checks      ; The I/O bank should not have competing VREF values.                                                  ; Critical ; No VREF I/O Standard assignments found.                                  ; I/O  ;                   ;
; Pass         ; IO_000006 ; Voltage Compatibility Checks      ; The I/O bank should not have competing VCCIO values.                                                 ; Critical ; 0 such failures found.                                                   ; I/O  ;                   ;
; Inapplicable ; IO_000007 ; Valid Location Checks             ; Checks for unavailable locations.                                                                    ; Critical ; No Location assignments found.                                           ; I/O  ;                   ;
; Inapplicable ; IO_000008 ; Valid Location Checks             ; Checks for reserved locations.                                                                       ; Critical ; No reserved LogicLock region found.                                      ; I/O  ;                   ;
; Pass         ; IO_000009 ; I/O Properties Checks for One I/O ; The location should support the requested I/O standard.                                              ; Critical ; 0 such failures found.                                                   ; I/O  ;                   ;
; Pass         ; IO_000010 ; I/O Properties Checks for One I/O ; The location should support the requested I/O direction.                                             ; Critical ; 0 such failures found.                                                   ; I/O  ;                   ;
; Inapplicable ; IO_000011 ; I/O Properties Checks for One I/O ; The location should support the requested Current Strength.                                          ; Critical ; No Current Strength assignments found.                                   ; I/O  ;                   ;
; Inapplicable ; IO_000012 ; I/O Properties Checks for One I/O ; The location should support the requested On Chip Termination value.                                 ; Critical ; No Termination assignments found.                                        ; I/O  ;                   ;
; Inapplicable ; IO_000013 ; I/O Properties Checks for One I/O ; The location should support the requested Bus Hold value.                                            ; Critical ; No Enable Bus-Hold Circuitry assignments found.                          ; I/O  ;                   ;
; Inapplicable ; IO_000014 ; I/O Properties Checks for One I/O ; The location should support the requested Weak Pull Up value.                                        ; Critical ; No Weak Pull-Up Resistor assignments found.                              ; I/O  ;                   ;
; Pass         ; IO_000015 ; I/O Properties Checks for One I/O ; The location should support the requested PCI Clamp Diode.                                           ; Critical ; 0 such failures found.                                                   ; I/O  ;                   ;
; Inapplicable ; IO_000018 ; I/O Properties Checks for One I/O ; The I/O standard should support the requested Current Strength.                                      ; Critical ; No Current Strength assignments found.                                   ; I/O  ;                   ;
; Inapplicable ; IO_000019 ; I/O Properties Checks for One I/O ; The I/O standard should support the requested On Chip Termination value.                             ; Critical ; No Termination assignments found.                                        ; I/O  ;                   ;
; Pass         ; IO_000020 ; I/O Properties Checks for One I/O ; The I/O standard should support the requested PCI Clamp Diode.                                       ; Critical ; 0 such failures found.                                                   ; I/O  ;                   ;
; Inapplicable ; IO_000021 ; I/O Properties Checks for One I/O ; The I/O standard should support the requested Weak Pull Up value.                                    ; Critical ; No Weak Pull-Up Resistor assignments found.                              ; I/O  ;                   ;
; Inapplicable ; IO_000022 ; I/O Properties Checks for One I/O ; The I/O standard should support the requested Bus Hold value.                                        ; Critical ; No Enable Bus-Hold Circuitry assignments found.                          ; I/O  ;                   ;
; Inapplicable ; IO_000023 ; I/O Properties Checks for One I/O ; The I/O standard should support the Open Drain value.                                                ; Critical ; No open drain assignments found.                                         ; I/O  ;                   ;
; Inapplicable ; IO_000024 ; I/O Properties Checks for One I/O ; The I/O direction should support the On Chip Termination value.                                      ; Critical ; No Termination assignments found.                                        ; I/O  ;                   ;
; Inapplicable ; IO_000026 ; I/O Properties Checks for One I/O ; On Chip Termination and Current Strength should not be used at the same time.                        ; Critical ; No Current Strength or Termination assignments found.                    ; I/O  ;                   ;
; Inapplicable ; IO_000027 ; I/O Properties Checks for One I/O ; Weak Pull Up and Bus Hold should not be used at the same time.                                       ; Critical ; No Enable Bus-Hold Circuitry or Weak Pull-Up Resistor assignments found. ; I/O  ;                   ;
; Inapplicable ; IO_000045 ; I/O Properties Checks for One I/O ; The I/O standard should support the requested Slew Rate value.                                       ; Critical ; No Slew Rate assignments found.                                          ; I/O  ;                   ;
; Inapplicable ; IO_000046 ; I/O Properties Checks for One I/O ; The location should support the requested Slew Rate value.                                           ; Critical ; No Slew Rate assignments found.                                          ; I/O  ;                   ;
; Inapplicable ; IO_000047 ; I/O Properties Checks for One I/O ; On Chip Termination and Slew Rate should not be used at the same time.                               ; Critical ; No Slew Rate assignments found.                                          ; I/O  ;                   ;
; Pass         ; IO_000033 ; Electromigration Checks           ; Current density for consecutive I/Os should not exceed 240mA for row I/Os and 240mA for column I/Os. ; Critical ; 0 such failures found.                                                   ; I/O  ;                   ;
; Inapplicable ; IO_000034 ; SI Related Distance Checks        ; Single-ended outputs should be 5 LAB row(s) away from a differential I/O.                            ; High     ; No Differential I/O Standard assignments found.                          ; I/O  ;                   ;
; Inapplicable ; IO_000042 ; SI Related SSO Limit Checks       ; No more than 20 outputs are allowed in a VREF group when VREF is being read from.                    ; High     ; No VREF I/O Standard assignments found.                                  ; I/O  ;                   ;
+--------------+-----------+-----------------------------------+------------------------------------------------------------------------------------------------------+----------+--------------------------------------------------------------------------+------+-------------------+


+--------------------------------------------------------------------------------------------------------------------------------------------------------------------------------------------------------------------------------------------------------------------------------------------------------------------------------------------------------------------------------------------------------------------------------------------------------------------------+
; I/O Rules Matrix                                                                                                                                                                                                                                                                                                                                                                                                                                                         ;
+--------------------+--------------+--------------+--------------+--------------+--------------+-----------+--------------+--------------+-----------+-----------+--------------+--------------+--------------+--------------+--------------+--------------+--------------+--------------+--------------+--------------+--------------+--------------+--------------+--------------+--------------+--------------+--------------+-----------+--------------+--------------+
; Pin/Rules          ; IO_000001    ; IO_000002    ; IO_000003    ; IO_000004    ; IO_000005    ; IO_000006 ; IO_000007    ; IO_000008    ; IO_000009 ; IO_000010 ; IO_000011    ; IO_000012    ; IO_000013    ; IO_000014    ; IO_000015    ; IO_000018    ; IO_000019    ; IO_000020    ; IO_000021    ; IO_000022    ; IO_000023    ; IO_000024    ; IO_000026    ; IO_000027    ; IO_000045    ; IO_000046    ; IO_000047    ; IO_000033 ; IO_000034    ; IO_000042    ;
+--------------------+--------------+--------------+--------------+--------------+--------------+-----------+--------------+--------------+-----------+-----------+--------------+--------------+--------------+--------------+--------------+--------------+--------------+--------------+--------------+--------------+--------------+--------------+--------------+--------------+--------------+--------------+--------------+-----------+--------------+--------------+
; Total Pass         ; 0            ; 0            ; 0            ; 0            ; 0            ; 158       ; 0            ; 0            ; 158       ; 158       ; 0            ; 0            ; 0            ; 0            ; 2            ; 0            ; 0            ; 2            ; 0            ; 0            ; 0            ; 0            ; 0            ; 0            ; 0            ; 0            ; 0            ; 158       ; 0            ; 0            ;
; Total Unchecked    ; 0            ; 0            ; 0            ; 0            ; 0            ; 0         ; 0            ; 0            ; 0         ; 0         ; 0            ; 0            ; 0            ; 0            ; 0            ; 0            ; 0            ; 0            ; 0            ; 0            ; 0            ; 0            ; 0            ; 0            ; 0            ; 0            ; 0            ; 0         ; 0            ; 0            ;
; Total Inapplicable ; 158          ; 158          ; 158          ; 158          ; 158          ; 0         ; 158          ; 158          ; 0         ; 0         ; 158          ; 158          ; 158          ; 158          ; 156          ; 158          ; 158          ; 156          ; 158          ; 158          ; 158          ; 158          ; 158          ; 158          ; 158          ; 158          ; 158          ; 0         ; 158          ; 158          ;
; Total Fail         ; 0            ; 0            ; 0            ; 0            ; 0            ; 0         ; 0            ; 0            ; 0         ; 0         ; 0            ; 0            ; 0            ; 0            ; 0            ; 0            ; 0            ; 0            ; 0            ; 0            ; 0            ; 0            ; 0            ; 0            ; 0            ; 0            ; 0            ; 0         ; 0            ; 0            ;
; Branch             ; Inapplicable ; Inapplicable ; Inapplicable ; Inapplicable ; Inapplicable ; Pass      ; Inapplicable ; Inapplicable ; Pass      ; Pass      ; Inapplicable ; Inapplicable ; Inapplicable ; Inapplicable ; Inapplicable ; Inapplicable ; Inapplicable ; Inapplicable ; Inapplicable ; Inapplicable ; Inapplicable ; Inapplicable ; Inapplicable ; Inapplicable ; Inapplicable ; Inapplicable ; Inapplicable ; Pass      ; Inapplicable ; Inapplicable ;
; Instruction[31]    ; Inapplicable ; Inapplicable ; Inapplicable ; Inapplicable ; Inapplicable ; Pass      ; Inapplicable ; Inapplicable ; Pass      ; Pass      ; Inapplicable ; Inapplicable ; Inapplicable ; Inapplicable ; Inapplicable ; Inapplicable ; Inapplicable ; Inapplicable ; Inapplicable ; Inapplicable ; Inapplicable ; Inapplicable ; Inapplicable ; Inapplicable ; Inapplicable ; Inapplicable ; Inapplicable ; Pass      ; Inapplicable ; Inapplicable ;
; Instruction[30]    ; Inapplicable ; Inapplicable ; Inapplicable ; Inapplicable ; Inapplicable ; Pass      ; Inapplicable ; Inapplicable ; Pass      ; Pass      ; Inapplicable ; Inapplicable ; Inapplicable ; Inapplicable ; Inapplicable ; Inapplicable ; Inapplicable ; Inapplicable ; Inapplicable ; Inapplicable ; Inapplicable ; Inapplicable ; Inapplicable ; Inapplicable ; Inapplicable ; Inapplicable ; Inapplicable ; Pass      ; Inapplicable ; Inapplicable ;
; Instruction[29]    ; Inapplicable ; Inapplicable ; Inapplicable ; Inapplicable ; Inapplicable ; Pass      ; Inapplicable ; Inapplicable ; Pass      ; Pass      ; Inapplicable ; Inapplicable ; Inapplicable ; Inapplicable ; Inapplicable ; Inapplicable ; Inapplicable ; Inapplicable ; Inapplicable ; Inapplicable ; Inapplicable ; Inapplicable ; Inapplicable ; Inapplicable ; Inapplicable ; Inapplicable ; Inapplicable ; Pass      ; Inapplicable ; Inapplicable ;
; Instruction[28]    ; Inapplicable ; Inapplicable ; Inapplicable ; Inapplicable ; Inapplicable ; Pass      ; Inapplicable ; Inapplicable ; Pass      ; Pass      ; Inapplicable ; Inapplicable ; Inapplicable ; Inapplicable ; Inapplicable ; Inapplicable ; Inapplicable ; Inapplicable ; Inapplicable ; Inapplicable ; Inapplicable ; Inapplicable ; Inapplicable ; Inapplicable ; Inapplicable ; Inapplicable ; Inapplicable ; Pass      ; Inapplicable ; Inapplicable ;
; Instruction[27]    ; Inapplicable ; Inapplicable ; Inapplicable ; Inapplicable ; Inapplicable ; Pass      ; Inapplicable ; Inapplicable ; Pass      ; Pass      ; Inapplicable ; Inapplicable ; Inapplicable ; Inapplicable ; Inapplicable ; Inapplicable ; Inapplicable ; Inapplicable ; Inapplicable ; Inapplicable ; Inapplicable ; Inapplicable ; Inapplicable ; Inapplicable ; Inapplicable ; Inapplicable ; Inapplicable ; Pass      ; Inapplicable ; Inapplicable ;
; Instruction[26]    ; Inapplicable ; Inapplicable ; Inapplicable ; Inapplicable ; Inapplicable ; Pass      ; Inapplicable ; Inapplicable ; Pass      ; Pass      ; Inapplicable ; Inapplicable ; Inapplicable ; Inapplicable ; Inapplicable ; Inapplicable ; Inapplicable ; Inapplicable ; Inapplicable ; Inapplicable ; Inapplicable ; Inapplicable ; Inapplicable ; Inapplicable ; Inapplicable ; Inapplicable ; Inapplicable ; Pass      ; Inapplicable ; Inapplicable ;
; Instruction[25]    ; Inapplicable ; Inapplicable ; Inapplicable ; Inapplicable ; Inapplicable ; Pass      ; Inapplicable ; Inapplicable ; Pass      ; Pass      ; Inapplicable ; Inapplicable ; Inapplicable ; Inapplicable ; Inapplicable ; Inapplicable ; Inapplicable ; Inapplicable ; Inapplicable ; Inapplicable ; Inapplicable ; Inapplicable ; Inapplicable ; Inapplicable ; Inapplicable ; Inapplicable ; Inapplicable ; Pass      ; Inapplicable ; Inapplicable ;
; Instruction[24]    ; Inapplicable ; Inapplicable ; Inapplicable ; Inapplicable ; Inapplicable ; Pass      ; Inapplicable ; Inapplicable ; Pass      ; Pass      ; Inapplicable ; Inapplicable ; Inapplicable ; Inapplicable ; Inapplicable ; Inapplicable ; Inapplicable ; Inapplicable ; Inapplicable ; Inapplicable ; Inapplicable ; Inapplicable ; Inapplicable ; Inapplicable ; Inapplicable ; Inapplicable ; Inapplicable ; Pass      ; Inapplicable ; Inapplicable ;
; Instruction[23]    ; Inapplicable ; Inapplicable ; Inapplicable ; Inapplicable ; Inapplicable ; Pass      ; Inapplicable ; Inapplicable ; Pass      ; Pass      ; Inapplicable ; Inapplicable ; Inapplicable ; Inapplicable ; Inapplicable ; Inapplicable ; Inapplicable ; Inapplicable ; Inapplicable ; Inapplicable ; Inapplicable ; Inapplicable ; Inapplicable ; Inapplicable ; Inapplicable ; Inapplicable ; Inapplicable ; Pass      ; Inapplicable ; Inapplicable ;
; Instruction[22]    ; Inapplicable ; Inapplicable ; Inapplicable ; Inapplicable ; Inapplicable ; Pass      ; Inapplicable ; Inapplicable ; Pass      ; Pass      ; Inapplicable ; Inapplicable ; Inapplicable ; Inapplicable ; Inapplicable ; Inapplicable ; Inapplicable ; Inapplicable ; Inapplicable ; Inapplicable ; Inapplicable ; Inapplicable ; Inapplicable ; Inapplicable ; Inapplicable ; Inapplicable ; Inapplicable ; Pass      ; Inapplicable ; Inapplicable ;
; Instruction[21]    ; Inapplicable ; Inapplicable ; Inapplicable ; Inapplicable ; Inapplicable ; Pass      ; Inapplicable ; Inapplicable ; Pass      ; Pass      ; Inapplicable ; Inapplicable ; Inapplicable ; Inapplicable ; Inapplicable ; Inapplicable ; Inapplicable ; Inapplicable ; Inapplicable ; Inapplicable ; Inapplicable ; Inapplicable ; Inapplicable ; Inapplicable ; Inapplicable ; Inapplicable ; Inapplicable ; Pass      ; Inapplicable ; Inapplicable ;
; Instruction[20]    ; Inapplicable ; Inapplicable ; Inapplicable ; Inapplicable ; Inapplicable ; Pass      ; Inapplicable ; Inapplicable ; Pass      ; Pass      ; Inapplicable ; Inapplicable ; Inapplicable ; Inapplicable ; Inapplicable ; Inapplicable ; Inapplicable ; Inapplicable ; Inapplicable ; Inapplicable ; Inapplicable ; Inapplicable ; Inapplicable ; Inapplicable ; Inapplicable ; Inapplicable ; Inapplicable ; Pass      ; Inapplicable ; Inapplicable ;
; Instruction[19]    ; Inapplicable ; Inapplicable ; Inapplicable ; Inapplicable ; Inapplicable ; Pass      ; Inapplicable ; Inapplicable ; Pass      ; Pass      ; Inapplicable ; Inapplicable ; Inapplicable ; Inapplicable ; Inapplicable ; Inapplicable ; Inapplicable ; Inapplicable ; Inapplicable ; Inapplicable ; Inapplicable ; Inapplicable ; Inapplicable ; Inapplicable ; Inapplicable ; Inapplicable ; Inapplicable ; Pass      ; Inapplicable ; Inapplicable ;
; Instruction[18]    ; Inapplicable ; Inapplicable ; Inapplicable ; Inapplicable ; Inapplicable ; Pass      ; Inapplicable ; Inapplicable ; Pass      ; Pass      ; Inapplicable ; Inapplicable ; Inapplicable ; Inapplicable ; Inapplicable ; Inapplicable ; Inapplicable ; Inapplicable ; Inapplicable ; Inapplicable ; Inapplicable ; Inapplicable ; Inapplicable ; Inapplicable ; Inapplicable ; Inapplicable ; Inapplicable ; Pass      ; Inapplicable ; Inapplicable ;
; Instruction[17]    ; Inapplicable ; Inapplicable ; Inapplicable ; Inapplicable ; Inapplicable ; Pass      ; Inapplicable ; Inapplicable ; Pass      ; Pass      ; Inapplicable ; Inapplicable ; Inapplicable ; Inapplicable ; Inapplicable ; Inapplicable ; Inapplicable ; Inapplicable ; Inapplicable ; Inapplicable ; Inapplicable ; Inapplicable ; Inapplicable ; Inapplicable ; Inapplicable ; Inapplicable ; Inapplicable ; Pass      ; Inapplicable ; Inapplicable ;
; Instruction[16]    ; Inapplicable ; Inapplicable ; Inapplicable ; Inapplicable ; Inapplicable ; Pass      ; Inapplicable ; Inapplicable ; Pass      ; Pass      ; Inapplicable ; Inapplicable ; Inapplicable ; Inapplicable ; Inapplicable ; Inapplicable ; Inapplicable ; Inapplicable ; Inapplicable ; Inapplicable ; Inapplicable ; Inapplicable ; Inapplicable ; Inapplicable ; Inapplicable ; Inapplicable ; Inapplicable ; Pass      ; Inapplicable ; Inapplicable ;
; Instruction[15]    ; Inapplicable ; Inapplicable ; Inapplicable ; Inapplicable ; Inapplicable ; Pass      ; Inapplicable ; Inapplicable ; Pass      ; Pass      ; Inapplicable ; Inapplicable ; Inapplicable ; Inapplicable ; Inapplicable ; Inapplicable ; Inapplicable ; Inapplicable ; Inapplicable ; Inapplicable ; Inapplicable ; Inapplicable ; Inapplicable ; Inapplicable ; Inapplicable ; Inapplicable ; Inapplicable ; Pass      ; Inapplicable ; Inapplicable ;
; Instruction[14]    ; Inapplicable ; Inapplicable ; Inapplicable ; Inapplicable ; Inapplicable ; Pass      ; Inapplicable ; Inapplicable ; Pass      ; Pass      ; Inapplicable ; Inapplicable ; Inapplicable ; Inapplicable ; Inapplicable ; Inapplicable ; Inapplicable ; Inapplicable ; Inapplicable ; Inapplicable ; Inapplicable ; Inapplicable ; Inapplicable ; Inapplicable ; Inapplicable ; Inapplicable ; Inapplicable ; Pass      ; Inapplicable ; Inapplicable ;
; Instruction[13]    ; Inapplicable ; Inapplicable ; Inapplicable ; Inapplicable ; Inapplicable ; Pass      ; Inapplicable ; Inapplicable ; Pass      ; Pass      ; Inapplicable ; Inapplicable ; Inapplicable ; Inapplicable ; Inapplicable ; Inapplicable ; Inapplicable ; Inapplicable ; Inapplicable ; Inapplicable ; Inapplicable ; Inapplicable ; Inapplicable ; Inapplicable ; Inapplicable ; Inapplicable ; Inapplicable ; Pass      ; Inapplicable ; Inapplicable ;
; Instruction[12]    ; Inapplicable ; Inapplicable ; Inapplicable ; Inapplicable ; Inapplicable ; Pass      ; Inapplicable ; Inapplicable ; Pass      ; Pass      ; Inapplicable ; Inapplicable ; Inapplicable ; Inapplicable ; Inapplicable ; Inapplicable ; Inapplicable ; Inapplicable ; Inapplicable ; Inapplicable ; Inapplicable ; Inapplicable ; Inapplicable ; Inapplicable ; Inapplicable ; Inapplicable ; Inapplicable ; Pass      ; Inapplicable ; Inapplicable ;
; Instruction[11]    ; Inapplicable ; Inapplicable ; Inapplicable ; Inapplicable ; Inapplicable ; Pass      ; Inapplicable ; Inapplicable ; Pass      ; Pass      ; Inapplicable ; Inapplicable ; Inapplicable ; Inapplicable ; Inapplicable ; Inapplicable ; Inapplicable ; Inapplicable ; Inapplicable ; Inapplicable ; Inapplicable ; Inapplicable ; Inapplicable ; Inapplicable ; Inapplicable ; Inapplicable ; Inapplicable ; Pass      ; Inapplicable ; Inapplicable ;
; Instruction[10]    ; Inapplicable ; Inapplicable ; Inapplicable ; Inapplicable ; Inapplicable ; Pass      ; Inapplicable ; Inapplicable ; Pass      ; Pass      ; Inapplicable ; Inapplicable ; Inapplicable ; Inapplicable ; Inapplicable ; Inapplicable ; Inapplicable ; Inapplicable ; Inapplicable ; Inapplicable ; Inapplicable ; Inapplicable ; Inapplicable ; Inapplicable ; Inapplicable ; Inapplicable ; Inapplicable ; Pass      ; Inapplicable ; Inapplicable ;
; Instruction[9]     ; Inapplicable ; Inapplicable ; Inapplicable ; Inapplicable ; Inapplicable ; Pass      ; Inapplicable ; Inapplicable ; Pass      ; Pass      ; Inapplicable ; Inapplicable ; Inapplicable ; Inapplicable ; Inapplicable ; Inapplicable ; Inapplicable ; Inapplicable ; Inapplicable ; Inapplicable ; Inapplicable ; Inapplicable ; Inapplicable ; Inapplicable ; Inapplicable ; Inapplicable ; Inapplicable ; Pass      ; Inapplicable ; Inapplicable ;
; Instruction[8]     ; Inapplicable ; Inapplicable ; Inapplicable ; Inapplicable ; Inapplicable ; Pass      ; Inapplicable ; Inapplicable ; Pass      ; Pass      ; Inapplicable ; Inapplicable ; Inapplicable ; Inapplicable ; Inapplicable ; Inapplicable ; Inapplicable ; Inapplicable ; Inapplicable ; Inapplicable ; Inapplicable ; Inapplicable ; Inapplicable ; Inapplicable ; Inapplicable ; Inapplicable ; Inapplicable ; Pass      ; Inapplicable ; Inapplicable ;
; Instruction[7]     ; Inapplicable ; Inapplicable ; Inapplicable ; Inapplicable ; Inapplicable ; Pass      ; Inapplicable ; Inapplicable ; Pass      ; Pass      ; Inapplicable ; Inapplicable ; Inapplicable ; Inapplicable ; Inapplicable ; Inapplicable ; Inapplicable ; Inapplicable ; Inapplicable ; Inapplicable ; Inapplicable ; Inapplicable ; Inapplicable ; Inapplicable ; Inapplicable ; Inapplicable ; Inapplicable ; Pass      ; Inapplicable ; Inapplicable ;
; Instruction[6]     ; Inapplicable ; Inapplicable ; Inapplicable ; Inapplicable ; Inapplicable ; Pass      ; Inapplicable ; Inapplicable ; Pass      ; Pass      ; Inapplicable ; Inapplicable ; Inapplicable ; Inapplicable ; Inapplicable ; Inapplicable ; Inapplicable ; Inapplicable ; Inapplicable ; Inapplicable ; Inapplicable ; Inapplicable ; Inapplicable ; Inapplicable ; Inapplicable ; Inapplicable ; Inapplicable ; Pass      ; Inapplicable ; Inapplicable ;
; Instruction[5]     ; Inapplicable ; Inapplicable ; Inapplicable ; Inapplicable ; Inapplicable ; Pass      ; Inapplicable ; Inapplicable ; Pass      ; Pass      ; Inapplicable ; Inapplicable ; Inapplicable ; Inapplicable ; Inapplicable ; Inapplicable ; Inapplicable ; Inapplicable ; Inapplicable ; Inapplicable ; Inapplicable ; Inapplicable ; Inapplicable ; Inapplicable ; Inapplicable ; Inapplicable ; Inapplicable ; Pass      ; Inapplicable ; Inapplicable ;
; Instruction[4]     ; Inapplicable ; Inapplicable ; Inapplicable ; Inapplicable ; Inapplicable ; Pass      ; Inapplicable ; Inapplicable ; Pass      ; Pass      ; Inapplicable ; Inapplicable ; Inapplicable ; Inapplicable ; Inapplicable ; Inapplicable ; Inapplicable ; Inapplicable ; Inapplicable ; Inapplicable ; Inapplicable ; Inapplicable ; Inapplicable ; Inapplicable ; Inapplicable ; Inapplicable ; Inapplicable ; Pass      ; Inapplicable ; Inapplicable ;
; Instruction[3]     ; Inapplicable ; Inapplicable ; Inapplicable ; Inapplicable ; Inapplicable ; Pass      ; Inapplicable ; Inapplicable ; Pass      ; Pass      ; Inapplicable ; Inapplicable ; Inapplicable ; Inapplicable ; Inapplicable ; Inapplicable ; Inapplicable ; Inapplicable ; Inapplicable ; Inapplicable ; Inapplicable ; Inapplicable ; Inapplicable ; Inapplicable ; Inapplicable ; Inapplicable ; Inapplicable ; Pass      ; Inapplicable ; Inapplicable ;
; Instruction[2]     ; Inapplicable ; Inapplicable ; Inapplicable ; Inapplicable ; Inapplicable ; Pass      ; Inapplicable ; Inapplicable ; Pass      ; Pass      ; Inapplicable ; Inapplicable ; Inapplicable ; Inapplicable ; Inapplicable ; Inapplicable ; Inapplicable ; Inapplicable ; Inapplicable ; Inapplicable ; Inapplicable ; Inapplicable ; Inapplicable ; Inapplicable ; Inapplicable ; Inapplicable ; Inapplicable ; Pass      ; Inapplicable ; Inapplicable ;
; Instruction[1]     ; Inapplicable ; Inapplicable ; Inapplicable ; Inapplicable ; Inapplicable ; Pass      ; Inapplicable ; Inapplicable ; Pass      ; Pass      ; Inapplicable ; Inapplicable ; Inapplicable ; Inapplicable ; Inapplicable ; Inapplicable ; Inapplicable ; Inapplicable ; Inapplicable ; Inapplicable ; Inapplicable ; Inapplicable ; Inapplicable ; Inapplicable ; Inapplicable ; Inapplicable ; Inapplicable ; Pass      ; Inapplicable ; Inapplicable ;
; Instruction[0]     ; Inapplicable ; Inapplicable ; Inapplicable ; Inapplicable ; Inapplicable ; Pass      ; Inapplicable ; Inapplicable ; Pass      ; Pass      ; Inapplicable ; Inapplicable ; Inapplicable ; Inapplicable ; Inapplicable ; Inapplicable ; Inapplicable ; Inapplicable ; Inapplicable ; Inapplicable ; Inapplicable ; Inapplicable ; Inapplicable ; Inapplicable ; Inapplicable ; Inapplicable ; Inapplicable ; Pass      ; Inapplicable ; Inapplicable ;
; PC[31]             ; Inapplicable ; Inapplicable ; Inapplicable ; Inapplicable ; Inapplicable ; Pass      ; Inapplicable ; Inapplicable ; Pass      ; Pass      ; Inapplicable ; Inapplicable ; Inapplicable ; Inapplicable ; Inapplicable ; Inapplicable ; Inapplicable ; Inapplicable ; Inapplicable ; Inapplicable ; Inapplicable ; Inapplicable ; Inapplicable ; Inapplicable ; Inapplicable ; Inapplicable ; Inapplicable ; Pass      ; Inapplicable ; Inapplicable ;
; PC[30]             ; Inapplicable ; Inapplicable ; Inapplicable ; Inapplicable ; Inapplicable ; Pass      ; Inapplicable ; Inapplicable ; Pass      ; Pass      ; Inapplicable ; Inapplicable ; Inapplicable ; Inapplicable ; Inapplicable ; Inapplicable ; Inapplicable ; Inapplicable ; Inapplicable ; Inapplicable ; Inapplicable ; Inapplicable ; Inapplicable ; Inapplicable ; Inapplicable ; Inapplicable ; Inapplicable ; Pass      ; Inapplicable ; Inapplicable ;
; PC[29]             ; Inapplicable ; Inapplicable ; Inapplicable ; Inapplicable ; Inapplicable ; Pass      ; Inapplicable ; Inapplicable ; Pass      ; Pass      ; Inapplicable ; Inapplicable ; Inapplicable ; Inapplicable ; Inapplicable ; Inapplicable ; Inapplicable ; Inapplicable ; Inapplicable ; Inapplicable ; Inapplicable ; Inapplicable ; Inapplicable ; Inapplicable ; Inapplicable ; Inapplicable ; Inapplicable ; Pass      ; Inapplicable ; Inapplicable ;
; PC[28]             ; Inapplicable ; Inapplicable ; Inapplicable ; Inapplicable ; Inapplicable ; Pass      ; Inapplicable ; Inapplicable ; Pass      ; Pass      ; Inapplicable ; Inapplicable ; Inapplicable ; Inapplicable ; Inapplicable ; Inapplicable ; Inapplicable ; Inapplicable ; Inapplicable ; Inapplicable ; Inapplicable ; Inapplicable ; Inapplicable ; Inapplicable ; Inapplicable ; Inapplicable ; Inapplicable ; Pass      ; Inapplicable ; Inapplicable ;
; PC[27]             ; Inapplicable ; Inapplicable ; Inapplicable ; Inapplicable ; Inapplicable ; Pass      ; Inapplicable ; Inapplicable ; Pass      ; Pass      ; Inapplicable ; Inapplicable ; Inapplicable ; Inapplicable ; Inapplicable ; Inapplicable ; Inapplicable ; Inapplicable ; Inapplicable ; Inapplicable ; Inapplicable ; Inapplicable ; Inapplicable ; Inapplicable ; Inapplicable ; Inapplicable ; Inapplicable ; Pass      ; Inapplicable ; Inapplicable ;
; PC[26]             ; Inapplicable ; Inapplicable ; Inapplicable ; Inapplicable ; Inapplicable ; Pass      ; Inapplicable ; Inapplicable ; Pass      ; Pass      ; Inapplicable ; Inapplicable ; Inapplicable ; Inapplicable ; Inapplicable ; Inapplicable ; Inapplicable ; Inapplicable ; Inapplicable ; Inapplicable ; Inapplicable ; Inapplicable ; Inapplicable ; Inapplicable ; Inapplicable ; Inapplicable ; Inapplicable ; Pass      ; Inapplicable ; Inapplicable ;
; PC[25]             ; Inapplicable ; Inapplicable ; Inapplicable ; Inapplicable ; Inapplicable ; Pass      ; Inapplicable ; Inapplicable ; Pass      ; Pass      ; Inapplicable ; Inapplicable ; Inapplicable ; Inapplicable ; Inapplicable ; Inapplicable ; Inapplicable ; Inapplicable ; Inapplicable ; Inapplicable ; Inapplicable ; Inapplicable ; Inapplicable ; Inapplicable ; Inapplicable ; Inapplicable ; Inapplicable ; Pass      ; Inapplicable ; Inapplicable ;
; PC[24]             ; Inapplicable ; Inapplicable ; Inapplicable ; Inapplicable ; Inapplicable ; Pass      ; Inapplicable ; Inapplicable ; Pass      ; Pass      ; Inapplicable ; Inapplicable ; Inapplicable ; Inapplicable ; Inapplicable ; Inapplicable ; Inapplicable ; Inapplicable ; Inapplicable ; Inapplicable ; Inapplicable ; Inapplicable ; Inapplicable ; Inapplicable ; Inapplicable ; Inapplicable ; Inapplicable ; Pass      ; Inapplicable ; Inapplicable ;
; PC[23]             ; Inapplicable ; Inapplicable ; Inapplicable ; Inapplicable ; Inapplicable ; Pass      ; Inapplicable ; Inapplicable ; Pass      ; Pass      ; Inapplicable ; Inapplicable ; Inapplicable ; Inapplicable ; Inapplicable ; Inapplicable ; Inapplicable ; Inapplicable ; Inapplicable ; Inapplicable ; Inapplicable ; Inapplicable ; Inapplicable ; Inapplicable ; Inapplicable ; Inapplicable ; Inapplicable ; Pass      ; Inapplicable ; Inapplicable ;
; PC[22]             ; Inapplicable ; Inapplicable ; Inapplicable ; Inapplicable ; Inapplicable ; Pass      ; Inapplicable ; Inapplicable ; Pass      ; Pass      ; Inapplicable ; Inapplicable ; Inapplicable ; Inapplicable ; Inapplicable ; Inapplicable ; Inapplicable ; Inapplicable ; Inapplicable ; Inapplicable ; Inapplicable ; Inapplicable ; Inapplicable ; Inapplicable ; Inapplicable ; Inapplicable ; Inapplicable ; Pass      ; Inapplicable ; Inapplicable ;
; PC[21]             ; Inapplicable ; Inapplicable ; Inapplicable ; Inapplicable ; Inapplicable ; Pass      ; Inapplicable ; Inapplicable ; Pass      ; Pass      ; Inapplicable ; Inapplicable ; Inapplicable ; Inapplicable ; Inapplicable ; Inapplicable ; Inapplicable ; Inapplicable ; Inapplicable ; Inapplicable ; Inapplicable ; Inapplicable ; Inapplicable ; Inapplicable ; Inapplicable ; Inapplicable ; Inapplicable ; Pass      ; Inapplicable ; Inapplicable ;
; PC[20]             ; Inapplicable ; Inapplicable ; Inapplicable ; Inapplicable ; Inapplicable ; Pass      ; Inapplicable ; Inapplicable ; Pass      ; Pass      ; Inapplicable ; Inapplicable ; Inapplicable ; Inapplicable ; Inapplicable ; Inapplicable ; Inapplicable ; Inapplicable ; Inapplicable ; Inapplicable ; Inapplicable ; Inapplicable ; Inapplicable ; Inapplicable ; Inapplicable ; Inapplicable ; Inapplicable ; Pass      ; Inapplicable ; Inapplicable ;
; PC[19]             ; Inapplicable ; Inapplicable ; Inapplicable ; Inapplicable ; Inapplicable ; Pass      ; Inapplicable ; Inapplicable ; Pass      ; Pass      ; Inapplicable ; Inapplicable ; Inapplicable ; Inapplicable ; Inapplicable ; Inapplicable ; Inapplicable ; Inapplicable ; Inapplicable ; Inapplicable ; Inapplicable ; Inapplicable ; Inapplicable ; Inapplicable ; Inapplicable ; Inapplicable ; Inapplicable ; Pass      ; Inapplicable ; Inapplicable ;
; PC[18]             ; Inapplicable ; Inapplicable ; Inapplicable ; Inapplicable ; Inapplicable ; Pass      ; Inapplicable ; Inapplicable ; Pass      ; Pass      ; Inapplicable ; Inapplicable ; Inapplicable ; Inapplicable ; Inapplicable ; Inapplicable ; Inapplicable ; Inapplicable ; Inapplicable ; Inapplicable ; Inapplicable ; Inapplicable ; Inapplicable ; Inapplicable ; Inapplicable ; Inapplicable ; Inapplicable ; Pass      ; Inapplicable ; Inapplicable ;
; PC[17]             ; Inapplicable ; Inapplicable ; Inapplicable ; Inapplicable ; Inapplicable ; Pass      ; Inapplicable ; Inapplicable ; Pass      ; Pass      ; Inapplicable ; Inapplicable ; Inapplicable ; Inapplicable ; Inapplicable ; Inapplicable ; Inapplicable ; Inapplicable ; Inapplicable ; Inapplicable ; Inapplicable ; Inapplicable ; Inapplicable ; Inapplicable ; Inapplicable ; Inapplicable ; Inapplicable ; Pass      ; Inapplicable ; Inapplicable ;
; PC[16]             ; Inapplicable ; Inapplicable ; Inapplicable ; Inapplicable ; Inapplicable ; Pass      ; Inapplicable ; Inapplicable ; Pass      ; Pass      ; Inapplicable ; Inapplicable ; Inapplicable ; Inapplicable ; Inapplicable ; Inapplicable ; Inapplicable ; Inapplicable ; Inapplicable ; Inapplicable ; Inapplicable ; Inapplicable ; Inapplicable ; Inapplicable ; Inapplicable ; Inapplicable ; Inapplicable ; Pass      ; Inapplicable ; Inapplicable ;
; PC[15]             ; Inapplicable ; Inapplicable ; Inapplicable ; Inapplicable ; Inapplicable ; Pass      ; Inapplicable ; Inapplicable ; Pass      ; Pass      ; Inapplicable ; Inapplicable ; Inapplicable ; Inapplicable ; Inapplicable ; Inapplicable ; Inapplicable ; Inapplicable ; Inapplicable ; Inapplicable ; Inapplicable ; Inapplicable ; Inapplicable ; Inapplicable ; Inapplicable ; Inapplicable ; Inapplicable ; Pass      ; Inapplicable ; Inapplicable ;
; PC[14]             ; Inapplicable ; Inapplicable ; Inapplicable ; Inapplicable ; Inapplicable ; Pass      ; Inapplicable ; Inapplicable ; Pass      ; Pass      ; Inapplicable ; Inapplicable ; Inapplicable ; Inapplicable ; Inapplicable ; Inapplicable ; Inapplicable ; Inapplicable ; Inapplicable ; Inapplicable ; Inapplicable ; Inapplicable ; Inapplicable ; Inapplicable ; Inapplicable ; Inapplicable ; Inapplicable ; Pass      ; Inapplicable ; Inapplicable ;
; PC[13]             ; Inapplicable ; Inapplicable ; Inapplicable ; Inapplicable ; Inapplicable ; Pass      ; Inapplicable ; Inapplicable ; Pass      ; Pass      ; Inapplicable ; Inapplicable ; Inapplicable ; Inapplicable ; Inapplicable ; Inapplicable ; Inapplicable ; Inapplicable ; Inapplicable ; Inapplicable ; Inapplicable ; Inapplicable ; Inapplicable ; Inapplicable ; Inapplicable ; Inapplicable ; Inapplicable ; Pass      ; Inapplicable ; Inapplicable ;
; PC[12]             ; Inapplicable ; Inapplicable ; Inapplicable ; Inapplicable ; Inapplicable ; Pass      ; Inapplicable ; Inapplicable ; Pass      ; Pass      ; Inapplicable ; Inapplicable ; Inapplicable ; Inapplicable ; Inapplicable ; Inapplicable ; Inapplicable ; Inapplicable ; Inapplicable ; Inapplicable ; Inapplicable ; Inapplicable ; Inapplicable ; Inapplicable ; Inapplicable ; Inapplicable ; Inapplicable ; Pass      ; Inapplicable ; Inapplicable ;
; PC[11]             ; Inapplicable ; Inapplicable ; Inapplicable ; Inapplicable ; Inapplicable ; Pass      ; Inapplicable ; Inapplicable ; Pass      ; Pass      ; Inapplicable ; Inapplicable ; Inapplicable ; Inapplicable ; Inapplicable ; Inapplicable ; Inapplicable ; Inapplicable ; Inapplicable ; Inapplicable ; Inapplicable ; Inapplicable ; Inapplicable ; Inapplicable ; Inapplicable ; Inapplicable ; Inapplicable ; Pass      ; Inapplicable ; Inapplicable ;
; PC[10]             ; Inapplicable ; Inapplicable ; Inapplicable ; Inapplicable ; Inapplicable ; Pass      ; Inapplicable ; Inapplicable ; Pass      ; Pass      ; Inapplicable ; Inapplicable ; Inapplicable ; Inapplicable ; Inapplicable ; Inapplicable ; Inapplicable ; Inapplicable ; Inapplicable ; Inapplicable ; Inapplicable ; Inapplicable ; Inapplicable ; Inapplicable ; Inapplicable ; Inapplicable ; Inapplicable ; Pass      ; Inapplicable ; Inapplicable ;
; PC[9]              ; Inapplicable ; Inapplicable ; Inapplicable ; Inapplicable ; Inapplicable ; Pass      ; Inapplicable ; Inapplicable ; Pass      ; Pass      ; Inapplicable ; Inapplicable ; Inapplicable ; Inapplicable ; Inapplicable ; Inapplicable ; Inapplicable ; Inapplicable ; Inapplicable ; Inapplicable ; Inapplicable ; Inapplicable ; Inapplicable ; Inapplicable ; Inapplicable ; Inapplicable ; Inapplicable ; Pass      ; Inapplicable ; Inapplicable ;
; PC[8]              ; Inapplicable ; Inapplicable ; Inapplicable ; Inapplicable ; Inapplicable ; Pass      ; Inapplicable ; Inapplicable ; Pass      ; Pass      ; Inapplicable ; Inapplicable ; Inapplicable ; Inapplicable ; Inapplicable ; Inapplicable ; Inapplicable ; Inapplicable ; Inapplicable ; Inapplicable ; Inapplicable ; Inapplicable ; Inapplicable ; Inapplicable ; Inapplicable ; Inapplicable ; Inapplicable ; Pass      ; Inapplicable ; Inapplicable ;
; PC[7]              ; Inapplicable ; Inapplicable ; Inapplicable ; Inapplicable ; Inapplicable ; Pass      ; Inapplicable ; Inapplicable ; Pass      ; Pass      ; Inapplicable ; Inapplicable ; Inapplicable ; Inapplicable ; Inapplicable ; Inapplicable ; Inapplicable ; Inapplicable ; Inapplicable ; Inapplicable ; Inapplicable ; Inapplicable ; Inapplicable ; Inapplicable ; Inapplicable ; Inapplicable ; Inapplicable ; Pass      ; Inapplicable ; Inapplicable ;
; PC[6]              ; Inapplicable ; Inapplicable ; Inapplicable ; Inapplicable ; Inapplicable ; Pass      ; Inapplicable ; Inapplicable ; Pass      ; Pass      ; Inapplicable ; Inapplicable ; Inapplicable ; Inapplicable ; Inapplicable ; Inapplicable ; Inapplicable ; Inapplicable ; Inapplicable ; Inapplicable ; Inapplicable ; Inapplicable ; Inapplicable ; Inapplicable ; Inapplicable ; Inapplicable ; Inapplicable ; Pass      ; Inapplicable ; Inapplicable ;
; PC[5]              ; Inapplicable ; Inapplicable ; Inapplicable ; Inapplicable ; Inapplicable ; Pass      ; Inapplicable ; Inapplicable ; Pass      ; Pass      ; Inapplicable ; Inapplicable ; Inapplicable ; Inapplicable ; Inapplicable ; Inapplicable ; Inapplicable ; Inapplicable ; Inapplicable ; Inapplicable ; Inapplicable ; Inapplicable ; Inapplicable ; Inapplicable ; Inapplicable ; Inapplicable ; Inapplicable ; Pass      ; Inapplicable ; Inapplicable ;
; PC[4]              ; Inapplicable ; Inapplicable ; Inapplicable ; Inapplicable ; Inapplicable ; Pass      ; Inapplicable ; Inapplicable ; Pass      ; Pass      ; Inapplicable ; Inapplicable ; Inapplicable ; Inapplicable ; Inapplicable ; Inapplicable ; Inapplicable ; Inapplicable ; Inapplicable ; Inapplicable ; Inapplicable ; Inapplicable ; Inapplicable ; Inapplicable ; Inapplicable ; Inapplicable ; Inapplicable ; Pass      ; Inapplicable ; Inapplicable ;
; PC[3]              ; Inapplicable ; Inapplicable ; Inapplicable ; Inapplicable ; Inapplicable ; Pass      ; Inapplicable ; Inapplicable ; Pass      ; Pass      ; Inapplicable ; Inapplicable ; Inapplicable ; Inapplicable ; Inapplicable ; Inapplicable ; Inapplicable ; Inapplicable ; Inapplicable ; Inapplicable ; Inapplicable ; Inapplicable ; Inapplicable ; Inapplicable ; Inapplicable ; Inapplicable ; Inapplicable ; Pass      ; Inapplicable ; Inapplicable ;
; PC[2]              ; Inapplicable ; Inapplicable ; Inapplicable ; Inapplicable ; Inapplicable ; Pass      ; Inapplicable ; Inapplicable ; Pass      ; Pass      ; Inapplicable ; Inapplicable ; Inapplicable ; Inapplicable ; Inapplicable ; Inapplicable ; Inapplicable ; Inapplicable ; Inapplicable ; Inapplicable ; Inapplicable ; Inapplicable ; Inapplicable ; Inapplicable ; Inapplicable ; Inapplicable ; Inapplicable ; Pass      ; Inapplicable ; Inapplicable ;
; PC[1]              ; Inapplicable ; Inapplicable ; Inapplicable ; Inapplicable ; Inapplicable ; Pass      ; Inapplicable ; Inapplicable ; Pass      ; Pass      ; Inapplicable ; Inapplicable ; Inapplicable ; Inapplicable ; Inapplicable ; Inapplicable ; Inapplicable ; Inapplicable ; Inapplicable ; Inapplicable ; Inapplicable ; Inapplicable ; Inapplicable ; Inapplicable ; Inapplicable ; Inapplicable ; Inapplicable ; Pass      ; Inapplicable ; Inapplicable ;
; PC[0]              ; Inapplicable ; Inapplicable ; Inapplicable ; Inapplicable ; Inapplicable ; Pass      ; Inapplicable ; Inapplicable ; Pass      ; Pass      ; Inapplicable ; Inapplicable ; Inapplicable ; Inapplicable ; Inapplicable ; Inapplicable ; Inapplicable ; Inapplicable ; Inapplicable ; Inapplicable ; Inapplicable ; Inapplicable ; Inapplicable ; Inapplicable ; Inapplicable ; Inapplicable ; Inapplicable ; Pass      ; Inapplicable ; Inapplicable ;
; RegDst             ; Inapplicable ; Inapplicable ; Inapplicable ; Inapplicable ; Inapplicable ; Pass      ; Inapplicable ; Inapplicable ; Pass      ; Pass      ; Inapplicable ; Inapplicable ; Inapplicable ; Inapplicable ; Inapplicable ; Inapplicable ; Inapplicable ; Inapplicable ; Inapplicable ; Inapplicable ; Inapplicable ; Inapplicable ; Inapplicable ; Inapplicable ; Inapplicable ; Inapplicable ; Inapplicable ; Pass      ; Inapplicable ; Inapplicable ;
; Operation[2]       ; Inapplicable ; Inapplicable ; Inapplicable ; Inapplicable ; Inapplicable ; Pass      ; Inapplicable ; Inapplicable ; Pass      ; Pass      ; Inapplicable ; Inapplicable ; Inapplicable ; Inapplicable ; Inapplicable ; Inapplicable ; Inapplicable ; Inapplicable ; Inapplicable ; Inapplicable ; Inapplicable ; Inapplicable ; Inapplicable ; Inapplicable ; Inapplicable ; Inapplicable ; Inapplicable ; Pass      ; Inapplicable ; Inapplicable ;
; Operation[1]       ; Inapplicable ; Inapplicable ; Inapplicable ; Inapplicable ; Inapplicable ; Pass      ; Inapplicable ; Inapplicable ; Pass      ; Pass      ; Inapplicable ; Inapplicable ; Inapplicable ; Inapplicable ; Inapplicable ; Inapplicable ; Inapplicable ; Inapplicable ; Inapplicable ; Inapplicable ; Inapplicable ; Inapplicable ; Inapplicable ; Inapplicable ; Inapplicable ; Inapplicable ; Inapplicable ; Pass      ; Inapplicable ; Inapplicable ;
; Operation[0]       ; Inapplicable ; Inapplicable ; Inapplicable ; Inapplicable ; Inapplicable ; Pass      ; Inapplicable ; Inapplicable ; Pass      ; Pass      ; Inapplicable ; Inapplicable ; Inapplicable ; Inapplicable ; Inapplicable ; Inapplicable ; Inapplicable ; Inapplicable ; Inapplicable ; Inapplicable ; Inapplicable ; Inapplicable ; Inapplicable ; Inapplicable ; Inapplicable ; Inapplicable ; Inapplicable ; Pass      ; Inapplicable ; Inapplicable ;
; ALUOp[1]           ; Inapplicable ; Inapplicable ; Inapplicable ; Inapplicable ; Inapplicable ; Pass      ; Inapplicable ; Inapplicable ; Pass      ; Pass      ; Inapplicable ; Inapplicable ; Inapplicable ; Inapplicable ; Inapplicable ; Inapplicable ; Inapplicable ; Inapplicable ; Inapplicable ; Inapplicable ; Inapplicable ; Inapplicable ; Inapplicable ; Inapplicable ; Inapplicable ; Inapplicable ; Inapplicable ; Pass      ; Inapplicable ; Inapplicable ;
; ALUOp[0]           ; Inapplicable ; Inapplicable ; Inapplicable ; Inapplicable ; Inapplicable ; Pass      ; Inapplicable ; Inapplicable ; Pass      ; Pass      ; Inapplicable ; Inapplicable ; Inapplicable ; Inapplicable ; Inapplicable ; Inapplicable ; Inapplicable ; Inapplicable ; Inapplicable ; Inapplicable ; Inapplicable ; Inapplicable ; Inapplicable ; Inapplicable ; Inapplicable ; Inapplicable ; Inapplicable ; Pass      ; Inapplicable ; Inapplicable ;
; RegWrite           ; Inapplicable ; Inapplicable ; Inapplicable ; Inapplicable ; Inapplicable ; Pass      ; Inapplicable ; Inapplicable ; Pass      ; Pass      ; Inapplicable ; Inapplicable ; Inapplicable ; Inapplicable ; Inapplicable ; Inapplicable ; Inapplicable ; Inapplicable ; Inapplicable ; Inapplicable ; Inapplicable ; Inapplicable ; Inapplicable ; Inapplicable ; Inapplicable ; Inapplicable ; Inapplicable ; Pass      ; Inapplicable ; Inapplicable ;
; MemToReg           ; Inapplicable ; Inapplicable ; Inapplicable ; Inapplicable ; Inapplicable ; Pass      ; Inapplicable ; Inapplicable ; Pass      ; Pass      ; Inapplicable ; Inapplicable ; Inapplicable ; Inapplicable ; Inapplicable ; Inapplicable ; Inapplicable ; Inapplicable ; Inapplicable ; Inapplicable ; Inapplicable ; Inapplicable ; Inapplicable ; Inapplicable ; Inapplicable ; Inapplicable ; Inapplicable ; Pass      ; Inapplicable ; Inapplicable ;
; MemWrite           ; Inapplicable ; Inapplicable ; Inapplicable ; Inapplicable ; Inapplicable ; Pass      ; Inapplicable ; Inapplicable ; Pass      ; Pass      ; Inapplicable ; Inapplicable ; Inapplicable ; Inapplicable ; Inapplicable ; Inapplicable ; Inapplicable ; Inapplicable ; Inapplicable ; Inapplicable ; Inapplicable ; Inapplicable ; Inapplicable ; Inapplicable ; Inapplicable ; Inapplicable ; Inapplicable ; Pass      ; Inapplicable ; Inapplicable ;
; ALUSrc             ; Inapplicable ; Inapplicable ; Inapplicable ; Inapplicable ; Inapplicable ; Pass      ; Inapplicable ; Inapplicable ; Pass      ; Pass      ; Inapplicable ; Inapplicable ; Inapplicable ; Inapplicable ; Inapplicable ; Inapplicable ; Inapplicable ; Inapplicable ; Inapplicable ; Inapplicable ; Inapplicable ; Inapplicable ; Inapplicable ; Inapplicable ; Inapplicable ; Inapplicable ; Inapplicable ; Pass      ; Inapplicable ; Inapplicable ;
; clkSys             ; Inapplicable ; Inapplicable ; Inapplicable ; Inapplicable ; Inapplicable ; Pass      ; Inapplicable ; Inapplicable ; Pass      ; Pass      ; Inapplicable ; Inapplicable ; Inapplicable ; Inapplicable ; Inapplicable ; Inapplicable ; Inapplicable ; Inapplicable ; Inapplicable ; Inapplicable ; Inapplicable ; Inapplicable ; Inapplicable ; Inapplicable ; Inapplicable ; Inapplicable ; Inapplicable ; Pass      ; Inapplicable ; Inapplicable ;
; function[5]        ; Inapplicable ; Inapplicable ; Inapplicable ; Inapplicable ; Inapplicable ; Pass      ; Inapplicable ; Inapplicable ; Pass      ; Pass      ; Inapplicable ; Inapplicable ; Inapplicable ; Inapplicable ; Inapplicable ; Inapplicable ; Inapplicable ; Inapplicable ; Inapplicable ; Inapplicable ; Inapplicable ; Inapplicable ; Inapplicable ; Inapplicable ; Inapplicable ; Inapplicable ; Inapplicable ; Pass      ; Inapplicable ; Inapplicable ;
; function[4]        ; Inapplicable ; Inapplicable ; Inapplicable ; Inapplicable ; Inapplicable ; Pass      ; Inapplicable ; Inapplicable ; Pass      ; Pass      ; Inapplicable ; Inapplicable ; Inapplicable ; Inapplicable ; Inapplicable ; Inapplicable ; Inapplicable ; Inapplicable ; Inapplicable ; Inapplicable ; Inapplicable ; Inapplicable ; Inapplicable ; Inapplicable ; Inapplicable ; Inapplicable ; Inapplicable ; Pass      ; Inapplicable ; Inapplicable ;
; function[3]        ; Inapplicable ; Inapplicable ; Inapplicable ; Inapplicable ; Inapplicable ; Pass      ; Inapplicable ; Inapplicable ; Pass      ; Pass      ; Inapplicable ; Inapplicable ; Inapplicable ; Inapplicable ; Inapplicable ; Inapplicable ; Inapplicable ; Inapplicable ; Inapplicable ; Inapplicable ; Inapplicable ; Inapplicable ; Inapplicable ; Inapplicable ; Inapplicable ; Inapplicable ; Inapplicable ; Pass      ; Inapplicable ; Inapplicable ;
; function[2]        ; Inapplicable ; Inapplicable ; Inapplicable ; Inapplicable ; Inapplicable ; Pass      ; Inapplicable ; Inapplicable ; Pass      ; Pass      ; Inapplicable ; Inapplicable ; Inapplicable ; Inapplicable ; Inapplicable ; Inapplicable ; Inapplicable ; Inapplicable ; Inapplicable ; Inapplicable ; Inapplicable ; Inapplicable ; Inapplicable ; Inapplicable ; Inapplicable ; Inapplicable ; Inapplicable ; Pass      ; Inapplicable ; Inapplicable ;
; function[1]        ; Inapplicable ; Inapplicable ; Inapplicable ; Inapplicable ; Inapplicable ; Pass      ; Inapplicable ; Inapplicable ; Pass      ; Pass      ; Inapplicable ; Inapplicable ; Inapplicable ; Inapplicable ; Inapplicable ; Inapplicable ; Inapplicable ; Inapplicable ; Inapplicable ; Inapplicable ; Inapplicable ; Inapplicable ; Inapplicable ; Inapplicable ; Inapplicable ; Inapplicable ; Inapplicable ; Pass      ; Inapplicable ; Inapplicable ;
; function[0]        ; Inapplicable ; Inapplicable ; Inapplicable ; Inapplicable ; Inapplicable ; Pass      ; Inapplicable ; Inapplicable ; Pass      ; Pass      ; Inapplicable ; Inapplicable ; Inapplicable ; Inapplicable ; Inapplicable ; Inapplicable ; Inapplicable ; Inapplicable ; Inapplicable ; Inapplicable ; Inapplicable ; Inapplicable ; Inapplicable ; Inapplicable ; Inapplicable ; Inapplicable ; Inapplicable ; Pass      ; Inapplicable ; Inapplicable ;
; imed16[15]         ; Inapplicable ; Inapplicable ; Inapplicable ; Inapplicable ; Inapplicable ; Pass      ; Inapplicable ; Inapplicable ; Pass      ; Pass      ; Inapplicable ; Inapplicable ; Inapplicable ; Inapplicable ; Inapplicable ; Inapplicable ; Inapplicable ; Inapplicable ; Inapplicable ; Inapplicable ; Inapplicable ; Inapplicable ; Inapplicable ; Inapplicable ; Inapplicable ; Inapplicable ; Inapplicable ; Pass      ; Inapplicable ; Inapplicable ;
; imed16[14]         ; Inapplicable ; Inapplicable ; Inapplicable ; Inapplicable ; Inapplicable ; Pass      ; Inapplicable ; Inapplicable ; Pass      ; Pass      ; Inapplicable ; Inapplicable ; Inapplicable ; Inapplicable ; Inapplicable ; Inapplicable ; Inapplicable ; Inapplicable ; Inapplicable ; Inapplicable ; Inapplicable ; Inapplicable ; Inapplicable ; Inapplicable ; Inapplicable ; Inapplicable ; Inapplicable ; Pass      ; Inapplicable ; Inapplicable ;
; imed16[13]         ; Inapplicable ; Inapplicable ; Inapplicable ; Inapplicable ; Inapplicable ; Pass      ; Inapplicable ; Inapplicable ; Pass      ; Pass      ; Inapplicable ; Inapplicable ; Inapplicable ; Inapplicable ; Inapplicable ; Inapplicable ; Inapplicable ; Inapplicable ; Inapplicable ; Inapplicable ; Inapplicable ; Inapplicable ; Inapplicable ; Inapplicable ; Inapplicable ; Inapplicable ; Inapplicable ; Pass      ; Inapplicable ; Inapplicable ;
; imed16[12]         ; Inapplicable ; Inapplicable ; Inapplicable ; Inapplicable ; Inapplicable ; Pass      ; Inapplicable ; Inapplicable ; Pass      ; Pass      ; Inapplicable ; Inapplicable ; Inapplicable ; Inapplicable ; Inapplicable ; Inapplicable ; Inapplicable ; Inapplicable ; Inapplicable ; Inapplicable ; Inapplicable ; Inapplicable ; Inapplicable ; Inapplicable ; Inapplicable ; Inapplicable ; Inapplicable ; Pass      ; Inapplicable ; Inapplicable ;
; imed16[11]         ; Inapplicable ; Inapplicable ; Inapplicable ; Inapplicable ; Inapplicable ; Pass      ; Inapplicable ; Inapplicable ; Pass      ; Pass      ; Inapplicable ; Inapplicable ; Inapplicable ; Inapplicable ; Inapplicable ; Inapplicable ; Inapplicable ; Inapplicable ; Inapplicable ; Inapplicable ; Inapplicable ; Inapplicable ; Inapplicable ; Inapplicable ; Inapplicable ; Inapplicable ; Inapplicable ; Pass      ; Inapplicable ; Inapplicable ;
; imed16[10]         ; Inapplicable ; Inapplicable ; Inapplicable ; Inapplicable ; Inapplicable ; Pass      ; Inapplicable ; Inapplicable ; Pass      ; Pass      ; Inapplicable ; Inapplicable ; Inapplicable ; Inapplicable ; Inapplicable ; Inapplicable ; Inapplicable ; Inapplicable ; Inapplicable ; Inapplicable ; Inapplicable ; Inapplicable ; Inapplicable ; Inapplicable ; Inapplicable ; Inapplicable ; Inapplicable ; Pass      ; Inapplicable ; Inapplicable ;
; imed16[9]          ; Inapplicable ; Inapplicable ; Inapplicable ; Inapplicable ; Inapplicable ; Pass      ; Inapplicable ; Inapplicable ; Pass      ; Pass      ; Inapplicable ; Inapplicable ; Inapplicable ; Inapplicable ; Inapplicable ; Inapplicable ; Inapplicable ; Inapplicable ; Inapplicable ; Inapplicable ; Inapplicable ; Inapplicable ; Inapplicable ; Inapplicable ; Inapplicable ; Inapplicable ; Inapplicable ; Pass      ; Inapplicable ; Inapplicable ;
; imed16[8]          ; Inapplicable ; Inapplicable ; Inapplicable ; Inapplicable ; Inapplicable ; Pass      ; Inapplicable ; Inapplicable ; Pass      ; Pass      ; Inapplicable ; Inapplicable ; Inapplicable ; Inapplicable ; Inapplicable ; Inapplicable ; Inapplicable ; Inapplicable ; Inapplicable ; Inapplicable ; Inapplicable ; Inapplicable ; Inapplicable ; Inapplicable ; Inapplicable ; Inapplicable ; Inapplicable ; Pass      ; Inapplicable ; Inapplicable ;
; imed16[7]          ; Inapplicable ; Inapplicable ; Inapplicable ; Inapplicable ; Inapplicable ; Pass      ; Inapplicable ; Inapplicable ; Pass      ; Pass      ; Inapplicable ; Inapplicable ; Inapplicable ; Inapplicable ; Inapplicable ; Inapplicable ; Inapplicable ; Inapplicable ; Inapplicable ; Inapplicable ; Inapplicable ; Inapplicable ; Inapplicable ; Inapplicable ; Inapplicable ; Inapplicable ; Inapplicable ; Pass      ; Inapplicable ; Inapplicable ;
; imed16[6]          ; Inapplicable ; Inapplicable ; Inapplicable ; Inapplicable ; Inapplicable ; Pass      ; Inapplicable ; Inapplicable ; Pass      ; Pass      ; Inapplicable ; Inapplicable ; Inapplicable ; Inapplicable ; Inapplicable ; Inapplicable ; Inapplicable ; Inapplicable ; Inapplicable ; Inapplicable ; Inapplicable ; Inapplicable ; Inapplicable ; Inapplicable ; Inapplicable ; Inapplicable ; Inapplicable ; Pass      ; Inapplicable ; Inapplicable ;
; imed16[5]          ; Inapplicable ; Inapplicable ; Inapplicable ; Inapplicable ; Inapplicable ; Pass      ; Inapplicable ; Inapplicable ; Pass      ; Pass      ; Inapplicable ; Inapplicable ; Inapplicable ; Inapplicable ; Inapplicable ; Inapplicable ; Inapplicable ; Inapplicable ; Inapplicable ; Inapplicable ; Inapplicable ; Inapplicable ; Inapplicable ; Inapplicable ; Inapplicable ; Inapplicable ; Inapplicable ; Pass      ; Inapplicable ; Inapplicable ;
; imed16[4]          ; Inapplicable ; Inapplicable ; Inapplicable ; Inapplicable ; Inapplicable ; Pass      ; Inapplicable ; Inapplicable ; Pass      ; Pass      ; Inapplicable ; Inapplicable ; Inapplicable ; Inapplicable ; Inapplicable ; Inapplicable ; Inapplicable ; Inapplicable ; Inapplicable ; Inapplicable ; Inapplicable ; Inapplicable ; Inapplicable ; Inapplicable ; Inapplicable ; Inapplicable ; Inapplicable ; Pass      ; Inapplicable ; Inapplicable ;
; imed16[3]          ; Inapplicable ; Inapplicable ; Inapplicable ; Inapplicable ; Inapplicable ; Pass      ; Inapplicable ; Inapplicable ; Pass      ; Pass      ; Inapplicable ; Inapplicable ; Inapplicable ; Inapplicable ; Inapplicable ; Inapplicable ; Inapplicable ; Inapplicable ; Inapplicable ; Inapplicable ; Inapplicable ; Inapplicable ; Inapplicable ; Inapplicable ; Inapplicable ; Inapplicable ; Inapplicable ; Pass      ; Inapplicable ; Inapplicable ;
; imed16[2]          ; Inapplicable ; Inapplicable ; Inapplicable ; Inapplicable ; Inapplicable ; Pass      ; Inapplicable ; Inapplicable ; Pass      ; Pass      ; Inapplicable ; Inapplicable ; Inapplicable ; Inapplicable ; Inapplicable ; Inapplicable ; Inapplicable ; Inapplicable ; Inapplicable ; Inapplicable ; Inapplicable ; Inapplicable ; Inapplicable ; Inapplicable ; Inapplicable ; Inapplicable ; Inapplicable ; Pass      ; Inapplicable ; Inapplicable ;
; imed16[1]          ; Inapplicable ; Inapplicable ; Inapplicable ; Inapplicable ; Inapplicable ; Pass      ; Inapplicable ; Inapplicable ; Pass      ; Pass      ; Inapplicable ; Inapplicable ; Inapplicable ; Inapplicable ; Inapplicable ; Inapplicable ; Inapplicable ; Inapplicable ; Inapplicable ; Inapplicable ; Inapplicable ; Inapplicable ; Inapplicable ; Inapplicable ; Inapplicable ; Inapplicable ; Inapplicable ; Pass      ; Inapplicable ; Inapplicable ;
; imed16[0]          ; Inapplicable ; Inapplicable ; Inapplicable ; Inapplicable ; Inapplicable ; Pass      ; Inapplicable ; Inapplicable ; Pass      ; Pass      ; Inapplicable ; Inapplicable ; Inapplicable ; Inapplicable ; Inapplicable ; Inapplicable ; Inapplicable ; Inapplicable ; Inapplicable ; Inapplicable ; Inapplicable ; Inapplicable ; Inapplicable ; Inapplicable ; Inapplicable ; Inapplicable ; Inapplicable ; Pass      ; Inapplicable ; Inapplicable ;
; nextPC[31]         ; Inapplicable ; Inapplicable ; Inapplicable ; Inapplicable ; Inapplicable ; Pass      ; Inapplicable ; Inapplicable ; Pass      ; Pass      ; Inapplicable ; Inapplicable ; Inapplicable ; Inapplicable ; Inapplicable ; Inapplicable ; Inapplicable ; Inapplicable ; Inapplicable ; Inapplicable ; Inapplicable ; Inapplicable ; Inapplicable ; Inapplicable ; Inapplicable ; Inapplicable ; Inapplicable ; Pass      ; Inapplicable ; Inapplicable ;
; nextPC[30]         ; Inapplicable ; Inapplicable ; Inapplicable ; Inapplicable ; Inapplicable ; Pass      ; Inapplicable ; Inapplicable ; Pass      ; Pass      ; Inapplicable ; Inapplicable ; Inapplicable ; Inapplicable ; Inapplicable ; Inapplicable ; Inapplicable ; Inapplicable ; Inapplicable ; Inapplicable ; Inapplicable ; Inapplicable ; Inapplicable ; Inapplicable ; Inapplicable ; Inapplicable ; Inapplicable ; Pass      ; Inapplicable ; Inapplicable ;
; nextPC[29]         ; Inapplicable ; Inapplicable ; Inapplicable ; Inapplicable ; Inapplicable ; Pass      ; Inapplicable ; Inapplicable ; Pass      ; Pass      ; Inapplicable ; Inapplicable ; Inapplicable ; Inapplicable ; Inapplicable ; Inapplicable ; Inapplicable ; Inapplicable ; Inapplicable ; Inapplicable ; Inapplicable ; Inapplicable ; Inapplicable ; Inapplicable ; Inapplicable ; Inapplicable ; Inapplicable ; Pass      ; Inapplicable ; Inapplicable ;
; nextPC[28]         ; Inapplicable ; Inapplicable ; Inapplicable ; Inapplicable ; Inapplicable ; Pass      ; Inapplicable ; Inapplicable ; Pass      ; Pass      ; Inapplicable ; Inapplicable ; Inapplicable ; Inapplicable ; Inapplicable ; Inapplicable ; Inapplicable ; Inapplicable ; Inapplicable ; Inapplicable ; Inapplicable ; Inapplicable ; Inapplicable ; Inapplicable ; Inapplicable ; Inapplicable ; Inapplicable ; Pass      ; Inapplicable ; Inapplicable ;
; nextPC[27]         ; Inapplicable ; Inapplicable ; Inapplicable ; Inapplicable ; Inapplicable ; Pass      ; Inapplicable ; Inapplicable ; Pass      ; Pass      ; Inapplicable ; Inapplicable ; Inapplicable ; Inapplicable ; Inapplicable ; Inapplicable ; Inapplicable ; Inapplicable ; Inapplicable ; Inapplicable ; Inapplicable ; Inapplicable ; Inapplicable ; Inapplicable ; Inapplicable ; Inapplicable ; Inapplicable ; Pass      ; Inapplicable ; Inapplicable ;
; nextPC[26]         ; Inapplicable ; Inapplicable ; Inapplicable ; Inapplicable ; Inapplicable ; Pass      ; Inapplicable ; Inapplicable ; Pass      ; Pass      ; Inapplicable ; Inapplicable ; Inapplicable ; Inapplicable ; Inapplicable ; Inapplicable ; Inapplicable ; Inapplicable ; Inapplicable ; Inapplicable ; Inapplicable ; Inapplicable ; Inapplicable ; Inapplicable ; Inapplicable ; Inapplicable ; Inapplicable ; Pass      ; Inapplicable ; Inapplicable ;
; nextPC[25]         ; Inapplicable ; Inapplicable ; Inapplicable ; Inapplicable ; Inapplicable ; Pass      ; Inapplicable ; Inapplicable ; Pass      ; Pass      ; Inapplicable ; Inapplicable ; Inapplicable ; Inapplicable ; Inapplicable ; Inapplicable ; Inapplicable ; Inapplicable ; Inapplicable ; Inapplicable ; Inapplicable ; Inapplicable ; Inapplicable ; Inapplicable ; Inapplicable ; Inapplicable ; Inapplicable ; Pass      ; Inapplicable ; Inapplicable ;
; nextPC[24]         ; Inapplicable ; Inapplicable ; Inapplicable ; Inapplicable ; Inapplicable ; Pass      ; Inapplicable ; Inapplicable ; Pass      ; Pass      ; Inapplicable ; Inapplicable ; Inapplicable ; Inapplicable ; Inapplicable ; Inapplicable ; Inapplicable ; Inapplicable ; Inapplicable ; Inapplicable ; Inapplicable ; Inapplicable ; Inapplicable ; Inapplicable ; Inapplicable ; Inapplicable ; Inapplicable ; Pass      ; Inapplicable ; Inapplicable ;
; nextPC[23]         ; Inapplicable ; Inapplicable ; Inapplicable ; Inapplicable ; Inapplicable ; Pass      ; Inapplicable ; Inapplicable ; Pass      ; Pass      ; Inapplicable ; Inapplicable ; Inapplicable ; Inapplicable ; Inapplicable ; Inapplicable ; Inapplicable ; Inapplicable ; Inapplicable ; Inapplicable ; Inapplicable ; Inapplicable ; Inapplicable ; Inapplicable ; Inapplicable ; Inapplicable ; Inapplicable ; Pass      ; Inapplicable ; Inapplicable ;
; nextPC[22]         ; Inapplicable ; Inapplicable ; Inapplicable ; Inapplicable ; Inapplicable ; Pass      ; Inapplicable ; Inapplicable ; Pass      ; Pass      ; Inapplicable ; Inapplicable ; Inapplicable ; Inapplicable ; Inapplicable ; Inapplicable ; Inapplicable ; Inapplicable ; Inapplicable ; Inapplicable ; Inapplicable ; Inapplicable ; Inapplicable ; Inapplicable ; Inapplicable ; Inapplicable ; Inapplicable ; Pass      ; Inapplicable ; Inapplicable ;
; nextPC[21]         ; Inapplicable ; Inapplicable ; Inapplicable ; Inapplicable ; Inapplicable ; Pass      ; Inapplicable ; Inapplicable ; Pass      ; Pass      ; Inapplicable ; Inapplicable ; Inapplicable ; Inapplicable ; Inapplicable ; Inapplicable ; Inapplicable ; Inapplicable ; Inapplicable ; Inapplicable ; Inapplicable ; Inapplicable ; Inapplicable ; Inapplicable ; Inapplicable ; Inapplicable ; Inapplicable ; Pass      ; Inapplicable ; Inapplicable ;
; nextPC[20]         ; Inapplicable ; Inapplicable ; Inapplicable ; Inapplicable ; Inapplicable ; Pass      ; Inapplicable ; Inapplicable ; Pass      ; Pass      ; Inapplicable ; Inapplicable ; Inapplicable ; Inapplicable ; Inapplicable ; Inapplicable ; Inapplicable ; Inapplicable ; Inapplicable ; Inapplicable ; Inapplicable ; Inapplicable ; Inapplicable ; Inapplicable ; Inapplicable ; Inapplicable ; Inapplicable ; Pass      ; Inapplicable ; Inapplicable ;
; nextPC[19]         ; Inapplicable ; Inapplicable ; Inapplicable ; Inapplicable ; Inapplicable ; Pass      ; Inapplicable ; Inapplicable ; Pass      ; Pass      ; Inapplicable ; Inapplicable ; Inapplicable ; Inapplicable ; Inapplicable ; Inapplicable ; Inapplicable ; Inapplicable ; Inapplicable ; Inapplicable ; Inapplicable ; Inapplicable ; Inapplicable ; Inapplicable ; Inapplicable ; Inapplicable ; Inapplicable ; Pass      ; Inapplicable ; Inapplicable ;
; nextPC[18]         ; Inapplicable ; Inapplicable ; Inapplicable ; Inapplicable ; Inapplicable ; Pass      ; Inapplicable ; Inapplicable ; Pass      ; Pass      ; Inapplicable ; Inapplicable ; Inapplicable ; Inapplicable ; Inapplicable ; Inapplicable ; Inapplicable ; Inapplicable ; Inapplicable ; Inapplicable ; Inapplicable ; Inapplicable ; Inapplicable ; Inapplicable ; Inapplicable ; Inapplicable ; Inapplicable ; Pass      ; Inapplicable ; Inapplicable ;
; nextPC[17]         ; Inapplicable ; Inapplicable ; Inapplicable ; Inapplicable ; Inapplicable ; Pass      ; Inapplicable ; Inapplicable ; Pass      ; Pass      ; Inapplicable ; Inapplicable ; Inapplicable ; Inapplicable ; Inapplicable ; Inapplicable ; Inapplicable ; Inapplicable ; Inapplicable ; Inapplicable ; Inapplicable ; Inapplicable ; Inapplicable ; Inapplicable ; Inapplicable ; Inapplicable ; Inapplicable ; Pass      ; Inapplicable ; Inapplicable ;
; nextPC[16]         ; Inapplicable ; Inapplicable ; Inapplicable ; Inapplicable ; Inapplicable ; Pass      ; Inapplicable ; Inapplicable ; Pass      ; Pass      ; Inapplicable ; Inapplicable ; Inapplicable ; Inapplicable ; Inapplicable ; Inapplicable ; Inapplicable ; Inapplicable ; Inapplicable ; Inapplicable ; Inapplicable ; Inapplicable ; Inapplicable ; Inapplicable ; Inapplicable ; Inapplicable ; Inapplicable ; Pass      ; Inapplicable ; Inapplicable ;
; nextPC[15]         ; Inapplicable ; Inapplicable ; Inapplicable ; Inapplicable ; Inapplicable ; Pass      ; Inapplicable ; Inapplicable ; Pass      ; Pass      ; Inapplicable ; Inapplicable ; Inapplicable ; Inapplicable ; Inapplicable ; Inapplicable ; Inapplicable ; Inapplicable ; Inapplicable ; Inapplicable ; Inapplicable ; Inapplicable ; Inapplicable ; Inapplicable ; Inapplicable ; Inapplicable ; Inapplicable ; Pass      ; Inapplicable ; Inapplicable ;
; nextPC[14]         ; Inapplicable ; Inapplicable ; Inapplicable ; Inapplicable ; Inapplicable ; Pass      ; Inapplicable ; Inapplicable ; Pass      ; Pass      ; Inapplicable ; Inapplicable ; Inapplicable ; Inapplicable ; Inapplicable ; Inapplicable ; Inapplicable ; Inapplicable ; Inapplicable ; Inapplicable ; Inapplicable ; Inapplicable ; Inapplicable ; Inapplicable ; Inapplicable ; Inapplicable ; Inapplicable ; Pass      ; Inapplicable ; Inapplicable ;
; nextPC[13]         ; Inapplicable ; Inapplicable ; Inapplicable ; Inapplicable ; Inapplicable ; Pass      ; Inapplicable ; Inapplicable ; Pass      ; Pass      ; Inapplicable ; Inapplicable ; Inapplicable ; Inapplicable ; Inapplicable ; Inapplicable ; Inapplicable ; Inapplicable ; Inapplicable ; Inapplicable ; Inapplicable ; Inapplicable ; Inapplicable ; Inapplicable ; Inapplicable ; Inapplicable ; Inapplicable ; Pass      ; Inapplicable ; Inapplicable ;
; nextPC[12]         ; Inapplicable ; Inapplicable ; Inapplicable ; Inapplicable ; Inapplicable ; Pass      ; Inapplicable ; Inapplicable ; Pass      ; Pass      ; Inapplicable ; Inapplicable ; Inapplicable ; Inapplicable ; Inapplicable ; Inapplicable ; Inapplicable ; Inapplicable ; Inapplicable ; Inapplicable ; Inapplicable ; Inapplicable ; Inapplicable ; Inapplicable ; Inapplicable ; Inapplicable ; Inapplicable ; Pass      ; Inapplicable ; Inapplicable ;
; nextPC[11]         ; Inapplicable ; Inapplicable ; Inapplicable ; Inapplicable ; Inapplicable ; Pass      ; Inapplicable ; Inapplicable ; Pass      ; Pass      ; Inapplicable ; Inapplicable ; Inapplicable ; Inapplicable ; Inapplicable ; Inapplicable ; Inapplicable ; Inapplicable ; Inapplicable ; Inapplicable ; Inapplicable ; Inapplicable ; Inapplicable ; Inapplicable ; Inapplicable ; Inapplicable ; Inapplicable ; Pass      ; Inapplicable ; Inapplicable ;
; nextPC[10]         ; Inapplicable ; Inapplicable ; Inapplicable ; Inapplicable ; Inapplicable ; Pass      ; Inapplicable ; Inapplicable ; Pass      ; Pass      ; Inapplicable ; Inapplicable ; Inapplicable ; Inapplicable ; Inapplicable ; Inapplicable ; Inapplicable ; Inapplicable ; Inapplicable ; Inapplicable ; Inapplicable ; Inapplicable ; Inapplicable ; Inapplicable ; Inapplicable ; Inapplicable ; Inapplicable ; Pass      ; Inapplicable ; Inapplicable ;
; nextPC[9]          ; Inapplicable ; Inapplicable ; Inapplicable ; Inapplicable ; Inapplicable ; Pass      ; Inapplicable ; Inapplicable ; Pass      ; Pass      ; Inapplicable ; Inapplicable ; Inapplicable ; Inapplicable ; Inapplicable ; Inapplicable ; Inapplicable ; Inapplicable ; Inapplicable ; Inapplicable ; Inapplicable ; Inapplicable ; Inapplicable ; Inapplicable ; Inapplicable ; Inapplicable ; Inapplicable ; Pass      ; Inapplicable ; Inapplicable ;
; nextPC[8]          ; Inapplicable ; Inapplicable ; Inapplicable ; Inapplicable ; Inapplicable ; Pass      ; Inapplicable ; Inapplicable ; Pass      ; Pass      ; Inapplicable ; Inapplicable ; Inapplicable ; Inapplicable ; Inapplicable ; Inapplicable ; Inapplicable ; Inapplicable ; Inapplicable ; Inapplicable ; Inapplicable ; Inapplicable ; Inapplicable ; Inapplicable ; Inapplicable ; Inapplicable ; Inapplicable ; Pass      ; Inapplicable ; Inapplicable ;
; nextPC[7]          ; Inapplicable ; Inapplicable ; Inapplicable ; Inapplicable ; Inapplicable ; Pass      ; Inapplicable ; Inapplicable ; Pass      ; Pass      ; Inapplicable ; Inapplicable ; Inapplicable ; Inapplicable ; Inapplicable ; Inapplicable ; Inapplicable ; Inapplicable ; Inapplicable ; Inapplicable ; Inapplicable ; Inapplicable ; Inapplicable ; Inapplicable ; Inapplicable ; Inapplicable ; Inapplicable ; Pass      ; Inapplicable ; Inapplicable ;
; nextPC[6]          ; Inapplicable ; Inapplicable ; Inapplicable ; Inapplicable ; Inapplicable ; Pass      ; Inapplicable ; Inapplicable ; Pass      ; Pass      ; Inapplicable ; Inapplicable ; Inapplicable ; Inapplicable ; Inapplicable ; Inapplicable ; Inapplicable ; Inapplicable ; Inapplicable ; Inapplicable ; Inapplicable ; Inapplicable ; Inapplicable ; Inapplicable ; Inapplicable ; Inapplicable ; Inapplicable ; Pass      ; Inapplicable ; Inapplicable ;
; nextPC[5]          ; Inapplicable ; Inapplicable ; Inapplicable ; Inapplicable ; Inapplicable ; Pass      ; Inapplicable ; Inapplicable ; Pass      ; Pass      ; Inapplicable ; Inapplicable ; Inapplicable ; Inapplicable ; Inapplicable ; Inapplicable ; Inapplicable ; Inapplicable ; Inapplicable ; Inapplicable ; Inapplicable ; Inapplicable ; Inapplicable ; Inapplicable ; Inapplicable ; Inapplicable ; Inapplicable ; Pass      ; Inapplicable ; Inapplicable ;
; nextPC[4]          ; Inapplicable ; Inapplicable ; Inapplicable ; Inapplicable ; Inapplicable ; Pass      ; Inapplicable ; Inapplicable ; Pass      ; Pass      ; Inapplicable ; Inapplicable ; Inapplicable ; Inapplicable ; Inapplicable ; Inapplicable ; Inapplicable ; Inapplicable ; Inapplicable ; Inapplicable ; Inapplicable ; Inapplicable ; Inapplicable ; Inapplicable ; Inapplicable ; Inapplicable ; Inapplicable ; Pass      ; Inapplicable ; Inapplicable ;
; nextPC[3]          ; Inapplicable ; Inapplicable ; Inapplicable ; Inapplicable ; Inapplicable ; Pass      ; Inapplicable ; Inapplicable ; Pass      ; Pass      ; Inapplicable ; Inapplicable ; Inapplicable ; Inapplicable ; Inapplicable ; Inapplicable ; Inapplicable ; Inapplicable ; Inapplicable ; Inapplicable ; Inapplicable ; Inapplicable ; Inapplicable ; Inapplicable ; Inapplicable ; Inapplicable ; Inapplicable ; Pass      ; Inapplicable ; Inapplicable ;
; nextPC[2]          ; Inapplicable ; Inapplicable ; Inapplicable ; Inapplicable ; Inapplicable ; Pass      ; Inapplicable ; Inapplicable ; Pass      ; Pass      ; Inapplicable ; Inapplicable ; Inapplicable ; Inapplicable ; Inapplicable ; Inapplicable ; Inapplicable ; Inapplicable ; Inapplicable ; Inapplicable ; Inapplicable ; Inapplicable ; Inapplicable ; Inapplicable ; Inapplicable ; Inapplicable ; Inapplicable ; Pass      ; Inapplicable ; Inapplicable ;
; nextPC[1]          ; Inapplicable ; Inapplicable ; Inapplicable ; Inapplicable ; Inapplicable ; Pass      ; Inapplicable ; Inapplicable ; Pass      ; Pass      ; Inapplicable ; Inapplicable ; Inapplicable ; Inapplicable ; Inapplicable ; Inapplicable ; Inapplicable ; Inapplicable ; Inapplicable ; Inapplicable ; Inapplicable ; Inapplicable ; Inapplicable ; Inapplicable ; Inapplicable ; Inapplicable ; Inapplicable ; Pass      ; Inapplicable ; Inapplicable ;
; nextPC[0]          ; Inapplicable ; Inapplicable ; Inapplicable ; Inapplicable ; Inapplicable ; Pass      ; Inapplicable ; Inapplicable ; Pass      ; Pass      ; Inapplicable ; Inapplicable ; Inapplicable ; Inapplicable ; Inapplicable ; Inapplicable ; Inapplicable ; Inapplicable ; Inapplicable ; Inapplicable ; Inapplicable ; Inapplicable ; Inapplicable ; Inapplicable ; Inapplicable ; Inapplicable ; Inapplicable ; Pass      ; Inapplicable ; Inapplicable ;
; op[31]             ; Inapplicable ; Inapplicable ; Inapplicable ; Inapplicable ; Inapplicable ; Pass      ; Inapplicable ; Inapplicable ; Pass      ; Pass      ; Inapplicable ; Inapplicable ; Inapplicable ; Inapplicable ; Inapplicable ; Inapplicable ; Inapplicable ; Inapplicable ; Inapplicable ; Inapplicable ; Inapplicable ; Inapplicable ; Inapplicable ; Inapplicable ; Inapplicable ; Inapplicable ; Inapplicable ; Pass      ; Inapplicable ; Inapplicable ;
; op[30]             ; Inapplicable ; Inapplicable ; Inapplicable ; Inapplicable ; Inapplicable ; Pass      ; Inapplicable ; Inapplicable ; Pass      ; Pass      ; Inapplicable ; Inapplicable ; Inapplicable ; Inapplicable ; Inapplicable ; Inapplicable ; Inapplicable ; Inapplicable ; Inapplicable ; Inapplicable ; Inapplicable ; Inapplicable ; Inapplicable ; Inapplicable ; Inapplicable ; Inapplicable ; Inapplicable ; Pass      ; Inapplicable ; Inapplicable ;
; op[29]             ; Inapplicable ; Inapplicable ; Inapplicable ; Inapplicable ; Inapplicable ; Pass      ; Inapplicable ; Inapplicable ; Pass      ; Pass      ; Inapplicable ; Inapplicable ; Inapplicable ; Inapplicable ; Inapplicable ; Inapplicable ; Inapplicable ; Inapplicable ; Inapplicable ; Inapplicable ; Inapplicable ; Inapplicable ; Inapplicable ; Inapplicable ; Inapplicable ; Inapplicable ; Inapplicable ; Pass      ; Inapplicable ; Inapplicable ;
; op[28]             ; Inapplicable ; Inapplicable ; Inapplicable ; Inapplicable ; Inapplicable ; Pass      ; Inapplicable ; Inapplicable ; Pass      ; Pass      ; Inapplicable ; Inapplicable ; Inapplicable ; Inapplicable ; Inapplicable ; Inapplicable ; Inapplicable ; Inapplicable ; Inapplicable ; Inapplicable ; Inapplicable ; Inapplicable ; Inapplicable ; Inapplicable ; Inapplicable ; Inapplicable ; Inapplicable ; Pass      ; Inapplicable ; Inapplicable ;
; op[27]             ; Inapplicable ; Inapplicable ; Inapplicable ; Inapplicable ; Inapplicable ; Pass      ; Inapplicable ; Inapplicable ; Pass      ; Pass      ; Inapplicable ; Inapplicable ; Inapplicable ; Inapplicable ; Inapplicable ; Inapplicable ; Inapplicable ; Inapplicable ; Inapplicable ; Inapplicable ; Inapplicable ; Inapplicable ; Inapplicable ; Inapplicable ; Inapplicable ; Inapplicable ; Inapplicable ; Pass      ; Inapplicable ; Inapplicable ;
; op[26]             ; Inapplicable ; Inapplicable ; Inapplicable ; Inapplicable ; Inapplicable ; Pass      ; Inapplicable ; Inapplicable ; Pass      ; Pass      ; Inapplicable ; Inapplicable ; Inapplicable ; Inapplicable ; Inapplicable ; Inapplicable ; Inapplicable ; Inapplicable ; Inapplicable ; Inapplicable ; Inapplicable ; Inapplicable ; Inapplicable ; Inapplicable ; Inapplicable ; Inapplicable ; Inapplicable ; Pass      ; Inapplicable ; Inapplicable ;
; rd[15]             ; Inapplicable ; Inapplicable ; Inapplicable ; Inapplicable ; Inapplicable ; Pass      ; Inapplicable ; Inapplicable ; Pass      ; Pass      ; Inapplicable ; Inapplicable ; Inapplicable ; Inapplicable ; Inapplicable ; Inapplicable ; Inapplicable ; Inapplicable ; Inapplicable ; Inapplicable ; Inapplicable ; Inapplicable ; Inapplicable ; Inapplicable ; Inapplicable ; Inapplicable ; Inapplicable ; Pass      ; Inapplicable ; Inapplicable ;
; rd[14]             ; Inapplicable ; Inapplicable ; Inapplicable ; Inapplicable ; Inapplicable ; Pass      ; Inapplicable ; Inapplicable ; Pass      ; Pass      ; Inapplicable ; Inapplicable ; Inapplicable ; Inapplicable ; Inapplicable ; Inapplicable ; Inapplicable ; Inapplicable ; Inapplicable ; Inapplicable ; Inapplicable ; Inapplicable ; Inapplicable ; Inapplicable ; Inapplicable ; Inapplicable ; Inapplicable ; Pass      ; Inapplicable ; Inapplicable ;
; rd[13]             ; Inapplicable ; Inapplicable ; Inapplicable ; Inapplicable ; Inapplicable ; Pass      ; Inapplicable ; Inapplicable ; Pass      ; Pass      ; Inapplicable ; Inapplicable ; Inapplicable ; Inapplicable ; Inapplicable ; Inapplicable ; Inapplicable ; Inapplicable ; Inapplicable ; Inapplicable ; Inapplicable ; Inapplicable ; Inapplicable ; Inapplicable ; Inapplicable ; Inapplicable ; Inapplicable ; Pass      ; Inapplicable ; Inapplicable ;
; rd[12]             ; Inapplicable ; Inapplicable ; Inapplicable ; Inapplicable ; Inapplicable ; Pass      ; Inapplicable ; Inapplicable ; Pass      ; Pass      ; Inapplicable ; Inapplicable ; Inapplicable ; Inapplicable ; Inapplicable ; Inapplicable ; Inapplicable ; Inapplicable ; Inapplicable ; Inapplicable ; Inapplicable ; Inapplicable ; Inapplicable ; Inapplicable ; Inapplicable ; Inapplicable ; Inapplicable ; Pass      ; Inapplicable ; Inapplicable ;
; rd[11]             ; Inapplicable ; Inapplicable ; Inapplicable ; Inapplicable ; Inapplicable ; Pass      ; Inapplicable ; Inapplicable ; Pass      ; Pass      ; Inapplicable ; Inapplicable ; Inapplicable ; Inapplicable ; Inapplicable ; Inapplicable ; Inapplicable ; Inapplicable ; Inapplicable ; Inapplicable ; Inapplicable ; Inapplicable ; Inapplicable ; Inapplicable ; Inapplicable ; Inapplicable ; Inapplicable ; Pass      ; Inapplicable ; Inapplicable ;
; rs[25]             ; Inapplicable ; Inapplicable ; Inapplicable ; Inapplicable ; Inapplicable ; Pass      ; Inapplicable ; Inapplicable ; Pass      ; Pass      ; Inapplicable ; Inapplicable ; Inapplicable ; Inapplicable ; Inapplicable ; Inapplicable ; Inapplicable ; Inapplicable ; Inapplicable ; Inapplicable ; Inapplicable ; Inapplicable ; Inapplicable ; Inapplicable ; Inapplicable ; Inapplicable ; Inapplicable ; Pass      ; Inapplicable ; Inapplicable ;
; rs[24]             ; Inapplicable ; Inapplicable ; Inapplicable ; Inapplicable ; Inapplicable ; Pass      ; Inapplicable ; Inapplicable ; Pass      ; Pass      ; Inapplicable ; Inapplicable ; Inapplicable ; Inapplicable ; Inapplicable ; Inapplicable ; Inapplicable ; Inapplicable ; Inapplicable ; Inapplicable ; Inapplicable ; Inapplicable ; Inapplicable ; Inapplicable ; Inapplicable ; Inapplicable ; Inapplicable ; Pass      ; Inapplicable ; Inapplicable ;
; rs[23]             ; Inapplicable ; Inapplicable ; Inapplicable ; Inapplicable ; Inapplicable ; Pass      ; Inapplicable ; Inapplicable ; Pass      ; Pass      ; Inapplicable ; Inapplicable ; Inapplicable ; Inapplicable ; Inapplicable ; Inapplicable ; Inapplicable ; Inapplicable ; Inapplicable ; Inapplicable ; Inapplicable ; Inapplicable ; Inapplicable ; Inapplicable ; Inapplicable ; Inapplicable ; Inapplicable ; Pass      ; Inapplicable ; Inapplicable ;
; rs[22]             ; Inapplicable ; Inapplicable ; Inapplicable ; Inapplicable ; Inapplicable ; Pass      ; Inapplicable ; Inapplicable ; Pass      ; Pass      ; Inapplicable ; Inapplicable ; Inapplicable ; Inapplicable ; Inapplicable ; Inapplicable ; Inapplicable ; Inapplicable ; Inapplicable ; Inapplicable ; Inapplicable ; Inapplicable ; Inapplicable ; Inapplicable ; Inapplicable ; Inapplicable ; Inapplicable ; Pass      ; Inapplicable ; Inapplicable ;
; rs[21]             ; Inapplicable ; Inapplicable ; Inapplicable ; Inapplicable ; Inapplicable ; Pass      ; Inapplicable ; Inapplicable ; Pass      ; Pass      ; Inapplicable ; Inapplicable ; Inapplicable ; Inapplicable ; Inapplicable ; Inapplicable ; Inapplicable ; Inapplicable ; Inapplicable ; Inapplicable ; Inapplicable ; Inapplicable ; Inapplicable ; Inapplicable ; Inapplicable ; Inapplicable ; Inapplicable ; Pass      ; Inapplicable ; Inapplicable ;
; rt[20]             ; Inapplicable ; Inapplicable ; Inapplicable ; Inapplicable ; Inapplicable ; Pass      ; Inapplicable ; Inapplicable ; Pass      ; Pass      ; Inapplicable ; Inapplicable ; Inapplicable ; Inapplicable ; Inapplicable ; Inapplicable ; Inapplicable ; Inapplicable ; Inapplicable ; Inapplicable ; Inapplicable ; Inapplicable ; Inapplicable ; Inapplicable ; Inapplicable ; Inapplicable ; Inapplicable ; Pass      ; Inapplicable ; Inapplicable ;
; rt[19]             ; Inapplicable ; Inapplicable ; Inapplicable ; Inapplicable ; Inapplicable ; Pass      ; Inapplicable ; Inapplicable ; Pass      ; Pass      ; Inapplicable ; Inapplicable ; Inapplicable ; Inapplicable ; Inapplicable ; Inapplicable ; Inapplicable ; Inapplicable ; Inapplicable ; Inapplicable ; Inapplicable ; Inapplicable ; Inapplicable ; Inapplicable ; Inapplicable ; Inapplicable ; Inapplicable ; Pass      ; Inapplicable ; Inapplicable ;
; rt[18]             ; Inapplicable ; Inapplicable ; Inapplicable ; Inapplicable ; Inapplicable ; Pass      ; Inapplicable ; Inapplicable ; Pass      ; Pass      ; Inapplicable ; Inapplicable ; Inapplicable ; Inapplicable ; Inapplicable ; Inapplicable ; Inapplicable ; Inapplicable ; Inapplicable ; Inapplicable ; Inapplicable ; Inapplicable ; Inapplicable ; Inapplicable ; Inapplicable ; Inapplicable ; Inapplicable ; Pass      ; Inapplicable ; Inapplicable ;
; rt[17]             ; Inapplicable ; Inapplicable ; Inapplicable ; Inapplicable ; Inapplicable ; Pass      ; Inapplicable ; Inapplicable ; Pass      ; Pass      ; Inapplicable ; Inapplicable ; Inapplicable ; Inapplicable ; Inapplicable ; Inapplicable ; Inapplicable ; Inapplicable ; Inapplicable ; Inapplicable ; Inapplicable ; Inapplicable ; Inapplicable ; Inapplicable ; Inapplicable ; Inapplicable ; Inapplicable ; Pass      ; Inapplicable ; Inapplicable ;
; rt[16]             ; Inapplicable ; Inapplicable ; Inapplicable ; Inapplicable ; Inapplicable ; Pass      ; Inapplicable ; Inapplicable ; Pass      ; Pass      ; Inapplicable ; Inapplicable ; Inapplicable ; Inapplicable ; Inapplicable ; Inapplicable ; Inapplicable ; Inapplicable ; Inapplicable ; Inapplicable ; Inapplicable ; Inapplicable ; Inapplicable ; Inapplicable ; Inapplicable ; Inapplicable ; Inapplicable ; Pass      ; Inapplicable ; Inapplicable ;
; shamt[10]          ; Inapplicable ; Inapplicable ; Inapplicable ; Inapplicable ; Inapplicable ; Pass      ; Inapplicable ; Inapplicable ; Pass      ; Pass      ; Inapplicable ; Inapplicable ; Inapplicable ; Inapplicable ; Inapplicable ; Inapplicable ; Inapplicable ; Inapplicable ; Inapplicable ; Inapplicable ; Inapplicable ; Inapplicable ; Inapplicable ; Inapplicable ; Inapplicable ; Inapplicable ; Inapplicable ; Pass      ; Inapplicable ; Inapplicable ;
; shamt[9]           ; Inapplicable ; Inapplicable ; Inapplicable ; Inapplicable ; Inapplicable ; Pass      ; Inapplicable ; Inapplicable ; Pass      ; Pass      ; Inapplicable ; Inapplicable ; Inapplicable ; Inapplicable ; Inapplicable ; Inapplicable ; Inapplicable ; Inapplicable ; Inapplicable ; Inapplicable ; Inapplicable ; Inapplicable ; Inapplicable ; Inapplicable ; Inapplicable ; Inapplicable ; Inapplicable ; Pass      ; Inapplicable ; Inapplicable ;
; shamt[8]           ; Inapplicable ; Inapplicable ; Inapplicable ; Inapplicable ; Inapplicable ; Pass      ; Inapplicable ; Inapplicable ; Pass      ; Pass      ; Inapplicable ; Inapplicable ; Inapplicable ; Inapplicable ; Inapplicable ; Inapplicable ; Inapplicable ; Inapplicable ; Inapplicable ; Inapplicable ; Inapplicable ; Inapplicable ; Inapplicable ; Inapplicable ; Inapplicable ; Inapplicable ; Inapplicable ; Pass      ; Inapplicable ; Inapplicable ;
; shamt[7]           ; Inapplicable ; Inapplicable ; Inapplicable ; Inapplicable ; Inapplicable ; Pass      ; Inapplicable ; Inapplicable ; Pass      ; Pass      ; Inapplicable ; Inapplicable ; Inapplicable ; Inapplicable ; Inapplicable ; Inapplicable ; Inapplicable ; Inapplicable ; Inapplicable ; Inapplicable ; Inapplicable ; Inapplicable ; Inapplicable ; Inapplicable ; Inapplicable ; Inapplicable ; Inapplicable ; Pass      ; Inapplicable ; Inapplicable ;
; shamt[6]           ; Inapplicable ; Inapplicable ; Inapplicable ; Inapplicable ; Inapplicable ; Pass      ; Inapplicable ; Inapplicable ; Pass      ; Pass      ; Inapplicable ; Inapplicable ; Inapplicable ; Inapplicable ; Inapplicable ; Inapplicable ; Inapplicable ; Inapplicable ; Inapplicable ; Inapplicable ; Inapplicable ; Inapplicable ; Inapplicable ; Inapplicable ; Inapplicable ; Inapplicable ; Inapplicable ; Pass      ; Inapplicable ; Inapplicable ;
; clock              ; Inapplicable ; Inapplicable ; Inapplicable ; Inapplicable ; Inapplicable ; Pass      ; Inapplicable ; Inapplicable ; Pass      ; Pass      ; Inapplicable ; Inapplicable ; Inapplicable ; Inapplicable ; Pass         ; Inapplicable ; Inapplicable ; Pass         ; Inapplicable ; Inapplicable ; Inapplicable ; Inapplicable ; Inapplicable ; Inapplicable ; Inapplicable ; Inapplicable ; Inapplicable ; Pass      ; Inapplicable ; Inapplicable ;
; reset              ; Inapplicable ; Inapplicable ; Inapplicable ; Inapplicable ; Inapplicable ; Pass      ; Inapplicable ; Inapplicable ; Pass      ; Pass      ; Inapplicable ; Inapplicable ; Inapplicable ; Inapplicable ; Pass         ; Inapplicable ; Inapplicable ; Pass         ; Inapplicable ; Inapplicable ; Inapplicable ; Inapplicable ; Inapplicable ; Inapplicable ; Inapplicable ; Inapplicable ; Inapplicable ; Pass      ; Inapplicable ; Inapplicable ;
+--------------------+--------------+--------------+--------------+--------------+--------------+-----------+--------------+--------------+-----------+-----------+--------------+--------------+--------------+--------------+--------------+--------------+--------------+--------------+--------------+--------------+--------------+--------------+--------------+--------------+--------------+--------------+--------------+-----------+--------------+--------------+


+---------------------------------------------------------------------------------------------+
; Fitter Device Options                                                                       ;
+------------------------------------------------------------------+--------------------------+
; Option                                                           ; Setting                  ;
+------------------------------------------------------------------+--------------------------+
; Enable user-supplied start-up clock (CLKUSR)                     ; Off                      ;
; Enable device-wide reset (DEV_CLRn)                              ; Off                      ;
; Enable device-wide output enable (DEV_OE)                        ; Off                      ;
; Enable INIT_DONE output                                          ; Off                      ;
; Configuration scheme                                             ; Active Serial            ;
; Error detection CRC                                              ; Off                      ;
; Enable open drain on CRC_ERROR pin                               ; Off                      ;
; Enable input tri-state on active configuration pins in user mode ; Off                      ;
; Configuration Voltage Level                                      ; Auto                     ;
; Force Configuration Voltage Level                                ; Off                      ;
; nCEO                                                             ; As output driving ground ;
; Data[0]                                                          ; As input tri-stated      ;
; Data[1]/ASDO                                                     ; As input tri-stated      ;
; Data[7..2]                                                       ; Unreserved               ;
; FLASH_nCE/nCSO                                                   ; As input tri-stated      ;
; Other Active Parallel pins                                       ; Unreserved               ;
; DCLK                                                             ; As output driving ground ;
; Base pin-out file on sameframe device                            ; Off                      ;
+------------------------------------------------------------------+--------------------------+


+------------------------------------+
; Operating Settings and Conditions  ;
+---------------------------+--------+
; Setting                   ; Value  ;
+---------------------------+--------+
; Nominal Core Voltage      ; 1.20 V ;
; Low Junction Temperature  ; 0 °C   ;
; High Junction Temperature ; 85 °C  ;
+---------------------------+--------+


+---------------------------------------------------------------------+
; Estimated Delay Added for Hold Timing Summary                       ;
+-----------------+-------------------------------+-------------------+
; Source Clock(s) ; Destination Clock(s)          ; Delay Added in ns ;
+-----------------+-------------------------------+-------------------+
; clock           ; DivisorFrequencia:inst4|inst2 ; 30.0              ;
; clock           ; clock                         ; 4.9               ;
; clock           ; clock,I/O                     ; 1.1               ;
+-----------------+-------------------------------+-------------------+
Note: For more information on problematic transfers, consider running the Fitter again with the Optimize hold timing option (Settings Menu) turned off.
This will disable optimization of problematic paths and expose them for further analysis using either the TimeQuest Timing Analyzer or the Classic Timing Analyzer.


+-----------------------------------------------------------------------------------------------------------------------------------------------------------------------------------------------------------------------------------+
; Estimated Delay Added for Hold Timing Details                                                                                                                                                                                     ;
+-----------------------------------------------------------------------------------------------------------------------------------------------------+---------------------------------------------------------+-------------------+
; Source Register                                                                                                                                     ; Destination Register                                    ; Delay Added in ns ;
+-----------------------------------------------------------------------------------------------------------------------------------------------------+---------------------------------------------------------+-------------------+
; DivisorFrequencia:inst4|inst2                                                                                                                       ; DivisorFrequencia:inst4|inst2                           ; 2.735             ;
; DivisorFrequencia:inst4|inst1                                                                                                                       ; DivisorFrequencia:inst4|inst2                           ; 1.367             ;
; instruction_memory:InstructionMemory|rom:MemoriaRom|altsyncram:altsyncram_component|altsyncram_bk91:auto_generated|ram_block1a30~porta_address_reg0 ; bank_reg_32x32bit:BancoRegistradores|reg_pp_32bit:a0|31 ; 1.247             ;
; instruction_memory:InstructionMemory|rom:MemoriaRom|altsyncram:altsyncram_component|altsyncram_bk91:auto_generated|ram_block1a26~porta_address_reg0 ; bank_reg_32x32bit:BancoRegistradores|reg_pp_32bit:a0|31 ; 1.247             ;
; instruction_memory:InstructionMemory|rom:MemoriaRom|altsyncram:altsyncram_component|altsyncram_bk91:auto_generated|ram_block1a27~porta_address_reg0 ; bank_reg_32x32bit:BancoRegistradores|reg_pp_32bit:a0|31 ; 1.247             ;
; instruction_memory:InstructionMemory|rom:MemoriaRom|altsyncram:altsyncram_component|altsyncram_bk91:auto_generated|ram_block1a31~porta_address_reg0 ; bank_reg_32x32bit:BancoRegistradores|reg_pp_32bit:a0|31 ; 1.247             ;
; instruction_memory:InstructionMemory|rom:MemoriaRom|altsyncram:altsyncram_component|altsyncram_bk91:auto_generated|ram_block1a29~porta_address_reg0 ; bank_reg_32x32bit:BancoRegistradores|reg_pp_32bit:a0|31 ; 1.247             ;
; instruction_memory:InstructionMemory|rom:MemoriaRom|altsyncram:altsyncram_component|altsyncram_bk91:auto_generated|ram_block1a28~porta_address_reg0 ; bank_reg_32x32bit:BancoRegistradores|reg_pp_32bit:a0|31 ; 1.247             ;
; instruction_memory:InstructionMemory|rom:MemoriaRom|altsyncram:altsyncram_component|altsyncram_bk91:auto_generated|ram_block1a13~porta_address_reg0 ; bank_reg_32x32bit:BancoRegistradores|reg_pp_32bit:a0|31 ; 0.834             ;
; instruction_memory:InstructionMemory|rom:MemoriaRom|altsyncram:altsyncram_component|altsyncram_bk91:auto_generated|ram_block1a12~porta_address_reg0 ; bank_reg_32x32bit:BancoRegistradores|reg_pp_32bit:a0|31 ; 0.834             ;
; instruction_memory:InstructionMemory|rom:MemoriaRom|altsyncram:altsyncram_component|altsyncram_bk91:auto_generated|ram_block1a17~porta_address_reg0 ; bank_reg_32x32bit:BancoRegistradores|reg_pp_32bit:a0|31 ; 0.834             ;
; instruction_memory:InstructionMemory|rom:MemoriaRom|altsyncram:altsyncram_component|altsyncram_bk91:auto_generated|ram_block1a11~porta_address_reg0 ; bank_reg_32x32bit:BancoRegistradores|reg_pp_32bit:a0|31 ; 0.834             ;
; instruction_memory:InstructionMemory|rom:MemoriaRom|altsyncram:altsyncram_component|altsyncram_bk91:auto_generated|ram_block1a16~porta_address_reg0 ; bank_reg_32x32bit:BancoRegistradores|reg_pp_32bit:a0|31 ; 0.834             ;
; instruction_memory:InstructionMemory|rom:MemoriaRom|altsyncram:altsyncram_component|altsyncram_bk91:auto_generated|ram_block1a14~porta_address_reg0 ; bank_reg_32x32bit:BancoRegistradores|reg_pp_32bit:a0|31 ; 0.834             ;
; instruction_memory:InstructionMemory|rom:MemoriaRom|altsyncram:altsyncram_component|altsyncram_bk91:auto_generated|ram_block1a19~porta_address_reg0 ; bank_reg_32x32bit:BancoRegistradores|reg_pp_32bit:a0|31 ; 0.834             ;
; instruction_memory:InstructionMemory|rom:MemoriaRom|altsyncram:altsyncram_component|altsyncram_bk91:auto_generated|ram_block1a20~porta_address_reg0 ; bank_reg_32x32bit:BancoRegistradores|reg_pp_32bit:a0|31 ; 0.834             ;
; instruction_memory:InstructionMemory|rom:MemoriaRom|altsyncram:altsyncram_component|altsyncram_bk91:auto_generated|ram_block1a15~porta_address_reg0 ; bank_reg_32x32bit:BancoRegistradores|reg_pp_32bit:a0|31 ; 0.834             ;
; instruction_memory:InstructionMemory|rom:MemoriaRom|altsyncram:altsyncram_component|altsyncram_bk91:auto_generated|ram_block1a18~porta_address_reg0 ; bank_reg_32x32bit:BancoRegistradores|reg_pp_32bit:a0|31 ; 0.834             ;
+-----------------------------------------------------------------------------------------------------------------------------------------------------+---------------------------------------------------------+-------------------+
Note: This table only shows the top 18 path(s) that have the largest delay added for hold.


+-----------------+
; Fitter Messages ;
+-----------------+
Info (20030): Parallel compilation is enabled and will use 4 of the 4 processors detected
Info (119004): Automatically selected device EP3C16F484C6 for design MIPS
Info (119005): Fitting design with smaller device may be possible, but smaller device must be specified
Info (21076): High junction temperature operating condition is not set. Assuming a default value of '85'.
Info (21076): Low junction temperature operating condition is not set. Assuming a default value of '0'.
Info (171003): Fitter is performing an Auto Fit compilation, which may decrease Fitter effort to reduce compilation time
Info (176444): Device migration not selected. If you intend to use device migration later, you may need to change the pin assignments as they may be incompatible with other devices
    Info (176445): Device EP3C40F484C6 is compatible
    Info (176445): Device EP3C55F484C6 is compatible
    Info (176445): Device EP3C80F484C6 is compatible
Info (169124): Fitter converted 5 user pins into dedicated programming pins
    Info (169125): Pin ~ALTERA_ASDO_DATA1~ is reserved at location D1
    Info (169125): Pin ~ALTERA_FLASH_nCE_nCSO~ is reserved at location E2
    Info (169125): Pin ~ALTERA_DCLK~ is reserved at location K2
    Info (169125): Pin ~ALTERA_DATA0~ is reserved at location K1
    Info (169125): Pin ~ALTERA_nCEO~ is reserved at location K22
Warning (15714): Some pins have incomplete I/O assignments. Refer to the I/O Assignment Warnings report for details
Info (176045): Design uses memory blocks. Violating setup or hold times of memory block address registers for either read or write operations could cause memory contents to be corrupted. Make sure that all memory block address registers meet the setup and hold time requirements.
Critical Warning (169085): No exact pin location assignment(s) for 158 pins of 158 total pins
    Info (169086): Pin Branch not assigned to an exact location on the device
    Info (169086): Pin Instruction[31] not assigned to an exact location on the device
    Info (169086): Pin Instruction[30] not assigned to an exact location on the device
    Info (169086): Pin Instruction[29] not assigned to an exact location on the device
    Info (169086): Pin Instruction[28] not assigned to an exact location on the device
    Info (169086): Pin Instruction[27] not assigned to an exact location on the device
    Info (169086): Pin Instruction[26] not assigned to an exact location on the device
    Info (169086): Pin Instruction[25] not assigned to an exact location on the device
    Info (169086): Pin Instruction[24] not assigned to an exact location on the device
    Info (169086): Pin Instruction[23] not assigned to an exact location on the device
    Info (169086): Pin Instruction[22] not assigned to an exact location on the device
    Info (169086): Pin Instruction[21] not assigned to an exact location on the device
    Info (169086): Pin Instruction[20] not assigned to an exact location on the device
    Info (169086): Pin Instruction[19] not assigned to an exact location on the device
    Info (169086): Pin Instruction[18] not assigned to an exact location on the device
    Info (169086): Pin Instruction[17] not assigned to an exact location on the device
    Info (169086): Pin Instruction[16] not assigned to an exact location on the device
    Info (169086): Pin Instruction[15] not assigned to an exact location on the device
    Info (169086): Pin Instruction[14] not assigned to an exact location on the device
    Info (169086): Pin Instruction[13] not assigned to an exact location on the device
    Info (169086): Pin Instruction[12] not assigned to an exact location on the device
    Info (169086): Pin Instruction[11] not assigned to an exact location on the device
    Info (169086): Pin Instruction[10] not assigned to an exact location on the device
    Info (169086): Pin Instruction[9] not assigned to an exact location on the device
    Info (169086): Pin Instruction[8] not assigned to an exact location on the device
    Info (169086): Pin Instruction[7] not assigned to an exact location on the device
    Info (169086): Pin Instruction[6] not assigned to an exact location on the device
    Info (169086): Pin Instruction[5] not assigned to an exact location on the device
    Info (169086): Pin Instruction[4] not assigned to an exact location on the device
    Info (169086): Pin Instruction[3] not assigned to an exact location on the device
    Info (169086): Pin Instruction[2] not assigned to an exact location on the device
    Info (169086): Pin Instruction[1] not assigned to an exact location on the device
    Info (169086): Pin Instruction[0] not assigned to an exact location on the device
    Info (169086): Pin PC[31] not assigned to an exact location on the device
    Info (169086): Pin PC[30] not assigned to an exact location on the device
    Info (169086): Pin PC[29] not assigned to an exact location on the device
    Info (169086): Pin PC[28] not assigned to an exact location on the device
    Info (169086): Pin PC[27] not assigned to an exact location on the device
    Info (169086): Pin PC[26] not assigned to an exact location on the device
    Info (169086): Pin PC[25] not assigned to an exact location on the device
    Info (169086): Pin PC[24] not assigned to an exact location on the device
    Info (169086): Pin PC[23] not assigned to an exact location on the device
    Info (169086): Pin PC[22] not assigned to an exact location on the device
    Info (169086): Pin PC[21] not assigned to an exact location on the device
    Info (169086): Pin PC[20] not assigned to an exact location on the device
    Info (169086): Pin PC[19] not assigned to an exact location on the device
    Info (169086): Pin PC[18] not assigned to an exact location on the device
    Info (169086): Pin PC[17] not assigned to an exact location on the device
    Info (169086): Pin PC[16] not assigned to an exact location on the device
    Info (169086): Pin PC[15] not assigned to an exact location on the device
    Info (169086): Pin PC[14] not assigned to an exact location on the device
    Info (169086): Pin PC[13] not assigned to an exact location on the device
    Info (169086): Pin PC[12] not assigned to an exact location on the device
    Info (169086): Pin PC[11] not assigned to an exact location on the device
    Info (169086): Pin PC[10] not assigned to an exact location on the device
    Info (169086): Pin PC[9] not assigned to an exact location on the device
    Info (169086): Pin PC[8] not assigned to an exact location on the device
    Info (169086): Pin PC[7] not assigned to an exact location on the device
    Info (169086): Pin PC[6] not assigned to an exact location on the device
    Info (169086): Pin PC[5] not assigned to an exact location on the device
    Info (169086): Pin PC[4] not assigned to an exact location on the device
    Info (169086): Pin PC[3] not assigned to an exact location on the device
    Info (169086): Pin PC[2] not assigned to an exact location on the device
    Info (169086): Pin PC[1] not assigned to an exact location on the device
    Info (169086): Pin PC[0] not assigned to an exact location on the device
    Info (169086): Pin RegDst not assigned to an exact location on the device
    Info (169086): Pin Operation[2] not assigned to an exact location on the device
    Info (169086): Pin Operation[1] not assigned to an exact location on the device
    Info (169086): Pin Operation[0] not assigned to an exact location on the device
    Info (169086): Pin ALUOp[1] not assigned to an exact location on the device
    Info (169086): Pin ALUOp[0] not assigned to an exact location on the device
    Info (169086): Pin RegWrite not assigned to an exact location on the device
    Info (169086): Pin MemToReg not assigned to an exact location on the device
    Info (169086): Pin MemWrite not assigned to an exact location on the device
    Info (169086): Pin ALUSrc not assigned to an exact location on the device
    Info (169086): Pin clkSys not assigned to an exact location on the device
    Info (169086): Pin function[5] not assigned to an exact location on the device
    Info (169086): Pin function[4] not assigned to an exact location on the device
    Info (169086): Pin function[3] not assigned to an exact location on the device
    Info (169086): Pin function[2] not assigned to an exact location on the device
    Info (169086): Pin function[1] not assigned to an exact location on the device
    Info (169086): Pin function[0] not assigned to an exact location on the device
    Info (169086): Pin imed16[15] not assigned to an exact location on the device
    Info (169086): Pin imed16[14] not assigned to an exact location on the device
    Info (169086): Pin imed16[13] not assigned to an exact location on the device
    Info (169086): Pin imed16[12] not assigned to an exact location on the device
    Info (169086): Pin imed16[11] not assigned to an exact location on the device
    Info (169086): Pin imed16[10] not assigned to an exact location on the device
    Info (169086): Pin imed16[9] not assigned to an exact location on the device
    Info (169086): Pin imed16[8] not assigned to an exact location on the device
    Info (169086): Pin imed16[7] not assigned to an exact location on the device
    Info (169086): Pin imed16[6] not assigned to an exact location on the device
    Info (169086): Pin imed16[5] not assigned to an exact location on the device
    Info (169086): Pin imed16[4] not assigned to an exact location on the device
    Info (169086): Pin imed16[3] not assigned to an exact location on the device
    Info (169086): Pin imed16[2] not assigned to an exact location on the device
    Info (169086): Pin imed16[1] not assigned to an exact location on the device
    Info (169086): Pin imed16[0] not assigned to an exact location on the device
    Info (169086): Pin nextPC[31] not assigned to an exact location on the device
    Info (169086): Pin nextPC[30] not assigned to an exact location on the device
    Info (169086): Pin nextPC[29] not assigned to an exact location on the device
    Info (169086): Pin nextPC[28] not assigned to an exact location on the device
    Info (169086): Pin nextPC[27] not assigned to an exact location on the device
    Info (169086): Pin nextPC[26] not assigned to an exact location on the device
    Info (169086): Pin nextPC[25] not assigned to an exact location on the device
    Info (169086): Pin nextPC[24] not assigned to an exact location on the device
    Info (169086): Pin nextPC[23] not assigned to an exact location on the device
    Info (169086): Pin nextPC[22] not assigned to an exact location on the device
    Info (169086): Pin nextPC[21] not assigned to an exact location on the device
    Info (169086): Pin nextPC[20] not assigned to an exact location on the device
    Info (169086): Pin nextPC[19] not assigned to an exact location on the device
    Info (169086): Pin nextPC[18] not assigned to an exact location on the device
    Info (169086): Pin nextPC[17] not assigned to an exact location on the device
    Info (169086): Pin nextPC[16] not assigned to an exact location on the device
    Info (169086): Pin nextPC[15] not assigned to an exact location on the device
    Info (169086): Pin nextPC[14] not assigned to an exact location on the device
    Info (169086): Pin nextPC[13] not assigned to an exact location on the device
    Info (169086): Pin nextPC[12] not assigned to an exact location on the device
    Info (169086): Pin nextPC[11] not assigned to an exact location on the device
    Info (169086): Pin nextPC[10] not assigned to an exact location on the device
    Info (169086): Pin nextPC[9] not assigned to an exact location on the device
    Info (169086): Pin nextPC[8] not assigned to an exact location on the device
    Info (169086): Pin nextPC[7] not assigned to an exact location on the device
    Info (169086): Pin nextPC[6] not assigned to an exact location on the device
    Info (169086): Pin nextPC[5] not assigned to an exact location on the device
    Info (169086): Pin nextPC[4] not assigned to an exact location on the device
    Info (169086): Pin nextPC[3] not assigned to an exact location on the device
    Info (169086): Pin nextPC[2] not assigned to an exact location on the device
    Info (169086): Pin nextPC[1] not assigned to an exact location on the device
    Info (169086): Pin nextPC[0] not assigned to an exact location on the device
    Info (169086): Pin op[31] not assigned to an exact location on the device
    Info (169086): Pin op[30] not assigned to an exact location on the device
    Info (169086): Pin op[29] not assigned to an exact location on the device
    Info (169086): Pin op[28] not assigned to an exact location on the device
    Info (169086): Pin op[27] not assigned to an exact location on the device
    Info (169086): Pin op[26] not assigned to an exact location on the device
    Info (169086): Pin rd[15] not assigned to an exact location on the device
    Info (169086): Pin rd[14] not assigned to an exact location on the device
    Info (169086): Pin rd[13] not assigned to an exact location on the device
    Info (169086): Pin rd[12] not assigned to an exact location on the device
    Info (169086): Pin rd[11] not assigned to an exact location on the device
    Info (169086): Pin rs[25] not assigned to an exact location on the device
    Info (169086): Pin rs[24] not assigned to an exact location on the device
    Info (169086): Pin rs[23] not assigned to an exact location on the device
    Info (169086): Pin rs[22] not assigned to an exact location on the device
    Info (169086): Pin rs[21] not assigned to an exact location on the device
    Info (169086): Pin rt[20] not assigned to an exact location on the device
    Info (169086): Pin rt[19] not assigned to an exact location on the device
    Info (169086): Pin rt[18] not assigned to an exact location on the device
    Info (169086): Pin rt[17] not assigned to an exact location on the device
    Info (169086): Pin rt[16] not assigned to an exact location on the device
    Info (169086): Pin shamt[10] not assigned to an exact location on the device
    Info (169086): Pin shamt[9] not assigned to an exact location on the device
    Info (169086): Pin shamt[8] not assigned to an exact location on the device
    Info (169086): Pin shamt[7] not assigned to an exact location on the device
    Info (169086): Pin shamt[6] not assigned to an exact location on the device
    Info (169086): Pin clock not assigned to an exact location on the device
    Info (169086): Pin reset not assigned to an exact location on the device
Critical Warning (332012): Synopsys Design Constraints File file not found: 'MIPS.sdc'. A Synopsys Design Constraints File is required by the TimeQuest Timing Analyzer to get proper timing constraints. Without it, the Compiler will not properly optimize the design.
Info (332144): No user constrained base clocks found in the design
Info (332143): No user constrained clock uncertainty found in the design. Calling "derive_clock_uncertainty"
Info (332123): Deriving Clock Uncertainty. Please refer to report_sdc in TimeQuest to see clock uncertainties.
Info (332130): Timing requirements not specified -- quality metrics such as performance may be sacrificed to reduce compilation time.
Info (176353): Automatically promoted node clock~input (placed in PIN G2 (CLK0, DIFFCLK_0p))
    Info (176355): Automatically promoted destinations to use location or clock signal Global Clock CLKCTRL_G4
Info (176353): Automatically promoted node DivisorFrequencia:inst4|inst2 
    Info (176355): Automatically promoted destinations to use location or clock signal Global Clock
    Info (176356): Following destination nodes may be non-global or may not use global or regional clocks
        Info (176357): Destination node control:inst2|inst12~1
        Info (176357): Destination node control:inst2|116~0
        Info (176357): Destination node DivisorFrequencia:inst4|inst2~0
        Info (176357): Destination node clkSys~output
Info (176353): Automatically promoted node reset~input (placed in PIN G1 (CLK1, DIFFCLK_0n))
    Info (176355): Automatically promoted destinations to use location or clock signal Global Clock CLKCTRL_G2
Info (176233): Starting register packing
Info (176235): Finished register packing
    Extra Info (176219): No registers were packed into other blocks
Info (176214): Statistics of I/O pins that need to be placed that use the same VCCIO and VREF, before I/O pin placement
    Info (176211): Number of I/O pins in group: 156 (unused VREF, 3.3V VCCIO, 0 input, 156 output, 0 bidirectional)
        Info (176212): I/O standards used: 3.3-V LVTTL.
Info (176215): I/O bank details before I/O pin placement
    Info (176214): Statistics of I/O banks
        Info (176213): I/O bank number 1 does not use VREF pins and has undetermined VCCIO pins. 6 total pin(s) used --  27 pins available
        Info (176213): I/O bank number 2 does not use VREF pins and has undetermined VCCIO pins. 0 total pin(s) used --  48 pins available
        Info (176213): I/O bank number 3 does not use VREF pins and has undetermined VCCIO pins. 0 total pin(s) used --  46 pins available
        Info (176213): I/O bank number 4 does not use VREF pins and has undetermined VCCIO pins. 0 total pin(s) used --  41 pins available
        Info (176213): I/O bank number 5 does not use VREF pins and has undetermined VCCIO pins. 0 total pin(s) used --  46 pins available
        Info (176213): I/O bank number 6 does not use VREF pins and has undetermined VCCIO pins. 1 total pin(s) used --  42 pins available
        Info (176213): I/O bank number 7 does not use VREF pins and has undetermined VCCIO pins. 0 total pin(s) used --  47 pins available
        Info (176213): I/O bank number 8 does not use VREF pins and has undetermined VCCIO pins. 0 total pin(s) used --  43 pins available
Info (171121): Fitter preparation operations ending: elapsed time is 00:00:03
Info (170189): Fitter placement preparation operations beginning
Info (170190): Fitter placement preparation operations ending: elapsed time is 00:00:01
Info (170191): Fitter placement operations beginning
Info (170137): Fitter placement was successful
Info (170192): Fitter placement operations ending: elapsed time is 00:00:09
Info (170193): Fitter routing operations beginning
Info (170195): Router estimated average interconnect usage is 7% of the available device resources
    Info (170196): Router estimated peak interconnect usage is 53% of the available device resources in the region that extends from location X21_Y10 to location X30_Y19
Info (170194): Fitter routing operations ending: elapsed time is 00:00:15
Info (170199): The Fitter performed an Auto Fit compilation.  Optimizations were skipped to reduce compilation time.
    Info (170201): Optimizations that may affect the design's routability were skipped
Info (11888): Total time spent on timing analysis during the Fitter is 6.27 seconds.
Info (334003): Started post-fitting delay annotation
Info (334004): Delay annotation completed successfully
Info (334003): Started post-fitting delay annotation
Info (334004): Delay annotation completed successfully
Info (11218): Fitter post-fit operations ending: elapsed time is 00:00:03
Warning (169177): 2 pins must meet Altera requirements for 3.3-, 3.0-, and 2.5-V interfaces. For more information, refer to AN 447: Interfacing Cyclone III Devices with 3.3/3.0/2.5-V LVTTL/LVCMOS I/O Systems.
    Info (169178): Pin clock uses I/O standard 3.3-V LVTTL at G2
    Info (169178): Pin reset uses I/O standard 3.3-V LVTTL at G1
Info (144001): Generated suppressed messages file C:/Users/Gustavo/Desktop/MIPS_restored/MIPS.fit.smsg
Info: Quartus II 64-Bit Fitter was successful. 0 errors, 4 warnings
    Info: Peak virtual memory: 5273 megabytes
    Info: Processing ended: Thu Jul 09 14:01:51 2020
    Info: Elapsed time: 00:00:37
    Info: Total CPU time (on all processors): 00:00:43


+----------------------------+
; Fitter Suppressed Messages ;
+----------------------------+
The suppressed messages can be found in C:/Users/Gustavo/Desktop/MIPS_restored/MIPS.fit.smsg.


