TimeQuest Timing Analyzer report for MIPS
Thu Jul 09 14:02:01 2020
Quartus II 64-Bit Version 13.0.1 Build 232 06/12/2013 Service Pack 1 SJ Full Version


---------------------
; Table of Contents ;
---------------------
  1. Legal Notice
  2. TimeQuest Timing Analyzer Summary
  3. Parallel Compilation
  4. Clocks
  5. Slow 1200mV 85C Model Fmax Summary
  6. Timing Closure Recommendations
  7. Slow 1200mV 85C Model Setup Summary
  8. Slow 1200mV 85C Model Hold Summary
  9. Slow 1200mV 85C Model Recovery Summary
 10. Slow 1200mV 85C Model Removal Summary
 11. Slow 1200mV 85C Model Minimum Pulse Width Summary
 12. Slow 1200mV 85C Model Setup: 'DivisorFrequencia:inst4|inst2'
 13. Slow 1200mV 85C Model Setup: 'clock'
 14. Slow 1200mV 85C Model Hold: 'DivisorFrequencia:inst4|inst2'
 15. Slow 1200mV 85C Model Hold: 'clock'
 16. Slow 1200mV 85C Model Minimum Pulse Width: 'clock'
 17. Slow 1200mV 85C Model Minimum Pulse Width: 'DivisorFrequencia:inst4|inst2'
 18. Clock to Output Times
 19. Minimum Clock to Output Times
 20. Slow 1200mV 85C Model Metastability Report
 21. Slow 1200mV 0C Model Fmax Summary
 22. Slow 1200mV 0C Model Setup Summary
 23. Slow 1200mV 0C Model Hold Summary
 24. Slow 1200mV 0C Model Recovery Summary
 25. Slow 1200mV 0C Model Removal Summary
 26. Slow 1200mV 0C Model Minimum Pulse Width Summary
 27. Slow 1200mV 0C Model Setup: 'DivisorFrequencia:inst4|inst2'
 28. Slow 1200mV 0C Model Setup: 'clock'
 29. Slow 1200mV 0C Model Hold: 'DivisorFrequencia:inst4|inst2'
 30. Slow 1200mV 0C Model Hold: 'clock'
 31. Slow 1200mV 0C Model Minimum Pulse Width: 'clock'
 32. Slow 1200mV 0C Model Minimum Pulse Width: 'DivisorFrequencia:inst4|inst2'
 33. Clock to Output Times
 34. Minimum Clock to Output Times
 35. Slow 1200mV 0C Model Metastability Report
 36. Fast 1200mV 0C Model Setup Summary
 37. Fast 1200mV 0C Model Hold Summary
 38. Fast 1200mV 0C Model Recovery Summary
 39. Fast 1200mV 0C Model Removal Summary
 40. Fast 1200mV 0C Model Minimum Pulse Width Summary
 41. Fast 1200mV 0C Model Setup: 'DivisorFrequencia:inst4|inst2'
 42. Fast 1200mV 0C Model Setup: 'clock'
 43. Fast 1200mV 0C Model Hold: 'clock'
 44. Fast 1200mV 0C Model Hold: 'DivisorFrequencia:inst4|inst2'
 45. Fast 1200mV 0C Model Minimum Pulse Width: 'clock'
 46. Fast 1200mV 0C Model Minimum Pulse Width: 'DivisorFrequencia:inst4|inst2'
 47. Clock to Output Times
 48. Minimum Clock to Output Times
 49. Fast 1200mV 0C Model Metastability Report
 50. Multicorner Timing Analysis Summary
 51. Clock to Output Times
 52. Minimum Clock to Output Times
 53. Board Trace Model Assignments
 54. Input Transition Times
 55. Slow Corner Signal Integrity Metrics
 56. Fast Corner Signal Integrity Metrics
 57. Setup Transfers
 58. Hold Transfers
 59. Report TCCS
 60. Report RSKM
 61. Unconstrained Paths
 62. TimeQuest Timing Analyzer Messages



----------------
; Legal Notice ;
----------------
Copyright (C) 1991-2013 Altera Corporation
Your use of Altera Corporation's design tools, logic functions 
and other software and tools, and its AMPP partner logic 
functions, and any output files from any of the foregoing 
(including device programming or simulation files), and any 
associated documentation or information are expressly subject 
to the terms and conditions of the Altera Program License 
Subscription Agreement, Altera MegaCore Function License 
Agreement, or other applicable license agreement, including, 
without limitation, that your use is for the sole purpose of 
programming logic devices manufactured by Altera and sold by 
Altera or its authorized distributors.  Please refer to the 
applicable agreement for further details.



+-----------------------------------------------------------------------------------------+
; TimeQuest Timing Analyzer Summary                                                       ;
+--------------------+--------------------------------------------------------------------+
; Quartus II Version ; Version 13.0.1 Build 232 06/12/2013 Service Pack 1 SJ Full Version ;
; Revision Name      ; MIPS                                                               ;
; Device Family      ; Cyclone III                                                        ;
; Device Name        ; EP3C16F484C6                                                       ;
; Timing Models      ; Final                                                              ;
; Delay Model        ; Combined                                                           ;
; Rise/Fall Delays   ; Enabled                                                            ;
+--------------------+--------------------------------------------------------------------+


+------------------------------------------+
; Parallel Compilation                     ;
+----------------------------+-------------+
; Processors                 ; Number      ;
+----------------------------+-------------+
; Number detected on machine ; 4           ;
; Maximum allowed            ; 4           ;
;                            ;             ;
; Average used               ; 1.00        ;
; Maximum used               ; 4           ;
;                            ;             ;
; Usage by Processor         ; % Time Used ;
;     Processor 1            ; 100.0%      ;
;     Processors 2-4         ; < 0.1%      ;
+----------------------------+-------------+


+------------------------------------------------------------------------------------------------------------------------------------------------------------------------------------------------------------------------------+
; Clocks                                                                                                                                                                                                                       ;
+-------------------------------+------+--------+------------+-------+-------+------------+-----------+-------------+-------+--------+-----------+------------+----------+--------+--------+-----------------------------------+
; Clock Name                    ; Type ; Period ; Frequency  ; Rise  ; Fall  ; Duty Cycle ; Divide by ; Multiply by ; Phase ; Offset ; Edge List ; Edge Shift ; Inverted ; Master ; Source ; Targets                           ;
+-------------------------------+------+--------+------------+-------+-------+------------+-----------+-------------+-------+--------+-----------+------------+----------+--------+--------+-----------------------------------+
; clock                         ; Base ; 1.000  ; 1000.0 MHz ; 0.000 ; 0.500 ;            ;           ;             ;       ;        ;           ;            ;          ;        ;        ; { clock }                         ;
; DivisorFrequencia:inst4|inst2 ; Base ; 1.000  ; 1000.0 MHz ; 0.000 ; 0.500 ;            ;           ;             ;       ;        ;           ;            ;          ;        ;        ; { DivisorFrequencia:inst4|inst2 } ;
+-------------------------------+------+--------+------------+-------+-------+------------+-----------+-------------+-------+--------+-----------+------------+----------+--------+--------+-----------------------------------+


+--------------------------------------------------------------------+
; Slow 1200mV 85C Model Fmax Summary                                 ;
+-----------+-----------------+-------------------------------+------+
; Fmax      ; Restricted Fmax ; Clock Name                    ; Note ;
+-----------+-----------------+-------------------------------+------+
; 53.34 MHz ; 53.34 MHz       ; DivisorFrequencia:inst4|inst2 ;      ;
; 79.96 MHz ; 79.96 MHz       ; clock                         ;      ;
+-----------+-----------------+-------------------------------+------+
This panel reports FMAX for every clock in the design, regardless of the user-specified clock periods.  FMAX is only computed for paths where the source and destination registers or ports are driven by the same clock.  Paths of different clocks, including generated clocks, are ignored.  For paths between a clock and its inversion, FMAX is computed as if the rising and falling edges are scaled along with FMAX, such that the duty cycle (in terms of a percentage) is maintained. Altera recommends that you always use clock constraints and other slack reports for sign-off analysis.


----------------------------------
; Timing Closure Recommendations ;
----------------------------------
HTML report is unavailable in plain text report export.


+---------------------------------------------------------+
; Slow 1200mV 85C Model Setup Summary                     ;
+-------------------------------+---------+---------------+
; Clock                         ; Slack   ; End Point TNS ;
+-------------------------------+---------+---------------+
; DivisorFrequencia:inst4|inst2 ; -21.732 ; -17513.378    ;
; clock                         ; -11.506 ; -57.463       ;
+-------------------------------+---------+---------------+


+-------------------------------------------------------+
; Slow 1200mV 85C Model Hold Summary                    ;
+-------------------------------+-------+---------------+
; Clock                         ; Slack ; End Point TNS ;
+-------------------------------+-------+---------------+
; DivisorFrequencia:inst4|inst2 ; 0.085 ; 0.000         ;
; clock                         ; 0.346 ; 0.000         ;
+-------------------------------+-------+---------------+


------------------------------------------
; Slow 1200mV 85C Model Recovery Summary ;
------------------------------------------
No paths to report.


-----------------------------------------
; Slow 1200mV 85C Model Removal Summary ;
-----------------------------------------
No paths to report.


+--------------------------------------------------------+
; Slow 1200mV 85C Model Minimum Pulse Width Summary      ;
+-------------------------------+--------+---------------+
; Clock                         ; Slack  ; End Point TNS ;
+-------------------------------+--------+---------------+
; clock                         ; -3.000 ; -21.218       ;
; DivisorFrequencia:inst4|inst2 ; -1.000 ; -1024.000     ;
+-------------------------------+--------+---------------+


+----------------------------------------------------------------------------------------------------------------------------------------------------------------------------------------------------------------------------------------------------------------------------------------------------------------+
; Slow 1200mV 85C Model Setup: 'DivisorFrequencia:inst4|inst2'                                                                                                                                                                                                                                                   ;
+---------+----------------------------------------------------------------------------------------------------------------------------------------------------+---------------------------------------------------------+--------------+-------------------------------+--------------+------------+------------+
; Slack   ; From Node                                                                                                                                          ; To Node                                                 ; Launch Clock ; Latch Clock                   ; Relationship ; Clock Skew ; Data Delay ;
+---------+----------------------------------------------------------------------------------------------------------------------------------------------------+---------------------------------------------------------+--------------+-------------------------------+--------------+------------+------------+
; -21.732 ; instruction_memory:InstructionMemory|rom:MemoriaRom|altsyncram:altsyncram_component|altsyncram_bk91:auto_generated|ram_block1a0~porta_address_reg0 ; bank_reg_32x32bit:BancoRegistradores|reg_pp_32bit:a0|31 ; clock        ; DivisorFrequencia:inst4|inst2 ; 0.500        ; -0.287     ; 21.930     ;
; -21.714 ; instruction_memory:InstructionMemory|rom:MemoriaRom|altsyncram:altsyncram_component|altsyncram_bk91:auto_generated|ram_block1a0~porta_address_reg0 ; bank_reg_32x32bit:BancoRegistradores|reg_pp_32bit:fp|31 ; clock        ; DivisorFrequencia:inst4|inst2 ; 0.500        ; -0.282     ; 21.917     ;
; -21.680 ; instruction_memory:InstructionMemory|rom:MemoriaRom|altsyncram:altsyncram_component|altsyncram_bk91:auto_generated|ram_block1a0~porta_address_reg0 ; bank_reg_32x32bit:BancoRegistradores|reg_pp_32bit:s0|31 ; clock        ; DivisorFrequencia:inst4|inst2 ; 0.500        ; -0.282     ; 21.883     ;
; -21.678 ; instruction_memory:InstructionMemory|rom:MemoriaRom|altsyncram:altsyncram_component|altsyncram_bk91:auto_generated|ram_block1a0~porta_address_reg0 ; bank_reg_32x32bit:BancoRegistradores|reg_pp_32bit:gp|31 ; clock        ; DivisorFrequencia:inst4|inst2 ; 0.500        ; -0.282     ; 21.881     ;
; -21.642 ; instruction_memory:InstructionMemory|rom:MemoriaRom|altsyncram:altsyncram_component|altsyncram_bk91:auto_generated|ram_block1a0~porta_address_reg0 ; bank_reg_32x32bit:BancoRegistradores|reg_pp_32bit:s4|31 ; clock        ; DivisorFrequencia:inst4|inst2 ; 0.500        ; -0.282     ; 21.845     ;
; -21.610 ; instruction_memory:InstructionMemory|rom:MemoriaRom|altsyncram:altsyncram_component|altsyncram_bk91:auto_generated|ram_block1a0~porta_address_reg0 ; bank_reg_32x32bit:BancoRegistradores|reg_pp_32bit:a3|31 ; clock        ; DivisorFrequencia:inst4|inst2 ; 0.500        ; -0.287     ; 21.808     ;
; -21.559 ; instruction_memory:InstructionMemory|rom:MemoriaRom|altsyncram:altsyncram_component|altsyncram_bk91:auto_generated|ram_block1a0~porta_address_reg0 ; bank_reg_32x32bit:BancoRegistradores|reg_pp_32bit:a1|31 ; clock        ; DivisorFrequencia:inst4|inst2 ; 0.500        ; -0.274     ; 21.770     ;
; -21.559 ; instruction_memory:InstructionMemory|rom:MemoriaRom|altsyncram:altsyncram_component|altsyncram_bk91:auto_generated|ram_block1a0~porta_address_reg0 ; bank_reg_32x32bit:BancoRegistradores|reg_pp_32bit:a2|31 ; clock        ; DivisorFrequencia:inst4|inst2 ; 0.500        ; -0.274     ; 21.770     ;
; -21.530 ; instruction_memory:InstructionMemory|rom:MemoriaRom|altsyncram:altsyncram_component|altsyncram_bk91:auto_generated|ram_block1a0~porta_address_reg0 ; bank_reg_32x32bit:BancoRegistradores|reg_pp_32bit:v0|31 ; clock        ; DivisorFrequencia:inst4|inst2 ; 0.500        ; -0.266     ; 21.749     ;
; -21.527 ; instruction_memory:InstructionMemory|rom:MemoriaRom|altsyncram:altsyncram_component|altsyncram_bk91:auto_generated|ram_block1a0~porta_address_reg0 ; bank_reg_32x32bit:BancoRegistradores|reg_pp_32bit:v1|31 ; clock        ; DivisorFrequencia:inst4|inst2 ; 0.500        ; -0.266     ; 21.746     ;
; -21.472 ; instruction_memory:InstructionMemory|rom:MemoriaRom|altsyncram:altsyncram_component|altsyncram_bk91:auto_generated|ram_block1a0~porta_address_reg0 ; program_counter:ProgramCounter|lpm_dff:133|dffs[6]      ; clock        ; DivisorFrequencia:inst4|inst2 ; 0.500        ; 0.068      ; 22.025     ;
; -21.460 ; instruction_memory:InstructionMemory|rom:MemoriaRom|altsyncram:altsyncram_component|altsyncram_bk91:auto_generated|ram_block1a0~porta_address_reg0 ; bank_reg_32x32bit:BancoRegistradores|reg_pp_32bit:s2|31 ; clock        ; DivisorFrequencia:inst4|inst2 ; 0.500        ; -0.290     ; 21.655     ;
; -21.436 ; instruction_memory:InstructionMemory|rom:MemoriaRom|altsyncram:altsyncram_component|altsyncram_bk91:auto_generated|ram_block1a0~porta_address_reg0 ; bank_reg_32x32bit:BancoRegistradores|reg_pp_32bit:t5|31 ; clock        ; DivisorFrequencia:inst4|inst2 ; 0.500        ; -0.296     ; 21.625     ;
; -21.434 ; instruction_memory:InstructionMemory|rom:MemoriaRom|altsyncram:altsyncram_component|altsyncram_bk91:auto_generated|ram_block1a0~porta_address_reg0 ; bank_reg_32x32bit:BancoRegistradores|reg_pp_32bit:k0|31 ; clock        ; DivisorFrequencia:inst4|inst2 ; 0.500        ; -0.294     ; 21.625     ;
; -21.434 ; instruction_memory:InstructionMemory|rom:MemoriaRom|altsyncram:altsyncram_component|altsyncram_bk91:auto_generated|ram_block1a0~porta_address_reg0 ; bank_reg_32x32bit:BancoRegistradores|reg_pp_32bit:t8|31 ; clock        ; DivisorFrequencia:inst4|inst2 ; 0.500        ; -0.294     ; 21.625     ;
; -21.434 ; instruction_memory:InstructionMemory|rom:MemoriaRom|altsyncram:altsyncram_component|altsyncram_bk91:auto_generated|ram_block1a0~porta_address_reg0 ; bank_reg_32x32bit:BancoRegistradores|reg_pp_32bit:t7|31 ; clock        ; DivisorFrequencia:inst4|inst2 ; 0.500        ; -0.296     ; 21.623     ;
; -21.422 ; instruction_memory:InstructionMemory|rom:MemoriaRom|altsyncram:altsyncram_component|altsyncram_bk91:auto_generated|ram_block1a0~porta_address_reg0 ; bank_reg_32x32bit:BancoRegistradores|reg_pp_32bit:s6|00 ; clock        ; DivisorFrequencia:inst4|inst2 ; 0.500        ; -0.295     ; 21.612     ;
; -21.422 ; instruction_memory:InstructionMemory|rom:MemoriaRom|altsyncram:altsyncram_component|altsyncram_bk91:auto_generated|ram_block1a0~porta_address_reg0 ; bank_reg_32x32bit:BancoRegistradores|reg_pp_32bit:k0|00 ; clock        ; DivisorFrequencia:inst4|inst2 ; 0.500        ; -0.295     ; 21.612     ;
; -21.379 ; instruction_memory:InstructionMemory|rom:MemoriaRom|altsyncram:altsyncram_component|altsyncram_bk91:auto_generated|ram_block1a0~porta_address_reg0 ; bank_reg_32x32bit:BancoRegistradores|reg_pp_32bit:k1|00 ; clock        ; DivisorFrequencia:inst4|inst2 ; 0.500        ; -0.293     ; 21.571     ;
; -21.363 ; instruction_memory:InstructionMemory|rom:MemoriaRom|altsyncram:altsyncram_component|altsyncram_bk91:auto_generated|ram_block1a0~porta_address_reg0 ; program_counter:ProgramCounter|lpm_dff:133|dffs[18]     ; clock        ; DivisorFrequencia:inst4|inst2 ; 0.500        ; 0.084      ; 21.932     ;
; -21.359 ; instruction_memory:InstructionMemory|rom:MemoriaRom|altsyncram:altsyncram_component|altsyncram_bk91:auto_generated|ram_block1a0~porta_address_reg0 ; program_counter:ProgramCounter|lpm_dff:133|dffs[9]      ; clock        ; DivisorFrequencia:inst4|inst2 ; 0.500        ; 0.062      ; 21.906     ;
; -21.348 ; instruction_memory:InstructionMemory|rom:MemoriaRom|altsyncram:altsyncram_component|altsyncram_bk91:auto_generated|ram_block1a0~porta_address_reg0 ; bank_reg_32x32bit:BancoRegistradores|reg_pp_32bit:a3|30 ; clock        ; DivisorFrequencia:inst4|inst2 ; 0.500        ; -0.287     ; 21.546     ;
; -21.348 ; instruction_memory:InstructionMemory|rom:MemoriaRom|altsyncram:altsyncram_component|altsyncram_bk91:auto_generated|ram_block1a0~porta_address_reg0 ; bank_reg_32x32bit:BancoRegistradores|reg_pp_32bit:a0|30 ; clock        ; DivisorFrequencia:inst4|inst2 ; 0.500        ; -0.287     ; 21.546     ;
; -21.324 ; instruction_memory:InstructionMemory|rom:MemoriaRom|altsyncram:altsyncram_component|altsyncram_bk91:auto_generated|ram_block1a0~porta_address_reg0 ; program_counter:ProgramCounter|lpm_dff:133|dffs[10]     ; clock        ; DivisorFrequencia:inst4|inst2 ; 0.500        ; 0.062      ; 21.871     ;
; -21.315 ; instruction_memory:InstructionMemory|rom:MemoriaRom|altsyncram:altsyncram_component|altsyncram_bk91:auto_generated|ram_block1a0~porta_address_reg0 ; bank_reg_32x32bit:BancoRegistradores|reg_pp_32bit:t9|31 ; clock        ; DivisorFrequencia:inst4|inst2 ; 0.500        ; -0.297     ; 21.503     ;
; -21.305 ; instruction_memory:InstructionMemory|rom:MemoriaRom|altsyncram:altsyncram_component|altsyncram_bk91:auto_generated|ram_block1a0~porta_address_reg0 ; program_counter:ProgramCounter|lpm_dff:133|dffs[3]      ; clock        ; DivisorFrequencia:inst4|inst2 ; 0.500        ; 0.062      ; 21.852     ;
; -21.301 ; instruction_memory:InstructionMemory|rom:MemoriaRom|altsyncram:altsyncram_component|altsyncram_bk91:auto_generated|ram_block1a0~porta_address_reg0 ; bank_reg_32x32bit:BancoRegistradores|reg_pp_32bit:v1|30 ; clock        ; DivisorFrequencia:inst4|inst2 ; 0.500        ; -0.266     ; 21.520     ;
; -21.300 ; instruction_memory:InstructionMemory|rom:MemoriaRom|altsyncram:altsyncram_component|altsyncram_bk91:auto_generated|ram_block1a0~porta_address_reg0 ; bank_reg_32x32bit:BancoRegistradores|reg_pp_32bit:v0|30 ; clock        ; DivisorFrequencia:inst4|inst2 ; 0.500        ; -0.266     ; 21.519     ;
; -21.295 ; instruction_memory:InstructionMemory|rom:MemoriaRom|altsyncram:altsyncram_component|altsyncram_bk91:auto_generated|ram_block1a0~porta_address_reg0 ; program_counter:ProgramCounter|lpm_dff:133|dffs[7]      ; clock        ; DivisorFrequencia:inst4|inst2 ; 0.500        ; 0.080      ; 21.860     ;
; -21.293 ; instruction_memory:InstructionMemory|rom:MemoriaRom|altsyncram:altsyncram_component|altsyncram_bk91:auto_generated|ram_block1a0~porta_address_reg0 ; bank_reg_32x32bit:BancoRegistradores|reg_pp_32bit:a1|30 ; clock        ; DivisorFrequencia:inst4|inst2 ; 0.500        ; -0.283     ; 21.495     ;
; -21.285 ; instruction_memory:InstructionMemory|rom:MemoriaRom|altsyncram:altsyncram_component|altsyncram_bk91:auto_generated|ram_block1a0~porta_address_reg0 ; program_counter:ProgramCounter|lpm_dff:133|dffs[11]     ; clock        ; DivisorFrequencia:inst4|inst2 ; 0.500        ; 0.080      ; 21.850     ;
; -21.269 ; instruction_memory:InstructionMemory|rom:MemoriaRom|altsyncram:altsyncram_component|altsyncram_bk91:auto_generated|ram_block1a0~porta_address_reg0 ; bank_reg_32x32bit:BancoRegistradores|reg_pp_32bit:s3|31 ; clock        ; DivisorFrequencia:inst4|inst2 ; 0.500        ; -0.292     ; 21.462     ;
; -21.267 ; instruction_memory:InstructionMemory|rom:MemoriaRom|altsyncram:altsyncram_component|altsyncram_bk91:auto_generated|ram_block1a0~porta_address_reg0 ; bank_reg_32x32bit:BancoRegistradores|reg_pp_32bit:k1|31 ; clock        ; DivisorFrequencia:inst4|inst2 ; 0.500        ; -0.292     ; 21.460     ;
; -21.252 ; instruction_memory:InstructionMemory|rom:MemoriaRom|altsyncram:altsyncram_component|altsyncram_bk91:auto_generated|ram_block1a0~porta_address_reg0 ; bank_reg_32x32bit:BancoRegistradores|reg_pp_32bit:at|31 ; clock        ; DivisorFrequencia:inst4|inst2 ; 0.500        ; 0.072      ; 21.809     ;
; -21.246 ; instruction_memory:InstructionMemory|rom:MemoriaRom|altsyncram:altsyncram_component|altsyncram_bk91:auto_generated|ram_block1a0~porta_address_reg0 ; bank_reg_32x32bit:BancoRegistradores|reg_pp_32bit:t1|31 ; clock        ; DivisorFrequencia:inst4|inst2 ; 0.500        ; -0.280     ; 21.451     ;
; -21.228 ; instruction_memory:InstructionMemory|rom:MemoriaRom|altsyncram:altsyncram_component|altsyncram_bk91:auto_generated|ram_block1a0~porta_address_reg0 ; bank_reg_32x32bit:BancoRegistradores|reg_pp_32bit:t4|00 ; clock        ; DivisorFrequencia:inst4|inst2 ; 0.500        ; -0.295     ; 21.418     ;
; -21.226 ; instruction_memory:InstructionMemory|rom:MemoriaRom|altsyncram:altsyncram_component|altsyncram_bk91:auto_generated|ram_block1a0~porta_address_reg0 ; bank_reg_32x32bit:BancoRegistradores|reg_pp_32bit:t7|00 ; clock        ; DivisorFrequencia:inst4|inst2 ; 0.500        ; -0.295     ; 21.416     ;
; -21.221 ; instruction_memory:InstructionMemory|rom:MemoriaRom|altsyncram:altsyncram_component|altsyncram_bk91:auto_generated|ram_block1a0~porta_address_reg0 ; program_counter:ProgramCounter|lpm_dff:133|dffs[1]      ; clock        ; DivisorFrequencia:inst4|inst2 ; 0.500        ; 0.060      ; 21.766     ;
; -21.211 ; instruction_memory:InstructionMemory|rom:MemoriaRom|altsyncram:altsyncram_component|altsyncram_bk91:auto_generated|ram_block1a0~porta_address_reg0 ; bank_reg_32x32bit:BancoRegistradores|reg_pp_32bit:t2|31 ; clock        ; DivisorFrequencia:inst4|inst2 ; 0.500        ; -0.296     ; 21.400     ;
; -21.208 ; instruction_memory:InstructionMemory|rom:MemoriaRom|altsyncram:altsyncram_component|altsyncram_bk91:auto_generated|ram_block1a0~porta_address_reg0 ; bank_reg_32x32bit:BancoRegistradores|reg_pp_32bit:t0|31 ; clock        ; DivisorFrequencia:inst4|inst2 ; 0.500        ; -0.296     ; 21.397     ;
; -21.199 ; instruction_memory:InstructionMemory|rom:MemoriaRom|altsyncram:altsyncram_component|altsyncram_bk91:auto_generated|ram_block1a0~porta_address_reg0 ; bank_reg_32x32bit:BancoRegistradores|reg_pp_32bit:s7|00 ; clock        ; DivisorFrequencia:inst4|inst2 ; 0.500        ; -0.293     ; 21.391     ;
; -21.196 ; instruction_memory:InstructionMemory|rom:MemoriaRom|altsyncram:altsyncram_component|altsyncram_bk91:auto_generated|ram_block1a0~porta_address_reg0 ; bank_reg_32x32bit:BancoRegistradores|reg_pp_32bit:t3|31 ; clock        ; DivisorFrequencia:inst4|inst2 ; 0.500        ; -0.296     ; 21.385     ;
; -21.190 ; instruction_memory:InstructionMemory|rom:MemoriaRom|altsyncram:altsyncram_component|altsyncram_bk91:auto_generated|ram_block1a0~porta_address_reg0 ; bank_reg_32x32bit:BancoRegistradores|reg_pp_32bit:s2|00 ; clock        ; DivisorFrequencia:inst4|inst2 ; 0.500        ; -0.286     ; 21.389     ;
; -21.187 ; instruction_memory:InstructionMemory|rom:MemoriaRom|altsyncram:altsyncram_component|altsyncram_bk91:auto_generated|ram_block1a0~porta_address_reg0 ; program_counter:ProgramCounter|lpm_dff:133|dffs[2]      ; clock        ; DivisorFrequencia:inst4|inst2 ; 0.500        ; 0.060      ; 21.732     ;
; -21.184 ; instruction_memory:InstructionMemory|rom:MemoriaRom|altsyncram:altsyncram_component|altsyncram_bk91:auto_generated|ram_block1a0~porta_address_reg0 ; program_counter:ProgramCounter|lpm_dff:133|dffs[8]      ; clock        ; DivisorFrequencia:inst4|inst2 ; 0.500        ; 0.060      ; 21.729     ;
; -21.169 ; instruction_memory:InstructionMemory|rom:MemoriaRom|altsyncram:altsyncram_component|altsyncram_bk91:auto_generated|ram_block1a0~porta_address_reg0 ; bank_reg_32x32bit:BancoRegistradores|reg_pp_32bit:v1|29 ; clock        ; DivisorFrequencia:inst4|inst2 ; 0.500        ; -0.279     ; 21.375     ;
; -21.161 ; instruction_memory:InstructionMemory|rom:MemoriaRom|altsyncram:altsyncram_component|altsyncram_bk91:auto_generated|ram_block1a0~porta_address_reg0 ; bank_reg_32x32bit:BancoRegistradores|reg_pp_32bit:a2|29 ; clock        ; DivisorFrequencia:inst4|inst2 ; 0.500        ; -0.279     ; 21.367     ;
; -21.159 ; instruction_memory:InstructionMemory|rom:MemoriaRom|altsyncram:altsyncram_component|altsyncram_bk91:auto_generated|ram_block1a0~porta_address_reg0 ; bank_reg_32x32bit:BancoRegistradores|reg_pp_32bit:t0|00 ; clock        ; DivisorFrequencia:inst4|inst2 ; 0.500        ; -0.286     ; 21.358     ;
; -21.157 ; instruction_memory:InstructionMemory|rom:MemoriaRom|altsyncram:altsyncram_component|altsyncram_bk91:auto_generated|ram_block1a0~porta_address_reg0 ; bank_reg_32x32bit:BancoRegistradores|reg_pp_32bit:t3|00 ; clock        ; DivisorFrequencia:inst4|inst2 ; 0.500        ; -0.286     ; 21.356     ;
; -21.151 ; instruction_memory:InstructionMemory|rom:MemoriaRom|altsyncram:altsyncram_component|altsyncram_bk91:auto_generated|ram_block1a0~porta_address_reg0 ; program_counter:ProgramCounter|lpm_dff:133|dffs[15]     ; clock        ; DivisorFrequencia:inst4|inst2 ; 0.500        ; 0.087      ; 21.723     ;
; -21.137 ; instruction_memory:InstructionMemory|rom:MemoriaRom|altsyncram:altsyncram_component|altsyncram_bk91:auto_generated|ram_block1a0~porta_address_reg0 ; program_counter:ProgramCounter|lpm_dff:133|dffs[5]      ; clock        ; DivisorFrequencia:inst4|inst2 ; 0.500        ; 0.089      ; 21.711     ;
; -21.133 ; instruction_memory:InstructionMemory|rom:MemoriaRom|altsyncram:altsyncram_component|altsyncram_bk91:auto_generated|ram_block1a0~porta_address_reg0 ; program_counter:ProgramCounter|lpm_dff:133|dffs[24]     ; clock        ; DivisorFrequencia:inst4|inst2 ; 0.500        ; 0.069      ; 21.687     ;
; -21.131 ; instruction_memory:InstructionMemory|rom:MemoriaRom|altsyncram:altsyncram_component|altsyncram_bk91:auto_generated|ram_block1a0~porta_address_reg0 ; bank_reg_32x32bit:BancoRegistradores|reg_pp_32bit:ra|00 ; clock        ; DivisorFrequencia:inst4|inst2 ; 0.500        ; -0.292     ; 21.324     ;
; -21.128 ; instruction_memory:InstructionMemory|rom:MemoriaRom|altsyncram:altsyncram_component|altsyncram_bk91:auto_generated|ram_block1a0~porta_address_reg0 ; bank_reg_32x32bit:BancoRegistradores|reg_pp_32bit:s3|00 ; clock        ; DivisorFrequencia:inst4|inst2 ; 0.500        ; -0.292     ; 21.321     ;
; -21.124 ; instruction_memory:InstructionMemory|rom:MemoriaRom|altsyncram:altsyncram_component|altsyncram_bk91:auto_generated|ram_block1a0~porta_address_reg0 ; program_counter:ProgramCounter|lpm_dff:133|dffs[16]     ; clock        ; DivisorFrequencia:inst4|inst2 ; 0.500        ; 0.087      ; 21.696     ;
; -21.097 ; instruction_memory:InstructionMemory|rom:MemoriaRom|altsyncram:altsyncram_component|altsyncram_bk91:auto_generated|ram_block1a0~porta_address_reg0 ; bank_reg_32x32bit:BancoRegistradores|reg_pp_32bit:s4|00 ; clock        ; DivisorFrequencia:inst4|inst2 ; 0.500        ; -0.283     ; 21.299     ;
; -21.093 ; instruction_memory:InstructionMemory|rom:MemoriaRom|altsyncram:altsyncram_component|altsyncram_bk91:auto_generated|ram_block1a0~porta_address_reg0 ; bank_reg_32x32bit:BancoRegistradores|reg_pp_32bit:t8|00 ; clock        ; DivisorFrequencia:inst4|inst2 ; 0.500        ; -0.283     ; 21.295     ;
; -21.091 ; instruction_memory:InstructionMemory|rom:MemoriaRom|altsyncram:altsyncram_component|altsyncram_bk91:auto_generated|ram_block1a0~porta_address_reg0 ; program_counter:ProgramCounter|lpm_dff:133|dffs[4]      ; clock        ; DivisorFrequencia:inst4|inst2 ; 0.500        ; 0.062      ; 21.638     ;
; -21.089 ; instruction_memory:InstructionMemory|rom:MemoriaRom|altsyncram:altsyncram_component|altsyncram_bk91:auto_generated|ram_block1a0~porta_address_reg0 ; bank_reg_32x32bit:BancoRegistradores|reg_pp_32bit:t6|00 ; clock        ; DivisorFrequencia:inst4|inst2 ; 0.500        ; -0.286     ; 21.288     ;
; -21.078 ; instruction_memory:InstructionMemory|rom:MemoriaRom|altsyncram:altsyncram_component|altsyncram_bk91:auto_generated|ram_block1a0~porta_address_reg0 ; program_counter:ProgramCounter|lpm_dff:133|dffs[12]     ; clock        ; DivisorFrequencia:inst4|inst2 ; 0.500        ; 0.100      ; 21.663     ;
; -21.071 ; instruction_memory:InstructionMemory|rom:MemoriaRom|altsyncram:altsyncram_component|altsyncram_bk91:auto_generated|ram_block1a0~porta_address_reg0 ; bank_reg_32x32bit:BancoRegistradores|reg_pp_32bit:s7|31 ; clock        ; DivisorFrequencia:inst4|inst2 ; 0.500        ; -0.294     ; 21.262     ;
; -21.068 ; instruction_memory:InstructionMemory|rom:MemoriaRom|altsyncram:altsyncram_component|altsyncram_bk91:auto_generated|ram_block1a0~porta_address_reg0 ; bank_reg_32x32bit:BancoRegistradores|reg_pp_32bit:s6|31 ; clock        ; DivisorFrequencia:inst4|inst2 ; 0.500        ; -0.294     ; 21.259     ;
; -21.020 ; instruction_memory:InstructionMemory|rom:MemoriaRom|altsyncram:altsyncram_component|altsyncram_bk91:auto_generated|ram_block1a0~porta_address_reg0 ; bank_reg_32x32bit:BancoRegistradores|reg_pp_32bit:a2|30 ; clock        ; DivisorFrequencia:inst4|inst2 ; 0.500        ; -0.274     ; 21.231     ;
; -21.018 ; instruction_memory:InstructionMemory|rom:MemoriaRom|altsyncram:altsyncram_component|altsyncram_bk91:auto_generated|ram_block1a0~porta_address_reg0 ; program_counter:ProgramCounter|lpm_dff:133|dffs[28]     ; clock        ; DivisorFrequencia:inst4|inst2 ; 0.500        ; 0.093      ; 21.596     ;
; -20.996 ; instruction_memory:InstructionMemory|rom:MemoriaRom|altsyncram:altsyncram_component|altsyncram_bk91:auto_generated|ram_block1a0~porta_address_reg0 ; bank_reg_32x32bit:BancoRegistradores|reg_pp_32bit:t2|30 ; clock        ; DivisorFrequencia:inst4|inst2 ; 0.500        ; -0.296     ; 21.185     ;
; -20.995 ; instruction_memory:InstructionMemory|rom:MemoriaRom|altsyncram:altsyncram_component|altsyncram_bk91:auto_generated|ram_block1a0~porta_address_reg0 ; bank_reg_32x32bit:BancoRegistradores|reg_pp_32bit:t3|30 ; clock        ; DivisorFrequencia:inst4|inst2 ; 0.500        ; -0.296     ; 21.184     ;
; -20.991 ; instruction_memory:InstructionMemory|rom:MemoriaRom|altsyncram:altsyncram_component|altsyncram_bk91:auto_generated|ram_block1a0~porta_address_reg0 ; bank_reg_32x32bit:BancoRegistradores|reg_pp_32bit:sp|00 ; clock        ; DivisorFrequencia:inst4|inst2 ; 0.500        ; -0.283     ; 21.193     ;
; -20.977 ; instruction_memory:InstructionMemory|rom:MemoriaRom|altsyncram:altsyncram_component|altsyncram_bk91:auto_generated|ram_block1a0~porta_address_reg0 ; program_counter:ProgramCounter|lpm_dff:133|dffs[20]     ; clock        ; DivisorFrequencia:inst4|inst2 ; 0.500        ; 0.051      ; 21.513     ;
; -20.976 ; instruction_memory:InstructionMemory|rom:MemoriaRom|altsyncram:altsyncram_component|altsyncram_bk91:auto_generated|ram_block1a0~porta_address_reg0 ; bank_reg_32x32bit:BancoRegistradores|reg_pp_32bit:s1|30 ; clock        ; DivisorFrequencia:inst4|inst2 ; 0.500        ; -0.293     ; 21.168     ;
; -20.975 ; instruction_memory:InstructionMemory|rom:MemoriaRom|altsyncram:altsyncram_component|altsyncram_bk91:auto_generated|ram_block1a0~porta_address_reg0 ; bank_reg_32x32bit:BancoRegistradores|reg_pp_32bit:sp|30 ; clock        ; DivisorFrequencia:inst4|inst2 ; 0.500        ; -0.293     ; 21.167     ;
; -20.970 ; instruction_memory:InstructionMemory|rom:MemoriaRom|altsyncram:altsyncram_component|altsyncram_bk91:auto_generated|ram_block1a0~porta_address_reg0 ; bank_reg_32x32bit:BancoRegistradores|reg_pp_32bit:a0|29 ; clock        ; DivisorFrequencia:inst4|inst2 ; 0.500        ; -0.276     ; 21.179     ;
; -20.968 ; instruction_memory:InstructionMemory|rom:MemoriaRom|altsyncram:altsyncram_component|altsyncram_bk91:auto_generated|ram_block1a0~porta_address_reg0 ; program_counter:ProgramCounter|lpm_dff:133|dffs[0]      ; clock        ; DivisorFrequencia:inst4|inst2 ; 0.500        ; 0.080      ; 21.533     ;
; -20.964 ; instruction_memory:InstructionMemory|rom:MemoriaRom|altsyncram:altsyncram_component|altsyncram_bk91:auto_generated|ram_block1a0~porta_address_reg0 ; bank_reg_32x32bit:BancoRegistradores|reg_pp_32bit:t9|00 ; clock        ; DivisorFrequencia:inst4|inst2 ; 0.500        ; -0.283     ; 21.166     ;
; -20.961 ; instruction_memory:InstructionMemory|rom:MemoriaRom|altsyncram:altsyncram_component|altsyncram_bk91:auto_generated|ram_block1a0~porta_address_reg0 ; bank_reg_32x32bit:BancoRegistradores|reg_pp_32bit:k0|29 ; clock        ; DivisorFrequencia:inst4|inst2 ; 0.500        ; -0.280     ; 21.166     ;
; -20.957 ; instruction_memory:InstructionMemory|rom:MemoriaRom|altsyncram:altsyncram_component|altsyncram_bk91:auto_generated|ram_block1a0~porta_address_reg0 ; bank_reg_32x32bit:BancoRegistradores|reg_pp_32bit:at|00 ; clock        ; DivisorFrequencia:inst4|inst2 ; 0.500        ; -0.273     ; 21.169     ;
; -20.955 ; instruction_memory:InstructionMemory|rom:MemoriaRom|altsyncram:altsyncram_component|altsyncram_bk91:auto_generated|ram_block1a0~porta_address_reg0 ; bank_reg_32x32bit:BancoRegistradores|reg_pp_32bit:v1|00 ; clock        ; DivisorFrequencia:inst4|inst2 ; 0.500        ; -0.273     ; 21.167     ;
; -20.921 ; instruction_memory:InstructionMemory|rom:MemoriaRom|altsyncram:altsyncram_component|altsyncram_bk91:auto_generated|ram_block1a0~porta_address_reg0 ; bank_reg_32x32bit:BancoRegistradores|reg_pp_32bit:s3|30 ; clock        ; DivisorFrequencia:inst4|inst2 ; 0.500        ; -0.291     ; 21.115     ;
; -20.920 ; instruction_memory:InstructionMemory|rom:MemoriaRom|altsyncram:altsyncram_component|altsyncram_bk91:auto_generated|ram_block1a0~porta_address_reg0 ; bank_reg_32x32bit:BancoRegistradores|reg_pp_32bit:s7|30 ; clock        ; DivisorFrequencia:inst4|inst2 ; 0.500        ; -0.291     ; 21.114     ;
; -20.918 ; instruction_memory:InstructionMemory|rom:MemoriaRom|altsyncram:altsyncram_component|altsyncram_bk91:auto_generated|ram_block1a0~porta_address_reg0 ; bank_reg_32x32bit:BancoRegistradores|reg_pp_32bit:t6|31 ; clock        ; DivisorFrequencia:inst4|inst2 ; 0.500        ; -0.282     ; 21.121     ;
; -20.917 ; instruction_memory:InstructionMemory|rom:MemoriaRom|altsyncram:altsyncram_component|altsyncram_bk91:auto_generated|ram_block1a0~porta_address_reg0 ; bank_reg_32x32bit:BancoRegistradores|reg_pp_32bit:t4|31 ; clock        ; DivisorFrequencia:inst4|inst2 ; 0.500        ; -0.282     ; 21.120     ;
; -20.916 ; instruction_memory:InstructionMemory|rom:MemoriaRom|altsyncram:altsyncram_component|altsyncram_bk91:auto_generated|ram_block1a0~porta_address_reg0 ; bank_reg_32x32bit:BancoRegistradores|reg_pp_32bit:t6|30 ; clock        ; DivisorFrequencia:inst4|inst2 ; 0.500        ; -0.282     ; 21.119     ;
; -20.914 ; instruction_memory:InstructionMemory|rom:MemoriaRom|altsyncram:altsyncram_component|altsyncram_bk91:auto_generated|ram_block1a0~porta_address_reg0 ; bank_reg_32x32bit:BancoRegistradores|reg_pp_32bit:t4|30 ; clock        ; DivisorFrequencia:inst4|inst2 ; 0.500        ; -0.282     ; 21.117     ;
; -20.911 ; instruction_memory:InstructionMemory|rom:MemoriaRom|altsyncram:altsyncram_component|altsyncram_bk91:auto_generated|ram_block1a0~porta_address_reg0 ; bank_reg_32x32bit:BancoRegistradores|reg_pp_32bit:at|30 ; clock        ; DivisorFrequencia:inst4|inst2 ; 0.500        ; 0.072      ; 21.468     ;
; -20.896 ; instruction_memory:InstructionMemory|rom:MemoriaRom|altsyncram:altsyncram_component|altsyncram_bk91:auto_generated|ram_block1a0~porta_address_reg0 ; bank_reg_32x32bit:BancoRegistradores|reg_pp_32bit:gp|30 ; clock        ; DivisorFrequencia:inst4|inst2 ; 0.500        ; -0.294     ; 21.087     ;
; -20.896 ; instruction_memory:InstructionMemory|rom:MemoriaRom|altsyncram:altsyncram_component|altsyncram_bk91:auto_generated|ram_block1a0~porta_address_reg0 ; bank_reg_32x32bit:BancoRegistradores|reg_pp_32bit:s0|30 ; clock        ; DivisorFrequencia:inst4|inst2 ; 0.500        ; -0.294     ; 21.087     ;
; -20.892 ; instruction_memory:InstructionMemory|rom:MemoriaRom|altsyncram:altsyncram_component|altsyncram_bk91:auto_generated|ram_block1a0~porta_address_reg0 ; bank_reg_32x32bit:BancoRegistradores|reg_pp_32bit:s0|00 ; clock        ; DivisorFrequencia:inst4|inst2 ; 0.500        ; -0.285     ; 21.092     ;
; -20.892 ; instruction_memory:InstructionMemory|rom:MemoriaRom|altsyncram:altsyncram_component|altsyncram_bk91:auto_generated|ram_block1a0~porta_address_reg0 ; bank_reg_32x32bit:BancoRegistradores|reg_pp_32bit:gp|00 ; clock        ; DivisorFrequencia:inst4|inst2 ; 0.500        ; -0.285     ; 21.092     ;
; -20.891 ; instruction_memory:InstructionMemory|rom:MemoriaRom|altsyncram:altsyncram_component|altsyncram_bk91:auto_generated|ram_block1a0~porta_address_reg0 ; bank_reg_32x32bit:BancoRegistradores|reg_pp_32bit:t1|00 ; clock        ; DivisorFrequencia:inst4|inst2 ; 0.500        ; -0.284     ; 21.092     ;
; -20.891 ; instruction_memory:InstructionMemory|rom:MemoriaRom|altsyncram:altsyncram_component|altsyncram_bk91:auto_generated|ram_block1a0~porta_address_reg0 ; bank_reg_32x32bit:BancoRegistradores|reg_pp_32bit:t2|00 ; clock        ; DivisorFrequencia:inst4|inst2 ; 0.500        ; -0.284     ; 21.092     ;
; -20.883 ; instruction_memory:InstructionMemory|rom:MemoriaRom|altsyncram:altsyncram_component|altsyncram_bk91:auto_generated|ram_block1a0~porta_address_reg0 ; program_counter:ProgramCounter|lpm_dff:133|dffs[19]     ; clock        ; DivisorFrequencia:inst4|inst2 ; 0.500        ; 0.081      ; 21.449     ;
; -20.882 ; instruction_memory:InstructionMemory|rom:MemoriaRom|altsyncram:altsyncram_component|altsyncram_bk91:auto_generated|ram_block1a0~porta_address_reg0 ; program_counter:ProgramCounter|lpm_dff:133|dffs[25]     ; clock        ; DivisorFrequencia:inst4|inst2 ; 0.500        ; 0.068      ; 21.435     ;
; -20.878 ; instruction_memory:InstructionMemory|rom:MemoriaRom|altsyncram:altsyncram_component|altsyncram_bk91:auto_generated|ram_block1a0~porta_address_reg0 ; program_counter:ProgramCounter|lpm_dff:133|dffs[17]     ; clock        ; DivisorFrequencia:inst4|inst2 ; 0.500        ; 0.081      ; 21.444     ;
; -20.865 ; instruction_memory:InstructionMemory|rom:MemoriaRom|altsyncram:altsyncram_component|altsyncram_bk91:auto_generated|ram_block1a0~porta_address_reg0 ; bank_reg_32x32bit:BancoRegistradores|reg_pp_32bit:s6|30 ; clock        ; DivisorFrequencia:inst4|inst2 ; 0.500        ; -0.287     ; 21.063     ;
; -20.862 ; instruction_memory:InstructionMemory|rom:MemoriaRom|altsyncram:altsyncram_component|altsyncram_bk91:auto_generated|ram_block1a0~porta_address_reg0 ; bank_reg_32x32bit:BancoRegistradores|reg_pp_32bit:k0|30 ; clock        ; DivisorFrequencia:inst4|inst2 ; 0.500        ; -0.287     ; 21.060     ;
; -20.841 ; instruction_memory:InstructionMemory|rom:MemoriaRom|altsyncram:altsyncram_component|altsyncram_bk91:auto_generated|ram_block1a0~porta_address_reg0 ; bank_reg_32x32bit:BancoRegistradores|reg_pp_32bit:v0|00 ; clock        ; DivisorFrequencia:inst4|inst2 ; 0.500        ; -0.285     ; 21.041     ;
; -20.837 ; instruction_memory:InstructionMemory|rom:MemoriaRom|altsyncram:altsyncram_component|altsyncram_bk91:auto_generated|ram_block1a0~porta_address_reg0 ; bank_reg_32x32bit:BancoRegistradores|reg_pp_32bit:fp|00 ; clock        ; DivisorFrequencia:inst4|inst2 ; 0.500        ; 0.063      ; 21.385     ;
; -20.832 ; instruction_memory:InstructionMemory|rom:MemoriaRom|altsyncram:altsyncram_component|altsyncram_bk91:auto_generated|ram_block1a0~porta_address_reg0 ; program_counter:ProgramCounter|lpm_dff:133|dffs[23]     ; clock        ; DivisorFrequencia:inst4|inst2 ; 0.500        ; 0.080      ; 21.397     ;
; -20.818 ; instruction_memory:InstructionMemory|rom:MemoriaRom|altsyncram:altsyncram_component|altsyncram_bk91:auto_generated|ram_block1a0~porta_address_reg0 ; program_counter:ProgramCounter|lpm_dff:133|dffs[13]     ; clock        ; DivisorFrequencia:inst4|inst2 ; 0.500        ; 0.080      ; 21.383     ;
; -20.776 ; instruction_memory:InstructionMemory|rom:MemoriaRom|altsyncram:altsyncram_component|altsyncram_bk91:auto_generated|ram_block1a0~porta_address_reg0 ; bank_reg_32x32bit:BancoRegistradores|reg_pp_32bit:ra|30 ; clock        ; DivisorFrequencia:inst4|inst2 ; 0.500        ; -0.284     ; 20.977     ;
; -20.742 ; instruction_memory:InstructionMemory|rom:MemoriaRom|altsyncram:altsyncram_component|altsyncram_bk91:auto_generated|ram_block1a0~porta_address_reg0 ; bank_reg_32x32bit:BancoRegistradores|reg_pp_32bit:t5|00 ; clock        ; DivisorFrequencia:inst4|inst2 ; 0.500        ; 0.063      ; 21.290     ;
+---------+----------------------------------------------------------------------------------------------------------------------------------------------------+---------------------------------------------------------+--------------+-------------------------------+--------------+------------+------------+


+---------------------------------------------------------------------------------------------------------------------------------------------------------------------------------------------------------------------------------------------------------------------------------------------------------------------------------------------------------------------------------------------+
; Slow 1200mV 85C Model Setup: 'clock'                                                                                                                                                                                                                                                                                                                                                        ;
+---------+----------------------------------------------------------------------------------------------------------------------------------------------------+---------------------------------------------------------------------------------------------------------------------------------------+-------------------------------+-------------+--------------+------------+------------+
; Slack   ; From Node                                                                                                                                          ; To Node                                                                                                                               ; Launch Clock                  ; Latch Clock ; Relationship ; Clock Skew ; Data Delay ;
+---------+----------------------------------------------------------------------------------------------------------------------------------------------------+---------------------------------------------------------------------------------------------------------------------------------------+-------------------------------+-------------+--------------+------------+------------+
; -11.506 ; instruction_memory:InstructionMemory|rom:MemoriaRom|altsyncram:altsyncram_component|altsyncram_bk91:auto_generated|ram_block1a0~porta_address_reg0 ; data_memory:DataMemory|ram:MemoriaRAM|altsyncram:altsyncram_component|altsyncram_vme1:auto_generated|ram_block1a14~porta_address_reg0 ; clock                         ; clock       ; 1.000        ; -0.077     ; 12.457     ;
; -11.506 ; instruction_memory:InstructionMemory|rom:MemoriaRom|altsyncram:altsyncram_component|altsyncram_bk91:auto_generated|ram_block1a0~porta_address_reg0 ; data_memory:DataMemory|ram:MemoriaRAM|altsyncram:altsyncram_component|altsyncram_vme1:auto_generated|ram_block1a0~porta_address_reg0  ; clock                         ; clock       ; 1.000        ; -0.077     ; 12.457     ;
; -8.671  ; instruction_memory:InstructionMemory|rom:MemoriaRom|altsyncram:altsyncram_component|altsyncram_bk91:auto_generated|ram_block1a0~porta_address_reg0 ; data_memory:DataMemory|ram:MemoriaRAM|altsyncram:altsyncram_component|altsyncram_vme1:auto_generated|ram_block1a14~porta_datain_reg0  ; clock                         ; clock       ; 1.000        ; -0.073     ; 9.626      ;
; -8.617  ; bank_reg_32x32bit:BancoRegistradores|reg_pp_32bit:a0|00                                                                                            ; data_memory:DataMemory|ram:MemoriaRAM|altsyncram:altsyncram_component|altsyncram_vme1:auto_generated|ram_block1a14~porta_address_reg0 ; DivisorFrequencia:inst4|inst2 ; clock       ; 0.500        ; 0.059      ; 9.194      ;
; -8.617  ; bank_reg_32x32bit:BancoRegistradores|reg_pp_32bit:a0|00                                                                                            ; data_memory:DataMemory|ram:MemoriaRAM|altsyncram:altsyncram_component|altsyncram_vme1:auto_generated|ram_block1a0~porta_address_reg0  ; DivisorFrequencia:inst4|inst2 ; clock       ; 0.500        ; 0.059      ; 9.194      ;
; -8.578  ; bank_reg_32x32bit:BancoRegistradores|reg_pp_32bit:a3|00                                                                                            ; data_memory:DataMemory|ram:MemoriaRAM|altsyncram:altsyncram_component|altsyncram_vme1:auto_generated|ram_block1a14~porta_address_reg0 ; DivisorFrequencia:inst4|inst2 ; clock       ; 0.500        ; 0.059      ; 9.155      ;
; -8.578  ; bank_reg_32x32bit:BancoRegistradores|reg_pp_32bit:a3|00                                                                                            ; data_memory:DataMemory|ram:MemoriaRAM|altsyncram:altsyncram_component|altsyncram_vme1:auto_generated|ram_block1a0~porta_address_reg0  ; DivisorFrequencia:inst4|inst2 ; clock       ; 0.500        ; 0.059      ; 9.155      ;
; -8.525  ; bank_reg_32x32bit:BancoRegistradores|reg_pp_32bit:s1|00                                                                                            ; data_memory:DataMemory|ram:MemoriaRAM|altsyncram:altsyncram_component|altsyncram_vme1:auto_generated|ram_block1a14~porta_address_reg0 ; DivisorFrequencia:inst4|inst2 ; clock       ; 0.500        ; -0.291     ; 8.752      ;
; -8.525  ; bank_reg_32x32bit:BancoRegistradores|reg_pp_32bit:s1|00                                                                                            ; data_memory:DataMemory|ram:MemoriaRAM|altsyncram:altsyncram_component|altsyncram_vme1:auto_generated|ram_block1a0~porta_address_reg0  ; DivisorFrequencia:inst4|inst2 ; clock       ; 0.500        ; -0.291     ; 8.752      ;
; -8.426  ; bank_reg_32x32bit:BancoRegistradores|reg_pp_32bit:s6|00                                                                                            ; data_memory:DataMemory|ram:MemoriaRAM|altsyncram:altsyncram_component|altsyncram_vme1:auto_generated|ram_block1a14~porta_address_reg0 ; DivisorFrequencia:inst4|inst2 ; clock       ; 0.500        ; 0.082      ; 9.026      ;
; -8.426  ; bank_reg_32x32bit:BancoRegistradores|reg_pp_32bit:s6|00                                                                                            ; data_memory:DataMemory|ram:MemoriaRAM|altsyncram:altsyncram_component|altsyncram_vme1:auto_generated|ram_block1a0~porta_address_reg0  ; DivisorFrequencia:inst4|inst2 ; clock       ; 0.500        ; 0.082      ; 9.026      ;
; -8.375  ; bank_reg_32x32bit:BancoRegistradores|reg_pp_32bit:a1|02                                                                                            ; data_memory:DataMemory|ram:MemoriaRAM|altsyncram:altsyncram_component|altsyncram_vme1:auto_generated|ram_block1a14~porta_address_reg0 ; DivisorFrequencia:inst4|inst2 ; clock       ; 0.500        ; 0.053      ; 8.946      ;
; -8.375  ; bank_reg_32x32bit:BancoRegistradores|reg_pp_32bit:a1|02                                                                                            ; data_memory:DataMemory|ram:MemoriaRAM|altsyncram:altsyncram_component|altsyncram_vme1:auto_generated|ram_block1a0~porta_address_reg0  ; DivisorFrequencia:inst4|inst2 ; clock       ; 0.500        ; 0.053      ; 8.946      ;
; -8.295  ; bank_reg_32x32bit:BancoRegistradores|reg_pp_32bit:a0|02                                                                                            ; data_memory:DataMemory|ram:MemoriaRAM|altsyncram:altsyncram_component|altsyncram_vme1:auto_generated|ram_block1a14~porta_address_reg0 ; DivisorFrequencia:inst4|inst2 ; clock       ; 0.500        ; 0.066      ; 8.879      ;
; -8.295  ; bank_reg_32x32bit:BancoRegistradores|reg_pp_32bit:a0|02                                                                                            ; data_memory:DataMemory|ram:MemoriaRAM|altsyncram:altsyncram_component|altsyncram_vme1:auto_generated|ram_block1a0~porta_address_reg0  ; DivisorFrequencia:inst4|inst2 ; clock       ; 0.500        ; 0.066      ; 8.879      ;
; -8.286  ; bank_reg_32x32bit:BancoRegistradores|reg_pp_32bit:s2|03                                                                                            ; data_memory:DataMemory|ram:MemoriaRAM|altsyncram:altsyncram_component|altsyncram_vme1:auto_generated|ram_block1a14~porta_address_reg0 ; DivisorFrequencia:inst4|inst2 ; clock       ; 0.500        ; 0.071      ; 8.875      ;
; -8.286  ; bank_reg_32x32bit:BancoRegistradores|reg_pp_32bit:s2|03                                                                                            ; data_memory:DataMemory|ram:MemoriaRAM|altsyncram:altsyncram_component|altsyncram_vme1:auto_generated|ram_block1a0~porta_address_reg0  ; DivisorFrequencia:inst4|inst2 ; clock       ; 0.500        ; 0.071      ; 8.875      ;
; -8.279  ; bank_reg_32x32bit:BancoRegistradores|reg_pp_32bit:t9|04                                                                                            ; data_memory:DataMemory|ram:MemoriaRAM|altsyncram:altsyncram_component|altsyncram_vme1:auto_generated|ram_block1a14~porta_address_reg0 ; DivisorFrequencia:inst4|inst2 ; clock       ; 0.500        ; 0.080      ; 8.877      ;
; -8.279  ; bank_reg_32x32bit:BancoRegistradores|reg_pp_32bit:t9|04                                                                                            ; data_memory:DataMemory|ram:MemoriaRAM|altsyncram:altsyncram_component|altsyncram_vme1:auto_generated|ram_block1a0~porta_address_reg0  ; DivisorFrequencia:inst4|inst2 ; clock       ; 0.500        ; 0.080      ; 8.877      ;
; -8.269  ; bank_reg_32x32bit:BancoRegistradores|reg_pp_32bit:at|02                                                                                            ; data_memory:DataMemory|ram:MemoriaRAM|altsyncram:altsyncram_component|altsyncram_vme1:auto_generated|ram_block1a14~porta_address_reg0 ; DivisorFrequencia:inst4|inst2 ; clock       ; 0.500        ; 0.068      ; 8.855      ;
; -8.269  ; bank_reg_32x32bit:BancoRegistradores|reg_pp_32bit:at|02                                                                                            ; data_memory:DataMemory|ram:MemoriaRAM|altsyncram:altsyncram_component|altsyncram_vme1:auto_generated|ram_block1a0~porta_address_reg0  ; DivisorFrequencia:inst4|inst2 ; clock       ; 0.500        ; 0.068      ; 8.855      ;
; -8.251  ; bank_reg_32x32bit:BancoRegistradores|reg_pp_32bit:t6|01                                                                                            ; data_memory:DataMemory|ram:MemoriaRAM|altsyncram:altsyncram_component|altsyncram_vme1:auto_generated|ram_block1a14~porta_address_reg0 ; DivisorFrequencia:inst4|inst2 ; clock       ; 0.500        ; 0.083      ; 8.852      ;
; -8.251  ; bank_reg_32x32bit:BancoRegistradores|reg_pp_32bit:t6|01                                                                                            ; data_memory:DataMemory|ram:MemoriaRAM|altsyncram:altsyncram_component|altsyncram_vme1:auto_generated|ram_block1a0~porta_address_reg0  ; DivisorFrequencia:inst4|inst2 ; clock       ; 0.500        ; 0.083      ; 8.852      ;
; -8.221  ; instruction_memory:InstructionMemory|rom:MemoriaRom|altsyncram:altsyncram_component|altsyncram_bk91:auto_generated|ram_block1a0~porta_address_reg0 ; data_memory:DataMemory|ram:MemoriaRAM|altsyncram:altsyncram_component|altsyncram_vme1:auto_generated|ram_block1a0~porta_datain_reg0   ; clock                         ; clock       ; 1.000        ; -0.073     ; 9.176      ;
; -8.213  ; bank_reg_32x32bit:BancoRegistradores|reg_pp_32bit:k0|00                                                                                            ; data_memory:DataMemory|ram:MemoriaRAM|altsyncram:altsyncram_component|altsyncram_vme1:auto_generated|ram_block1a14~porta_address_reg0 ; DivisorFrequencia:inst4|inst2 ; clock       ; 0.500        ; 0.082      ; 8.813      ;
; -8.213  ; bank_reg_32x32bit:BancoRegistradores|reg_pp_32bit:k0|00                                                                                            ; data_memory:DataMemory|ram:MemoriaRAM|altsyncram:altsyncram_component|altsyncram_vme1:auto_generated|ram_block1a0~porta_address_reg0  ; DivisorFrequencia:inst4|inst2 ; clock       ; 0.500        ; 0.082      ; 8.813      ;
; -8.208  ; bank_reg_32x32bit:BancoRegistradores|reg_pp_32bit:s4|00                                                                                            ; data_memory:DataMemory|ram:MemoriaRAM|altsyncram:altsyncram_component|altsyncram_vme1:auto_generated|ram_block1a14~porta_address_reg0 ; DivisorFrequencia:inst4|inst2 ; clock       ; 0.500        ; 0.069      ; 8.795      ;
; -8.208  ; bank_reg_32x32bit:BancoRegistradores|reg_pp_32bit:s4|00                                                                                            ; data_memory:DataMemory|ram:MemoriaRAM|altsyncram:altsyncram_component|altsyncram_vme1:auto_generated|ram_block1a0~porta_address_reg0  ; DivisorFrequencia:inst4|inst2 ; clock       ; 0.500        ; 0.069      ; 8.795      ;
; -8.198  ; bank_reg_32x32bit:BancoRegistradores|reg_pp_32bit:t8|00                                                                                            ; data_memory:DataMemory|ram:MemoriaRAM|altsyncram:altsyncram_component|altsyncram_vme1:auto_generated|ram_block1a14~porta_address_reg0 ; DivisorFrequencia:inst4|inst2 ; clock       ; 0.500        ; 0.069      ; 8.785      ;
; -8.198  ; bank_reg_32x32bit:BancoRegistradores|reg_pp_32bit:t8|00                                                                                            ; data_memory:DataMemory|ram:MemoriaRAM|altsyncram:altsyncram_component|altsyncram_vme1:auto_generated|ram_block1a0~porta_address_reg0  ; DivisorFrequencia:inst4|inst2 ; clock       ; 0.500        ; 0.069      ; 8.785      ;
; -8.190  ; bank_reg_32x32bit:BancoRegistradores|reg_pp_32bit:s2|02                                                                                            ; data_memory:DataMemory|ram:MemoriaRAM|altsyncram:altsyncram_component|altsyncram_vme1:auto_generated|ram_block1a14~porta_address_reg0 ; DivisorFrequencia:inst4|inst2 ; clock       ; 0.500        ; 0.071      ; 8.779      ;
; -8.190  ; bank_reg_32x32bit:BancoRegistradores|reg_pp_32bit:s2|02                                                                                            ; data_memory:DataMemory|ram:MemoriaRAM|altsyncram:altsyncram_component|altsyncram_vme1:auto_generated|ram_block1a0~porta_address_reg0  ; DivisorFrequencia:inst4|inst2 ; clock       ; 0.500        ; 0.071      ; 8.779      ;
; -8.186  ; bank_reg_32x32bit:BancoRegistradores|reg_pp_32bit:s0|00                                                                                            ; data_memory:DataMemory|ram:MemoriaRAM|altsyncram:altsyncram_component|altsyncram_vme1:auto_generated|ram_block1a14~porta_address_reg0 ; DivisorFrequencia:inst4|inst2 ; clock       ; 0.500        ; 0.071      ; 8.775      ;
; -8.186  ; bank_reg_32x32bit:BancoRegistradores|reg_pp_32bit:s0|00                                                                                            ; data_memory:DataMemory|ram:MemoriaRAM|altsyncram:altsyncram_component|altsyncram_vme1:auto_generated|ram_block1a0~porta_address_reg0  ; DivisorFrequencia:inst4|inst2 ; clock       ; 0.500        ; 0.071      ; 8.775      ;
; -8.163  ; bank_reg_32x32bit:BancoRegistradores|reg_pp_32bit:a2|02                                                                                            ; data_memory:DataMemory|ram:MemoriaRAM|altsyncram:altsyncram_component|altsyncram_vme1:auto_generated|ram_block1a14~porta_address_reg0 ; DivisorFrequencia:inst4|inst2 ; clock       ; 0.500        ; 0.053      ; 8.734      ;
; -8.163  ; bank_reg_32x32bit:BancoRegistradores|reg_pp_32bit:a2|02                                                                                            ; data_memory:DataMemory|ram:MemoriaRAM|altsyncram:altsyncram_component|altsyncram_vme1:auto_generated|ram_block1a0~porta_address_reg0  ; DivisorFrequencia:inst4|inst2 ; clock       ; 0.500        ; 0.053      ; 8.734      ;
; -8.162  ; bank_reg_32x32bit:BancoRegistradores|reg_pp_32bit:s3|01                                                                                            ; data_memory:DataMemory|ram:MemoriaRAM|altsyncram:altsyncram_component|altsyncram_vme1:auto_generated|ram_block1a14~porta_address_reg0 ; DivisorFrequencia:inst4|inst2 ; clock       ; 0.500        ; 0.079      ; 8.759      ;
; -8.162  ; bank_reg_32x32bit:BancoRegistradores|reg_pp_32bit:s3|01                                                                                            ; data_memory:DataMemory|ram:MemoriaRAM|altsyncram:altsyncram_component|altsyncram_vme1:auto_generated|ram_block1a0~porta_address_reg0  ; DivisorFrequencia:inst4|inst2 ; clock       ; 0.500        ; 0.079      ; 8.759      ;
; -8.161  ; bank_reg_32x32bit:BancoRegistradores|reg_pp_32bit:a1|00                                                                                            ; data_memory:DataMemory|ram:MemoriaRAM|altsyncram:altsyncram_component|altsyncram_vme1:auto_generated|ram_block1a14~porta_address_reg0 ; DivisorFrequencia:inst4|inst2 ; clock       ; 0.500        ; 0.063      ; 8.742      ;
; -8.161  ; bank_reg_32x32bit:BancoRegistradores|reg_pp_32bit:a1|00                                                                                            ; data_memory:DataMemory|ram:MemoriaRAM|altsyncram:altsyncram_component|altsyncram_vme1:auto_generated|ram_block1a0~porta_address_reg0  ; DivisorFrequencia:inst4|inst2 ; clock       ; 0.500        ; 0.063      ; 8.742      ;
; -8.100  ; bank_reg_32x32bit:BancoRegistradores|reg_pp_32bit:s7|00                                                                                            ; data_memory:DataMemory|ram:MemoriaRAM|altsyncram:altsyncram_component|altsyncram_vme1:auto_generated|ram_block1a14~porta_address_reg0 ; DivisorFrequencia:inst4|inst2 ; clock       ; 0.500        ; 0.080      ; 8.698      ;
; -8.100  ; bank_reg_32x32bit:BancoRegistradores|reg_pp_32bit:s7|00                                                                                            ; data_memory:DataMemory|ram:MemoriaRAM|altsyncram:altsyncram_component|altsyncram_vme1:auto_generated|ram_block1a0~porta_address_reg0  ; DivisorFrequencia:inst4|inst2 ; clock       ; 0.500        ; 0.080      ; 8.698      ;
; -8.098  ; bank_reg_32x32bit:BancoRegistradores|reg_pp_32bit:t9|00                                                                                            ; data_memory:DataMemory|ram:MemoriaRAM|altsyncram:altsyncram_component|altsyncram_vme1:auto_generated|ram_block1a14~porta_address_reg0 ; DivisorFrequencia:inst4|inst2 ; clock       ; 0.500        ; 0.070      ; 8.686      ;
; -8.098  ; bank_reg_32x32bit:BancoRegistradores|reg_pp_32bit:t9|00                                                                                            ; data_memory:DataMemory|ram:MemoriaRAM|altsyncram:altsyncram_component|altsyncram_vme1:auto_generated|ram_block1a0~porta_address_reg0  ; DivisorFrequencia:inst4|inst2 ; clock       ; 0.500        ; 0.070      ; 8.686      ;
; -8.093  ; bank_reg_32x32bit:BancoRegistradores|reg_pp_32bit:t5|00                                                                                            ; data_memory:DataMemory|ram:MemoriaRAM|altsyncram:altsyncram_component|altsyncram_vme1:auto_generated|ram_block1a14~porta_address_reg0 ; DivisorFrequencia:inst4|inst2 ; clock       ; 0.500        ; -0.291     ; 8.320      ;
; -8.093  ; bank_reg_32x32bit:BancoRegistradores|reg_pp_32bit:t5|00                                                                                            ; data_memory:DataMemory|ram:MemoriaRAM|altsyncram:altsyncram_component|altsyncram_vme1:auto_generated|ram_block1a0~porta_address_reg0  ; DivisorFrequencia:inst4|inst2 ; clock       ; 0.500        ; -0.291     ; 8.320      ;
; -8.084  ; bank_reg_32x32bit:BancoRegistradores|reg_pp_32bit:s7|02                                                                                            ; data_memory:DataMemory|ram:MemoriaRAM|altsyncram:altsyncram_component|altsyncram_vme1:auto_generated|ram_block1a14~porta_address_reg0 ; DivisorFrequencia:inst4|inst2 ; clock       ; 0.500        ; 0.080      ; 8.682      ;
; -8.084  ; bank_reg_32x32bit:BancoRegistradores|reg_pp_32bit:s7|02                                                                                            ; data_memory:DataMemory|ram:MemoriaRAM|altsyncram:altsyncram_component|altsyncram_vme1:auto_generated|ram_block1a0~porta_address_reg0  ; DivisorFrequencia:inst4|inst2 ; clock       ; 0.500        ; 0.080      ; 8.682      ;
; -8.082  ; bank_reg_32x32bit:BancoRegistradores|reg_pp_32bit:t9|02                                                                                            ; data_memory:DataMemory|ram:MemoriaRAM|altsyncram:altsyncram_component|altsyncram_vme1:auto_generated|ram_block1a14~porta_address_reg0 ; DivisorFrequencia:inst4|inst2 ; clock       ; 0.500        ; 0.070      ; 8.670      ;
; -8.082  ; bank_reg_32x32bit:BancoRegistradores|reg_pp_32bit:t9|02                                                                                            ; data_memory:DataMemory|ram:MemoriaRAM|altsyncram:altsyncram_component|altsyncram_vme1:auto_generated|ram_block1a0~porta_address_reg0  ; DivisorFrequencia:inst4|inst2 ; clock       ; 0.500        ; 0.070      ; 8.670      ;
; -8.081  ; bank_reg_32x32bit:BancoRegistradores|reg_pp_32bit:gp|00                                                                                            ; data_memory:DataMemory|ram:MemoriaRAM|altsyncram:altsyncram_component|altsyncram_vme1:auto_generated|ram_block1a14~porta_address_reg0 ; DivisorFrequencia:inst4|inst2 ; clock       ; 0.500        ; 0.071      ; 8.670      ;
; -8.081  ; bank_reg_32x32bit:BancoRegistradores|reg_pp_32bit:gp|00                                                                                            ; data_memory:DataMemory|ram:MemoriaRAM|altsyncram:altsyncram_component|altsyncram_vme1:auto_generated|ram_block1a0~porta_address_reg0  ; DivisorFrequencia:inst4|inst2 ; clock       ; 0.500        ; 0.071      ; 8.670      ;
; -8.073  ; bank_reg_32x32bit:BancoRegistradores|reg_pp_32bit:a0|01                                                                                            ; data_memory:DataMemory|ram:MemoriaRAM|altsyncram:altsyncram_component|altsyncram_vme1:auto_generated|ram_block1a14~porta_address_reg0 ; DivisorFrequencia:inst4|inst2 ; clock       ; 0.500        ; 0.064      ; 8.655      ;
; -8.073  ; bank_reg_32x32bit:BancoRegistradores|reg_pp_32bit:a0|01                                                                                            ; data_memory:DataMemory|ram:MemoriaRAM|altsyncram:altsyncram_component|altsyncram_vme1:auto_generated|ram_block1a0~porta_address_reg0  ; DivisorFrequencia:inst4|inst2 ; clock       ; 0.500        ; 0.064      ; 8.655      ;
; -8.060  ; bank_reg_32x32bit:BancoRegistradores|reg_pp_32bit:a2|01                                                                                            ; data_memory:DataMemory|ram:MemoriaRAM|altsyncram:altsyncram_component|altsyncram_vme1:auto_generated|ram_block1a14~porta_address_reg0 ; DivisorFrequencia:inst4|inst2 ; clock       ; 0.500        ; 0.065      ; 8.643      ;
; -8.060  ; bank_reg_32x32bit:BancoRegistradores|reg_pp_32bit:a2|01                                                                                            ; data_memory:DataMemory|ram:MemoriaRAM|altsyncram:altsyncram_component|altsyncram_vme1:auto_generated|ram_block1a0~porta_address_reg0  ; DivisorFrequencia:inst4|inst2 ; clock       ; 0.500        ; 0.065      ; 8.643      ;
; -8.045  ; bank_reg_32x32bit:BancoRegistradores|reg_pp_32bit:fp|00                                                                                            ; data_memory:DataMemory|ram:MemoriaRAM|altsyncram:altsyncram_component|altsyncram_vme1:auto_generated|ram_block1a14~porta_address_reg0 ; DivisorFrequencia:inst4|inst2 ; clock       ; 0.500        ; -0.291     ; 8.272      ;
; -8.045  ; bank_reg_32x32bit:BancoRegistradores|reg_pp_32bit:fp|00                                                                                            ; data_memory:DataMemory|ram:MemoriaRAM|altsyncram:altsyncram_component|altsyncram_vme1:auto_generated|ram_block1a0~porta_address_reg0  ; DivisorFrequencia:inst4|inst2 ; clock       ; 0.500        ; -0.291     ; 8.272      ;
; -8.024  ; bank_reg_32x32bit:BancoRegistradores|reg_pp_32bit:s4|02                                                                                            ; data_memory:DataMemory|ram:MemoriaRAM|altsyncram:altsyncram_component|altsyncram_vme1:auto_generated|ram_block1a14~porta_address_reg0 ; DivisorFrequencia:inst4|inst2 ; clock       ; 0.500        ; 0.068      ; 8.610      ;
; -8.024  ; bank_reg_32x32bit:BancoRegistradores|reg_pp_32bit:s4|02                                                                                            ; data_memory:DataMemory|ram:MemoriaRAM|altsyncram:altsyncram_component|altsyncram_vme1:auto_generated|ram_block1a0~porta_address_reg0  ; DivisorFrequencia:inst4|inst2 ; clock       ; 0.500        ; 0.068      ; 8.610      ;
; -8.013  ; bank_reg_32x32bit:BancoRegistradores|reg_pp_32bit:s1|01                                                                                            ; data_memory:DataMemory|ram:MemoriaRAM|altsyncram:altsyncram_component|altsyncram_vme1:auto_generated|ram_block1a14~porta_address_reg0 ; DivisorFrequencia:inst4|inst2 ; clock       ; 0.500        ; 0.080      ; 8.611      ;
; -8.013  ; bank_reg_32x32bit:BancoRegistradores|reg_pp_32bit:s1|01                                                                                            ; data_memory:DataMemory|ram:MemoriaRAM|altsyncram:altsyncram_component|altsyncram_vme1:auto_generated|ram_block1a0~porta_address_reg0  ; DivisorFrequencia:inst4|inst2 ; clock       ; 0.500        ; 0.080      ; 8.611      ;
; -8.006  ; bank_reg_32x32bit:BancoRegistradores|reg_pp_32bit:s0|03                                                                                            ; data_memory:DataMemory|ram:MemoriaRAM|altsyncram:altsyncram_component|altsyncram_vme1:auto_generated|ram_block1a14~porta_address_reg0 ; DivisorFrequencia:inst4|inst2 ; clock       ; 0.500        ; 0.061      ; 8.585      ;
; -8.006  ; bank_reg_32x32bit:BancoRegistradores|reg_pp_32bit:s0|03                                                                                            ; data_memory:DataMemory|ram:MemoriaRAM|altsyncram:altsyncram_component|altsyncram_vme1:auto_generated|ram_block1a0~porta_address_reg0  ; DivisorFrequencia:inst4|inst2 ; clock       ; 0.500        ; 0.061      ; 8.585      ;
; -7.989  ; bank_reg_32x32bit:BancoRegistradores|reg_pp_32bit:s2|00                                                                                            ; data_memory:DataMemory|ram:MemoriaRAM|altsyncram:altsyncram_component|altsyncram_vme1:auto_generated|ram_block1a14~porta_address_reg0 ; DivisorFrequencia:inst4|inst2 ; clock       ; 0.500        ; 0.073      ; 8.580      ;
; -7.989  ; bank_reg_32x32bit:BancoRegistradores|reg_pp_32bit:s2|00                                                                                            ; data_memory:DataMemory|ram:MemoriaRAM|altsyncram:altsyncram_component|altsyncram_vme1:auto_generated|ram_block1a0~porta_address_reg0  ; DivisorFrequencia:inst4|inst2 ; clock       ; 0.500        ; 0.073      ; 8.580      ;
; -7.987  ; bank_reg_32x32bit:BancoRegistradores|reg_pp_32bit:t9|01                                                                                            ; data_memory:DataMemory|ram:MemoriaRAM|altsyncram:altsyncram_component|altsyncram_vme1:auto_generated|ram_block1a14~porta_address_reg0 ; DivisorFrequencia:inst4|inst2 ; clock       ; 0.500        ; 0.070      ; 8.575      ;
; -7.987  ; bank_reg_32x32bit:BancoRegistradores|reg_pp_32bit:t9|01                                                                                            ; data_memory:DataMemory|ram:MemoriaRAM|altsyncram:altsyncram_component|altsyncram_vme1:auto_generated|ram_block1a0~porta_address_reg0  ; DivisorFrequencia:inst4|inst2 ; clock       ; 0.500        ; 0.070      ; 8.575      ;
; -7.982  ; bank_reg_32x32bit:BancoRegistradores|reg_pp_32bit:at|04                                                                                            ; data_memory:DataMemory|ram:MemoriaRAM|altsyncram:altsyncram_component|altsyncram_vme1:auto_generated|ram_block1a14~porta_address_reg0 ; DivisorFrequencia:inst4|inst2 ; clock       ; 0.500        ; 0.059      ; 8.559      ;
; -7.982  ; bank_reg_32x32bit:BancoRegistradores|reg_pp_32bit:at|04                                                                                            ; data_memory:DataMemory|ram:MemoriaRAM|altsyncram:altsyncram_component|altsyncram_vme1:auto_generated|ram_block1a0~porta_address_reg0  ; DivisorFrequencia:inst4|inst2 ; clock       ; 0.500        ; 0.059      ; 8.559      ;
; -7.981  ; bank_reg_32x32bit:BancoRegistradores|reg_pp_32bit:s0|02                                                                                            ; data_memory:DataMemory|ram:MemoriaRAM|altsyncram:altsyncram_component|altsyncram_vme1:auto_generated|ram_block1a14~porta_address_reg0 ; DivisorFrequencia:inst4|inst2 ; clock       ; 0.500        ; 0.069      ; 8.568      ;
; -7.981  ; bank_reg_32x32bit:BancoRegistradores|reg_pp_32bit:s0|02                                                                                            ; data_memory:DataMemory|ram:MemoriaRAM|altsyncram:altsyncram_component|altsyncram_vme1:auto_generated|ram_block1a0~porta_address_reg0  ; DivisorFrequencia:inst4|inst2 ; clock       ; 0.500        ; 0.069      ; 8.568      ;
; -7.976  ; bank_reg_32x32bit:BancoRegistradores|reg_pp_32bit:t1|00                                                                                            ; data_memory:DataMemory|ram:MemoriaRAM|altsyncram:altsyncram_component|altsyncram_vme1:auto_generated|ram_block1a14~porta_address_reg0 ; DivisorFrequencia:inst4|inst2 ; clock       ; 0.500        ; 0.070      ; 8.564      ;
; -7.976  ; bank_reg_32x32bit:BancoRegistradores|reg_pp_32bit:t1|00                                                                                            ; data_memory:DataMemory|ram:MemoriaRAM|altsyncram:altsyncram_component|altsyncram_vme1:auto_generated|ram_block1a0~porta_address_reg0  ; DivisorFrequencia:inst4|inst2 ; clock       ; 0.500        ; 0.070      ; 8.564      ;
; -7.956  ; bank_reg_32x32bit:BancoRegistradores|reg_pp_32bit:t8|01                                                                                            ; data_memory:DataMemory|ram:MemoriaRAM|altsyncram:altsyncram_component|altsyncram_vme1:auto_generated|ram_block1a14~porta_address_reg0 ; DivisorFrequencia:inst4|inst2 ; clock       ; 0.500        ; 0.068      ; 8.542      ;
; -7.956  ; bank_reg_32x32bit:BancoRegistradores|reg_pp_32bit:t8|01                                                                                            ; data_memory:DataMemory|ram:MemoriaRAM|altsyncram:altsyncram_component|altsyncram_vme1:auto_generated|ram_block1a0~porta_address_reg0  ; DivisorFrequencia:inst4|inst2 ; clock       ; 0.500        ; 0.068      ; 8.542      ;
; -7.944  ; bank_reg_32x32bit:BancoRegistradores|reg_pp_32bit:s4|01                                                                                            ; data_memory:DataMemory|ram:MemoriaRAM|altsyncram:altsyncram_component|altsyncram_vme1:auto_generated|ram_block1a14~porta_address_reg0 ; DivisorFrequencia:inst4|inst2 ; clock       ; 0.500        ; 0.068      ; 8.530      ;
; -7.944  ; bank_reg_32x32bit:BancoRegistradores|reg_pp_32bit:s4|01                                                                                            ; data_memory:DataMemory|ram:MemoriaRAM|altsyncram:altsyncram_component|altsyncram_vme1:auto_generated|ram_block1a0~porta_address_reg0  ; DivisorFrequencia:inst4|inst2 ; clock       ; 0.500        ; 0.068      ; 8.530      ;
; -7.943  ; bank_reg_32x32bit:BancoRegistradores|reg_pp_32bit:t2|00                                                                                            ; data_memory:DataMemory|ram:MemoriaRAM|altsyncram:altsyncram_component|altsyncram_vme1:auto_generated|ram_block1a14~porta_address_reg0 ; DivisorFrequencia:inst4|inst2 ; clock       ; 0.500        ; 0.070      ; 8.531      ;
; -7.943  ; bank_reg_32x32bit:BancoRegistradores|reg_pp_32bit:t2|00                                                                                            ; data_memory:DataMemory|ram:MemoriaRAM|altsyncram:altsyncram_component|altsyncram_vme1:auto_generated|ram_block1a0~porta_address_reg0  ; DivisorFrequencia:inst4|inst2 ; clock       ; 0.500        ; 0.070      ; 8.531      ;
; -7.932  ; bank_reg_32x32bit:BancoRegistradores|reg_pp_32bit:s7|04                                                                                            ; data_memory:DataMemory|ram:MemoriaRAM|altsyncram:altsyncram_component|altsyncram_vme1:auto_generated|ram_block1a14~porta_address_reg0 ; DivisorFrequencia:inst4|inst2 ; clock       ; 0.500        ; 0.080      ; 8.530      ;
; -7.932  ; bank_reg_32x32bit:BancoRegistradores|reg_pp_32bit:s7|04                                                                                            ; data_memory:DataMemory|ram:MemoriaRAM|altsyncram:altsyncram_component|altsyncram_vme1:auto_generated|ram_block1a0~porta_address_reg0  ; DivisorFrequencia:inst4|inst2 ; clock       ; 0.500        ; 0.080      ; 8.530      ;
; -7.926  ; bank_reg_32x32bit:BancoRegistradores|reg_pp_32bit:s6|01                                                                                            ; data_memory:DataMemory|ram:MemoriaRAM|altsyncram:altsyncram_component|altsyncram_vme1:auto_generated|ram_block1a14~porta_address_reg0 ; DivisorFrequencia:inst4|inst2 ; clock       ; 0.500        ; 0.082      ; 8.526      ;
; -7.926  ; bank_reg_32x32bit:BancoRegistradores|reg_pp_32bit:s6|01                                                                                            ; data_memory:DataMemory|ram:MemoriaRAM|altsyncram:altsyncram_component|altsyncram_vme1:auto_generated|ram_block1a0~porta_address_reg0  ; DivisorFrequencia:inst4|inst2 ; clock       ; 0.500        ; 0.082      ; 8.526      ;
; -7.918  ; bank_reg_32x32bit:BancoRegistradores|reg_pp_32bit:s6|02                                                                                            ; data_memory:DataMemory|ram:MemoriaRAM|altsyncram:altsyncram_component|altsyncram_vme1:auto_generated|ram_block1a14~porta_address_reg0 ; DivisorFrequencia:inst4|inst2 ; clock       ; 0.500        ; 0.068      ; 8.504      ;
; -7.918  ; bank_reg_32x32bit:BancoRegistradores|reg_pp_32bit:s6|02                                                                                            ; data_memory:DataMemory|ram:MemoriaRAM|altsyncram:altsyncram_component|altsyncram_vme1:auto_generated|ram_block1a0~porta_address_reg0  ; DivisorFrequencia:inst4|inst2 ; clock       ; 0.500        ; 0.068      ; 8.504      ;
; -7.907  ; bank_reg_32x32bit:BancoRegistradores|reg_pp_32bit:ra|00                                                                                            ; data_memory:DataMemory|ram:MemoriaRAM|altsyncram:altsyncram_component|altsyncram_vme1:auto_generated|ram_block1a14~porta_address_reg0 ; DivisorFrequencia:inst4|inst2 ; clock       ; 0.500        ; 0.079      ; 8.504      ;
; -7.907  ; bank_reg_32x32bit:BancoRegistradores|reg_pp_32bit:ra|00                                                                                            ; data_memory:DataMemory|ram:MemoriaRAM|altsyncram:altsyncram_component|altsyncram_vme1:auto_generated|ram_block1a0~porta_address_reg0  ; DivisorFrequencia:inst4|inst2 ; clock       ; 0.500        ; 0.079      ; 8.504      ;
; -7.904  ; bank_reg_32x32bit:BancoRegistradores|reg_pp_32bit:s1|04                                                                                            ; data_memory:DataMemory|ram:MemoriaRAM|altsyncram:altsyncram_component|altsyncram_vme1:auto_generated|ram_block1a14~porta_address_reg0 ; DivisorFrequencia:inst4|inst2 ; clock       ; 0.500        ; 0.079      ; 8.501      ;
; -7.904  ; bank_reg_32x32bit:BancoRegistradores|reg_pp_32bit:s1|04                                                                                            ; data_memory:DataMemory|ram:MemoriaRAM|altsyncram:altsyncram_component|altsyncram_vme1:auto_generated|ram_block1a0~porta_address_reg0  ; DivisorFrequencia:inst4|inst2 ; clock       ; 0.500        ; 0.079      ; 8.501      ;
; -7.900  ; bank_reg_32x32bit:BancoRegistradores|reg_pp_32bit:s5|04                                                                                            ; data_memory:DataMemory|ram:MemoriaRAM|altsyncram:altsyncram_component|altsyncram_vme1:auto_generated|ram_block1a14~porta_address_reg0 ; DivisorFrequencia:inst4|inst2 ; clock       ; 0.500        ; 0.079      ; 8.497      ;
; -7.900  ; bank_reg_32x32bit:BancoRegistradores|reg_pp_32bit:s5|04                                                                                            ; data_memory:DataMemory|ram:MemoriaRAM|altsyncram:altsyncram_component|altsyncram_vme1:auto_generated|ram_block1a0~porta_address_reg0  ; DivisorFrequencia:inst4|inst2 ; clock       ; 0.500        ; 0.079      ; 8.497      ;
; -7.890  ; bank_reg_32x32bit:BancoRegistradores|reg_pp_32bit:k1|00                                                                                            ; data_memory:DataMemory|ram:MemoriaRAM|altsyncram:altsyncram_component|altsyncram_vme1:auto_generated|ram_block1a14~porta_address_reg0 ; DivisorFrequencia:inst4|inst2 ; clock       ; 0.500        ; 0.080      ; 8.488      ;
; -7.890  ; bank_reg_32x32bit:BancoRegistradores|reg_pp_32bit:k1|00                                                                                            ; data_memory:DataMemory|ram:MemoriaRAM|altsyncram:altsyncram_component|altsyncram_vme1:auto_generated|ram_block1a0~porta_address_reg0  ; DivisorFrequencia:inst4|inst2 ; clock       ; 0.500        ; 0.080      ; 8.488      ;
; -7.888  ; bank_reg_32x32bit:BancoRegistradores|reg_pp_32bit:a1|04                                                                                            ; data_memory:DataMemory|ram:MemoriaRAM|altsyncram:altsyncram_component|altsyncram_vme1:auto_generated|ram_block1a14~porta_address_reg0 ; DivisorFrequencia:inst4|inst2 ; clock       ; 0.500        ; 0.053      ; 8.459      ;
; -7.888  ; bank_reg_32x32bit:BancoRegistradores|reg_pp_32bit:a1|04                                                                                            ; data_memory:DataMemory|ram:MemoriaRAM|altsyncram:altsyncram_component|altsyncram_vme1:auto_generated|ram_block1a0~porta_address_reg0  ; DivisorFrequencia:inst4|inst2 ; clock       ; 0.500        ; 0.053      ; 8.459      ;
; -7.874  ; bank_reg_32x32bit:BancoRegistradores|reg_pp_32bit:s3|04                                                                                            ; data_memory:DataMemory|ram:MemoriaRAM|altsyncram:altsyncram_component|altsyncram_vme1:auto_generated|ram_block1a14~porta_address_reg0 ; DivisorFrequencia:inst4|inst2 ; clock       ; 0.500        ; 0.079      ; 8.471      ;
; -7.874  ; bank_reg_32x32bit:BancoRegistradores|reg_pp_32bit:s3|04                                                                                            ; data_memory:DataMemory|ram:MemoriaRAM|altsyncram:altsyncram_component|altsyncram_vme1:auto_generated|ram_block1a0~porta_address_reg0  ; DivisorFrequencia:inst4|inst2 ; clock       ; 0.500        ; 0.079      ; 8.471      ;
; -7.873  ; bank_reg_32x32bit:BancoRegistradores|reg_pp_32bit:t8|05                                                                                            ; data_memory:DataMemory|ram:MemoriaRAM|altsyncram:altsyncram_component|altsyncram_vme1:auto_generated|ram_block1a14~porta_address_reg0 ; DivisorFrequencia:inst4|inst2 ; clock       ; 0.500        ; 0.068      ; 8.459      ;
; -7.873  ; bank_reg_32x32bit:BancoRegistradores|reg_pp_32bit:t8|05                                                                                            ; data_memory:DataMemory|ram:MemoriaRAM|altsyncram:altsyncram_component|altsyncram_vme1:auto_generated|ram_block1a0~porta_address_reg0  ; DivisorFrequencia:inst4|inst2 ; clock       ; 0.500        ; 0.068      ; 8.459      ;
+---------+----------------------------------------------------------------------------------------------------------------------------------------------------+---------------------------------------------------------------------------------------------------------------------------------------+-------------------------------+-------------+--------------+------------+------------+


+----------------------------------------------------------------------------------------------------------------------------------------------------------------------------------------------------------+
; Slow 1200mV 85C Model Hold: 'DivisorFrequencia:inst4|inst2'                                                                                                                                              ;
+-------+-------------------------------+---------------------------------------------------------+-------------------------------+-------------------------------+--------------+------------+------------+
; Slack ; From Node                     ; To Node                                                 ; Launch Clock                  ; Latch Clock                   ; Relationship ; Clock Skew ; Data Delay ;
+-------+-------------------------------+---------------------------------------------------------+-------------------------------+-------------------------------+--------------+------------+------------+
; 0.085 ; DivisorFrequencia:inst4|inst2 ; bank_reg_32x32bit:BancoRegistradores|reg_pp_32bit:a0|25 ; DivisorFrequencia:inst4|inst2 ; DivisorFrequencia:inst4|inst2 ; 0.000        ; 2.811      ; 3.252      ;
; 0.214 ; DivisorFrequencia:inst4|inst2 ; bank_reg_32x32bit:BancoRegistradores|reg_pp_32bit:a0|13 ; DivisorFrequencia:inst4|inst2 ; DivisorFrequencia:inst4|inst2 ; 0.000        ; 2.805      ; 3.375      ;
; 0.214 ; DivisorFrequencia:inst4|inst2 ; bank_reg_32x32bit:BancoRegistradores|reg_pp_32bit:a0|31 ; DivisorFrequencia:inst4|inst2 ; DivisorFrequencia:inst4|inst2 ; 0.000        ; 2.805      ; 3.375      ;
; 0.228 ; DivisorFrequencia:inst4|inst2 ; bank_reg_32x32bit:BancoRegistradores|reg_pp_32bit:a0|00 ; DivisorFrequencia:inst4|inst2 ; DivisorFrequencia:inst4|inst2 ; 0.000        ; 2.820      ; 3.404      ;
; 0.228 ; DivisorFrequencia:inst4|inst2 ; bank_reg_32x32bit:BancoRegistradores|reg_pp_32bit:a0|23 ; DivisorFrequencia:inst4|inst2 ; DivisorFrequencia:inst4|inst2 ; 0.000        ; 2.820      ; 3.404      ;
; 0.296 ; DivisorFrequencia:inst4|inst2 ; bank_reg_32x32bit:BancoRegistradores|reg_pp_32bit:a0|09 ; DivisorFrequencia:inst4|inst2 ; DivisorFrequencia:inst4|inst2 ; 0.000        ; 2.808      ; 3.460      ;
; 0.296 ; DivisorFrequencia:inst4|inst2 ; bank_reg_32x32bit:BancoRegistradores|reg_pp_32bit:a0|12 ; DivisorFrequencia:inst4|inst2 ; DivisorFrequencia:inst4|inst2 ; 0.000        ; 2.808      ; 3.460      ;
; 0.305 ; DivisorFrequencia:inst4|inst2 ; bank_reg_32x32bit:BancoRegistradores|reg_pp_32bit:a0|27 ; DivisorFrequencia:inst4|inst2 ; DivisorFrequencia:inst4|inst2 ; 0.000        ; 2.816      ; 3.477      ;
; 0.324 ; DivisorFrequencia:inst4|inst2 ; bank_reg_32x32bit:BancoRegistradores|reg_pp_32bit:fp|17 ; DivisorFrequencia:inst4|inst2 ; DivisorFrequencia:inst4|inst2 ; 0.000        ; 2.814      ; 3.494      ;
; 0.324 ; DivisorFrequencia:inst4|inst2 ; bank_reg_32x32bit:BancoRegistradores|reg_pp_32bit:fp|26 ; DivisorFrequencia:inst4|inst2 ; DivisorFrequencia:inst4|inst2 ; 0.000        ; 2.814      ; 3.494      ;
; 0.324 ; DivisorFrequencia:inst4|inst2 ; bank_reg_32x32bit:BancoRegistradores|reg_pp_32bit:fp|28 ; DivisorFrequencia:inst4|inst2 ; DivisorFrequencia:inst4|inst2 ; 0.000        ; 2.814      ; 3.494      ;
; 0.352 ; DivisorFrequencia:inst4|inst2 ; bank_reg_32x32bit:BancoRegistradores|reg_pp_32bit:t9|20 ; DivisorFrequencia:inst4|inst2 ; DivisorFrequencia:inst4|inst2 ; 0.000        ; 2.812      ; 3.520      ;
; 0.352 ; DivisorFrequencia:inst4|inst2 ; bank_reg_32x32bit:BancoRegistradores|reg_pp_32bit:t9|19 ; DivisorFrequencia:inst4|inst2 ; DivisorFrequencia:inst4|inst2 ; 0.000        ; 2.812      ; 3.520      ;
; 0.352 ; DivisorFrequencia:inst4|inst2 ; bank_reg_32x32bit:BancoRegistradores|reg_pp_32bit:t9|23 ; DivisorFrequencia:inst4|inst2 ; DivisorFrequencia:inst4|inst2 ; 0.000        ; 2.812      ; 3.520      ;
; 0.352 ; DivisorFrequencia:inst4|inst2 ; bank_reg_32x32bit:BancoRegistradores|reg_pp_32bit:t9|22 ; DivisorFrequencia:inst4|inst2 ; DivisorFrequencia:inst4|inst2 ; 0.000        ; 2.812      ; 3.520      ;
; 0.352 ; DivisorFrequencia:inst4|inst2 ; bank_reg_32x32bit:BancoRegistradores|reg_pp_32bit:t9|21 ; DivisorFrequencia:inst4|inst2 ; DivisorFrequencia:inst4|inst2 ; 0.000        ; 2.812      ; 3.520      ;
; 0.356 ; DivisorFrequencia:inst4|inst2 ; bank_reg_32x32bit:BancoRegistradores|reg_pp_32bit:fp|31 ; DivisorFrequencia:inst4|inst2 ; DivisorFrequencia:inst4|inst2 ; 0.000        ; 2.811      ; 3.523      ;
; 0.356 ; DivisorFrequencia:inst4|inst2 ; bank_reg_32x32bit:BancoRegistradores|reg_pp_32bit:fp|12 ; DivisorFrequencia:inst4|inst2 ; DivisorFrequencia:inst4|inst2 ; 0.000        ; 2.811      ; 3.523      ;
; 0.360 ; DivisorFrequencia:inst4|inst2 ; bank_reg_32x32bit:BancoRegistradores|reg_pp_32bit:s6|16 ; DivisorFrequencia:inst4|inst2 ; DivisorFrequencia:inst4|inst2 ; 0.000        ; 2.819      ; 3.535      ;
; 0.367 ; DivisorFrequencia:inst4|inst2 ; bank_reg_32x32bit:BancoRegistradores|reg_pp_32bit:a3|01 ; DivisorFrequencia:inst4|inst2 ; DivisorFrequencia:inst4|inst2 ; 0.000        ; 2.815      ; 3.538      ;
; 0.367 ; DivisorFrequencia:inst4|inst2 ; bank_reg_32x32bit:BancoRegistradores|reg_pp_32bit:a3|03 ; DivisorFrequencia:inst4|inst2 ; DivisorFrequencia:inst4|inst2 ; 0.000        ; 2.815      ; 3.538      ;
; 0.367 ; DivisorFrequencia:inst4|inst2 ; bank_reg_32x32bit:BancoRegistradores|reg_pp_32bit:a3|06 ; DivisorFrequencia:inst4|inst2 ; DivisorFrequencia:inst4|inst2 ; 0.000        ; 2.815      ; 3.538      ;
; 0.367 ; DivisorFrequencia:inst4|inst2 ; bank_reg_32x32bit:BancoRegistradores|reg_pp_32bit:a3|07 ; DivisorFrequencia:inst4|inst2 ; DivisorFrequencia:inst4|inst2 ; 0.000        ; 2.815      ; 3.538      ;
; 0.367 ; DivisorFrequencia:inst4|inst2 ; bank_reg_32x32bit:BancoRegistradores|reg_pp_32bit:a3|09 ; DivisorFrequencia:inst4|inst2 ; DivisorFrequencia:inst4|inst2 ; 0.000        ; 2.815      ; 3.538      ;
; 0.367 ; DivisorFrequencia:inst4|inst2 ; bank_reg_32x32bit:BancoRegistradores|reg_pp_32bit:a3|22 ; DivisorFrequencia:inst4|inst2 ; DivisorFrequencia:inst4|inst2 ; 0.000        ; 2.815      ; 3.538      ;
; 0.369 ; DivisorFrequencia:inst4|inst2 ; bank_reg_32x32bit:BancoRegistradores|reg_pp_32bit:t9|00 ; DivisorFrequencia:inst4|inst2 ; DivisorFrequencia:inst4|inst2 ; 0.000        ; 2.809      ; 3.534      ;
; 0.369 ; DivisorFrequencia:inst4|inst2 ; bank_reg_32x32bit:BancoRegistradores|reg_pp_32bit:t9|01 ; DivisorFrequencia:inst4|inst2 ; DivisorFrequencia:inst4|inst2 ; 0.000        ; 2.809      ; 3.534      ;
; 0.369 ; DivisorFrequencia:inst4|inst2 ; bank_reg_32x32bit:BancoRegistradores|reg_pp_32bit:t9|02 ; DivisorFrequencia:inst4|inst2 ; DivisorFrequencia:inst4|inst2 ; 0.000        ; 2.809      ; 3.534      ;
; 0.369 ; DivisorFrequencia:inst4|inst2 ; bank_reg_32x32bit:BancoRegistradores|reg_pp_32bit:t9|10 ; DivisorFrequencia:inst4|inst2 ; DivisorFrequencia:inst4|inst2 ; 0.000        ; 2.809      ; 3.534      ;
; 0.369 ; DivisorFrequencia:inst4|inst2 ; bank_reg_32x32bit:BancoRegistradores|reg_pp_32bit:t9|11 ; DivisorFrequencia:inst4|inst2 ; DivisorFrequencia:inst4|inst2 ; 0.000        ; 2.809      ; 3.534      ;
; 0.369 ; DivisorFrequencia:inst4|inst2 ; bank_reg_32x32bit:BancoRegistradores|reg_pp_32bit:t9|17 ; DivisorFrequencia:inst4|inst2 ; DivisorFrequencia:inst4|inst2 ; 0.000        ; 2.809      ; 3.534      ;
; 0.369 ; DivisorFrequencia:inst4|inst2 ; bank_reg_32x32bit:BancoRegistradores|reg_pp_32bit:t9|16 ; DivisorFrequencia:inst4|inst2 ; DivisorFrequencia:inst4|inst2 ; 0.000        ; 2.809      ; 3.534      ;
; 0.369 ; DivisorFrequencia:inst4|inst2 ; bank_reg_32x32bit:BancoRegistradores|reg_pp_32bit:t9|18 ; DivisorFrequencia:inst4|inst2 ; DivisorFrequencia:inst4|inst2 ; 0.000        ; 2.809      ; 3.534      ;
; 0.380 ; DivisorFrequencia:inst4|inst2 ; bank_reg_32x32bit:BancoRegistradores|reg_pp_32bit:t0|06 ; DivisorFrequencia:inst4|inst2 ; DivisorFrequencia:inst4|inst2 ; 0.000        ; 2.800      ; 3.536      ;
; 0.383 ; DivisorFrequencia:inst4|inst2 ; bank_reg_32x32bit:BancoRegistradores|reg_pp_32bit:t9|28 ; DivisorFrequencia:inst4|inst2 ; DivisorFrequencia:inst4|inst2 ; 0.000        ; 2.802      ; 3.541      ;
; 0.400 ; DivisorFrequencia:inst4|inst2 ; bank_reg_32x32bit:BancoRegistradores|reg_pp_32bit:s6|17 ; DivisorFrequencia:inst4|inst2 ; DivisorFrequencia:inst4|inst2 ; 0.000        ; 2.813      ; 3.569      ;
; 0.400 ; DivisorFrequencia:inst4|inst2 ; bank_reg_32x32bit:BancoRegistradores|reg_pp_32bit:s6|26 ; DivisorFrequencia:inst4|inst2 ; DivisorFrequencia:inst4|inst2 ; 0.000        ; 2.813      ; 3.569      ;
; 0.401 ; DivisorFrequencia:inst4|inst2 ; bank_reg_32x32bit:BancoRegistradores|reg_pp_32bit:a2|02 ; DivisorFrequencia:inst4|inst2 ; DivisorFrequencia:inst4|inst2 ; 0.000        ; 2.826      ; 3.583      ;
; 0.401 ; DivisorFrequencia:inst4|inst2 ; bank_reg_32x32bit:BancoRegistradores|reg_pp_32bit:a2|04 ; DivisorFrequencia:inst4|inst2 ; DivisorFrequencia:inst4|inst2 ; 0.000        ; 2.826      ; 3.583      ;
; 0.404 ; DivisorFrequencia:inst4|inst2 ; bank_reg_32x32bit:BancoRegistradores|reg_pp_32bit:a3|11 ; DivisorFrequencia:inst4|inst2 ; DivisorFrequencia:inst4|inst2 ; 0.000        ; 2.809      ; 3.569      ;
; 0.404 ; DivisorFrequencia:inst4|inst2 ; bank_reg_32x32bit:BancoRegistradores|reg_pp_32bit:a3|16 ; DivisorFrequencia:inst4|inst2 ; DivisorFrequencia:inst4|inst2 ; 0.000        ; 2.809      ; 3.569      ;
; 0.404 ; DivisorFrequencia:inst4|inst2 ; bank_reg_32x32bit:BancoRegistradores|reg_pp_32bit:a2|26 ; DivisorFrequencia:inst4|inst2 ; DivisorFrequencia:inst4|inst2 ; 0.000        ; 2.816      ; 3.576      ;
; 0.404 ; DivisorFrequencia:inst4|inst2 ; bank_reg_32x32bit:BancoRegistradores|reg_pp_32bit:a2|28 ; DivisorFrequencia:inst4|inst2 ; DivisorFrequencia:inst4|inst2 ; 0.000        ; 2.816      ; 3.576      ;
; 0.408 ; DivisorFrequencia:inst4|inst2 ; bank_reg_32x32bit:BancoRegistradores|reg_pp_32bit:a3|10 ; DivisorFrequencia:inst4|inst2 ; DivisorFrequencia:inst4|inst2 ; 0.000        ; 2.817      ; 3.581      ;
; 0.408 ; DivisorFrequencia:inst4|inst2 ; bank_reg_32x32bit:BancoRegistradores|reg_pp_32bit:a3|14 ; DivisorFrequencia:inst4|inst2 ; DivisorFrequencia:inst4|inst2 ; 0.000        ; 2.817      ; 3.581      ;
; 0.408 ; DivisorFrequencia:inst4|inst2 ; bank_reg_32x32bit:BancoRegistradores|reg_pp_32bit:a3|15 ; DivisorFrequencia:inst4|inst2 ; DivisorFrequencia:inst4|inst2 ; 0.000        ; 2.817      ; 3.581      ;
; 0.408 ; DivisorFrequencia:inst4|inst2 ; bank_reg_32x32bit:BancoRegistradores|reg_pp_32bit:a3|24 ; DivisorFrequencia:inst4|inst2 ; DivisorFrequencia:inst4|inst2 ; 0.000        ; 2.817      ; 3.581      ;
; 0.413 ; DivisorFrequencia:inst4|inst2 ; bank_reg_32x32bit:BancoRegistradores|reg_pp_32bit:s2|14 ; DivisorFrequencia:inst4|inst2 ; DivisorFrequencia:inst4|inst2 ; 0.000        ; 2.812      ; 3.581      ;
; 0.413 ; DivisorFrequencia:inst4|inst2 ; bank_reg_32x32bit:BancoRegistradores|reg_pp_32bit:s2|28 ; DivisorFrequencia:inst4|inst2 ; DivisorFrequencia:inst4|inst2 ; 0.000        ; 2.812      ; 3.581      ;
; 0.417 ; DivisorFrequencia:inst4|inst2 ; bank_reg_32x32bit:BancoRegistradores|reg_pp_32bit:s7|13 ; DivisorFrequencia:inst4|inst2 ; DivisorFrequencia:inst4|inst2 ; 0.000        ; 2.799      ; 3.572      ;
; 0.417 ; DivisorFrequencia:inst4|inst2 ; bank_reg_32x32bit:BancoRegistradores|reg_pp_32bit:s7|00 ; DivisorFrequencia:inst4|inst2 ; DivisorFrequencia:inst4|inst2 ; 0.000        ; 2.799      ; 3.572      ;
; 0.417 ; DivisorFrequencia:inst4|inst2 ; bank_reg_32x32bit:BancoRegistradores|reg_pp_32bit:s7|01 ; DivisorFrequencia:inst4|inst2 ; DivisorFrequencia:inst4|inst2 ; 0.000        ; 2.799      ; 3.572      ;
; 0.417 ; DivisorFrequencia:inst4|inst2 ; bank_reg_32x32bit:BancoRegistradores|reg_pp_32bit:s7|02 ; DivisorFrequencia:inst4|inst2 ; DivisorFrequencia:inst4|inst2 ; 0.000        ; 2.799      ; 3.572      ;
; 0.417 ; DivisorFrequencia:inst4|inst2 ; bank_reg_32x32bit:BancoRegistradores|reg_pp_32bit:s7|03 ; DivisorFrequencia:inst4|inst2 ; DivisorFrequencia:inst4|inst2 ; 0.000        ; 2.799      ; 3.572      ;
; 0.417 ; DivisorFrequencia:inst4|inst2 ; bank_reg_32x32bit:BancoRegistradores|reg_pp_32bit:s7|04 ; DivisorFrequencia:inst4|inst2 ; DivisorFrequencia:inst4|inst2 ; 0.000        ; 2.799      ; 3.572      ;
; 0.417 ; DivisorFrequencia:inst4|inst2 ; bank_reg_32x32bit:BancoRegistradores|reg_pp_32bit:s7|06 ; DivisorFrequencia:inst4|inst2 ; DivisorFrequencia:inst4|inst2 ; 0.000        ; 2.799      ; 3.572      ;
; 0.417 ; DivisorFrequencia:inst4|inst2 ; bank_reg_32x32bit:BancoRegistradores|reg_pp_32bit:s7|07 ; DivisorFrequencia:inst4|inst2 ; DivisorFrequencia:inst4|inst2 ; 0.000        ; 2.799      ; 3.572      ;
; 0.417 ; DivisorFrequencia:inst4|inst2 ; bank_reg_32x32bit:BancoRegistradores|reg_pp_32bit:s7|09 ; DivisorFrequencia:inst4|inst2 ; DivisorFrequencia:inst4|inst2 ; 0.000        ; 2.799      ; 3.572      ;
; 0.417 ; DivisorFrequencia:inst4|inst2 ; bank_reg_32x32bit:BancoRegistradores|reg_pp_32bit:s7|12 ; DivisorFrequencia:inst4|inst2 ; DivisorFrequencia:inst4|inst2 ; 0.000        ; 2.799      ; 3.572      ;
; 0.419 ; DivisorFrequencia:inst4|inst2 ; bank_reg_32x32bit:BancoRegistradores|reg_pp_32bit:a2|00 ; DivisorFrequencia:inst4|inst2 ; DivisorFrequencia:inst4|inst2 ; 0.000        ; 2.816      ; 3.591      ;
; 0.419 ; DivisorFrequencia:inst4|inst2 ; bank_reg_32x32bit:BancoRegistradores|reg_pp_32bit:a2|05 ; DivisorFrequencia:inst4|inst2 ; DivisorFrequencia:inst4|inst2 ; 0.000        ; 2.816      ; 3.591      ;
; 0.419 ; DivisorFrequencia:inst4|inst2 ; bank_reg_32x32bit:BancoRegistradores|reg_pp_32bit:a2|06 ; DivisorFrequencia:inst4|inst2 ; DivisorFrequencia:inst4|inst2 ; 0.000        ; 2.816      ; 3.591      ;
; 0.419 ; DivisorFrequencia:inst4|inst2 ; bank_reg_32x32bit:BancoRegistradores|reg_pp_32bit:a2|08 ; DivisorFrequencia:inst4|inst2 ; DivisorFrequencia:inst4|inst2 ; 0.000        ; 2.816      ; 3.591      ;
; 0.419 ; DivisorFrequencia:inst4|inst2 ; bank_reg_32x32bit:BancoRegistradores|reg_pp_32bit:a2|07 ; DivisorFrequencia:inst4|inst2 ; DivisorFrequencia:inst4|inst2 ; 0.000        ; 2.816      ; 3.591      ;
; 0.419 ; DivisorFrequencia:inst4|inst2 ; bank_reg_32x32bit:BancoRegistradores|reg_pp_32bit:a2|10 ; DivisorFrequencia:inst4|inst2 ; DivisorFrequencia:inst4|inst2 ; 0.000        ; 2.816      ; 3.591      ;
; 0.419 ; DivisorFrequencia:inst4|inst2 ; bank_reg_32x32bit:BancoRegistradores|reg_pp_32bit:a2|14 ; DivisorFrequencia:inst4|inst2 ; DivisorFrequencia:inst4|inst2 ; 0.000        ; 2.816      ; 3.591      ;
; 0.419 ; DivisorFrequencia:inst4|inst2 ; bank_reg_32x32bit:BancoRegistradores|reg_pp_32bit:a2|19 ; DivisorFrequencia:inst4|inst2 ; DivisorFrequencia:inst4|inst2 ; 0.000        ; 2.816      ; 3.591      ;
; 0.425 ; DivisorFrequencia:inst4|inst2 ; bank_reg_32x32bit:BancoRegistradores|reg_pp_32bit:s7|31 ; DivisorFrequencia:inst4|inst2 ; DivisorFrequencia:inst4|inst2 ; 0.000        ; 2.798      ; 3.579      ;
; 0.425 ; DivisorFrequencia:inst4|inst2 ; bank_reg_32x32bit:BancoRegistradores|reg_pp_32bit:s7|05 ; DivisorFrequencia:inst4|inst2 ; DivisorFrequencia:inst4|inst2 ; 0.000        ; 2.798      ; 3.579      ;
; 0.425 ; DivisorFrequencia:inst4|inst2 ; bank_reg_32x32bit:BancoRegistradores|reg_pp_32bit:s7|08 ; DivisorFrequencia:inst4|inst2 ; DivisorFrequencia:inst4|inst2 ; 0.000        ; 2.798      ; 3.579      ;
; 0.425 ; DivisorFrequencia:inst4|inst2 ; bank_reg_32x32bit:BancoRegistradores|reg_pp_32bit:s7|10 ; DivisorFrequencia:inst4|inst2 ; DivisorFrequencia:inst4|inst2 ; 0.000        ; 2.798      ; 3.579      ;
; 0.425 ; DivisorFrequencia:inst4|inst2 ; bank_reg_32x32bit:BancoRegistradores|reg_pp_32bit:s7|11 ; DivisorFrequencia:inst4|inst2 ; DivisorFrequencia:inst4|inst2 ; 0.000        ; 2.798      ; 3.579      ;
; 0.426 ; DivisorFrequencia:inst4|inst2 ; bank_reg_32x32bit:BancoRegistradores|reg_pp_32bit:t0|01 ; DivisorFrequencia:inst4|inst2 ; DivisorFrequencia:inst4|inst2 ; 0.000        ; 2.813      ; 3.595      ;
; 0.426 ; DivisorFrequencia:inst4|inst2 ; bank_reg_32x32bit:BancoRegistradores|reg_pp_32bit:t0|03 ; DivisorFrequencia:inst4|inst2 ; DivisorFrequencia:inst4|inst2 ; 0.000        ; 2.813      ; 3.595      ;
; 0.426 ; DivisorFrequencia:inst4|inst2 ; bank_reg_32x32bit:BancoRegistradores|reg_pp_32bit:t0|05 ; DivisorFrequencia:inst4|inst2 ; DivisorFrequencia:inst4|inst2 ; 0.000        ; 2.813      ; 3.595      ;
; 0.426 ; DivisorFrequencia:inst4|inst2 ; bank_reg_32x32bit:BancoRegistradores|reg_pp_32bit:t0|07 ; DivisorFrequencia:inst4|inst2 ; DivisorFrequencia:inst4|inst2 ; 0.000        ; 2.813      ; 3.595      ;
; 0.426 ; DivisorFrequencia:inst4|inst2 ; bank_reg_32x32bit:BancoRegistradores|reg_pp_32bit:t0|14 ; DivisorFrequencia:inst4|inst2 ; DivisorFrequencia:inst4|inst2 ; 0.000        ; 2.813      ; 3.595      ;
; 0.426 ; DivisorFrequencia:inst4|inst2 ; bank_reg_32x32bit:BancoRegistradores|reg_pp_32bit:t0|12 ; DivisorFrequencia:inst4|inst2 ; DivisorFrequencia:inst4|inst2 ; 0.000        ; 2.813      ; 3.595      ;
; 0.426 ; DivisorFrequencia:inst4|inst2 ; bank_reg_32x32bit:BancoRegistradores|reg_pp_32bit:t0|20 ; DivisorFrequencia:inst4|inst2 ; DivisorFrequencia:inst4|inst2 ; 0.000        ; 2.813      ; 3.595      ;
; 0.433 ; DivisorFrequencia:inst4|inst2 ; bank_reg_32x32bit:BancoRegistradores|reg_pp_32bit:gp|00 ; DivisorFrequencia:inst4|inst2 ; DivisorFrequencia:inst4|inst2 ; 0.000        ; 2.808      ; 3.597      ;
; 0.433 ; DivisorFrequencia:inst4|inst2 ; bank_reg_32x32bit:BancoRegistradores|reg_pp_32bit:gp|01 ; DivisorFrequencia:inst4|inst2 ; DivisorFrequencia:inst4|inst2 ; 0.000        ; 2.808      ; 3.597      ;
; 0.433 ; DivisorFrequencia:inst4|inst2 ; bank_reg_32x32bit:BancoRegistradores|reg_pp_32bit:gp|24 ; DivisorFrequencia:inst4|inst2 ; DivisorFrequencia:inst4|inst2 ; 0.000        ; 2.808      ; 3.597      ;
; 0.433 ; DivisorFrequencia:inst4|inst2 ; bank_reg_32x32bit:BancoRegistradores|reg_pp_32bit:gp|25 ; DivisorFrequencia:inst4|inst2 ; DivisorFrequencia:inst4|inst2 ; 0.000        ; 2.808      ; 3.597      ;
; 0.433 ; DivisorFrequencia:inst4|inst2 ; bank_reg_32x32bit:BancoRegistradores|reg_pp_32bit:a3|04 ; DivisorFrequencia:inst4|inst2 ; DivisorFrequencia:inst4|inst2 ; 0.000        ; 2.806      ; 3.595      ;
; 0.433 ; DivisorFrequencia:inst4|inst2 ; bank_reg_32x32bit:BancoRegistradores|reg_pp_32bit:a3|05 ; DivisorFrequencia:inst4|inst2 ; DivisorFrequencia:inst4|inst2 ; 0.000        ; 2.806      ; 3.595      ;
; 0.433 ; DivisorFrequencia:inst4|inst2 ; bank_reg_32x32bit:BancoRegistradores|reg_pp_32bit:a3|30 ; DivisorFrequencia:inst4|inst2 ; DivisorFrequencia:inst4|inst2 ; 0.000        ; 2.806      ; 3.595      ;
; 0.437 ; DivisorFrequencia:inst4|inst2 ; bank_reg_32x32bit:BancoRegistradores|reg_pp_32bit:a0|04 ; DivisorFrequencia:inst4|inst2 ; DivisorFrequencia:inst4|inst2 ; 0.000        ; 2.806      ; 3.599      ;
; 0.437 ; DivisorFrequencia:inst4|inst2 ; bank_reg_32x32bit:BancoRegistradores|reg_pp_32bit:a0|05 ; DivisorFrequencia:inst4|inst2 ; DivisorFrequencia:inst4|inst2 ; 0.000        ; 2.806      ; 3.599      ;
; 0.437 ; DivisorFrequencia:inst4|inst2 ; bank_reg_32x32bit:BancoRegistradores|reg_pp_32bit:a0|30 ; DivisorFrequencia:inst4|inst2 ; DivisorFrequencia:inst4|inst2 ; 0.000        ; 2.806      ; 3.599      ;
; 0.439 ; DivisorFrequencia:inst4|inst2 ; bank_reg_32x32bit:BancoRegistradores|reg_pp_32bit:s0|10 ; DivisorFrequencia:inst4|inst2 ; DivisorFrequencia:inst4|inst2 ; 0.000        ; 2.817      ; 3.612      ;
; 0.439 ; DivisorFrequencia:inst4|inst2 ; bank_reg_32x32bit:BancoRegistradores|reg_pp_32bit:s0|16 ; DivisorFrequencia:inst4|inst2 ; DivisorFrequencia:inst4|inst2 ; 0.000        ; 2.817      ; 3.612      ;
; 0.445 ; DivisorFrequencia:inst4|inst2 ; bank_reg_32x32bit:BancoRegistradores|reg_pp_32bit:a0|02 ; DivisorFrequencia:inst4|inst2 ; DivisorFrequencia:inst4|inst2 ; 0.000        ; 2.813      ; 3.614      ;
; 0.445 ; DivisorFrequencia:inst4|inst2 ; bank_reg_32x32bit:BancoRegistradores|reg_pp_32bit:a0|08 ; DivisorFrequencia:inst4|inst2 ; DivisorFrequencia:inst4|inst2 ; 0.000        ; 2.813      ; 3.614      ;
; 0.445 ; DivisorFrequencia:inst4|inst2 ; bank_reg_32x32bit:BancoRegistradores|reg_pp_32bit:a0|26 ; DivisorFrequencia:inst4|inst2 ; DivisorFrequencia:inst4|inst2 ; 0.000        ; 2.813      ; 3.614      ;
; 0.445 ; DivisorFrequencia:inst4|inst2 ; bank_reg_32x32bit:BancoRegistradores|reg_pp_32bit:a0|28 ; DivisorFrequencia:inst4|inst2 ; DivisorFrequencia:inst4|inst2 ; 0.000        ; 2.813      ; 3.614      ;
; 0.452 ; DivisorFrequencia:inst4|inst2 ; bank_reg_32x32bit:BancoRegistradores|reg_pp_32bit:a0|01 ; DivisorFrequencia:inst4|inst2 ; DivisorFrequencia:inst4|inst2 ; 0.000        ; 2.815      ; 3.623      ;
; 0.452 ; DivisorFrequencia:inst4|inst2 ; bank_reg_32x32bit:BancoRegistradores|reg_pp_32bit:a0|03 ; DivisorFrequencia:inst4|inst2 ; DivisorFrequencia:inst4|inst2 ; 0.000        ; 2.815      ; 3.623      ;
; 0.452 ; DivisorFrequencia:inst4|inst2 ; bank_reg_32x32bit:BancoRegistradores|reg_pp_32bit:a0|06 ; DivisorFrequencia:inst4|inst2 ; DivisorFrequencia:inst4|inst2 ; 0.000        ; 2.815      ; 3.623      ;
; 0.452 ; DivisorFrequencia:inst4|inst2 ; bank_reg_32x32bit:BancoRegistradores|reg_pp_32bit:a0|07 ; DivisorFrequencia:inst4|inst2 ; DivisorFrequencia:inst4|inst2 ; 0.000        ; 2.815      ; 3.623      ;
; 0.452 ; DivisorFrequencia:inst4|inst2 ; bank_reg_32x32bit:BancoRegistradores|reg_pp_32bit:a0|22 ; DivisorFrequencia:inst4|inst2 ; DivisorFrequencia:inst4|inst2 ; 0.000        ; 2.815      ; 3.623      ;
+-------+-------------------------------+---------------------------------------------------------+-------------------------------+-------------------------------+--------------+------------+------------+


+-------------------------------------------------------------------------------------------------------------------------------------------------------------------------------------------------------------------------------------------------------------------------------------------------------------+
; Slow 1200mV 85C Model Hold: 'clock'                                                                                                                                                                                                                                                                         ;
+-------+---------------------------------------------------------+----------------------------------------------------------------------------------------------------------------------------------------------------+-------------------------------+-------------+--------------+------------+------------+
; Slack ; From Node                                               ; To Node                                                                                                                                            ; Launch Clock                  ; Latch Clock ; Relationship ; Clock Skew ; Data Delay ;
+-------+---------------------------------------------------------+----------------------------------------------------------------------------------------------------------------------------------------------------+-------------------------------+-------------+--------------+------------+------------+
; 0.346 ; DivisorFrequencia:inst4|inst                            ; DivisorFrequencia:inst4|inst                                                                                                                       ; clock                         ; clock       ; 0.000        ; 0.077      ; 0.580      ;
; 0.359 ; DivisorFrequencia:inst4|inst1                           ; DivisorFrequencia:inst4|inst1                                                                                                                      ; clock                         ; clock       ; 0.000        ; 0.061      ; 0.577      ;
; 0.367 ; DivisorFrequencia:inst4|inst2                           ; DivisorFrequencia:inst4|inst2                                                                                                                      ; DivisorFrequencia:inst4|inst2 ; clock       ; 0.000        ; 2.621      ; 3.374      ;
; 0.620 ; DivisorFrequencia:inst4|inst2                           ; data_memory:DataMemory|ram:MemoriaRAM|altsyncram:altsyncram_component|altsyncram_vme1:auto_generated|ram_block1a14~porta_we_reg                    ; DivisorFrequencia:inst4|inst2 ; clock       ; 0.000        ; 2.972      ; 4.008      ;
; 0.620 ; DivisorFrequencia:inst4|inst2                           ; data_memory:DataMemory|ram:MemoriaRAM|altsyncram:altsyncram_component|altsyncram_vme1:auto_generated|ram_block1a0~porta_we_reg                     ; DivisorFrequencia:inst4|inst2 ; clock       ; 0.000        ; 2.972      ; 4.008      ;
; 0.740 ; DivisorFrequencia:inst4|inst                            ; DivisorFrequencia:inst4|inst1                                                                                                                      ; clock                         ; clock       ; 0.000        ; -0.307     ; 0.590      ;
; 0.848 ; DivisorFrequencia:inst4|inst2                           ; DivisorFrequencia:inst4|inst2                                                                                                                      ; DivisorFrequencia:inst4|inst2 ; clock       ; -0.500       ; 2.621      ; 3.355      ;
; 1.035 ; DivisorFrequencia:inst4|inst2                           ; data_memory:DataMemory|ram:MemoriaRAM|altsyncram:altsyncram_component|altsyncram_vme1:auto_generated|ram_block1a14~porta_we_reg                    ; DivisorFrequencia:inst4|inst2 ; clock       ; -0.500       ; 2.972      ; 3.923      ;
; 1.035 ; DivisorFrequencia:inst4|inst2                           ; data_memory:DataMemory|ram:MemoriaRAM|altsyncram:altsyncram_component|altsyncram_vme1:auto_generated|ram_block1a0~porta_we_reg                     ; DivisorFrequencia:inst4|inst2 ; clock       ; -0.500       ; 2.972      ; 3.923      ;
; 1.247 ; program_counter:ProgramCounter|lpm_dff:133|dffs[9]      ; instruction_memory:InstructionMemory|rom:MemoriaRom|altsyncram:altsyncram_component|altsyncram_bk91:auto_generated|ram_block1a0~porta_address_reg0 ; DivisorFrequencia:inst4|inst2 ; clock       ; -0.500       ; -0.062     ; 0.902      ;
; 1.473 ; program_counter:ProgramCounter|lpm_dff:133|dffs[3]      ; instruction_memory:InstructionMemory|rom:MemoriaRom|altsyncram:altsyncram_component|altsyncram_bk91:auto_generated|ram_block1a0~porta_address_reg0 ; DivisorFrequencia:inst4|inst2 ; clock       ; -0.500       ; -0.062     ; 1.128      ;
; 1.490 ; program_counter:ProgramCounter|lpm_dff:133|dffs[6]      ; instruction_memory:InstructionMemory|rom:MemoriaRom|altsyncram:altsyncram_component|altsyncram_bk91:auto_generated|ram_block1a0~porta_address_reg0 ; DivisorFrequencia:inst4|inst2 ; clock       ; -0.500       ; -0.068     ; 1.139      ;
; 1.511 ; program_counter:ProgramCounter|lpm_dff:133|dffs[2]      ; instruction_memory:InstructionMemory|rom:MemoriaRom|altsyncram:altsyncram_component|altsyncram_bk91:auto_generated|ram_block1a0~porta_address_reg0 ; DivisorFrequencia:inst4|inst2 ; clock       ; -0.500       ; -0.060     ; 1.168      ;
; 1.521 ; program_counter:ProgramCounter|lpm_dff:133|dffs[4]      ; instruction_memory:InstructionMemory|rom:MemoriaRom|altsyncram:altsyncram_component|altsyncram_bk91:auto_generated|ram_block1a0~porta_address_reg0 ; DivisorFrequencia:inst4|inst2 ; clock       ; -0.500       ; -0.062     ; 1.176      ;
; 1.547 ; program_counter:ProgramCounter|lpm_dff:133|dffs[8]      ; instruction_memory:InstructionMemory|rom:MemoriaRom|altsyncram:altsyncram_component|altsyncram_bk91:auto_generated|ram_block1a0~porta_address_reg0 ; DivisorFrequencia:inst4|inst2 ; clock       ; -0.500       ; -0.060     ; 1.204      ;
; 1.551 ; program_counter:ProgramCounter|lpm_dff:133|dffs[5]      ; instruction_memory:InstructionMemory|rom:MemoriaRom|altsyncram:altsyncram_component|altsyncram_bk91:auto_generated|ram_block1a0~porta_address_reg0 ; DivisorFrequencia:inst4|inst2 ; clock       ; -0.500       ; -0.089     ; 1.179      ;
; 1.566 ; program_counter:ProgramCounter|lpm_dff:133|dffs[7]      ; instruction_memory:InstructionMemory|rom:MemoriaRom|altsyncram:altsyncram_component|altsyncram_bk91:auto_generated|ram_block1a0~porta_address_reg0 ; DivisorFrequencia:inst4|inst2 ; clock       ; -0.500       ; -0.080     ; 1.203      ;
; 1.573 ; bank_reg_32x32bit:BancoRegistradores|reg_pp_32bit:t1|04 ; data_memory:DataMemory|ram:MemoriaRAM|altsyncram:altsyncram_component|altsyncram_vme1:auto_generated|ram_block1a0~porta_datain_reg0                ; DivisorFrequencia:inst4|inst2 ; clock       ; -0.500       ; 0.296      ; 1.586      ;
; 1.783 ; bank_reg_32x32bit:BancoRegistradores|reg_pp_32bit:t2|26 ; data_memory:DataMemory|ram:MemoriaRAM|altsyncram:altsyncram_component|altsyncram_vme1:auto_generated|ram_block1a14~porta_datain_reg0               ; DivisorFrequencia:inst4|inst2 ; clock       ; -0.500       ; 0.308      ; 1.808      ;
; 1.859 ; DivisorFrequencia:inst4|inst1                           ; DivisorFrequencia:inst4|inst2                                                                                                                      ; clock                         ; clock       ; 0.000        ; 0.061      ; 2.077      ;
; 1.904 ; bank_reg_32x32bit:BancoRegistradores|reg_pp_32bit:t7|08 ; data_memory:DataMemory|ram:MemoriaRAM|altsyncram:altsyncram_component|altsyncram_vme1:auto_generated|ram_block1a0~porta_datain_reg0                ; DivisorFrequencia:inst4|inst2 ; clock       ; -0.500       ; 0.307      ; 1.928      ;
; 1.952 ; bank_reg_32x32bit:BancoRegistradores|reg_pp_32bit:t2|24 ; data_memory:DataMemory|ram:MemoriaRAM|altsyncram:altsyncram_component|altsyncram_vme1:auto_generated|ram_block1a14~porta_datain_reg0               ; DivisorFrequencia:inst4|inst2 ; clock       ; -0.500       ; 0.295      ; 1.964      ;
; 1.977 ; bank_reg_32x32bit:BancoRegistradores|reg_pp_32bit:t3|26 ; data_memory:DataMemory|ram:MemoriaRAM|altsyncram:altsyncram_component|altsyncram_vme1:auto_generated|ram_block1a14~porta_datain_reg0               ; DivisorFrequencia:inst4|inst2 ; clock       ; -0.500       ; 0.308      ; 2.002      ;
; 2.054 ; bank_reg_32x32bit:BancoRegistradores|reg_pp_32bit:t7|00 ; data_memory:DataMemory|ram:MemoriaRAM|altsyncram:altsyncram_component|altsyncram_vme1:auto_generated|ram_block1a0~porta_datain_reg0                ; DivisorFrequencia:inst4|inst2 ; clock       ; -0.500       ; 0.307      ; 2.078      ;
; 2.065 ; bank_reg_32x32bit:BancoRegistradores|reg_pp_32bit:v1|19 ; data_memory:DataMemory|ram:MemoriaRAM|altsyncram:altsyncram_component|altsyncram_vme1:auto_generated|ram_block1a14~porta_datain_reg0               ; DivisorFrequencia:inst4|inst2 ; clock       ; -0.500       ; -0.028     ; 1.754      ;
; 2.085 ; bank_reg_32x32bit:BancoRegistradores|reg_pp_32bit:v1|11 ; data_memory:DataMemory|ram:MemoriaRAM|altsyncram:altsyncram_component|altsyncram_vme1:auto_generated|ram_block1a0~porta_datain_reg0                ; DivisorFrequencia:inst4|inst2 ; clock       ; -0.500       ; 0.295      ; 2.097      ;
; 2.099 ; bank_reg_32x32bit:BancoRegistradores|reg_pp_32bit:t7|11 ; data_memory:DataMemory|ram:MemoriaRAM|altsyncram:altsyncram_component|altsyncram_vme1:auto_generated|ram_block1a0~porta_datain_reg0                ; DivisorFrequencia:inst4|inst2 ; clock       ; -0.500       ; 0.307      ; 2.123      ;
; 2.107 ; bank_reg_32x32bit:BancoRegistradores|reg_pp_32bit:t1|06 ; data_memory:DataMemory|ram:MemoriaRAM|altsyncram:altsyncram_component|altsyncram_vme1:auto_generated|ram_block1a0~porta_datain_reg0                ; DivisorFrequencia:inst4|inst2 ; clock       ; -0.500       ; 0.304      ; 2.128      ;
; 2.150 ; bank_reg_32x32bit:BancoRegistradores|reg_pp_32bit:v1|09 ; data_memory:DataMemory|ram:MemoriaRAM|altsyncram:altsyncram_component|altsyncram_vme1:auto_generated|ram_block1a0~porta_datain_reg0                ; DivisorFrequencia:inst4|inst2 ; clock       ; -0.500       ; 0.305      ; 2.172      ;
; 2.159 ; bank_reg_32x32bit:BancoRegistradores|reg_pp_32bit:v1|00 ; data_memory:DataMemory|ram:MemoriaRAM|altsyncram:altsyncram_component|altsyncram_vme1:auto_generated|ram_block1a0~porta_datain_reg0                ; DivisorFrequencia:inst4|inst2 ; clock       ; -0.500       ; 0.285      ; 2.161      ;
; 2.161 ; bank_reg_32x32bit:BancoRegistradores|reg_pp_32bit:t3|04 ; data_memory:DataMemory|ram:MemoriaRAM|altsyncram:altsyncram_component|altsyncram_vme1:auto_generated|ram_block1a0~porta_datain_reg0                ; DivisorFrequencia:inst4|inst2 ; clock       ; -0.500       ; 0.296      ; 2.174      ;
; 2.164 ; bank_reg_32x32bit:BancoRegistradores|reg_pp_32bit:t1|12 ; data_memory:DataMemory|ram:MemoriaRAM|altsyncram:altsyncram_component|altsyncram_vme1:auto_generated|ram_block1a0~porta_datain_reg0                ; DivisorFrequencia:inst4|inst2 ; clock       ; -0.500       ; 0.292      ; 2.173      ;
; 2.165 ; bank_reg_32x32bit:BancoRegistradores|reg_pp_32bit:t3|24 ; data_memory:DataMemory|ram:MemoriaRAM|altsyncram:altsyncram_component|altsyncram_vme1:auto_generated|ram_block1a14~porta_datain_reg0               ; DivisorFrequencia:inst4|inst2 ; clock       ; -0.500       ; 0.295      ; 2.177      ;
; 2.193 ; bank_reg_32x32bit:BancoRegistradores|reg_pp_32bit:t4|08 ; data_memory:DataMemory|ram:MemoriaRAM|altsyncram:altsyncram_component|altsyncram_vme1:auto_generated|ram_block1a0~porta_datain_reg0                ; DivisorFrequencia:inst4|inst2 ; clock       ; -0.500       ; 0.307      ; 2.217      ;
; 2.199 ; bank_reg_32x32bit:BancoRegistradores|reg_pp_32bit:t2|19 ; data_memory:DataMemory|ram:MemoriaRAM|altsyncram:altsyncram_component|altsyncram_vme1:auto_generated|ram_block1a14~porta_datain_reg0               ; DivisorFrequencia:inst4|inst2 ; clock       ; -0.500       ; 0.308      ; 2.224      ;
; 2.203 ; bank_reg_32x32bit:BancoRegistradores|reg_pp_32bit:t2|27 ; data_memory:DataMemory|ram:MemoriaRAM|altsyncram:altsyncram_component|altsyncram_vme1:auto_generated|ram_block1a14~porta_datain_reg0               ; DivisorFrequencia:inst4|inst2 ; clock       ; -0.500       ; 0.292      ; 2.212      ;
; 2.208 ; bank_reg_32x32bit:BancoRegistradores|reg_pp_32bit:t3|18 ; data_memory:DataMemory|ram:MemoriaRAM|altsyncram:altsyncram_component|altsyncram_vme1:auto_generated|ram_block1a14~porta_datain_reg0               ; DivisorFrequencia:inst4|inst2 ; clock       ; -0.500       ; 0.308      ; 2.233      ;
; 2.221 ; bank_reg_32x32bit:BancoRegistradores|reg_pp_32bit:t2|17 ; data_memory:DataMemory|ram:MemoriaRAM|altsyncram:altsyncram_component|altsyncram_vme1:auto_generated|ram_block1a14~porta_datain_reg0               ; DivisorFrequencia:inst4|inst2 ; clock       ; -0.500       ; 0.308      ; 2.246      ;
; 2.237 ; bank_reg_32x32bit:BancoRegistradores|reg_pp_32bit:t3|27 ; data_memory:DataMemory|ram:MemoriaRAM|altsyncram:altsyncram_component|altsyncram_vme1:auto_generated|ram_block1a14~porta_datain_reg0               ; DivisorFrequencia:inst4|inst2 ; clock       ; -0.500       ; 0.292      ; 2.246      ;
; 2.242 ; bank_reg_32x32bit:BancoRegistradores|reg_pp_32bit:t6|26 ; data_memory:DataMemory|ram:MemoriaRAM|altsyncram:altsyncram_component|altsyncram_vme1:auto_generated|ram_block1a14~porta_datain_reg0               ; DivisorFrequencia:inst4|inst2 ; clock       ; -0.500       ; 0.294      ; 2.253      ;
; 2.258 ; bank_reg_32x32bit:BancoRegistradores|reg_pp_32bit:t2|04 ; data_memory:DataMemory|ram:MemoriaRAM|altsyncram:altsyncram_component|altsyncram_vme1:auto_generated|ram_block1a0~porta_datain_reg0                ; DivisorFrequencia:inst4|inst2 ; clock       ; -0.500       ; 0.296      ; 2.271      ;
; 2.269 ; bank_reg_32x32bit:BancoRegistradores|reg_pp_32bit:a1|11 ; data_memory:DataMemory|ram:MemoriaRAM|altsyncram:altsyncram_component|altsyncram_vme1:auto_generated|ram_block1a0~porta_datain_reg0                ; DivisorFrequencia:inst4|inst2 ; clock       ; -0.500       ; 0.295      ; 2.281      ;
; 2.274 ; bank_reg_32x32bit:BancoRegistradores|reg_pp_32bit:gp|26 ; data_memory:DataMemory|ram:MemoriaRAM|altsyncram:altsyncram_component|altsyncram_vme1:auto_generated|ram_block1a14~porta_datain_reg0               ; DivisorFrequencia:inst4|inst2 ; clock       ; -0.500       ; 0.292      ; 2.283      ;
; 2.284 ; bank_reg_32x32bit:BancoRegistradores|reg_pp_32bit:t5|09 ; data_memory:DataMemory|ram:MemoriaRAM|altsyncram:altsyncram_component|altsyncram_vme1:auto_generated|ram_block1a0~porta_datain_reg0                ; DivisorFrequencia:inst4|inst2 ; clock       ; -0.500       ; 0.308      ; 2.309      ;
; 2.296 ; bank_reg_32x32bit:BancoRegistradores|reg_pp_32bit:v1|17 ; data_memory:DataMemory|ram:MemoriaRAM|altsyncram:altsyncram_component|altsyncram_vme1:auto_generated|ram_block1a14~porta_datain_reg0               ; DivisorFrequencia:inst4|inst2 ; clock       ; -0.500       ; -0.028     ; 1.985      ;
; 2.298 ; bank_reg_32x32bit:BancoRegistradores|reg_pp_32bit:t7|04 ; data_memory:DataMemory|ram:MemoriaRAM|altsyncram:altsyncram_component|altsyncram_vme1:auto_generated|ram_block1a0~porta_datain_reg0                ; DivisorFrequencia:inst4|inst2 ; clock       ; -0.500       ; 0.299      ; 2.314      ;
; 2.306 ; bank_reg_32x32bit:BancoRegistradores|reg_pp_32bit:t7|25 ; data_memory:DataMemory|ram:MemoriaRAM|altsyncram:altsyncram_component|altsyncram_vme1:auto_generated|ram_block1a14~porta_datain_reg0               ; DivisorFrequencia:inst4|inst2 ; clock       ; -0.500       ; 0.307      ; 2.330      ;
; 2.309 ; bank_reg_32x32bit:BancoRegistradores|reg_pp_32bit:v1|18 ; data_memory:DataMemory|ram:MemoriaRAM|altsyncram:altsyncram_component|altsyncram_vme1:auto_generated|ram_block1a14~porta_datain_reg0               ; DivisorFrequencia:inst4|inst2 ; clock       ; -0.500       ; 0.294      ; 2.320      ;
; 2.316 ; bank_reg_32x32bit:BancoRegistradores|reg_pp_32bit:v1|26 ; data_memory:DataMemory|ram:MemoriaRAM|altsyncram:altsyncram_component|altsyncram_vme1:auto_generated|ram_block1a14~porta_datain_reg0               ; DivisorFrequencia:inst4|inst2 ; clock       ; -0.500       ; 0.289      ; 2.322      ;
; 2.316 ; bank_reg_32x32bit:BancoRegistradores|reg_pp_32bit:v1|25 ; data_memory:DataMemory|ram:MemoriaRAM|altsyncram:altsyncram_component|altsyncram_vme1:auto_generated|ram_block1a14~porta_datain_reg0               ; DivisorFrequencia:inst4|inst2 ; clock       ; -0.500       ; 0.287      ; 2.320      ;
; 2.317 ; bank_reg_32x32bit:BancoRegistradores|reg_pp_32bit:s5|00 ; data_memory:DataMemory|ram:MemoriaRAM|altsyncram:altsyncram_component|altsyncram_vme1:auto_generated|ram_block1a0~porta_datain_reg0                ; DivisorFrequencia:inst4|inst2 ; clock       ; -0.500       ; -0.055     ; 1.979      ;
; 2.343 ; bank_reg_32x32bit:BancoRegistradores|reg_pp_32bit:gp|25 ; data_memory:DataMemory|ram:MemoriaRAM|altsyncram:altsyncram_component|altsyncram_vme1:auto_generated|ram_block1a14~porta_datain_reg0               ; DivisorFrequencia:inst4|inst2 ; clock       ; -0.500       ; 0.297      ; 2.357      ;
; 2.363 ; bank_reg_32x32bit:BancoRegistradores|reg_pp_32bit:t5|08 ; data_memory:DataMemory|ram:MemoriaRAM|altsyncram:altsyncram_component|altsyncram_vme1:auto_generated|ram_block1a0~porta_datain_reg0                ; DivisorFrequencia:inst4|inst2 ; clock       ; -0.500       ; 0.308      ; 2.388      ;
; 2.364 ; bank_reg_32x32bit:BancoRegistradores|reg_pp_32bit:t3|19 ; data_memory:DataMemory|ram:MemoriaRAM|altsyncram:altsyncram_component|altsyncram_vme1:auto_generated|ram_block1a14~porta_datain_reg0               ; DivisorFrequencia:inst4|inst2 ; clock       ; -0.500       ; 0.308      ; 2.389      ;
; 2.390 ; bank_reg_32x32bit:BancoRegistradores|reg_pp_32bit:t4|11 ; data_memory:DataMemory|ram:MemoriaRAM|altsyncram:altsyncram_component|altsyncram_vme1:auto_generated|ram_block1a0~porta_datain_reg0                ; DivisorFrequencia:inst4|inst2 ; clock       ; -0.500       ; 0.307      ; 2.414      ;
; 2.393 ; bank_reg_32x32bit:BancoRegistradores|reg_pp_32bit:t3|06 ; data_memory:DataMemory|ram:MemoriaRAM|altsyncram:altsyncram_component|altsyncram_vme1:auto_generated|ram_block1a0~porta_datain_reg0                ; DivisorFrequencia:inst4|inst2 ; clock       ; -0.500       ; 0.296      ; 2.406      ;
; 2.393 ; bank_reg_32x32bit:BancoRegistradores|reg_pp_32bit:t3|00 ; data_memory:DataMemory|ram:MemoriaRAM|altsyncram:altsyncram_component|altsyncram_vme1:auto_generated|ram_block1a0~porta_datain_reg0                ; DivisorFrequencia:inst4|inst2 ; clock       ; -0.500       ; 0.298      ; 2.408      ;
; 2.401 ; bank_reg_32x32bit:BancoRegistradores|reg_pp_32bit:t1|02 ; data_memory:DataMemory|ram:MemoriaRAM|altsyncram:altsyncram_component|altsyncram_vme1:auto_generated|ram_block1a0~porta_datain_reg0                ; DivisorFrequencia:inst4|inst2 ; clock       ; -0.500       ; 0.292      ; 2.410      ;
; 2.404 ; bank_reg_32x32bit:BancoRegistradores|reg_pp_32bit:t3|17 ; data_memory:DataMemory|ram:MemoriaRAM|altsyncram:altsyncram_component|altsyncram_vme1:auto_generated|ram_block1a14~porta_datain_reg0               ; DivisorFrequencia:inst4|inst2 ; clock       ; -0.500       ; 0.308      ; 2.429      ;
; 2.418 ; bank_reg_32x32bit:BancoRegistradores|reg_pp_32bit:ra|00 ; data_memory:DataMemory|ram:MemoriaRAM|altsyncram:altsyncram_component|altsyncram_vme1:auto_generated|ram_block1a0~porta_datain_reg0                ; DivisorFrequencia:inst4|inst2 ; clock       ; -0.500       ; 0.304      ; 2.439      ;
; 2.429 ; bank_reg_32x32bit:BancoRegistradores|reg_pp_32bit:v0|26 ; data_memory:DataMemory|ram:MemoriaRAM|altsyncram:altsyncram_component|altsyncram_vme1:auto_generated|ram_block1a14~porta_datain_reg0               ; DivisorFrequencia:inst4|inst2 ; clock       ; -0.500       ; 0.289      ; 2.435      ;
; 2.430 ; bank_reg_32x32bit:BancoRegistradores|reg_pp_32bit:t0|04 ; data_memory:DataMemory|ram:MemoriaRAM|altsyncram:altsyncram_component|altsyncram_vme1:auto_generated|ram_block1a0~porta_datain_reg0                ; DivisorFrequencia:inst4|inst2 ; clock       ; -0.500       ; 0.298      ; 2.445      ;
; 2.441 ; bank_reg_32x32bit:BancoRegistradores|reg_pp_32bit:t7|22 ; data_memory:DataMemory|ram:MemoriaRAM|altsyncram:altsyncram_component|altsyncram_vme1:auto_generated|ram_block1a14~porta_datain_reg0               ; DivisorFrequencia:inst4|inst2 ; clock       ; -0.500       ; 0.309      ; 2.467      ;
; 2.450 ; bank_reg_32x32bit:BancoRegistradores|reg_pp_32bit:t7|23 ; data_memory:DataMemory|ram:MemoriaRAM|altsyncram:altsyncram_component|altsyncram_vme1:auto_generated|ram_block1a14~porta_datain_reg0               ; DivisorFrequencia:inst4|inst2 ; clock       ; -0.500       ; 0.309      ; 2.476      ;
; 2.451 ; bank_reg_32x32bit:BancoRegistradores|reg_pp_32bit:at|00 ; data_memory:DataMemory|ram:MemoriaRAM|altsyncram:altsyncram_component|altsyncram_vme1:auto_generated|ram_block1a0~porta_datain_reg0                ; DivisorFrequencia:inst4|inst2 ; clock       ; -0.500       ; 0.285      ; 2.453      ;
; 2.452 ; bank_reg_32x32bit:BancoRegistradores|reg_pp_32bit:v1|24 ; data_memory:DataMemory|ram:MemoriaRAM|altsyncram:altsyncram_component|altsyncram_vme1:auto_generated|ram_block1a14~porta_datain_reg0               ; DivisorFrequencia:inst4|inst2 ; clock       ; -0.500       ; 0.296      ; 2.465      ;
; 2.456 ; bank_reg_32x32bit:BancoRegistradores|reg_pp_32bit:t7|02 ; data_memory:DataMemory|ram:MemoriaRAM|altsyncram:altsyncram_component|altsyncram_vme1:auto_generated|ram_block1a0~porta_datain_reg0                ; DivisorFrequencia:inst4|inst2 ; clock       ; -0.500       ; 0.299      ; 2.472      ;
; 2.458 ; bank_reg_32x32bit:BancoRegistradores|reg_pp_32bit:t6|00 ; data_memory:DataMemory|ram:MemoriaRAM|altsyncram:altsyncram_component|altsyncram_vme1:auto_generated|ram_block1a0~porta_datain_reg0                ; DivisorFrequencia:inst4|inst2 ; clock       ; -0.500       ; 0.298      ; 2.473      ;
; 2.461 ; bank_reg_32x32bit:BancoRegistradores|reg_pp_32bit:v1|21 ; data_memory:DataMemory|ram:MemoriaRAM|altsyncram:altsyncram_component|altsyncram_vme1:auto_generated|ram_block1a14~porta_datain_reg0               ; DivisorFrequencia:inst4|inst2 ; clock       ; -0.500       ; 0.291      ; 2.469      ;
; 2.462 ; bank_reg_32x32bit:BancoRegistradores|reg_pp_32bit:t7|05 ; data_memory:DataMemory|ram:MemoriaRAM|altsyncram:altsyncram_component|altsyncram_vme1:auto_generated|ram_block1a0~porta_datain_reg0                ; DivisorFrequencia:inst4|inst2 ; clock       ; -0.500       ; 0.308      ; 2.487      ;
; 2.466 ; bank_reg_32x32bit:BancoRegistradores|reg_pp_32bit:gp|18 ; data_memory:DataMemory|ram:MemoriaRAM|altsyncram:altsyncram_component|altsyncram_vme1:auto_generated|ram_block1a14~porta_datain_reg0               ; DivisorFrequencia:inst4|inst2 ; clock       ; -0.500       ; 0.291      ; 2.474      ;
; 2.487 ; bank_reg_32x32bit:BancoRegistradores|reg_pp_32bit:v1|14 ; data_memory:DataMemory|ram:MemoriaRAM|altsyncram:altsyncram_component|altsyncram_vme1:auto_generated|ram_block1a14~porta_datain_reg0               ; DivisorFrequencia:inst4|inst2 ; clock       ; -0.500       ; 0.277      ; 2.481      ;
; 2.498 ; bank_reg_32x32bit:BancoRegistradores|reg_pp_32bit:t7|20 ; data_memory:DataMemory|ram:MemoriaRAM|altsyncram:altsyncram_component|altsyncram_vme1:auto_generated|ram_block1a14~porta_datain_reg0               ; DivisorFrequencia:inst4|inst2 ; clock       ; -0.500       ; 0.309      ; 2.524      ;
; 2.517 ; bank_reg_32x32bit:BancoRegistradores|reg_pp_32bit:gp|00 ; data_memory:DataMemory|ram:MemoriaRAM|altsyncram:altsyncram_component|altsyncram_vme1:auto_generated|ram_block1a0~porta_datain_reg0                ; DivisorFrequencia:inst4|inst2 ; clock       ; -0.500       ; 0.297      ; 2.531      ;
; 2.518 ; bank_reg_32x32bit:BancoRegistradores|reg_pp_32bit:t7|30 ; data_memory:DataMemory|ram:MemoriaRAM|altsyncram:altsyncram_component|altsyncram_vme1:auto_generated|ram_block1a14~porta_datain_reg0               ; DivisorFrequencia:inst4|inst2 ; clock       ; -0.500       ; 0.309      ; 2.544      ;
; 2.520 ; bank_reg_32x32bit:BancoRegistradores|reg_pp_32bit:sp|25 ; data_memory:DataMemory|ram:MemoriaRAM|altsyncram:altsyncram_component|altsyncram_vme1:auto_generated|ram_block1a14~porta_datain_reg0               ; DivisorFrequencia:inst4|inst2 ; clock       ; -0.500       ; 0.307      ; 2.544      ;
; 2.521 ; bank_reg_32x32bit:BancoRegistradores|reg_pp_32bit:v1|31 ; data_memory:DataMemory|ram:MemoriaRAM|altsyncram:altsyncram_component|altsyncram_vme1:auto_generated|ram_block1a14~porta_datain_reg0               ; DivisorFrequencia:inst4|inst2 ; clock       ; -0.500       ; 0.278      ; 2.516      ;
; 2.521 ; bank_reg_32x32bit:BancoRegistradores|reg_pp_32bit:t7|12 ; data_memory:DataMemory|ram:MemoriaRAM|altsyncram:altsyncram_component|altsyncram_vme1:auto_generated|ram_block1a0~porta_datain_reg0                ; DivisorFrequencia:inst4|inst2 ; clock       ; -0.500       ; 0.299      ; 2.537      ;
; 2.529 ; bank_reg_32x32bit:BancoRegistradores|reg_pp_32bit:v1|06 ; data_memory:DataMemory|ram:MemoriaRAM|altsyncram:altsyncram_component|altsyncram_vme1:auto_generated|ram_block1a0~porta_datain_reg0                ; DivisorFrequencia:inst4|inst2 ; clock       ; -0.500       ; 0.286      ; 2.532      ;
; 2.533 ; bank_reg_32x32bit:BancoRegistradores|reg_pp_32bit:v0|04 ; data_memory:DataMemory|ram:MemoriaRAM|altsyncram:altsyncram_component|altsyncram_vme1:auto_generated|ram_block1a0~porta_datain_reg0                ; DivisorFrequencia:inst4|inst2 ; clock       ; -0.500       ; 0.278      ; 2.528      ;
; 2.534 ; bank_reg_32x32bit:BancoRegistradores|reg_pp_32bit:v1|13 ; data_memory:DataMemory|ram:MemoriaRAM|altsyncram:altsyncram_component|altsyncram_vme1:auto_generated|ram_block1a0~porta_datain_reg0                ; DivisorFrequencia:inst4|inst2 ; clock       ; -0.500       ; 0.287      ; 2.538      ;
; 2.538 ; bank_reg_32x32bit:BancoRegistradores|reg_pp_32bit:t4|00 ; data_memory:DataMemory|ram:MemoriaRAM|altsyncram:altsyncram_component|altsyncram_vme1:auto_generated|ram_block1a0~porta_datain_reg0                ; DivisorFrequencia:inst4|inst2 ; clock       ; -0.500       ; 0.307      ; 2.562      ;
; 2.545 ; bank_reg_32x32bit:BancoRegistradores|reg_pp_32bit:t2|06 ; data_memory:DataMemory|ram:MemoriaRAM|altsyncram:altsyncram_component|altsyncram_vme1:auto_generated|ram_block1a0~porta_datain_reg0                ; DivisorFrequencia:inst4|inst2 ; clock       ; -0.500       ; 0.296      ; 2.558      ;
; 2.550 ; bank_reg_32x32bit:BancoRegistradores|reg_pp_32bit:t6|08 ; data_memory:DataMemory|ram:MemoriaRAM|altsyncram:altsyncram_component|altsyncram_vme1:auto_generated|ram_block1a0~porta_datain_reg0                ; DivisorFrequencia:inst4|inst2 ; clock       ; -0.500       ; 0.308      ; 2.575      ;
; 2.554 ; bank_reg_32x32bit:BancoRegistradores|reg_pp_32bit:t7|26 ; data_memory:DataMemory|ram:MemoriaRAM|altsyncram:altsyncram_component|altsyncram_vme1:auto_generated|ram_block1a14~porta_datain_reg0               ; DivisorFrequencia:inst4|inst2 ; clock       ; -0.500       ; -0.061     ; 2.210      ;
; 2.555 ; bank_reg_32x32bit:BancoRegistradores|reg_pp_32bit:s4|19 ; data_memory:DataMemory|ram:MemoriaRAM|altsyncram:altsyncram_component|altsyncram_vme1:auto_generated|ram_block1a14~porta_datain_reg0               ; DivisorFrequencia:inst4|inst2 ; clock       ; -0.500       ; 0.291      ; 2.563      ;
; 2.557 ; bank_reg_32x32bit:BancoRegistradores|reg_pp_32bit:v1|20 ; data_memory:DataMemory|ram:MemoriaRAM|altsyncram:altsyncram_component|altsyncram_vme1:auto_generated|ram_block1a14~porta_datain_reg0               ; DivisorFrequencia:inst4|inst2 ; clock       ; -0.500       ; 0.294      ; 2.568      ;
; 2.563 ; bank_reg_32x32bit:BancoRegistradores|reg_pp_32bit:v1|03 ; data_memory:DataMemory|ram:MemoriaRAM|altsyncram:altsyncram_component|altsyncram_vme1:auto_generated|ram_block1a0~porta_datain_reg0                ; DivisorFrequencia:inst4|inst2 ; clock       ; -0.500       ; 0.285      ; 2.565      ;
; 2.564 ; bank_reg_32x32bit:BancoRegistradores|reg_pp_32bit:v1|05 ; data_memory:DataMemory|ram:MemoriaRAM|altsyncram:altsyncram_component|altsyncram_vme1:auto_generated|ram_block1a0~porta_datain_reg0                ; DivisorFrequencia:inst4|inst2 ; clock       ; -0.500       ; 0.287      ; 2.568      ;
; 2.575 ; bank_reg_32x32bit:BancoRegistradores|reg_pp_32bit:gp|24 ; data_memory:DataMemory|ram:MemoriaRAM|altsyncram:altsyncram_component|altsyncram_vme1:auto_generated|ram_block1a14~porta_datain_reg0               ; DivisorFrequencia:inst4|inst2 ; clock       ; -0.500       ; 0.297      ; 2.589      ;
; 2.586 ; bank_reg_32x32bit:BancoRegistradores|reg_pp_32bit:t1|18 ; data_memory:DataMemory|ram:MemoriaRAM|altsyncram:altsyncram_component|altsyncram_vme1:auto_generated|ram_block1a14~porta_datain_reg0               ; DivisorFrequencia:inst4|inst2 ; clock       ; -0.500       ; 0.308      ; 2.611      ;
; 2.588 ; bank_reg_32x32bit:BancoRegistradores|reg_pp_32bit:t3|12 ; data_memory:DataMemory|ram:MemoriaRAM|altsyncram:altsyncram_component|altsyncram_vme1:auto_generated|ram_block1a0~porta_datain_reg0                ; DivisorFrequencia:inst4|inst2 ; clock       ; -0.500       ; 0.295      ; 2.600      ;
; 2.590 ; bank_reg_32x32bit:BancoRegistradores|reg_pp_32bit:gp|11 ; data_memory:DataMemory|ram:MemoriaRAM|altsyncram:altsyncram_component|altsyncram_vme1:auto_generated|ram_block1a0~porta_datain_reg0                ; DivisorFrequencia:inst4|inst2 ; clock       ; -0.500       ; 0.294      ; 2.601      ;
; 2.599 ; bank_reg_32x32bit:BancoRegistradores|reg_pp_32bit:t1|04 ; data_memory:DataMemory|ram:MemoriaRAM|altsyncram:altsyncram_component|altsyncram_vme1:auto_generated|ram_block1a14~porta_address_reg0              ; DivisorFrequencia:inst4|inst2 ; clock       ; -0.500       ; 0.293      ; 2.609      ;
; 2.599 ; bank_reg_32x32bit:BancoRegistradores|reg_pp_32bit:t1|04 ; data_memory:DataMemory|ram:MemoriaRAM|altsyncram:altsyncram_component|altsyncram_vme1:auto_generated|ram_block1a0~porta_address_reg0               ; DivisorFrequencia:inst4|inst2 ; clock       ; -0.500       ; 0.293      ; 2.609      ;
; 2.599 ; bank_reg_32x32bit:BancoRegistradores|reg_pp_32bit:t3|25 ; data_memory:DataMemory|ram:MemoriaRAM|altsyncram:altsyncram_component|altsyncram_vme1:auto_generated|ram_block1a14~porta_datain_reg0               ; DivisorFrequencia:inst4|inst2 ; clock       ; -0.500       ; 0.295      ; 2.611      ;
; 2.603 ; bank_reg_32x32bit:BancoRegistradores|reg_pp_32bit:t7|17 ; data_memory:DataMemory|ram:MemoriaRAM|altsyncram:altsyncram_component|altsyncram_vme1:auto_generated|ram_block1a14~porta_datain_reg0               ; DivisorFrequencia:inst4|inst2 ; clock       ; -0.500       ; -0.061     ; 2.259      ;
; 2.616 ; bank_reg_32x32bit:BancoRegistradores|reg_pp_32bit:t0|18 ; data_memory:DataMemory|ram:MemoriaRAM|altsyncram:altsyncram_component|altsyncram_vme1:auto_generated|ram_block1a14~porta_datain_reg0               ; DivisorFrequencia:inst4|inst2 ; clock       ; -0.500       ; 0.308      ; 2.641      ;
; 2.620 ; bank_reg_32x32bit:BancoRegistradores|reg_pp_32bit:t7|19 ; data_memory:DataMemory|ram:MemoriaRAM|altsyncram:altsyncram_component|altsyncram_vme1:auto_generated|ram_block1a14~porta_datain_reg0               ; DivisorFrequencia:inst4|inst2 ; clock       ; -0.500       ; -0.061     ; 2.276      ;
; 2.620 ; bank_reg_32x32bit:BancoRegistradores|reg_pp_32bit:t7|06 ; data_memory:DataMemory|ram:MemoriaRAM|altsyncram:altsyncram_component|altsyncram_vme1:auto_generated|ram_block1a0~porta_datain_reg0                ; DivisorFrequencia:inst4|inst2 ; clock       ; -0.500       ; 0.307      ; 2.644      ;
+-------+---------------------------------------------------------+----------------------------------------------------------------------------------------------------------------------------------------------------+-------------------------------+-------------+--------------+------------+------------+


+-------------------------------------------------------------------------------------------------------------------------------------------------------------------------------------------------------------------------------------+
; Slow 1200mV 85C Model Minimum Pulse Width: 'clock'                                                                                                                                                                                  ;
+--------+--------------+----------------+------------------+-------+------------+----------------------------------------------------------------------------------------------------------------------------------------------------+
; Slack  ; Actual Width ; Required Width ; Type             ; Clock ; Clock Edge ; Target                                                                                                                                             ;
+--------+--------------+----------------+------------------+-------+------------+----------------------------------------------------------------------------------------------------------------------------------------------------+
; -3.000 ; 1.000        ; 4.000          ; Port Rate        ; clock ; Rise       ; clock                                                                                                                                              ;
; -2.174 ; 1.000        ; 3.174          ; Min Period       ; clock ; Fall       ; data_memory:DataMemory|ram:MemoriaRAM|altsyncram:altsyncram_component|altsyncram_vme1:auto_generated|ram_block1a0~porta_address_reg0               ;
; -2.174 ; 1.000        ; 3.174          ; Min Period       ; clock ; Fall       ; data_memory:DataMemory|ram:MemoriaRAM|altsyncram:altsyncram_component|altsyncram_vme1:auto_generated|ram_block1a0~porta_datain_reg0                ;
; -2.174 ; 1.000        ; 3.174          ; Min Period       ; clock ; Fall       ; data_memory:DataMemory|ram:MemoriaRAM|altsyncram:altsyncram_component|altsyncram_vme1:auto_generated|ram_block1a0~porta_we_reg                     ;
; -2.174 ; 1.000        ; 3.174          ; Min Period       ; clock ; Fall       ; data_memory:DataMemory|ram:MemoriaRAM|altsyncram:altsyncram_component|altsyncram_vme1:auto_generated|ram_block1a14~porta_address_reg0              ;
; -2.174 ; 1.000        ; 3.174          ; Min Period       ; clock ; Fall       ; data_memory:DataMemory|ram:MemoriaRAM|altsyncram:altsyncram_component|altsyncram_vme1:auto_generated|ram_block1a14~porta_datain_reg0               ;
; -2.174 ; 1.000        ; 3.174          ; Min Period       ; clock ; Fall       ; data_memory:DataMemory|ram:MemoriaRAM|altsyncram:altsyncram_component|altsyncram_vme1:auto_generated|ram_block1a14~porta_we_reg                    ;
; -2.174 ; 1.000        ; 3.174          ; Min Period       ; clock ; Fall       ; instruction_memory:InstructionMemory|rom:MemoriaRom|altsyncram:altsyncram_component|altsyncram_bk91:auto_generated|ram_block1a0~porta_address_reg0 ;
; -1.000 ; 1.000        ; 2.000          ; Min Period       ; clock ; Fall       ; DivisorFrequencia:inst4|inst                                                                                                                       ;
; -1.000 ; 1.000        ; 2.000          ; Min Period       ; clock ; Fall       ; DivisorFrequencia:inst4|inst1                                                                                                                      ;
; -1.000 ; 1.000        ; 2.000          ; Min Period       ; clock ; Fall       ; DivisorFrequencia:inst4|inst2                                                                                                                      ;
; 0.012  ; 0.242        ; 0.230          ; High Pulse Width ; clock ; Fall       ; instruction_memory:InstructionMemory|rom:MemoriaRom|altsyncram:altsyncram_component|altsyncram_bk91:auto_generated|ram_block1a0~porta_address_reg0 ;
; 0.014  ; 0.244        ; 0.230          ; High Pulse Width ; clock ; Fall       ; data_memory:DataMemory|ram:MemoriaRAM|altsyncram:altsyncram_component|altsyncram_vme1:auto_generated|ram_block1a0~porta_address_reg0               ;
; 0.014  ; 0.244        ; 0.230          ; High Pulse Width ; clock ; Fall       ; data_memory:DataMemory|ram:MemoriaRAM|altsyncram:altsyncram_component|altsyncram_vme1:auto_generated|ram_block1a0~porta_we_reg                     ;
; 0.014  ; 0.244        ; 0.230          ; High Pulse Width ; clock ; Fall       ; data_memory:DataMemory|ram:MemoriaRAM|altsyncram:altsyncram_component|altsyncram_vme1:auto_generated|ram_block1a14~porta_address_reg0              ;
; 0.014  ; 0.244        ; 0.230          ; High Pulse Width ; clock ; Fall       ; data_memory:DataMemory|ram:MemoriaRAM|altsyncram:altsyncram_component|altsyncram_vme1:auto_generated|ram_block1a14~porta_we_reg                    ;
; 0.015  ; 0.245        ; 0.230          ; High Pulse Width ; clock ; Fall       ; data_memory:DataMemory|ram:MemoriaRAM|altsyncram:altsyncram_component|altsyncram_vme1:auto_generated|ram_block1a0~porta_datain_reg0                ;
; 0.015  ; 0.245        ; 0.230          ; High Pulse Width ; clock ; Fall       ; data_memory:DataMemory|ram:MemoriaRAM|altsyncram:altsyncram_component|altsyncram_vme1:auto_generated|ram_block1a14~porta_datain_reg0               ;
; 0.023  ; 0.239        ; 0.216          ; High Pulse Width ; clock ; Fall       ; DivisorFrequencia:inst4|inst                                                                                                                       ;
; 0.043  ; 0.259        ; 0.216          ; High Pulse Width ; clock ; Fall       ; DivisorFrequencia:inst4|inst1                                                                                                                      ;
; 0.043  ; 0.259        ; 0.216          ; High Pulse Width ; clock ; Fall       ; DivisorFrequencia:inst4|inst2                                                                                                                      ;
; 0.232  ; 0.232        ; 0.000          ; Low Pulse Width  ; clock ; Rise       ; inst4|inst|clk                                                                                                                                     ;
; 0.245  ; 0.245        ; 0.000          ; Low Pulse Width  ; clock ; Rise       ; clock~input|o                                                                                                                                      ;
; 0.253  ; 0.253        ; 0.000          ; Low Pulse Width  ; clock ; Rise       ; InstructionMemory|MemoriaRom|altsyncram_component|auto_generated|ram_block1a0|clk0                                                                 ;
; 0.253  ; 0.253        ; 0.000          ; Low Pulse Width  ; clock ; Rise       ; inst4|inst1|clk                                                                                                                                    ;
; 0.253  ; 0.253        ; 0.000          ; Low Pulse Width  ; clock ; Rise       ; inst4|inst2|clk                                                                                                                                    ;
; 0.255  ; 0.255        ; 0.000          ; Low Pulse Width  ; clock ; Rise       ; DataMemory|MemoriaRAM|altsyncram_component|auto_generated|ram_block1a0|clk0                                                                        ;
; 0.255  ; 0.255        ; 0.000          ; Low Pulse Width  ; clock ; Rise       ; DataMemory|MemoriaRAM|altsyncram_component|auto_generated|ram_block1a14|clk0                                                                       ;
; 0.262  ; 0.262        ; 0.000          ; Low Pulse Width  ; clock ; Rise       ; clock~inputclkctrl|inclk[0]                                                                                                                        ;
; 0.262  ; 0.262        ; 0.000          ; Low Pulse Width  ; clock ; Rise       ; clock~inputclkctrl|outclk                                                                                                                          ;
; 0.500  ; 0.500        ; 0.000          ; High Pulse Width ; clock ; Rise       ; clock~input|i                                                                                                                                      ;
; 0.500  ; 0.500        ; 0.000          ; Low Pulse Width  ; clock ; Rise       ; clock~input|i                                                                                                                                      ;
; 0.517  ; 0.747        ; 0.230          ; Low Pulse Width  ; clock ; Fall       ; data_memory:DataMemory|ram:MemoriaRAM|altsyncram:altsyncram_component|altsyncram_vme1:auto_generated|ram_block1a0~porta_address_reg0               ;
; 0.517  ; 0.747        ; 0.230          ; Low Pulse Width  ; clock ; Fall       ; data_memory:DataMemory|ram:MemoriaRAM|altsyncram:altsyncram_component|altsyncram_vme1:auto_generated|ram_block1a0~porta_datain_reg0                ;
; 0.517  ; 0.747        ; 0.230          ; Low Pulse Width  ; clock ; Fall       ; data_memory:DataMemory|ram:MemoriaRAM|altsyncram:altsyncram_component|altsyncram_vme1:auto_generated|ram_block1a0~porta_we_reg                     ;
; 0.517  ; 0.747        ; 0.230          ; Low Pulse Width  ; clock ; Fall       ; data_memory:DataMemory|ram:MemoriaRAM|altsyncram:altsyncram_component|altsyncram_vme1:auto_generated|ram_block1a14~porta_address_reg0              ;
; 0.517  ; 0.747        ; 0.230          ; Low Pulse Width  ; clock ; Fall       ; data_memory:DataMemory|ram:MemoriaRAM|altsyncram:altsyncram_component|altsyncram_vme1:auto_generated|ram_block1a14~porta_datain_reg0               ;
; 0.517  ; 0.747        ; 0.230          ; Low Pulse Width  ; clock ; Fall       ; data_memory:DataMemory|ram:MemoriaRAM|altsyncram:altsyncram_component|altsyncram_vme1:auto_generated|ram_block1a14~porta_we_reg                    ;
; 0.519  ; 0.749        ; 0.230          ; Low Pulse Width  ; clock ; Fall       ; instruction_memory:InstructionMemory|rom:MemoriaRom|altsyncram:altsyncram_component|altsyncram_bk91:auto_generated|ram_block1a0~porta_address_reg0 ;
; 0.553  ; 0.737        ; 0.184          ; Low Pulse Width  ; clock ; Fall       ; DivisorFrequencia:inst4|inst1                                                                                                                      ;
; 0.553  ; 0.737        ; 0.184          ; Low Pulse Width  ; clock ; Fall       ; DivisorFrequencia:inst4|inst2                                                                                                                      ;
; 0.575  ; 0.759        ; 0.184          ; Low Pulse Width  ; clock ; Fall       ; DivisorFrequencia:inst4|inst                                                                                                                       ;
; 0.737  ; 0.737        ; 0.000          ; High Pulse Width ; clock ; Rise       ; clock~inputclkctrl|inclk[0]                                                                                                                        ;
; 0.737  ; 0.737        ; 0.000          ; High Pulse Width ; clock ; Rise       ; clock~inputclkctrl|outclk                                                                                                                          ;
; 0.744  ; 0.744        ; 0.000          ; High Pulse Width ; clock ; Rise       ; DataMemory|MemoriaRAM|altsyncram_component|auto_generated|ram_block1a0|clk0                                                                        ;
; 0.744  ; 0.744        ; 0.000          ; High Pulse Width ; clock ; Rise       ; DataMemory|MemoriaRAM|altsyncram_component|auto_generated|ram_block1a14|clk0                                                                       ;
; 0.746  ; 0.746        ; 0.000          ; High Pulse Width ; clock ; Rise       ; InstructionMemory|MemoriaRom|altsyncram_component|auto_generated|ram_block1a0|clk0                                                                 ;
; 0.746  ; 0.746        ; 0.000          ; High Pulse Width ; clock ; Rise       ; inst4|inst1|clk                                                                                                                                    ;
; 0.746  ; 0.746        ; 0.000          ; High Pulse Width ; clock ; Rise       ; inst4|inst2|clk                                                                                                                                    ;
; 0.755  ; 0.755        ; 0.000          ; High Pulse Width ; clock ; Rise       ; clock~input|o                                                                                                                                      ;
; 0.767  ; 0.767        ; 0.000          ; High Pulse Width ; clock ; Rise       ; inst4|inst|clk                                                                                                                                     ;
+--------+--------------+----------------+------------------+-------+------------+----------------------------------------------------------------------------------------------------------------------------------------------------+


+------------------------------------------------------------------------------------------------------------------------------------------------------------+
; Slow 1200mV 85C Model Minimum Pulse Width: 'DivisorFrequencia:inst4|inst2'                                                                                 ;
+--------+--------------+----------------+------------+-------------------------------+------------+---------------------------------------------------------+
; Slack  ; Actual Width ; Required Width ; Type       ; Clock                         ; Clock Edge ; Target                                                  ;
+--------+--------------+----------------+------------+-------------------------------+------------+---------------------------------------------------------+
; -1.000 ; 1.000        ; 2.000          ; Min Period ; DivisorFrequencia:inst4|inst2 ; Rise       ; bank_reg_32x32bit:BancoRegistradores|reg_pp_32bit:a0|00 ;
; -1.000 ; 1.000        ; 2.000          ; Min Period ; DivisorFrequencia:inst4|inst2 ; Rise       ; bank_reg_32x32bit:BancoRegistradores|reg_pp_32bit:a0|01 ;
; -1.000 ; 1.000        ; 2.000          ; Min Period ; DivisorFrequencia:inst4|inst2 ; Rise       ; bank_reg_32x32bit:BancoRegistradores|reg_pp_32bit:a0|02 ;
; -1.000 ; 1.000        ; 2.000          ; Min Period ; DivisorFrequencia:inst4|inst2 ; Rise       ; bank_reg_32x32bit:BancoRegistradores|reg_pp_32bit:a0|03 ;
; -1.000 ; 1.000        ; 2.000          ; Min Period ; DivisorFrequencia:inst4|inst2 ; Rise       ; bank_reg_32x32bit:BancoRegistradores|reg_pp_32bit:a0|04 ;
; -1.000 ; 1.000        ; 2.000          ; Min Period ; DivisorFrequencia:inst4|inst2 ; Rise       ; bank_reg_32x32bit:BancoRegistradores|reg_pp_32bit:a0|05 ;
; -1.000 ; 1.000        ; 2.000          ; Min Period ; DivisorFrequencia:inst4|inst2 ; Rise       ; bank_reg_32x32bit:BancoRegistradores|reg_pp_32bit:a0|06 ;
; -1.000 ; 1.000        ; 2.000          ; Min Period ; DivisorFrequencia:inst4|inst2 ; Rise       ; bank_reg_32x32bit:BancoRegistradores|reg_pp_32bit:a0|07 ;
; -1.000 ; 1.000        ; 2.000          ; Min Period ; DivisorFrequencia:inst4|inst2 ; Rise       ; bank_reg_32x32bit:BancoRegistradores|reg_pp_32bit:a0|08 ;
; -1.000 ; 1.000        ; 2.000          ; Min Period ; DivisorFrequencia:inst4|inst2 ; Rise       ; bank_reg_32x32bit:BancoRegistradores|reg_pp_32bit:a0|09 ;
; -1.000 ; 1.000        ; 2.000          ; Min Period ; DivisorFrequencia:inst4|inst2 ; Rise       ; bank_reg_32x32bit:BancoRegistradores|reg_pp_32bit:a0|10 ;
; -1.000 ; 1.000        ; 2.000          ; Min Period ; DivisorFrequencia:inst4|inst2 ; Rise       ; bank_reg_32x32bit:BancoRegistradores|reg_pp_32bit:a0|11 ;
; -1.000 ; 1.000        ; 2.000          ; Min Period ; DivisorFrequencia:inst4|inst2 ; Rise       ; bank_reg_32x32bit:BancoRegistradores|reg_pp_32bit:a0|12 ;
; -1.000 ; 1.000        ; 2.000          ; Min Period ; DivisorFrequencia:inst4|inst2 ; Rise       ; bank_reg_32x32bit:BancoRegistradores|reg_pp_32bit:a0|13 ;
; -1.000 ; 1.000        ; 2.000          ; Min Period ; DivisorFrequencia:inst4|inst2 ; Rise       ; bank_reg_32x32bit:BancoRegistradores|reg_pp_32bit:a0|14 ;
; -1.000 ; 1.000        ; 2.000          ; Min Period ; DivisorFrequencia:inst4|inst2 ; Rise       ; bank_reg_32x32bit:BancoRegistradores|reg_pp_32bit:a0|15 ;
; -1.000 ; 1.000        ; 2.000          ; Min Period ; DivisorFrequencia:inst4|inst2 ; Rise       ; bank_reg_32x32bit:BancoRegistradores|reg_pp_32bit:a0|16 ;
; -1.000 ; 1.000        ; 2.000          ; Min Period ; DivisorFrequencia:inst4|inst2 ; Rise       ; bank_reg_32x32bit:BancoRegistradores|reg_pp_32bit:a0|17 ;
; -1.000 ; 1.000        ; 2.000          ; Min Period ; DivisorFrequencia:inst4|inst2 ; Rise       ; bank_reg_32x32bit:BancoRegistradores|reg_pp_32bit:a0|18 ;
; -1.000 ; 1.000        ; 2.000          ; Min Period ; DivisorFrequencia:inst4|inst2 ; Rise       ; bank_reg_32x32bit:BancoRegistradores|reg_pp_32bit:a0|19 ;
; -1.000 ; 1.000        ; 2.000          ; Min Period ; DivisorFrequencia:inst4|inst2 ; Rise       ; bank_reg_32x32bit:BancoRegistradores|reg_pp_32bit:a0|20 ;
; -1.000 ; 1.000        ; 2.000          ; Min Period ; DivisorFrequencia:inst4|inst2 ; Rise       ; bank_reg_32x32bit:BancoRegistradores|reg_pp_32bit:a0|21 ;
; -1.000 ; 1.000        ; 2.000          ; Min Period ; DivisorFrequencia:inst4|inst2 ; Rise       ; bank_reg_32x32bit:BancoRegistradores|reg_pp_32bit:a0|22 ;
; -1.000 ; 1.000        ; 2.000          ; Min Period ; DivisorFrequencia:inst4|inst2 ; Rise       ; bank_reg_32x32bit:BancoRegistradores|reg_pp_32bit:a0|23 ;
; -1.000 ; 1.000        ; 2.000          ; Min Period ; DivisorFrequencia:inst4|inst2 ; Rise       ; bank_reg_32x32bit:BancoRegistradores|reg_pp_32bit:a0|24 ;
; -1.000 ; 1.000        ; 2.000          ; Min Period ; DivisorFrequencia:inst4|inst2 ; Rise       ; bank_reg_32x32bit:BancoRegistradores|reg_pp_32bit:a0|25 ;
; -1.000 ; 1.000        ; 2.000          ; Min Period ; DivisorFrequencia:inst4|inst2 ; Rise       ; bank_reg_32x32bit:BancoRegistradores|reg_pp_32bit:a0|26 ;
; -1.000 ; 1.000        ; 2.000          ; Min Period ; DivisorFrequencia:inst4|inst2 ; Rise       ; bank_reg_32x32bit:BancoRegistradores|reg_pp_32bit:a0|27 ;
; -1.000 ; 1.000        ; 2.000          ; Min Period ; DivisorFrequencia:inst4|inst2 ; Rise       ; bank_reg_32x32bit:BancoRegistradores|reg_pp_32bit:a0|28 ;
; -1.000 ; 1.000        ; 2.000          ; Min Period ; DivisorFrequencia:inst4|inst2 ; Rise       ; bank_reg_32x32bit:BancoRegistradores|reg_pp_32bit:a0|29 ;
; -1.000 ; 1.000        ; 2.000          ; Min Period ; DivisorFrequencia:inst4|inst2 ; Rise       ; bank_reg_32x32bit:BancoRegistradores|reg_pp_32bit:a0|30 ;
; -1.000 ; 1.000        ; 2.000          ; Min Period ; DivisorFrequencia:inst4|inst2 ; Rise       ; bank_reg_32x32bit:BancoRegistradores|reg_pp_32bit:a0|31 ;
; -1.000 ; 1.000        ; 2.000          ; Min Period ; DivisorFrequencia:inst4|inst2 ; Rise       ; bank_reg_32x32bit:BancoRegistradores|reg_pp_32bit:a1|00 ;
; -1.000 ; 1.000        ; 2.000          ; Min Period ; DivisorFrequencia:inst4|inst2 ; Rise       ; bank_reg_32x32bit:BancoRegistradores|reg_pp_32bit:a1|01 ;
; -1.000 ; 1.000        ; 2.000          ; Min Period ; DivisorFrequencia:inst4|inst2 ; Rise       ; bank_reg_32x32bit:BancoRegistradores|reg_pp_32bit:a1|02 ;
; -1.000 ; 1.000        ; 2.000          ; Min Period ; DivisorFrequencia:inst4|inst2 ; Rise       ; bank_reg_32x32bit:BancoRegistradores|reg_pp_32bit:a1|03 ;
; -1.000 ; 1.000        ; 2.000          ; Min Period ; DivisorFrequencia:inst4|inst2 ; Rise       ; bank_reg_32x32bit:BancoRegistradores|reg_pp_32bit:a1|04 ;
; -1.000 ; 1.000        ; 2.000          ; Min Period ; DivisorFrequencia:inst4|inst2 ; Rise       ; bank_reg_32x32bit:BancoRegistradores|reg_pp_32bit:a1|05 ;
; -1.000 ; 1.000        ; 2.000          ; Min Period ; DivisorFrequencia:inst4|inst2 ; Rise       ; bank_reg_32x32bit:BancoRegistradores|reg_pp_32bit:a1|06 ;
; -1.000 ; 1.000        ; 2.000          ; Min Period ; DivisorFrequencia:inst4|inst2 ; Rise       ; bank_reg_32x32bit:BancoRegistradores|reg_pp_32bit:a1|07 ;
; -1.000 ; 1.000        ; 2.000          ; Min Period ; DivisorFrequencia:inst4|inst2 ; Rise       ; bank_reg_32x32bit:BancoRegistradores|reg_pp_32bit:a1|08 ;
; -1.000 ; 1.000        ; 2.000          ; Min Period ; DivisorFrequencia:inst4|inst2 ; Rise       ; bank_reg_32x32bit:BancoRegistradores|reg_pp_32bit:a1|09 ;
; -1.000 ; 1.000        ; 2.000          ; Min Period ; DivisorFrequencia:inst4|inst2 ; Rise       ; bank_reg_32x32bit:BancoRegistradores|reg_pp_32bit:a1|10 ;
; -1.000 ; 1.000        ; 2.000          ; Min Period ; DivisorFrequencia:inst4|inst2 ; Rise       ; bank_reg_32x32bit:BancoRegistradores|reg_pp_32bit:a1|11 ;
; -1.000 ; 1.000        ; 2.000          ; Min Period ; DivisorFrequencia:inst4|inst2 ; Rise       ; bank_reg_32x32bit:BancoRegistradores|reg_pp_32bit:a1|12 ;
; -1.000 ; 1.000        ; 2.000          ; Min Period ; DivisorFrequencia:inst4|inst2 ; Rise       ; bank_reg_32x32bit:BancoRegistradores|reg_pp_32bit:a1|13 ;
; -1.000 ; 1.000        ; 2.000          ; Min Period ; DivisorFrequencia:inst4|inst2 ; Rise       ; bank_reg_32x32bit:BancoRegistradores|reg_pp_32bit:a1|14 ;
; -1.000 ; 1.000        ; 2.000          ; Min Period ; DivisorFrequencia:inst4|inst2 ; Rise       ; bank_reg_32x32bit:BancoRegistradores|reg_pp_32bit:a1|15 ;
; -1.000 ; 1.000        ; 2.000          ; Min Period ; DivisorFrequencia:inst4|inst2 ; Rise       ; bank_reg_32x32bit:BancoRegistradores|reg_pp_32bit:a1|16 ;
; -1.000 ; 1.000        ; 2.000          ; Min Period ; DivisorFrequencia:inst4|inst2 ; Rise       ; bank_reg_32x32bit:BancoRegistradores|reg_pp_32bit:a1|17 ;
; -1.000 ; 1.000        ; 2.000          ; Min Period ; DivisorFrequencia:inst4|inst2 ; Rise       ; bank_reg_32x32bit:BancoRegistradores|reg_pp_32bit:a1|18 ;
; -1.000 ; 1.000        ; 2.000          ; Min Period ; DivisorFrequencia:inst4|inst2 ; Rise       ; bank_reg_32x32bit:BancoRegistradores|reg_pp_32bit:a1|19 ;
; -1.000 ; 1.000        ; 2.000          ; Min Period ; DivisorFrequencia:inst4|inst2 ; Rise       ; bank_reg_32x32bit:BancoRegistradores|reg_pp_32bit:a1|20 ;
; -1.000 ; 1.000        ; 2.000          ; Min Period ; DivisorFrequencia:inst4|inst2 ; Rise       ; bank_reg_32x32bit:BancoRegistradores|reg_pp_32bit:a1|21 ;
; -1.000 ; 1.000        ; 2.000          ; Min Period ; DivisorFrequencia:inst4|inst2 ; Rise       ; bank_reg_32x32bit:BancoRegistradores|reg_pp_32bit:a1|22 ;
; -1.000 ; 1.000        ; 2.000          ; Min Period ; DivisorFrequencia:inst4|inst2 ; Rise       ; bank_reg_32x32bit:BancoRegistradores|reg_pp_32bit:a1|23 ;
; -1.000 ; 1.000        ; 2.000          ; Min Period ; DivisorFrequencia:inst4|inst2 ; Rise       ; bank_reg_32x32bit:BancoRegistradores|reg_pp_32bit:a1|24 ;
; -1.000 ; 1.000        ; 2.000          ; Min Period ; DivisorFrequencia:inst4|inst2 ; Rise       ; bank_reg_32x32bit:BancoRegistradores|reg_pp_32bit:a1|25 ;
; -1.000 ; 1.000        ; 2.000          ; Min Period ; DivisorFrequencia:inst4|inst2 ; Rise       ; bank_reg_32x32bit:BancoRegistradores|reg_pp_32bit:a1|26 ;
; -1.000 ; 1.000        ; 2.000          ; Min Period ; DivisorFrequencia:inst4|inst2 ; Rise       ; bank_reg_32x32bit:BancoRegistradores|reg_pp_32bit:a1|27 ;
; -1.000 ; 1.000        ; 2.000          ; Min Period ; DivisorFrequencia:inst4|inst2 ; Rise       ; bank_reg_32x32bit:BancoRegistradores|reg_pp_32bit:a1|28 ;
; -1.000 ; 1.000        ; 2.000          ; Min Period ; DivisorFrequencia:inst4|inst2 ; Rise       ; bank_reg_32x32bit:BancoRegistradores|reg_pp_32bit:a1|29 ;
; -1.000 ; 1.000        ; 2.000          ; Min Period ; DivisorFrequencia:inst4|inst2 ; Rise       ; bank_reg_32x32bit:BancoRegistradores|reg_pp_32bit:a1|30 ;
; -1.000 ; 1.000        ; 2.000          ; Min Period ; DivisorFrequencia:inst4|inst2 ; Rise       ; bank_reg_32x32bit:BancoRegistradores|reg_pp_32bit:a1|31 ;
; -1.000 ; 1.000        ; 2.000          ; Min Period ; DivisorFrequencia:inst4|inst2 ; Rise       ; bank_reg_32x32bit:BancoRegistradores|reg_pp_32bit:a2|00 ;
; -1.000 ; 1.000        ; 2.000          ; Min Period ; DivisorFrequencia:inst4|inst2 ; Rise       ; bank_reg_32x32bit:BancoRegistradores|reg_pp_32bit:a2|01 ;
; -1.000 ; 1.000        ; 2.000          ; Min Period ; DivisorFrequencia:inst4|inst2 ; Rise       ; bank_reg_32x32bit:BancoRegistradores|reg_pp_32bit:a2|02 ;
; -1.000 ; 1.000        ; 2.000          ; Min Period ; DivisorFrequencia:inst4|inst2 ; Rise       ; bank_reg_32x32bit:BancoRegistradores|reg_pp_32bit:a2|03 ;
; -1.000 ; 1.000        ; 2.000          ; Min Period ; DivisorFrequencia:inst4|inst2 ; Rise       ; bank_reg_32x32bit:BancoRegistradores|reg_pp_32bit:a2|04 ;
; -1.000 ; 1.000        ; 2.000          ; Min Period ; DivisorFrequencia:inst4|inst2 ; Rise       ; bank_reg_32x32bit:BancoRegistradores|reg_pp_32bit:a2|05 ;
; -1.000 ; 1.000        ; 2.000          ; Min Period ; DivisorFrequencia:inst4|inst2 ; Rise       ; bank_reg_32x32bit:BancoRegistradores|reg_pp_32bit:a2|06 ;
; -1.000 ; 1.000        ; 2.000          ; Min Period ; DivisorFrequencia:inst4|inst2 ; Rise       ; bank_reg_32x32bit:BancoRegistradores|reg_pp_32bit:a2|07 ;
; -1.000 ; 1.000        ; 2.000          ; Min Period ; DivisorFrequencia:inst4|inst2 ; Rise       ; bank_reg_32x32bit:BancoRegistradores|reg_pp_32bit:a2|08 ;
; -1.000 ; 1.000        ; 2.000          ; Min Period ; DivisorFrequencia:inst4|inst2 ; Rise       ; bank_reg_32x32bit:BancoRegistradores|reg_pp_32bit:a2|09 ;
; -1.000 ; 1.000        ; 2.000          ; Min Period ; DivisorFrequencia:inst4|inst2 ; Rise       ; bank_reg_32x32bit:BancoRegistradores|reg_pp_32bit:a2|10 ;
; -1.000 ; 1.000        ; 2.000          ; Min Period ; DivisorFrequencia:inst4|inst2 ; Rise       ; bank_reg_32x32bit:BancoRegistradores|reg_pp_32bit:a2|11 ;
; -1.000 ; 1.000        ; 2.000          ; Min Period ; DivisorFrequencia:inst4|inst2 ; Rise       ; bank_reg_32x32bit:BancoRegistradores|reg_pp_32bit:a2|12 ;
; -1.000 ; 1.000        ; 2.000          ; Min Period ; DivisorFrequencia:inst4|inst2 ; Rise       ; bank_reg_32x32bit:BancoRegistradores|reg_pp_32bit:a2|13 ;
; -1.000 ; 1.000        ; 2.000          ; Min Period ; DivisorFrequencia:inst4|inst2 ; Rise       ; bank_reg_32x32bit:BancoRegistradores|reg_pp_32bit:a2|14 ;
; -1.000 ; 1.000        ; 2.000          ; Min Period ; DivisorFrequencia:inst4|inst2 ; Rise       ; bank_reg_32x32bit:BancoRegistradores|reg_pp_32bit:a2|15 ;
; -1.000 ; 1.000        ; 2.000          ; Min Period ; DivisorFrequencia:inst4|inst2 ; Rise       ; bank_reg_32x32bit:BancoRegistradores|reg_pp_32bit:a2|16 ;
; -1.000 ; 1.000        ; 2.000          ; Min Period ; DivisorFrequencia:inst4|inst2 ; Rise       ; bank_reg_32x32bit:BancoRegistradores|reg_pp_32bit:a2|17 ;
; -1.000 ; 1.000        ; 2.000          ; Min Period ; DivisorFrequencia:inst4|inst2 ; Rise       ; bank_reg_32x32bit:BancoRegistradores|reg_pp_32bit:a2|18 ;
; -1.000 ; 1.000        ; 2.000          ; Min Period ; DivisorFrequencia:inst4|inst2 ; Rise       ; bank_reg_32x32bit:BancoRegistradores|reg_pp_32bit:a2|19 ;
; -1.000 ; 1.000        ; 2.000          ; Min Period ; DivisorFrequencia:inst4|inst2 ; Rise       ; bank_reg_32x32bit:BancoRegistradores|reg_pp_32bit:a2|20 ;
; -1.000 ; 1.000        ; 2.000          ; Min Period ; DivisorFrequencia:inst4|inst2 ; Rise       ; bank_reg_32x32bit:BancoRegistradores|reg_pp_32bit:a2|21 ;
; -1.000 ; 1.000        ; 2.000          ; Min Period ; DivisorFrequencia:inst4|inst2 ; Rise       ; bank_reg_32x32bit:BancoRegistradores|reg_pp_32bit:a2|22 ;
; -1.000 ; 1.000        ; 2.000          ; Min Period ; DivisorFrequencia:inst4|inst2 ; Rise       ; bank_reg_32x32bit:BancoRegistradores|reg_pp_32bit:a2|23 ;
; -1.000 ; 1.000        ; 2.000          ; Min Period ; DivisorFrequencia:inst4|inst2 ; Rise       ; bank_reg_32x32bit:BancoRegistradores|reg_pp_32bit:a2|24 ;
; -1.000 ; 1.000        ; 2.000          ; Min Period ; DivisorFrequencia:inst4|inst2 ; Rise       ; bank_reg_32x32bit:BancoRegistradores|reg_pp_32bit:a2|25 ;
; -1.000 ; 1.000        ; 2.000          ; Min Period ; DivisorFrequencia:inst4|inst2 ; Rise       ; bank_reg_32x32bit:BancoRegistradores|reg_pp_32bit:a2|26 ;
; -1.000 ; 1.000        ; 2.000          ; Min Period ; DivisorFrequencia:inst4|inst2 ; Rise       ; bank_reg_32x32bit:BancoRegistradores|reg_pp_32bit:a2|27 ;
; -1.000 ; 1.000        ; 2.000          ; Min Period ; DivisorFrequencia:inst4|inst2 ; Rise       ; bank_reg_32x32bit:BancoRegistradores|reg_pp_32bit:a2|28 ;
; -1.000 ; 1.000        ; 2.000          ; Min Period ; DivisorFrequencia:inst4|inst2 ; Rise       ; bank_reg_32x32bit:BancoRegistradores|reg_pp_32bit:a2|29 ;
; -1.000 ; 1.000        ; 2.000          ; Min Period ; DivisorFrequencia:inst4|inst2 ; Rise       ; bank_reg_32x32bit:BancoRegistradores|reg_pp_32bit:a2|30 ;
; -1.000 ; 1.000        ; 2.000          ; Min Period ; DivisorFrequencia:inst4|inst2 ; Rise       ; bank_reg_32x32bit:BancoRegistradores|reg_pp_32bit:a2|31 ;
; -1.000 ; 1.000        ; 2.000          ; Min Period ; DivisorFrequencia:inst4|inst2 ; Rise       ; bank_reg_32x32bit:BancoRegistradores|reg_pp_32bit:a3|00 ;
; -1.000 ; 1.000        ; 2.000          ; Min Period ; DivisorFrequencia:inst4|inst2 ; Rise       ; bank_reg_32x32bit:BancoRegistradores|reg_pp_32bit:a3|01 ;
; -1.000 ; 1.000        ; 2.000          ; Min Period ; DivisorFrequencia:inst4|inst2 ; Rise       ; bank_reg_32x32bit:BancoRegistradores|reg_pp_32bit:a3|02 ;
; -1.000 ; 1.000        ; 2.000          ; Min Period ; DivisorFrequencia:inst4|inst2 ; Rise       ; bank_reg_32x32bit:BancoRegistradores|reg_pp_32bit:a3|03 ;
+--------+--------------+----------------+------------+-------------------------------+------------+---------------------------------------------------------+


+-----------------------------------------------------------------------------------------------------------------+
; Clock to Output Times                                                                                           ;
+------------------+-------------------------------+--------+--------+------------+-------------------------------+
; Data Port        ; Clock Port                    ; Rise   ; Fall   ; Clock Edge ; Clock Reference               ;
+------------------+-------------------------------+--------+--------+------------+-------------------------------+
; MemWrite         ; DivisorFrequencia:inst4|inst2 ;        ; 4.341  ; Rise       ; DivisorFrequencia:inst4|inst2 ;
; PC[*]            ; DivisorFrequencia:inst4|inst2 ; 9.225  ; 8.967  ; Rise       ; DivisorFrequencia:inst4|inst2 ;
;  PC[0]           ; DivisorFrequencia:inst4|inst2 ; 6.887  ; 6.837  ; Rise       ; DivisorFrequencia:inst4|inst2 ;
;  PC[1]           ; DivisorFrequencia:inst4|inst2 ; 6.777  ; 6.712  ; Rise       ; DivisorFrequencia:inst4|inst2 ;
;  PC[2]           ; DivisorFrequencia:inst4|inst2 ; 7.104  ; 7.088  ; Rise       ; DivisorFrequencia:inst4|inst2 ;
;  PC[3]           ; DivisorFrequencia:inst4|inst2 ; 7.040  ; 7.012  ; Rise       ; DivisorFrequencia:inst4|inst2 ;
;  PC[4]           ; DivisorFrequencia:inst4|inst2 ; 8.038  ; 8.007  ; Rise       ; DivisorFrequencia:inst4|inst2 ;
;  PC[5]           ; DivisorFrequencia:inst4|inst2 ; 7.371  ; 7.361  ; Rise       ; DivisorFrequencia:inst4|inst2 ;
;  PC[6]           ; DivisorFrequencia:inst4|inst2 ; 8.260  ; 8.115  ; Rise       ; DivisorFrequencia:inst4|inst2 ;
;  PC[7]           ; DivisorFrequencia:inst4|inst2 ; 7.349  ; 7.220  ; Rise       ; DivisorFrequencia:inst4|inst2 ;
;  PC[8]           ; DivisorFrequencia:inst4|inst2 ; 6.801  ; 6.785  ; Rise       ; DivisorFrequencia:inst4|inst2 ;
;  PC[9]           ; DivisorFrequencia:inst4|inst2 ; 7.352  ; 7.307  ; Rise       ; DivisorFrequencia:inst4|inst2 ;
;  PC[10]          ; DivisorFrequencia:inst4|inst2 ; 7.302  ; 7.261  ; Rise       ; DivisorFrequencia:inst4|inst2 ;
;  PC[11]          ; DivisorFrequencia:inst4|inst2 ; 6.584  ; 6.572  ; Rise       ; DivisorFrequencia:inst4|inst2 ;
;  PC[12]          ; DivisorFrequencia:inst4|inst2 ; 6.562  ; 6.513  ; Rise       ; DivisorFrequencia:inst4|inst2 ;
;  PC[13]          ; DivisorFrequencia:inst4|inst2 ; 7.013  ; 6.924  ; Rise       ; DivisorFrequencia:inst4|inst2 ;
;  PC[14]          ; DivisorFrequencia:inst4|inst2 ; 7.047  ; 7.033  ; Rise       ; DivisorFrequencia:inst4|inst2 ;
;  PC[15]          ; DivisorFrequencia:inst4|inst2 ; 7.356  ; 7.230  ; Rise       ; DivisorFrequencia:inst4|inst2 ;
;  PC[16]          ; DivisorFrequencia:inst4|inst2 ; 7.749  ; 7.676  ; Rise       ; DivisorFrequencia:inst4|inst2 ;
;  PC[17]          ; DivisorFrequencia:inst4|inst2 ; 7.293  ; 7.251  ; Rise       ; DivisorFrequencia:inst4|inst2 ;
;  PC[18]          ; DivisorFrequencia:inst4|inst2 ; 9.125  ; 8.910  ; Rise       ; DivisorFrequencia:inst4|inst2 ;
;  PC[19]          ; DivisorFrequencia:inst4|inst2 ; 7.759  ; 7.643  ; Rise       ; DivisorFrequencia:inst4|inst2 ;
;  PC[20]          ; DivisorFrequencia:inst4|inst2 ; 6.504  ; 6.454  ; Rise       ; DivisorFrequencia:inst4|inst2 ;
;  PC[21]          ; DivisorFrequencia:inst4|inst2 ; 6.976  ; 6.916  ; Rise       ; DivisorFrequencia:inst4|inst2 ;
;  PC[22]          ; DivisorFrequencia:inst4|inst2 ; 7.239  ; 7.300  ; Rise       ; DivisorFrequencia:inst4|inst2 ;
;  PC[23]          ; DivisorFrequencia:inst4|inst2 ; 7.789  ; 7.675  ; Rise       ; DivisorFrequencia:inst4|inst2 ;
;  PC[24]          ; DivisorFrequencia:inst4|inst2 ; 6.717  ; 6.608  ; Rise       ; DivisorFrequencia:inst4|inst2 ;
;  PC[25]          ; DivisorFrequencia:inst4|inst2 ; 6.745  ; 6.662  ; Rise       ; DivisorFrequencia:inst4|inst2 ;
;  PC[26]          ; DivisorFrequencia:inst4|inst2 ; 6.597  ; 6.521  ; Rise       ; DivisorFrequencia:inst4|inst2 ;
;  PC[27]          ; DivisorFrequencia:inst4|inst2 ; 9.225  ; 8.967  ; Rise       ; DivisorFrequencia:inst4|inst2 ;
;  PC[28]          ; DivisorFrequencia:inst4|inst2 ; 6.835  ; 6.750  ; Rise       ; DivisorFrequencia:inst4|inst2 ;
;  PC[29]          ; DivisorFrequencia:inst4|inst2 ; 6.786  ; 6.747  ; Rise       ; DivisorFrequencia:inst4|inst2 ;
;  PC[30]          ; DivisorFrequencia:inst4|inst2 ; 7.029  ; 6.954  ; Rise       ; DivisorFrequencia:inst4|inst2 ;
;  PC[31]          ; DivisorFrequencia:inst4|inst2 ; 6.778  ; 6.730  ; Rise       ; DivisorFrequencia:inst4|inst2 ;
; RegWrite         ; DivisorFrequencia:inst4|inst2 ;        ; 3.211  ; Rise       ; DivisorFrequencia:inst4|inst2 ;
; clkSys           ; DivisorFrequencia:inst4|inst2 ; 6.138  ;        ; Rise       ; DivisorFrequencia:inst4|inst2 ;
; nextPC[*]        ; DivisorFrequencia:inst4|inst2 ; 26.578 ; 26.268 ; Rise       ; DivisorFrequencia:inst4|inst2 ;
;  nextPC[0]       ; DivisorFrequencia:inst4|inst2 ; 24.030 ; 23.887 ; Rise       ; DivisorFrequencia:inst4|inst2 ;
;  nextPC[1]       ; DivisorFrequencia:inst4|inst2 ; 25.081 ; 25.012 ; Rise       ; DivisorFrequencia:inst4|inst2 ;
;  nextPC[2]       ; DivisorFrequencia:inst4|inst2 ; 24.600 ; 24.439 ; Rise       ; DivisorFrequencia:inst4|inst2 ;
;  nextPC[3]       ; DivisorFrequencia:inst4|inst2 ; 24.499 ; 24.371 ; Rise       ; DivisorFrequencia:inst4|inst2 ;
;  nextPC[4]       ; DivisorFrequencia:inst4|inst2 ; 24.276 ; 24.177 ; Rise       ; DivisorFrequencia:inst4|inst2 ;
;  nextPC[5]       ; DivisorFrequencia:inst4|inst2 ; 24.034 ; 23.941 ; Rise       ; DivisorFrequencia:inst4|inst2 ;
;  nextPC[6]       ; DivisorFrequencia:inst4|inst2 ; 24.247 ; 24.155 ; Rise       ; DivisorFrequencia:inst4|inst2 ;
;  nextPC[7]       ; DivisorFrequencia:inst4|inst2 ; 24.465 ; 24.356 ; Rise       ; DivisorFrequencia:inst4|inst2 ;
;  nextPC[8]       ; DivisorFrequencia:inst4|inst2 ; 24.544 ; 24.427 ; Rise       ; DivisorFrequencia:inst4|inst2 ;
;  nextPC[9]       ; DivisorFrequencia:inst4|inst2 ; 24.212 ; 24.069 ; Rise       ; DivisorFrequencia:inst4|inst2 ;
;  nextPC[10]      ; DivisorFrequencia:inst4|inst2 ; 24.193 ; 24.049 ; Rise       ; DivisorFrequencia:inst4|inst2 ;
;  nextPC[11]      ; DivisorFrequencia:inst4|inst2 ; 25.018 ; 24.904 ; Rise       ; DivisorFrequencia:inst4|inst2 ;
;  nextPC[12]      ; DivisorFrequencia:inst4|inst2 ; 24.198 ; 24.093 ; Rise       ; DivisorFrequencia:inst4|inst2 ;
;  nextPC[13]      ; DivisorFrequencia:inst4|inst2 ; 24.742 ; 24.604 ; Rise       ; DivisorFrequencia:inst4|inst2 ;
;  nextPC[14]      ; DivisorFrequencia:inst4|inst2 ; 24.642 ; 24.517 ; Rise       ; DivisorFrequencia:inst4|inst2 ;
;  nextPC[15]      ; DivisorFrequencia:inst4|inst2 ; 25.172 ; 25.163 ; Rise       ; DivisorFrequencia:inst4|inst2 ;
;  nextPC[16]      ; DivisorFrequencia:inst4|inst2 ; 24.388 ; 24.279 ; Rise       ; DivisorFrequencia:inst4|inst2 ;
;  nextPC[17]      ; DivisorFrequencia:inst4|inst2 ; 26.578 ; 26.268 ; Rise       ; DivisorFrequencia:inst4|inst2 ;
;  nextPC[18]      ; DivisorFrequencia:inst4|inst2 ; 24.959 ; 24.828 ; Rise       ; DivisorFrequencia:inst4|inst2 ;
;  nextPC[19]      ; DivisorFrequencia:inst4|inst2 ; 24.529 ; 24.384 ; Rise       ; DivisorFrequencia:inst4|inst2 ;
;  nextPC[20]      ; DivisorFrequencia:inst4|inst2 ; 24.672 ; 24.498 ; Rise       ; DivisorFrequencia:inst4|inst2 ;
;  nextPC[21]      ; DivisorFrequencia:inst4|inst2 ; 23.981 ; 23.893 ; Rise       ; DivisorFrequencia:inst4|inst2 ;
;  nextPC[22]      ; DivisorFrequencia:inst4|inst2 ; 23.997 ; 23.870 ; Rise       ; DivisorFrequencia:inst4|inst2 ;
;  nextPC[23]      ; DivisorFrequencia:inst4|inst2 ; 24.143 ; 24.073 ; Rise       ; DivisorFrequencia:inst4|inst2 ;
;  nextPC[24]      ; DivisorFrequencia:inst4|inst2 ; 24.762 ; 24.629 ; Rise       ; DivisorFrequencia:inst4|inst2 ;
;  nextPC[25]      ; DivisorFrequencia:inst4|inst2 ; 24.884 ; 24.804 ; Rise       ; DivisorFrequencia:inst4|inst2 ;
;  nextPC[26]      ; DivisorFrequencia:inst4|inst2 ; 23.796 ; 23.685 ; Rise       ; DivisorFrequencia:inst4|inst2 ;
;  nextPC[27]      ; DivisorFrequencia:inst4|inst2 ; 24.381 ; 24.267 ; Rise       ; DivisorFrequencia:inst4|inst2 ;
;  nextPC[28]      ; DivisorFrequencia:inst4|inst2 ; 24.667 ; 24.653 ; Rise       ; DivisorFrequencia:inst4|inst2 ;
;  nextPC[29]      ; DivisorFrequencia:inst4|inst2 ; 23.933 ; 23.823 ; Rise       ; DivisorFrequencia:inst4|inst2 ;
;  nextPC[30]      ; DivisorFrequencia:inst4|inst2 ; 24.060 ; 23.946 ; Rise       ; DivisorFrequencia:inst4|inst2 ;
;  nextPC[31]      ; DivisorFrequencia:inst4|inst2 ; 24.059 ; 23.911 ; Rise       ; DivisorFrequencia:inst4|inst2 ;
; MemWrite         ; DivisorFrequencia:inst4|inst2 ; 4.502  ;        ; Fall       ; DivisorFrequencia:inst4|inst2 ;
; RegWrite         ; DivisorFrequencia:inst4|inst2 ; 3.431  ;        ; Fall       ; DivisorFrequencia:inst4|inst2 ;
; clkSys           ; DivisorFrequencia:inst4|inst2 ;        ; 5.894  ; Fall       ; DivisorFrequencia:inst4|inst2 ;
; ALUOp[*]         ; clock                         ; 14.363 ; 14.181 ; Fall       ; clock                         ;
;  ALUOp[0]        ; clock                         ; 11.157 ; 11.065 ; Fall       ; clock                         ;
;  ALUOp[1]        ; clock                         ; 14.363 ; 14.181 ; Fall       ; clock                         ;
; ALUSrc           ; clock                         ; 11.417 ; 11.334 ; Fall       ; clock                         ;
; Branch           ; clock                         ; 11.306 ; 11.184 ; Fall       ; clock                         ;
; Instruction[*]   ; clock                         ; 11.507 ; 11.300 ; Fall       ; clock                         ;
;  Instruction[0]  ; clock                         ; 8.782  ; 8.690  ; Fall       ; clock                         ;
;  Instruction[1]  ; clock                         ; 10.370 ; 10.265 ; Fall       ; clock                         ;
;  Instruction[2]  ; clock                         ; 10.017 ; 9.951  ; Fall       ; clock                         ;
;  Instruction[3]  ; clock                         ; 9.785  ; 9.669  ; Fall       ; clock                         ;
;  Instruction[4]  ; clock                         ; 9.506  ; 9.394  ; Fall       ; clock                         ;
;  Instruction[5]  ; clock                         ; 9.490  ; 9.450  ; Fall       ; clock                         ;
;  Instruction[6]  ; clock                         ; 10.167 ; 10.076 ; Fall       ; clock                         ;
;  Instruction[7]  ; clock                         ; 9.831  ; 9.673  ; Fall       ; clock                         ;
;  Instruction[8]  ; clock                         ; 10.340 ; 10.335 ; Fall       ; clock                         ;
;  Instruction[9]  ; clock                         ; 9.463  ; 9.451  ; Fall       ; clock                         ;
;  Instruction[10] ; clock                         ; 10.667 ; 10.565 ; Fall       ; clock                         ;
;  Instruction[11] ; clock                         ; 11.507 ; 11.300 ; Fall       ; clock                         ;
;  Instruction[12] ; clock                         ; 9.533  ; 9.473  ; Fall       ; clock                         ;
;  Instruction[13] ; clock                         ; 9.531  ; 9.416  ; Fall       ; clock                         ;
;  Instruction[14] ; clock                         ; 10.358 ; 10.235 ; Fall       ; clock                         ;
;  Instruction[15] ; clock                         ; 10.128 ; 10.033 ; Fall       ; clock                         ;
;  Instruction[16] ; clock                         ; 9.977  ; 9.826  ; Fall       ; clock                         ;
;  Instruction[17] ; clock                         ; 9.747  ; 9.627  ; Fall       ; clock                         ;
;  Instruction[18] ; clock                         ; 9.725  ; 9.662  ; Fall       ; clock                         ;
;  Instruction[19] ; clock                         ; 10.352 ; 10.293 ; Fall       ; clock                         ;
;  Instruction[20] ; clock                         ; 9.864  ; 9.795  ; Fall       ; clock                         ;
;  Instruction[21] ; clock                         ; 9.734  ; 9.577  ; Fall       ; clock                         ;
;  Instruction[22] ; clock                         ; 9.634  ; 9.586  ; Fall       ; clock                         ;
;  Instruction[23] ; clock                         ; 10.218 ; 10.153 ; Fall       ; clock                         ;
;  Instruction[24] ; clock                         ; 9.648  ; 9.626  ; Fall       ; clock                         ;
;  Instruction[25] ; clock                         ; 9.597  ; 9.522  ; Fall       ; clock                         ;
;  Instruction[26] ; clock                         ; 9.761  ; 9.614  ; Fall       ; clock                         ;
;  Instruction[27] ; clock                         ; 9.274  ; 9.175  ; Fall       ; clock                         ;
;  Instruction[28] ; clock                         ; 10.403 ; 10.242 ; Fall       ; clock                         ;
;  Instruction[29] ; clock                         ; 10.251 ; 10.133 ; Fall       ; clock                         ;
;  Instruction[30] ; clock                         ; 10.084 ; 10.051 ; Fall       ; clock                         ;
;  Instruction[31] ; clock                         ; 9.672  ; 9.524  ; Fall       ; clock                         ;
; MemToReg         ; clock                         ; 11.288 ; 11.093 ; Fall       ; clock                         ;
; MemWrite         ; clock                         ; 11.921 ; 11.794 ; Fall       ; clock                         ;
; Operation[*]     ; clock                         ; 12.505 ; 12.408 ; Fall       ; clock                         ;
;  Operation[0]    ; clock                         ; 12.505 ; 12.408 ; Fall       ; clock                         ;
;  Operation[1]    ; clock                         ; 11.916 ; 11.994 ; Fall       ; clock                         ;
;  Operation[2]    ; clock                         ; 10.616 ; 10.463 ; Fall       ; clock                         ;
; RegDst           ; clock                         ; 12.349 ; 12.386 ; Fall       ; clock                         ;
; RegWrite         ; clock                         ; 12.460 ; 12.304 ; Fall       ; clock                         ;
; function[*]      ; clock                         ; 10.048 ; 9.941  ; Fall       ; clock                         ;
;  function[0]     ; clock                         ; 9.126  ; 9.014  ; Fall       ; clock                         ;
;  function[1]     ; clock                         ; 10.048 ; 9.941  ; Fall       ; clock                         ;
;  function[2]     ; clock                         ; 10.005 ; 9.878  ; Fall       ; clock                         ;
;  function[3]     ; clock                         ; 9.521  ; 9.408  ; Fall       ; clock                         ;
;  function[4]     ; clock                         ; 9.516  ; 9.404  ; Fall       ; clock                         ;
;  function[5]     ; clock                         ; 9.737  ; 9.686  ; Fall       ; clock                         ;
; imed16[*]        ; clock                         ; 12.363 ; 12.080 ; Fall       ; clock                         ;
;  imed16[0]       ; clock                         ; 9.114  ; 9.003  ; Fall       ; clock                         ;
;  imed16[1]       ; clock                         ; 10.354 ; 10.265 ; Fall       ; clock                         ;
;  imed16[2]       ; clock                         ; 9.355  ; 9.235  ; Fall       ; clock                         ;
;  imed16[3]       ; clock                         ; 9.785  ; 9.669  ; Fall       ; clock                         ;
;  imed16[4]       ; clock                         ; 10.118 ; 9.985  ; Fall       ; clock                         ;
;  imed16[5]       ; clock                         ; 9.470  ; 9.430  ; Fall       ; clock                         ;
;  imed16[6]       ; clock                         ; 9.794  ; 9.720  ; Fall       ; clock                         ;
;  imed16[7]       ; clock                         ; 9.598  ; 9.425  ; Fall       ; clock                         ;
;  imed16[8]       ; clock                         ; 10.330 ; 10.325 ; Fall       ; clock                         ;
;  imed16[9]       ; clock                         ; 9.204  ; 9.194  ; Fall       ; clock                         ;
;  imed16[10]      ; clock                         ; 12.363 ; 12.080 ; Fall       ; clock                         ;
;  imed16[11]      ; clock                         ; 10.698 ; 10.548 ; Fall       ; clock                         ;
;  imed16[12]      ; clock                         ; 9.533  ; 9.473  ; Fall       ; clock                         ;
;  imed16[13]      ; clock                         ; 11.386 ; 11.105 ; Fall       ; clock                         ;
;  imed16[14]      ; clock                         ; 10.358 ; 10.235 ; Fall       ; clock                         ;
;  imed16[15]      ; clock                         ; 10.160 ; 10.071 ; Fall       ; clock                         ;
; nextPC[*]        ; clock                         ; 29.984 ; 29.674 ; Fall       ; clock                         ;
;  nextPC[0]       ; clock                         ; 27.436 ; 27.293 ; Fall       ; clock                         ;
;  nextPC[1]       ; clock                         ; 28.487 ; 28.418 ; Fall       ; clock                         ;
;  nextPC[2]       ; clock                         ; 28.006 ; 27.845 ; Fall       ; clock                         ;
;  nextPC[3]       ; clock                         ; 27.905 ; 27.777 ; Fall       ; clock                         ;
;  nextPC[4]       ; clock                         ; 27.682 ; 27.583 ; Fall       ; clock                         ;
;  nextPC[5]       ; clock                         ; 27.440 ; 27.347 ; Fall       ; clock                         ;
;  nextPC[6]       ; clock                         ; 27.653 ; 27.561 ; Fall       ; clock                         ;
;  nextPC[7]       ; clock                         ; 27.871 ; 27.762 ; Fall       ; clock                         ;
;  nextPC[8]       ; clock                         ; 27.950 ; 27.833 ; Fall       ; clock                         ;
;  nextPC[9]       ; clock                         ; 27.618 ; 27.475 ; Fall       ; clock                         ;
;  nextPC[10]      ; clock                         ; 27.599 ; 27.455 ; Fall       ; clock                         ;
;  nextPC[11]      ; clock                         ; 28.424 ; 28.310 ; Fall       ; clock                         ;
;  nextPC[12]      ; clock                         ; 27.604 ; 27.499 ; Fall       ; clock                         ;
;  nextPC[13]      ; clock                         ; 28.148 ; 28.010 ; Fall       ; clock                         ;
;  nextPC[14]      ; clock                         ; 28.048 ; 27.923 ; Fall       ; clock                         ;
;  nextPC[15]      ; clock                         ; 28.578 ; 28.569 ; Fall       ; clock                         ;
;  nextPC[16]      ; clock                         ; 27.794 ; 27.685 ; Fall       ; clock                         ;
;  nextPC[17]      ; clock                         ; 29.984 ; 29.674 ; Fall       ; clock                         ;
;  nextPC[18]      ; clock                         ; 28.365 ; 28.234 ; Fall       ; clock                         ;
;  nextPC[19]      ; clock                         ; 27.935 ; 27.790 ; Fall       ; clock                         ;
;  nextPC[20]      ; clock                         ; 28.078 ; 27.904 ; Fall       ; clock                         ;
;  nextPC[21]      ; clock                         ; 27.387 ; 27.299 ; Fall       ; clock                         ;
;  nextPC[22]      ; clock                         ; 27.403 ; 27.276 ; Fall       ; clock                         ;
;  nextPC[23]      ; clock                         ; 27.549 ; 27.479 ; Fall       ; clock                         ;
;  nextPC[24]      ; clock                         ; 28.168 ; 28.035 ; Fall       ; clock                         ;
;  nextPC[25]      ; clock                         ; 28.290 ; 28.210 ; Fall       ; clock                         ;
;  nextPC[26]      ; clock                         ; 27.202 ; 27.091 ; Fall       ; clock                         ;
;  nextPC[27]      ; clock                         ; 27.787 ; 27.673 ; Fall       ; clock                         ;
;  nextPC[28]      ; clock                         ; 28.073 ; 28.059 ; Fall       ; clock                         ;
;  nextPC[29]      ; clock                         ; 27.339 ; 27.229 ; Fall       ; clock                         ;
;  nextPC[30]      ; clock                         ; 27.466 ; 27.352 ; Fall       ; clock                         ;
;  nextPC[31]      ; clock                         ; 27.465 ; 27.317 ; Fall       ; clock                         ;
; op[*]            ; clock                         ; 10.241 ; 10.123 ; Fall       ; clock                         ;
;  op[26]          ; clock                         ; 10.157 ; 9.989  ; Fall       ; clock                         ;
;  op[27]          ; clock                         ; 9.294  ; 9.195  ; Fall       ; clock                         ;
;  op[28]          ; clock                         ; 9.965  ; 9.807  ; Fall       ; clock                         ;
;  op[29]          ; clock                         ; 10.241 ; 10.123 ; Fall       ; clock                         ;
;  op[30]          ; clock                         ; 10.001 ; 9.973  ; Fall       ; clock                         ;
;  op[31]          ; clock                         ; 9.421  ; 9.293  ; Fall       ; clock                         ;
; rd[*]            ; clock                         ; 12.002 ; 11.730 ; Fall       ; clock                         ;
;  rd[11]          ; clock                         ; 11.547 ; 11.340 ; Fall       ; clock                         ;
;  rd[12]          ; clock                         ; 9.532  ; 9.470  ; Fall       ; clock                         ;
;  rd[13]          ; clock                         ; 9.528  ; 9.412  ; Fall       ; clock                         ;
;  rd[14]          ; clock                         ; 12.002 ; 11.730 ; Fall       ; clock                         ;
;  rd[15]          ; clock                         ; 10.738 ; 10.727 ; Fall       ; clock                         ;
; rs[*]            ; clock                         ; 11.855 ; 11.626 ; Fall       ; clock                         ;
;  rs[21]          ; clock                         ; 9.737  ; 9.613  ; Fall       ; clock                         ;
;  rs[22]          ; clock                         ; 11.855 ; 11.626 ; Fall       ; clock                         ;
;  rs[23]          ; clock                         ; 10.669 ; 10.569 ; Fall       ; clock                         ;
;  rs[24]          ; clock                         ; 9.677  ; 9.650  ; Fall       ; clock                         ;
;  rs[25]          ; clock                         ; 9.827  ; 9.775  ; Fall       ; clock                         ;
; rt[*]            ; clock                         ; 10.316 ; 10.273 ; Fall       ; clock                         ;
;  rt[16]          ; clock                         ; 10.237 ; 10.079 ; Fall       ; clock                         ;
;  rt[17]          ; clock                         ; 10.044 ; 9.936  ; Fall       ; clock                         ;
;  rt[18]          ; clock                         ; 9.735  ; 9.672  ; Fall       ; clock                         ;
;  rt[19]          ; clock                         ; 10.316 ; 10.273 ; Fall       ; clock                         ;
;  rt[20]          ; clock                         ; 9.923  ; 9.858  ; Fall       ; clock                         ;
; shamt[*]         ; clock                         ; 10.356 ; 10.353 ; Fall       ; clock                         ;
;  shamt[6]        ; clock                         ; 10.177 ; 10.086 ; Fall       ; clock                         ;
;  shamt[7]        ; clock                         ; 9.854  ; 9.694  ; Fall       ; clock                         ;
;  shamt[8]        ; clock                         ; 10.356 ; 10.353 ; Fall       ; clock                         ;
;  shamt[9]        ; clock                         ; 9.504  ; 9.494  ; Fall       ; clock                         ;
;  shamt[10]       ; clock                         ; 10.356 ; 10.267 ; Fall       ; clock                         ;
+------------------+-------------------------------+--------+--------+------------+-------------------------------+


+-----------------------------------------------------------------------------------------------------------------+
; Minimum Clock to Output Times                                                                                   ;
+------------------+-------------------------------+--------+--------+------------+-------------------------------+
; Data Port        ; Clock Port                    ; Rise   ; Fall   ; Clock Edge ; Clock Reference               ;
+------------------+-------------------------------+--------+--------+------------+-------------------------------+
; MemWrite         ; DivisorFrequencia:inst4|inst2 ;        ; 4.248  ; Rise       ; DivisorFrequencia:inst4|inst2 ;
; PC[*]            ; DivisorFrequencia:inst4|inst2 ; 6.315  ; 6.263  ; Rise       ; DivisorFrequencia:inst4|inst2 ;
;  PC[0]           ; DivisorFrequencia:inst4|inst2 ; 6.692  ; 6.638  ; Rise       ; DivisorFrequencia:inst4|inst2 ;
;  PC[1]           ; DivisorFrequencia:inst4|inst2 ; 6.578  ; 6.510  ; Rise       ; DivisorFrequencia:inst4|inst2 ;
;  PC[2]           ; DivisorFrequencia:inst4|inst2 ; 6.892  ; 6.871  ; Rise       ; DivisorFrequencia:inst4|inst2 ;
;  PC[3]           ; DivisorFrequencia:inst4|inst2 ; 6.830  ; 6.798  ; Rise       ; DivisorFrequencia:inst4|inst2 ;
;  PC[4]           ; DivisorFrequencia:inst4|inst2 ; 7.788  ; 7.753  ; Rise       ; DivisorFrequencia:inst4|inst2 ;
;  PC[5]           ; DivisorFrequencia:inst4|inst2 ; 7.146  ; 7.132  ; Rise       ; DivisorFrequencia:inst4|inst2 ;
;  PC[6]           ; DivisorFrequencia:inst4|inst2 ; 8.002  ; 7.858  ; Rise       ; DivisorFrequencia:inst4|inst2 ;
;  PC[7]           ; DivisorFrequencia:inst4|inst2 ; 7.136  ; 7.007  ; Rise       ; DivisorFrequencia:inst4|inst2 ;
;  PC[8]           ; DivisorFrequencia:inst4|inst2 ; 6.600  ; 6.580  ; Rise       ; DivisorFrequencia:inst4|inst2 ;
;  PC[9]           ; DivisorFrequencia:inst4|inst2 ; 7.130  ; 7.082  ; Rise       ; DivisorFrequencia:inst4|inst2 ;
;  PC[10]          ; DivisorFrequencia:inst4|inst2 ; 7.092  ; 7.048  ; Rise       ; DivisorFrequencia:inst4|inst2 ;
;  PC[11]          ; DivisorFrequencia:inst4|inst2 ; 6.392  ; 6.375  ; Rise       ; DivisorFrequencia:inst4|inst2 ;
;  PC[12]          ; DivisorFrequencia:inst4|inst2 ; 6.370  ; 6.319  ; Rise       ; DivisorFrequencia:inst4|inst2 ;
;  PC[13]          ; DivisorFrequencia:inst4|inst2 ; 6.803  ; 6.712  ; Rise       ; DivisorFrequencia:inst4|inst2 ;
;  PC[14]          ; DivisorFrequencia:inst4|inst2 ; 6.837  ; 6.819  ; Rise       ; DivisorFrequencia:inst4|inst2 ;
;  PC[15]          ; DivisorFrequencia:inst4|inst2 ; 7.143  ; 7.016  ; Rise       ; DivisorFrequencia:inst4|inst2 ;
;  PC[16]          ; DivisorFrequencia:inst4|inst2 ; 7.521  ; 7.445  ; Rise       ; DivisorFrequencia:inst4|inst2 ;
;  PC[17]          ; DivisorFrequencia:inst4|inst2 ; 7.083  ; 7.038  ; Rise       ; DivisorFrequencia:inst4|inst2 ;
;  PC[18]          ; DivisorFrequencia:inst4|inst2 ; 8.912  ; 8.691  ; Rise       ; DivisorFrequencia:inst4|inst2 ;
;  PC[19]          ; DivisorFrequencia:inst4|inst2 ; 7.530  ; 7.414  ; Rise       ; DivisorFrequencia:inst4|inst2 ;
;  PC[20]          ; DivisorFrequencia:inst4|inst2 ; 6.315  ; 6.263  ; Rise       ; DivisorFrequencia:inst4|inst2 ;
;  PC[21]          ; DivisorFrequencia:inst4|inst2 ; 6.769  ; 6.706  ; Rise       ; DivisorFrequencia:inst4|inst2 ;
;  PC[22]          ; DivisorFrequencia:inst4|inst2 ; 7.015  ; 7.078  ; Rise       ; DivisorFrequencia:inst4|inst2 ;
;  PC[23]          ; DivisorFrequencia:inst4|inst2 ; 7.559  ; 7.444  ; Rise       ; DivisorFrequencia:inst4|inst2 ;
;  PC[24]          ; DivisorFrequencia:inst4|inst2 ; 6.520  ; 6.410  ; Rise       ; DivisorFrequencia:inst4|inst2 ;
;  PC[25]          ; DivisorFrequencia:inst4|inst2 ; 6.545  ; 6.461  ; Rise       ; DivisorFrequencia:inst4|inst2 ;
;  PC[26]          ; DivisorFrequencia:inst4|inst2 ; 6.414  ; 6.336  ; Rise       ; DivisorFrequencia:inst4|inst2 ;
;  PC[27]          ; DivisorFrequencia:inst4|inst2 ; 9.011  ; 8.752  ; Rise       ; DivisorFrequencia:inst4|inst2 ;
;  PC[28]          ; DivisorFrequencia:inst4|inst2 ; 6.633  ; 6.547  ; Rise       ; DivisorFrequencia:inst4|inst2 ;
;  PC[29]          ; DivisorFrequencia:inst4|inst2 ; 6.586  ; 6.543  ; Rise       ; DivisorFrequencia:inst4|inst2 ;
;  PC[30]          ; DivisorFrequencia:inst4|inst2 ; 6.824  ; 6.748  ; Rise       ; DivisorFrequencia:inst4|inst2 ;
;  PC[31]          ; DivisorFrequencia:inst4|inst2 ; 6.578  ; 6.527  ; Rise       ; DivisorFrequencia:inst4|inst2 ;
; RegWrite         ; DivisorFrequencia:inst4|inst2 ;        ; 3.167  ; Rise       ; DivisorFrequencia:inst4|inst2 ;
; clkSys           ; DivisorFrequencia:inst4|inst2 ; 6.057  ;        ; Rise       ; DivisorFrequencia:inst4|inst2 ;
; nextPC[*]        ; DivisorFrequencia:inst4|inst2 ; 7.105  ; 6.974  ; Rise       ; DivisorFrequencia:inst4|inst2 ;
;  nextPC[0]       ; DivisorFrequencia:inst4|inst2 ; 7.105  ; 6.974  ; Rise       ; DivisorFrequencia:inst4|inst2 ;
;  nextPC[1]       ; DivisorFrequencia:inst4|inst2 ; 8.165  ; 8.133  ; Rise       ; DivisorFrequencia:inst4|inst2 ;
;  nextPC[2]       ; DivisorFrequencia:inst4|inst2 ; 7.945  ; 7.781  ; Rise       ; DivisorFrequencia:inst4|inst2 ;
;  nextPC[3]       ; DivisorFrequencia:inst4|inst2 ; 7.884  ; 7.815  ; Rise       ; DivisorFrequencia:inst4|inst2 ;
;  nextPC[4]       ; DivisorFrequencia:inst4|inst2 ; 8.199  ; 8.102  ; Rise       ; DivisorFrequencia:inst4|inst2 ;
;  nextPC[5]       ; DivisorFrequencia:inst4|inst2 ; 7.662  ; 7.573  ; Rise       ; DivisorFrequencia:inst4|inst2 ;
;  nextPC[6]       ; DivisorFrequencia:inst4|inst2 ; 7.472  ; 7.386  ; Rise       ; DivisorFrequencia:inst4|inst2 ;
;  nextPC[7]       ; DivisorFrequencia:inst4|inst2 ; 8.529  ; 8.418  ; Rise       ; DivisorFrequencia:inst4|inst2 ;
;  nextPC[8]       ; DivisorFrequencia:inst4|inst2 ; 9.433  ; 9.322  ; Rise       ; DivisorFrequencia:inst4|inst2 ;
;  nextPC[9]       ; DivisorFrequencia:inst4|inst2 ; 7.924  ; 7.786  ; Rise       ; DivisorFrequencia:inst4|inst2 ;
;  nextPC[10]      ; DivisorFrequencia:inst4|inst2 ; 7.518  ; 7.382  ; Rise       ; DivisorFrequencia:inst4|inst2 ;
;  nextPC[11]      ; DivisorFrequencia:inst4|inst2 ; 9.409  ; 9.302  ; Rise       ; DivisorFrequencia:inst4|inst2 ;
;  nextPC[12]      ; DivisorFrequencia:inst4|inst2 ; 7.413  ; 7.312  ; Rise       ; DivisorFrequencia:inst4|inst2 ;
;  nextPC[13]      ; DivisorFrequencia:inst4|inst2 ; 9.100  ; 9.021  ; Rise       ; DivisorFrequencia:inst4|inst2 ;
;  nextPC[14]      ; DivisorFrequencia:inst4|inst2 ; 8.202  ; 8.081  ; Rise       ; DivisorFrequencia:inst4|inst2 ;
;  nextPC[15]      ; DivisorFrequencia:inst4|inst2 ; 8.727  ; 8.717  ; Rise       ; DivisorFrequencia:inst4|inst2 ;
;  nextPC[16]      ; DivisorFrequencia:inst4|inst2 ; 7.899  ; 7.797  ; Rise       ; DivisorFrequencia:inst4|inst2 ;
;  nextPC[17]      ; DivisorFrequencia:inst4|inst2 ; 11.061 ; 10.754 ; Rise       ; DivisorFrequencia:inst4|inst2 ;
;  nextPC[18]      ; DivisorFrequencia:inst4|inst2 ; 7.963  ; 7.840  ; Rise       ; DivisorFrequencia:inst4|inst2 ;
;  nextPC[19]      ; DivisorFrequencia:inst4|inst2 ; 7.961  ; 7.834  ; Rise       ; DivisorFrequencia:inst4|inst2 ;
;  nextPC[20]      ; DivisorFrequencia:inst4|inst2 ; 8.094  ; 7.926  ; Rise       ; DivisorFrequencia:inst4|inst2 ;
;  nextPC[21]      ; DivisorFrequencia:inst4|inst2 ; 7.738  ; 7.652  ; Rise       ; DivisorFrequencia:inst4|inst2 ;
;  nextPC[22]      ; DivisorFrequencia:inst4|inst2 ; 9.331  ; 9.209  ; Rise       ; DivisorFrequencia:inst4|inst2 ;
;  nextPC[23]      ; DivisorFrequencia:inst4|inst2 ; 7.646  ; 7.551  ; Rise       ; DivisorFrequencia:inst4|inst2 ;
;  nextPC[24]      ; DivisorFrequencia:inst4|inst2 ; 8.060  ; 7.936  ; Rise       ; DivisorFrequencia:inst4|inst2 ;
;  nextPC[25]      ; DivisorFrequencia:inst4|inst2 ; 8.703  ; 8.629  ; Rise       ; DivisorFrequencia:inst4|inst2 ;
;  nextPC[26]      ; DivisorFrequencia:inst4|inst2 ; 8.421  ; 8.314  ; Rise       ; DivisorFrequencia:inst4|inst2 ;
;  nextPC[27]      ; DivisorFrequencia:inst4|inst2 ; 9.412  ; 9.332  ; Rise       ; DivisorFrequencia:inst4|inst2 ;
;  nextPC[28]      ; DivisorFrequencia:inst4|inst2 ; 7.995  ; 8.011  ; Rise       ; DivisorFrequencia:inst4|inst2 ;
;  nextPC[29]      ; DivisorFrequencia:inst4|inst2 ; 8.052  ; 7.959  ; Rise       ; DivisorFrequencia:inst4|inst2 ;
;  nextPC[30]      ; DivisorFrequencia:inst4|inst2 ; 7.628  ; 7.594  ; Rise       ; DivisorFrequencia:inst4|inst2 ;
;  nextPC[31]      ; DivisorFrequencia:inst4|inst2 ; 7.814  ; 7.688  ; Rise       ; DivisorFrequencia:inst4|inst2 ;
; MemWrite         ; DivisorFrequencia:inst4|inst2 ; 4.407  ;        ; Fall       ; DivisorFrequencia:inst4|inst2 ;
; RegWrite         ; DivisorFrequencia:inst4|inst2 ; 3.385  ;        ; Fall       ; DivisorFrequencia:inst4|inst2 ;
; clkSys           ; DivisorFrequencia:inst4|inst2 ;        ; 5.811  ; Fall       ; DivisorFrequencia:inst4|inst2 ;
; ALUOp[*]         ; clock                         ; 9.755  ; 9.677  ; Fall       ; clock                         ;
;  ALUOp[0]        ; clock                         ; 9.755  ; 9.677  ; Fall       ; clock                         ;
;  ALUOp[1]        ; clock                         ; 13.179 ; 12.943 ; Fall       ; clock                         ;
; ALUSrc           ; clock                         ; 10.069 ; 9.935  ; Fall       ; clock                         ;
; Branch           ; clock                         ; 9.904  ; 9.796  ; Fall       ; clock                         ;
; Instruction[*]   ; clock                         ; 8.534  ; 8.441  ; Fall       ; clock                         ;
;  Instruction[0]  ; clock                         ; 8.534  ; 8.441  ; Fall       ; clock                         ;
;  Instruction[1]  ; clock                         ; 10.070 ; 9.964  ; Fall       ; clock                         ;
;  Instruction[2]  ; clock                         ; 9.721  ; 9.653  ; Fall       ; clock                         ;
;  Instruction[3]  ; clock                         ; 9.498  ; 9.382  ; Fall       ; clock                         ;
;  Instruction[4]  ; clock                         ; 9.230  ; 9.118  ; Fall       ; clock                         ;
;  Instruction[5]  ; clock                         ; 9.225  ; 9.182  ; Fall       ; clock                         ;
;  Instruction[6]  ; clock                         ; 9.864  ; 9.772  ; Fall       ; clock                         ;
;  Instruction[7]  ; clock                         ; 9.541  ; 9.385  ; Fall       ; clock                         ;
;  Instruction[8]  ; clock                         ; 10.030 ; 10.020 ; Fall       ; clock                         ;
;  Instruction[9]  ; clock                         ; 9.189  ; 9.172  ; Fall       ; clock                         ;
;  Instruction[10] ; clock                         ; 10.354 ; 10.251 ; Fall       ; clock                         ;
;  Instruction[11] ; clock                         ; 11.150 ; 10.946 ; Fall       ; clock                         ;
;  Instruction[12] ; clock                         ; 9.255  ; 9.193  ; Fall       ; clock                         ;
;  Instruction[13] ; clock                         ; 9.264  ; 9.148  ; Fall       ; clock                         ;
;  Instruction[14] ; clock                         ; 10.058 ; 9.934  ; Fall       ; clock                         ;
;  Instruction[15] ; clock                         ; 9.836  ; 9.740  ; Fall       ; clock                         ;
;  Instruction[16] ; clock                         ; 9.693  ; 9.542  ; Fall       ; clock                         ;
;  Instruction[17] ; clock                         ; 9.472  ; 9.351  ; Fall       ; clock                         ;
;  Instruction[18] ; clock                         ; 9.450  ; 9.384  ; Fall       ; clock                         ;
;  Instruction[19] ; clock                         ; 10.042 ; 9.980  ; Fall       ; clock                         ;
;  Instruction[20] ; clock                         ; 9.573  ; 9.501  ; Fall       ; clock                         ;
;  Instruction[21] ; clock                         ; 9.458  ; 9.302  ; Fall       ; clock                         ;
;  Instruction[22] ; clock                         ; 9.353  ; 9.302  ; Fall       ; clock                         ;
;  Instruction[23] ; clock                         ; 9.914  ; 9.847  ; Fall       ; clock                         ;
;  Instruction[24] ; clock                         ; 9.366  ; 9.340  ; Fall       ; clock                         ;
;  Instruction[25] ; clock                         ; 9.316  ; 9.240  ; Fall       ; clock                         ;
;  Instruction[26] ; clock                         ; 9.475  ; 9.328  ; Fall       ; clock                         ;
;  Instruction[27] ; clock                         ; 9.017  ; 8.916  ; Fall       ; clock                         ;
;  Instruction[28] ; clock                         ; 10.091 ; 9.932  ; Fall       ; clock                         ;
;  Instruction[29] ; clock                         ; 9.956  ; 9.837  ; Fall       ; clock                         ;
;  Instruction[30] ; clock                         ; 9.784  ; 9.748  ; Fall       ; clock                         ;
;  Instruction[31] ; clock                         ; 9.400  ; 9.253  ; Fall       ; clock                         ;
; MemToReg         ; clock                         ; 10.140 ; 9.961  ; Fall       ; clock                         ;
; MemWrite         ; clock                         ; 10.454 ; 10.371 ; Fall       ; clock                         ;
; Operation[*]     ; clock                         ; 9.810  ; 9.621  ; Fall       ; clock                         ;
;  Operation[0]    ; clock                         ; 10.191 ; 10.048 ; Fall       ; clock                         ;
;  Operation[1]    ; clock                         ; 10.319 ; 10.425 ; Fall       ; clock                         ;
;  Operation[2]    ; clock                         ; 9.810  ; 9.621  ; Fall       ; clock                         ;
; RegDst           ; clock                         ; 11.166 ; 11.148 ; Fall       ; clock                         ;
; RegWrite         ; clock                         ; 10.379 ; 10.202 ; Fall       ; clock                         ;
; function[*]      ; clock                         ; 8.865  ; 8.753  ; Fall       ; clock                         ;
;  function[0]     ; clock                         ; 8.865  ; 8.753  ; Fall       ; clock                         ;
;  function[1]     ; clock                         ; 9.760  ; 9.652  ; Fall       ; clock                         ;
;  function[2]     ; clock                         ; 9.721  ; 9.593  ; Fall       ; clock                         ;
;  function[3]     ; clock                         ; 9.245  ; 9.132  ; Fall       ; clock                         ;
;  function[4]     ; clock                         ; 9.240  ; 9.128  ; Fall       ; clock                         ;
;  function[5]     ; clock                         ; 9.461  ; 9.407  ; Fall       ; clock                         ;
; imed16[*]        ; clock                         ; 8.853  ; 8.741  ; Fall       ; clock                         ;
;  imed16[0]       ; clock                         ; 8.853  ; 8.741  ; Fall       ; clock                         ;
;  imed16[1]       ; clock                         ; 10.054 ; 9.962  ; Fall       ; clock                         ;
;  imed16[2]       ; clock                         ; 9.084  ; 8.964  ; Fall       ; clock                         ;
;  imed16[3]       ; clock                         ; 9.498  ; 9.382  ; Fall       ; clock                         ;
;  imed16[4]       ; clock                         ; 9.817  ; 9.684  ; Fall       ; clock                         ;
;  imed16[5]       ; clock                         ; 9.205  ; 9.162  ; Fall       ; clock                         ;
;  imed16[6]       ; clock                         ; 9.506  ; 9.430  ; Fall       ; clock                         ;
;  imed16[7]       ; clock                         ; 9.318  ; 9.148  ; Fall       ; clock                         ;
;  imed16[8]       ; clock                         ; 10.020 ; 10.010 ; Fall       ; clock                         ;
;  imed16[9]       ; clock                         ; 8.940  ; 8.926  ; Fall       ; clock                         ;
;  imed16[10]      ; clock                         ; 12.057 ; 11.774 ; Fall       ; clock                         ;
;  imed16[11]      ; clock                         ; 10.373 ; 10.224 ; Fall       ; clock                         ;
;  imed16[12]      ; clock                         ; 9.255  ; 9.193  ; Fall       ; clock                         ;
;  imed16[13]      ; clock                         ; 11.119 ; 10.838 ; Fall       ; clock                         ;
;  imed16[14]      ; clock                         ; 10.058 ; 9.934  ; Fall       ; clock                         ;
;  imed16[15]      ; clock                         ; 9.869  ; 9.778  ; Fall       ; clock                         ;
; nextPC[*]        ; clock                         ; 9.992  ; 9.985  ; Fall       ; clock                         ;
;  nextPC[0]       ; clock                         ; 12.067 ; 11.946 ; Fall       ; clock                         ;
;  nextPC[1]       ; clock                         ; 12.405 ; 12.412 ; Fall       ; clock                         ;
;  nextPC[2]       ; clock                         ; 11.904 ; 11.773 ; Fall       ; clock                         ;
;  nextPC[3]       ; clock                         ; 11.098 ; 10.978 ; Fall       ; clock                         ;
;  nextPC[4]       ; clock                         ; 11.650 ; 11.661 ; Fall       ; clock                         ;
;  nextPC[5]       ; clock                         ; 10.575 ; 10.486 ; Fall       ; clock                         ;
;  nextPC[6]       ; clock                         ; 10.950 ; 10.909 ; Fall       ; clock                         ;
;  nextPC[7]       ; clock                         ; 12.352 ; 12.250 ; Fall       ; clock                         ;
;  nextPC[8]       ; clock                         ; 12.209 ; 12.121 ; Fall       ; clock                         ;
;  nextPC[9]       ; clock                         ; 10.191 ; 10.053 ; Fall       ; clock                         ;
;  nextPC[10]      ; clock                         ; 10.840 ; 10.787 ; Fall       ; clock                         ;
;  nextPC[11]      ; clock                         ; 10.851 ; 10.744 ; Fall       ; clock                         ;
;  nextPC[12]      ; clock                         ; 11.324 ; 11.259 ; Fall       ; clock                         ;
;  nextPC[13]      ; clock                         ; 12.425 ; 12.333 ; Fall       ; clock                         ;
;  nextPC[14]      ; clock                         ; 11.755 ; 11.667 ; Fall       ; clock                         ;
;  nextPC[15]      ; clock                         ; 12.484 ; 12.474 ; Fall       ; clock                         ;
;  nextPC[16]      ; clock                         ; 11.010 ; 11.013 ; Fall       ; clock                         ;
;  nextPC[17]      ; clock                         ; 12.953 ; 12.646 ; Fall       ; clock                         ;
;  nextPC[18]      ; clock                         ; 11.154 ; 11.091 ; Fall       ; clock                         ;
;  nextPC[19]      ; clock                         ; 11.259 ; 11.121 ; Fall       ; clock                         ;
;  nextPC[20]      ; clock                         ; 11.068 ; 10.976 ; Fall       ; clock                         ;
;  nextPC[21]      ; clock                         ; 10.860 ; 10.852 ; Fall       ; clock                         ;
;  nextPC[22]      ; clock                         ; 12.323 ; 12.267 ; Fall       ; clock                         ;
;  nextPC[23]      ; clock                         ; 11.555 ; 11.483 ; Fall       ; clock                         ;
;  nextPC[24]      ; clock                         ; 11.266 ; 11.195 ; Fall       ; clock                         ;
;  nextPC[25]      ; clock                         ; 12.335 ; 12.349 ; Fall       ; clock                         ;
;  nextPC[26]      ; clock                         ; 9.992  ; 9.985  ; Fall       ; clock                         ;
;  nextPC[27]      ; clock                         ; 11.947 ; 11.867 ; Fall       ; clock                         ;
;  nextPC[28]      ; clock                         ; 11.969 ; 11.954 ; Fall       ; clock                         ;
;  nextPC[29]      ; clock                         ; 11.671 ; 11.627 ; Fall       ; clock                         ;
;  nextPC[30]      ; clock                         ; 11.241 ; 11.156 ; Fall       ; clock                         ;
;  nextPC[31]      ; clock                         ; 12.117 ; 11.986 ; Fall       ; clock                         ;
; op[*]            ; clock                         ; 9.037  ; 8.936  ; Fall       ; clock                         ;
;  op[26]          ; clock                         ; 9.854  ; 9.688  ; Fall       ; clock                         ;
;  op[27]          ; clock                         ; 9.037  ; 8.936  ; Fall       ; clock                         ;
;  op[28]          ; clock                         ; 9.670  ; 9.513  ; Fall       ; clock                         ;
;  op[29]          ; clock                         ; 9.946  ; 9.827  ; Fall       ; clock                         ;
;  op[30]          ; clock                         ; 9.706  ; 9.673  ; Fall       ; clock                         ;
;  op[31]          ; clock                         ; 9.158  ; 9.030  ; Fall       ; clock                         ;
; rd[*]            ; clock                         ; 9.254  ; 9.144  ; Fall       ; clock                         ;
;  rd[11]          ; clock                         ; 11.190 ; 10.986 ; Fall       ; clock                         ;
;  rd[12]          ; clock                         ; 9.254  ; 9.190  ; Fall       ; clock                         ;
;  rd[13]          ; clock                         ; 9.261  ; 9.144  ; Fall       ; clock                         ;
;  rd[14]          ; clock                         ; 11.711 ; 11.437 ; Fall       ; clock                         ;
;  rd[15]          ; clock                         ; 10.422 ; 10.406 ; Fall       ; clock                         ;
; rs[*]            ; clock                         ; 9.394  ; 9.337  ; Fall       ; clock                         ;
;  rs[21]          ; clock                         ; 9.461  ; 9.337  ; Fall       ; clock                         ;
;  rs[22]          ; clock                         ; 11.565 ; 11.332 ; Fall       ; clock                         ;
;  rs[23]          ; clock                         ; 10.346 ; 10.245 ; Fall       ; clock                         ;
;  rs[24]          ; clock                         ; 9.394  ; 9.364  ; Fall       ; clock                         ;
;  rs[25]          ; clock                         ; 9.539  ; 9.483  ; Fall       ; clock                         ;
; rt[*]            ; clock                         ; 9.460  ; 9.394  ; Fall       ; clock                         ;
;  rt[16]          ; clock                         ; 9.942  ; 9.785  ; Fall       ; clock                         ;
;  rt[17]          ; clock                         ; 9.757  ; 9.648  ; Fall       ; clock                         ;
;  rt[18]          ; clock                         ; 9.460  ; 9.394  ; Fall       ; clock                         ;
;  rt[19]          ; clock                         ; 10.008 ; 9.962  ; Fall       ; clock                         ;
;  rt[20]          ; clock                         ; 9.630  ; 9.563  ; Fall       ; clock                         ;
; shamt[*]         ; clock                         ; 9.230  ; 9.215  ; Fall       ; clock                         ;
;  shamt[6]        ; clock                         ; 9.874  ; 9.782  ; Fall       ; clock                         ;
;  shamt[7]        ; clock                         ; 9.564  ; 9.406  ; Fall       ; clock                         ;
;  shamt[8]        ; clock                         ; 10.046 ; 10.039 ; Fall       ; clock                         ;
;  shamt[9]        ; clock                         ; 9.230  ; 9.215  ; Fall       ; clock                         ;
;  shamt[10]       ; clock                         ; 10.050 ; 9.961  ; Fall       ; clock                         ;
+------------------+-------------------------------+--------+--------+------------+-------------------------------+


----------------------------------------------
; Slow 1200mV 85C Model Metastability Report ;
----------------------------------------------
No synchronizer chains to report.


+--------------------------------------------------------------------+
; Slow 1200mV 0C Model Fmax Summary                                  ;
+-----------+-----------------+-------------------------------+------+
; Fmax      ; Restricted Fmax ; Clock Name                    ; Note ;
+-----------+-----------------+-------------------------------+------+
; 59.29 MHz ; 59.29 MHz       ; DivisorFrequencia:inst4|inst2 ;      ;
; 88.61 MHz ; 88.61 MHz       ; clock                         ;      ;
+-----------+-----------------+-------------------------------+------+
This panel reports FMAX for every clock in the design, regardless of the user-specified clock periods.  FMAX is only computed for paths where the source and destination registers or ports are driven by the same clock.  Paths of different clocks, including generated clocks, are ignored.  For paths between a clock and its inversion, FMAX is computed as if the rising and falling edges are scaled along with FMAX, such that the duty cycle (in terms of a percentage) is maintained. Altera recommends that you always use clock constraints and other slack reports for sign-off analysis.


+---------------------------------------------------------+
; Slow 1200mV 0C Model Setup Summary                      ;
+-------------------------------+---------+---------------+
; Clock                         ; Slack   ; End Point TNS ;
+-------------------------------+---------+---------------+
; DivisorFrequencia:inst4|inst2 ; -19.583 ; -15801.819    ;
; clock                         ; -10.286 ; -51.262       ;
+-------------------------------+---------+---------------+


+-------------------------------------------------------+
; Slow 1200mV 0C Model Hold Summary                     ;
+-------------------------------+-------+---------------+
; Clock                         ; Slack ; End Point TNS ;
+-------------------------------+-------+---------------+
; DivisorFrequencia:inst4|inst2 ; 0.064 ; 0.000         ;
; clock                         ; 0.260 ; 0.000         ;
+-------------------------------+-------+---------------+


-----------------------------------------
; Slow 1200mV 0C Model Recovery Summary ;
-----------------------------------------
No paths to report.


----------------------------------------
; Slow 1200mV 0C Model Removal Summary ;
----------------------------------------
No paths to report.


+--------------------------------------------------------+
; Slow 1200mV 0C Model Minimum Pulse Width Summary       ;
+-------------------------------+--------+---------------+
; Clock                         ; Slack  ; End Point TNS ;
+-------------------------------+--------+---------------+
; clock                         ; -3.000 ; -21.218       ;
; DivisorFrequencia:inst4|inst2 ; -1.000 ; -1024.000     ;
+-------------------------------+--------+---------------+


+----------------------------------------------------------------------------------------------------------------------------------------------------------------------------------------------------------------------------------------------------------------------------------------------------------------+
; Slow 1200mV 0C Model Setup: 'DivisorFrequencia:inst4|inst2'                                                                                                                                                                                                                                                    ;
+---------+----------------------------------------------------------------------------------------------------------------------------------------------------+---------------------------------------------------------+--------------+-------------------------------+--------------+------------+------------+
; Slack   ; From Node                                                                                                                                          ; To Node                                                 ; Launch Clock ; Latch Clock                   ; Relationship ; Clock Skew ; Data Delay ;
+---------+----------------------------------------------------------------------------------------------------------------------------------------------------+---------------------------------------------------------+--------------+-------------------------------+--------------+------------+------------+
; -19.583 ; instruction_memory:InstructionMemory|rom:MemoriaRom|altsyncram:altsyncram_component|altsyncram_bk91:auto_generated|ram_block1a0~porta_address_reg0 ; bank_reg_32x32bit:BancoRegistradores|reg_pp_32bit:a0|31 ; clock        ; DivisorFrequencia:inst4|inst2 ; 0.500        ; -0.321     ; 19.747     ;
; -19.570 ; instruction_memory:InstructionMemory|rom:MemoriaRom|altsyncram:altsyncram_component|altsyncram_bk91:auto_generated|ram_block1a0~porta_address_reg0 ; bank_reg_32x32bit:BancoRegistradores|reg_pp_32bit:fp|31 ; clock        ; DivisorFrequencia:inst4|inst2 ; 0.500        ; -0.318     ; 19.737     ;
; -19.549 ; instruction_memory:InstructionMemory|rom:MemoriaRom|altsyncram:altsyncram_component|altsyncram_bk91:auto_generated|ram_block1a0~porta_address_reg0 ; bank_reg_32x32bit:BancoRegistradores|reg_pp_32bit:s0|31 ; clock        ; DivisorFrequencia:inst4|inst2 ; 0.500        ; -0.314     ; 19.720     ;
; -19.547 ; instruction_memory:InstructionMemory|rom:MemoriaRom|altsyncram:altsyncram_component|altsyncram_bk91:auto_generated|ram_block1a0~porta_address_reg0 ; bank_reg_32x32bit:BancoRegistradores|reg_pp_32bit:gp|31 ; clock        ; DivisorFrequencia:inst4|inst2 ; 0.500        ; -0.314     ; 19.718     ;
; -19.511 ; instruction_memory:InstructionMemory|rom:MemoriaRom|altsyncram:altsyncram_component|altsyncram_bk91:auto_generated|ram_block1a0~porta_address_reg0 ; bank_reg_32x32bit:BancoRegistradores|reg_pp_32bit:s4|31 ; clock        ; DivisorFrequencia:inst4|inst2 ; 0.500        ; -0.313     ; 19.683     ;
; -19.471 ; instruction_memory:InstructionMemory|rom:MemoriaRom|altsyncram:altsyncram_component|altsyncram_bk91:auto_generated|ram_block1a0~porta_address_reg0 ; bank_reg_32x32bit:BancoRegistradores|reg_pp_32bit:a3|31 ; clock        ; DivisorFrequencia:inst4|inst2 ; 0.500        ; -0.321     ; 19.635     ;
; -19.424 ; instruction_memory:InstructionMemory|rom:MemoriaRom|altsyncram:altsyncram_component|altsyncram_bk91:auto_generated|ram_block1a0~porta_address_reg0 ; bank_reg_32x32bit:BancoRegistradores|reg_pp_32bit:a1|31 ; clock        ; DivisorFrequencia:inst4|inst2 ; 0.500        ; -0.308     ; 19.601     ;
; -19.424 ; instruction_memory:InstructionMemory|rom:MemoriaRom|altsyncram:altsyncram_component|altsyncram_bk91:auto_generated|ram_block1a0~porta_address_reg0 ; bank_reg_32x32bit:BancoRegistradores|reg_pp_32bit:a2|31 ; clock        ; DivisorFrequencia:inst4|inst2 ; 0.500        ; -0.308     ; 19.601     ;
; -19.396 ; instruction_memory:InstructionMemory|rom:MemoriaRom|altsyncram:altsyncram_component|altsyncram_bk91:auto_generated|ram_block1a0~porta_address_reg0 ; bank_reg_32x32bit:BancoRegistradores|reg_pp_32bit:v0|31 ; clock        ; DivisorFrequencia:inst4|inst2 ; 0.500        ; -0.299     ; 19.582     ;
; -19.393 ; instruction_memory:InstructionMemory|rom:MemoriaRom|altsyncram:altsyncram_component|altsyncram_bk91:auto_generated|ram_block1a0~porta_address_reg0 ; bank_reg_32x32bit:BancoRegistradores|reg_pp_32bit:v1|31 ; clock        ; DivisorFrequencia:inst4|inst2 ; 0.500        ; -0.299     ; 19.579     ;
; -19.381 ; instruction_memory:InstructionMemory|rom:MemoriaRom|altsyncram:altsyncram_component|altsyncram_bk91:auto_generated|ram_block1a0~porta_address_reg0 ; program_counter:ProgramCounter|lpm_dff:133|dffs[6]      ; clock        ; DivisorFrequencia:inst4|inst2 ; 0.500        ; -0.003     ; 19.863     ;
; -19.350 ; instruction_memory:InstructionMemory|rom:MemoriaRom|altsyncram:altsyncram_component|altsyncram_bk91:auto_generated|ram_block1a0~porta_address_reg0 ; bank_reg_32x32bit:BancoRegistradores|reg_pp_32bit:t5|31 ; clock        ; DivisorFrequencia:inst4|inst2 ; 0.500        ; -0.329     ; 19.506     ;
; -19.348 ; instruction_memory:InstructionMemory|rom:MemoriaRom|altsyncram:altsyncram_component|altsyncram_bk91:auto_generated|ram_block1a0~porta_address_reg0 ; bank_reg_32x32bit:BancoRegistradores|reg_pp_32bit:t7|31 ; clock        ; DivisorFrequencia:inst4|inst2 ; 0.500        ; -0.329     ; 19.504     ;
; -19.338 ; instruction_memory:InstructionMemory|rom:MemoriaRom|altsyncram:altsyncram_component|altsyncram_bk91:auto_generated|ram_block1a0~porta_address_reg0 ; bank_reg_32x32bit:BancoRegistradores|reg_pp_32bit:t8|31 ; clock        ; DivisorFrequencia:inst4|inst2 ; 0.500        ; -0.326     ; 19.497     ;
; -19.336 ; instruction_memory:InstructionMemory|rom:MemoriaRom|altsyncram:altsyncram_component|altsyncram_bk91:auto_generated|ram_block1a0~porta_address_reg0 ; bank_reg_32x32bit:BancoRegistradores|reg_pp_32bit:k0|31 ; clock        ; DivisorFrequencia:inst4|inst2 ; 0.500        ; -0.326     ; 19.495     ;
; -19.334 ; instruction_memory:InstructionMemory|rom:MemoriaRom|altsyncram:altsyncram_component|altsyncram_bk91:auto_generated|ram_block1a0~porta_address_reg0 ; bank_reg_32x32bit:BancoRegistradores|reg_pp_32bit:s2|31 ; clock        ; DivisorFrequencia:inst4|inst2 ; 0.500        ; -0.322     ; 19.497     ;
; -19.317 ; instruction_memory:InstructionMemory|rom:MemoriaRom|altsyncram:altsyncram_component|altsyncram_bk91:auto_generated|ram_block1a0~porta_address_reg0 ; bank_reg_32x32bit:BancoRegistradores|reg_pp_32bit:s6|00 ; clock        ; DivisorFrequencia:inst4|inst2 ; 0.500        ; -0.325     ; 19.477     ;
; -19.317 ; instruction_memory:InstructionMemory|rom:MemoriaRom|altsyncram:altsyncram_component|altsyncram_bk91:auto_generated|ram_block1a0~porta_address_reg0 ; bank_reg_32x32bit:BancoRegistradores|reg_pp_32bit:k0|00 ; clock        ; DivisorFrequencia:inst4|inst2 ; 0.500        ; -0.325     ; 19.477     ;
; -19.315 ; instruction_memory:InstructionMemory|rom:MemoriaRom|altsyncram:altsyncram_component|altsyncram_bk91:auto_generated|ram_block1a0~porta_address_reg0 ; bank_reg_32x32bit:BancoRegistradores|reg_pp_32bit:k1|00 ; clock        ; DivisorFrequencia:inst4|inst2 ; 0.500        ; -0.324     ; 19.476     ;
; -19.272 ; instruction_memory:InstructionMemory|rom:MemoriaRom|altsyncram:altsyncram_component|altsyncram_bk91:auto_generated|ram_block1a0~porta_address_reg0 ; program_counter:ProgramCounter|lpm_dff:133|dffs[18]     ; clock        ; DivisorFrequencia:inst4|inst2 ; 0.500        ; 0.020      ; 19.777     ;
; -19.248 ; instruction_memory:InstructionMemory|rom:MemoriaRom|altsyncram:altsyncram_component|altsyncram_bk91:auto_generated|ram_block1a0~porta_address_reg0 ; bank_reg_32x32bit:BancoRegistradores|reg_pp_32bit:a0|30 ; clock        ; DivisorFrequencia:inst4|inst2 ; 0.500        ; -0.321     ; 19.412     ;
; -19.247 ; instruction_memory:InstructionMemory|rom:MemoriaRom|altsyncram:altsyncram_component|altsyncram_bk91:auto_generated|ram_block1a0~porta_address_reg0 ; bank_reg_32x32bit:BancoRegistradores|reg_pp_32bit:a3|30 ; clock        ; DivisorFrequencia:inst4|inst2 ; 0.500        ; -0.321     ; 19.411     ;
; -19.247 ; instruction_memory:InstructionMemory|rom:MemoriaRom|altsyncram:altsyncram_component|altsyncram_bk91:auto_generated|ram_block1a0~porta_address_reg0 ; program_counter:ProgramCounter|lpm_dff:133|dffs[9]      ; clock        ; DivisorFrequencia:inst4|inst2 ; 0.500        ; 0.001      ; 19.733     ;
; -19.244 ; instruction_memory:InstructionMemory|rom:MemoriaRom|altsyncram:altsyncram_component|altsyncram_bk91:auto_generated|ram_block1a0~porta_address_reg0 ; bank_reg_32x32bit:BancoRegistradores|reg_pp_32bit:t9|31 ; clock        ; DivisorFrequencia:inst4|inst2 ; 0.500        ; -0.329     ; 19.400     ;
; -19.232 ; instruction_memory:InstructionMemory|rom:MemoriaRom|altsyncram:altsyncram_component|altsyncram_bk91:auto_generated|ram_block1a0~porta_address_reg0 ; bank_reg_32x32bit:BancoRegistradores|reg_pp_32bit:a1|30 ; clock        ; DivisorFrequencia:inst4|inst2 ; 0.500        ; -0.317     ; 19.400     ;
; -19.226 ; instruction_memory:InstructionMemory|rom:MemoriaRom|altsyncram:altsyncram_component|altsyncram_bk91:auto_generated|ram_block1a0~porta_address_reg0 ; program_counter:ProgramCounter|lpm_dff:133|dffs[10]     ; clock        ; DivisorFrequencia:inst4|inst2 ; 0.500        ; 0.001      ; 19.712     ;
; -19.215 ; instruction_memory:InstructionMemory|rom:MemoriaRom|altsyncram:altsyncram_component|altsyncram_bk91:auto_generated|ram_block1a0~porta_address_reg0 ; program_counter:ProgramCounter|lpm_dff:133|dffs[7]      ; clock        ; DivisorFrequencia:inst4|inst2 ; 0.500        ; 0.007      ; 19.707     ;
; -19.208 ; instruction_memory:InstructionMemory|rom:MemoriaRom|altsyncram:altsyncram_component|altsyncram_bk91:auto_generated|ram_block1a0~porta_address_reg0 ; program_counter:ProgramCounter|lpm_dff:133|dffs[3]      ; clock        ; DivisorFrequencia:inst4|inst2 ; 0.500        ; -0.001     ; 19.692     ;
; -19.206 ; instruction_memory:InstructionMemory|rom:MemoriaRom|altsyncram:altsyncram_component|altsyncram_bk91:auto_generated|ram_block1a0~porta_address_reg0 ; program_counter:ProgramCounter|lpm_dff:133|dffs[11]     ; clock        ; DivisorFrequencia:inst4|inst2 ; 0.500        ; 0.007      ; 19.698     ;
; -19.202 ; instruction_memory:InstructionMemory|rom:MemoriaRom|altsyncram:altsyncram_component|altsyncram_bk91:auto_generated|ram_block1a0~porta_address_reg0 ; bank_reg_32x32bit:BancoRegistradores|reg_pp_32bit:v0|30 ; clock        ; DivisorFrequencia:inst4|inst2 ; 0.500        ; -0.299     ; 19.388     ;
; -19.202 ; instruction_memory:InstructionMemory|rom:MemoriaRom|altsyncram:altsyncram_component|altsyncram_bk91:auto_generated|ram_block1a0~porta_address_reg0 ; bank_reg_32x32bit:BancoRegistradores|reg_pp_32bit:v1|30 ; clock        ; DivisorFrequencia:inst4|inst2 ; 0.500        ; -0.299     ; 19.388     ;
; -19.201 ; instruction_memory:InstructionMemory|rom:MemoriaRom|altsyncram:altsyncram_component|altsyncram_bk91:auto_generated|ram_block1a0~porta_address_reg0 ; bank_reg_32x32bit:BancoRegistradores|reg_pp_32bit:k1|31 ; clock        ; DivisorFrequencia:inst4|inst2 ; 0.500        ; -0.322     ; 19.364     ;
; -19.198 ; instruction_memory:InstructionMemory|rom:MemoriaRom|altsyncram:altsyncram_component|altsyncram_bk91:auto_generated|ram_block1a0~porta_address_reg0 ; bank_reg_32x32bit:BancoRegistradores|reg_pp_32bit:s3|31 ; clock        ; DivisorFrequencia:inst4|inst2 ; 0.500        ; -0.322     ; 19.361     ;
; -19.157 ; instruction_memory:InstructionMemory|rom:MemoriaRom|altsyncram:altsyncram_component|altsyncram_bk91:auto_generated|ram_block1a0~porta_address_reg0 ; bank_reg_32x32bit:BancoRegistradores|reg_pp_32bit:s7|00 ; clock        ; DivisorFrequencia:inst4|inst2 ; 0.500        ; -0.324     ; 19.318     ;
; -19.142 ; instruction_memory:InstructionMemory|rom:MemoriaRom|altsyncram:altsyncram_component|altsyncram_bk91:auto_generated|ram_block1a0~porta_address_reg0 ; bank_reg_32x32bit:BancoRegistradores|reg_pp_32bit:t4|00 ; clock        ; DivisorFrequencia:inst4|inst2 ; 0.500        ; -0.328     ; 19.299     ;
; -19.141 ; instruction_memory:InstructionMemory|rom:MemoriaRom|altsyncram:altsyncram_component|altsyncram_bk91:auto_generated|ram_block1a0~porta_address_reg0 ; program_counter:ProgramCounter|lpm_dff:133|dffs[1]      ; clock        ; DivisorFrequencia:inst4|inst2 ; 0.500        ; -0.011     ; 19.615     ;
; -19.140 ; instruction_memory:InstructionMemory|rom:MemoriaRom|altsyncram:altsyncram_component|altsyncram_bk91:auto_generated|ram_block1a0~porta_address_reg0 ; bank_reg_32x32bit:BancoRegistradores|reg_pp_32bit:t7|00 ; clock        ; DivisorFrequencia:inst4|inst2 ; 0.500        ; -0.328     ; 19.297     ;
; -19.138 ; instruction_memory:InstructionMemory|rom:MemoriaRom|altsyncram:altsyncram_component|altsyncram_bk91:auto_generated|ram_block1a0~porta_address_reg0 ; bank_reg_32x32bit:BancoRegistradores|reg_pp_32bit:t1|31 ; clock        ; DivisorFrequencia:inst4|inst2 ; 0.500        ; -0.312     ; 19.311     ;
; -19.136 ; instruction_memory:InstructionMemory|rom:MemoriaRom|altsyncram:altsyncram_component|altsyncram_bk91:auto_generated|ram_block1a0~porta_address_reg0 ; bank_reg_32x32bit:BancoRegistradores|reg_pp_32bit:t0|31 ; clock        ; DivisorFrequencia:inst4|inst2 ; 0.500        ; -0.329     ; 19.292     ;
; -19.131 ; instruction_memory:InstructionMemory|rom:MemoriaRom|altsyncram:altsyncram_component|altsyncram_bk91:auto_generated|ram_block1a0~porta_address_reg0 ; bank_reg_32x32bit:BancoRegistradores|reg_pp_32bit:at|31 ; clock        ; DivisorFrequencia:inst4|inst2 ; 0.500        ; 0.001      ; 19.617     ;
; -19.121 ; instruction_memory:InstructionMemory|rom:MemoriaRom|altsyncram:altsyncram_component|altsyncram_bk91:auto_generated|ram_block1a0~porta_address_reg0 ; program_counter:ProgramCounter|lpm_dff:133|dffs[2]      ; clock        ; DivisorFrequencia:inst4|inst2 ; 0.500        ; -0.011     ; 19.595     ;
; -19.117 ; instruction_memory:InstructionMemory|rom:MemoriaRom|altsyncram:altsyncram_component|altsyncram_bk91:auto_generated|ram_block1a0~porta_address_reg0 ; program_counter:ProgramCounter|lpm_dff:133|dffs[8]      ; clock        ; DivisorFrequencia:inst4|inst2 ; 0.500        ; -0.011     ; 19.591     ;
; -19.110 ; instruction_memory:InstructionMemory|rom:MemoriaRom|altsyncram:altsyncram_component|altsyncram_bk91:auto_generated|ram_block1a0~porta_address_reg0 ; bank_reg_32x32bit:BancoRegistradores|reg_pp_32bit:t2|31 ; clock        ; DivisorFrequencia:inst4|inst2 ; 0.500        ; -0.329     ; 19.266     ;
; -19.096 ; instruction_memory:InstructionMemory|rom:MemoriaRom|altsyncram:altsyncram_component|altsyncram_bk91:auto_generated|ram_block1a0~porta_address_reg0 ; bank_reg_32x32bit:BancoRegistradores|reg_pp_32bit:t3|31 ; clock        ; DivisorFrequencia:inst4|inst2 ; 0.500        ; -0.329     ; 19.252     ;
; -19.083 ; instruction_memory:InstructionMemory|rom:MemoriaRom|altsyncram:altsyncram_component|altsyncram_bk91:auto_generated|ram_block1a0~porta_address_reg0 ; bank_reg_32x32bit:BancoRegistradores|reg_pp_32bit:s2|00 ; clock        ; DivisorFrequencia:inst4|inst2 ; 0.500        ; -0.317     ; 19.251     ;
; -19.082 ; instruction_memory:InstructionMemory|rom:MemoriaRom|altsyncram:altsyncram_component|altsyncram_bk91:auto_generated|ram_block1a0~porta_address_reg0 ; bank_reg_32x32bit:BancoRegistradores|reg_pp_32bit:t0|00 ; clock        ; DivisorFrequencia:inst4|inst2 ; 0.500        ; -0.317     ; 19.250     ;
; -19.082 ; instruction_memory:InstructionMemory|rom:MemoriaRom|altsyncram:altsyncram_component|altsyncram_bk91:auto_generated|ram_block1a0~porta_address_reg0 ; bank_reg_32x32bit:BancoRegistradores|reg_pp_32bit:v1|29 ; clock        ; DivisorFrequencia:inst4|inst2 ; 0.500        ; -0.312     ; 19.255     ;
; -19.081 ; instruction_memory:InstructionMemory|rom:MemoriaRom|altsyncram:altsyncram_component|altsyncram_bk91:auto_generated|ram_block1a0~porta_address_reg0 ; bank_reg_32x32bit:BancoRegistradores|reg_pp_32bit:t3|00 ; clock        ; DivisorFrequencia:inst4|inst2 ; 0.500        ; -0.317     ; 19.249     ;
; -19.069 ; instruction_memory:InstructionMemory|rom:MemoriaRom|altsyncram:altsyncram_component|altsyncram_bk91:auto_generated|ram_block1a0~porta_address_reg0 ; bank_reg_32x32bit:BancoRegistradores|reg_pp_32bit:a2|29 ; clock        ; DivisorFrequencia:inst4|inst2 ; 0.500        ; -0.312     ; 19.242     ;
; -19.066 ; instruction_memory:InstructionMemory|rom:MemoriaRom|altsyncram:altsyncram_component|altsyncram_bk91:auto_generated|ram_block1a0~porta_address_reg0 ; program_counter:ProgramCounter|lpm_dff:133|dffs[15]     ; clock        ; DivisorFrequencia:inst4|inst2 ; 0.500        ; 0.016      ; 19.567     ;
; -19.064 ; instruction_memory:InstructionMemory|rom:MemoriaRom|altsyncram:altsyncram_component|altsyncram_bk91:auto_generated|ram_block1a0~porta_address_reg0 ; program_counter:ProgramCounter|lpm_dff:133|dffs[5]      ; clock        ; DivisorFrequencia:inst4|inst2 ; 0.500        ; 0.018      ; 19.567     ;
; -19.057 ; instruction_memory:InstructionMemory|rom:MemoriaRom|altsyncram:altsyncram_component|altsyncram_bk91:auto_generated|ram_block1a0~porta_address_reg0 ; program_counter:ProgramCounter|lpm_dff:133|dffs[24]     ; clock        ; DivisorFrequencia:inst4|inst2 ; 0.500        ; 0.000      ; 19.542     ;
; -19.054 ; instruction_memory:InstructionMemory|rom:MemoriaRom|altsyncram:altsyncram_component|altsyncram_bk91:auto_generated|ram_block1a0~porta_address_reg0 ; bank_reg_32x32bit:BancoRegistradores|reg_pp_32bit:s4|00 ; clock        ; DivisorFrequencia:inst4|inst2 ; 0.500        ; -0.318     ; 19.221     ;
; -19.052 ; instruction_memory:InstructionMemory|rom:MemoriaRom|altsyncram:altsyncram_component|altsyncram_bk91:auto_generated|ram_block1a0~porta_address_reg0 ; program_counter:ProgramCounter|lpm_dff:133|dffs[16]     ; clock        ; DivisorFrequencia:inst4|inst2 ; 0.500        ; 0.016      ; 19.553     ;
; -19.051 ; instruction_memory:InstructionMemory|rom:MemoriaRom|altsyncram:altsyncram_component|altsyncram_bk91:auto_generated|ram_block1a0~porta_address_reg0 ; bank_reg_32x32bit:BancoRegistradores|reg_pp_32bit:t8|00 ; clock        ; DivisorFrequencia:inst4|inst2 ; 0.500        ; -0.318     ; 19.218     ;
; -19.049 ; instruction_memory:InstructionMemory|rom:MemoriaRom|altsyncram:altsyncram_component|altsyncram_bk91:auto_generated|ram_block1a0~porta_address_reg0 ; bank_reg_32x32bit:BancoRegistradores|reg_pp_32bit:ra|00 ; clock        ; DivisorFrequencia:inst4|inst2 ; 0.500        ; -0.324     ; 19.210     ;
; -19.048 ; instruction_memory:InstructionMemory|rom:MemoriaRom|altsyncram:altsyncram_component|altsyncram_bk91:auto_generated|ram_block1a0~porta_address_reg0 ; bank_reg_32x32bit:BancoRegistradores|reg_pp_32bit:s3|00 ; clock        ; DivisorFrequencia:inst4|inst2 ; 0.500        ; -0.324     ; 19.209     ;
; -19.021 ; instruction_memory:InstructionMemory|rom:MemoriaRom|altsyncram:altsyncram_component|altsyncram_bk91:auto_generated|ram_block1a0~porta_address_reg0 ; program_counter:ProgramCounter|lpm_dff:133|dffs[12]     ; clock        ; DivisorFrequencia:inst4|inst2 ; 0.500        ; 0.027      ; 19.533     ;
; -19.013 ; instruction_memory:InstructionMemory|rom:MemoriaRom|altsyncram:altsyncram_component|altsyncram_bk91:auto_generated|ram_block1a0~porta_address_reg0 ; bank_reg_32x32bit:BancoRegistradores|reg_pp_32bit:s7|31 ; clock        ; DivisorFrequencia:inst4|inst2 ; 0.500        ; -0.325     ; 19.173     ;
; -19.012 ; instruction_memory:InstructionMemory|rom:MemoriaRom|altsyncram:altsyncram_component|altsyncram_bk91:auto_generated|ram_block1a0~porta_address_reg0 ; bank_reg_32x32bit:BancoRegistradores|reg_pp_32bit:s6|31 ; clock        ; DivisorFrequencia:inst4|inst2 ; 0.500        ; -0.325     ; 19.172     ;
; -19.010 ; instruction_memory:InstructionMemory|rom:MemoriaRom|altsyncram:altsyncram_component|altsyncram_bk91:auto_generated|ram_block1a0~porta_address_reg0 ; program_counter:ProgramCounter|lpm_dff:133|dffs[4]      ; clock        ; DivisorFrequencia:inst4|inst2 ; 0.500        ; -0.001     ; 19.494     ;
; -18.988 ; instruction_memory:InstructionMemory|rom:MemoriaRom|altsyncram:altsyncram_component|altsyncram_bk91:auto_generated|ram_block1a0~porta_address_reg0 ; bank_reg_32x32bit:BancoRegistradores|reg_pp_32bit:t6|00 ; clock        ; DivisorFrequencia:inst4|inst2 ; 0.500        ; -0.318     ; 19.155     ;
; -18.974 ; instruction_memory:InstructionMemory|rom:MemoriaRom|altsyncram:altsyncram_component|altsyncram_bk91:auto_generated|ram_block1a0~porta_address_reg0 ; program_counter:ProgramCounter|lpm_dff:133|dffs[28]     ; clock        ; DivisorFrequencia:inst4|inst2 ; 0.500        ; 0.023      ; 19.482     ;
; -18.964 ; instruction_memory:InstructionMemory|rom:MemoriaRom|altsyncram:altsyncram_component|altsyncram_bk91:auto_generated|ram_block1a0~porta_address_reg0 ; bank_reg_32x32bit:BancoRegistradores|reg_pp_32bit:a2|30 ; clock        ; DivisorFrequencia:inst4|inst2 ; 0.500        ; -0.308     ; 19.141     ;
; -18.954 ; instruction_memory:InstructionMemory|rom:MemoriaRom|altsyncram:altsyncram_component|altsyncram_bk91:auto_generated|ram_block1a0~porta_address_reg0 ; bank_reg_32x32bit:BancoRegistradores|reg_pp_32bit:t2|30 ; clock        ; DivisorFrequencia:inst4|inst2 ; 0.500        ; -0.329     ; 19.110     ;
; -18.954 ; instruction_memory:InstructionMemory|rom:MemoriaRom|altsyncram:altsyncram_component|altsyncram_bk91:auto_generated|ram_block1a0~porta_address_reg0 ; bank_reg_32x32bit:BancoRegistradores|reg_pp_32bit:t3|30 ; clock        ; DivisorFrequencia:inst4|inst2 ; 0.500        ; -0.329     ; 19.110     ;
; -18.952 ; instruction_memory:InstructionMemory|rom:MemoriaRom|altsyncram:altsyncram_component|altsyncram_bk91:auto_generated|ram_block1a0~porta_address_reg0 ; bank_reg_32x32bit:BancoRegistradores|reg_pp_32bit:s1|30 ; clock        ; DivisorFrequencia:inst4|inst2 ; 0.500        ; -0.325     ; 19.112     ;
; -18.951 ; instruction_memory:InstructionMemory|rom:MemoriaRom|altsyncram:altsyncram_component|altsyncram_bk91:auto_generated|ram_block1a0~porta_address_reg0 ; bank_reg_32x32bit:BancoRegistradores|reg_pp_32bit:sp|30 ; clock        ; DivisorFrequencia:inst4|inst2 ; 0.500        ; -0.325     ; 19.111     ;
; -18.938 ; instruction_memory:InstructionMemory|rom:MemoriaRom|altsyncram:altsyncram_component|altsyncram_bk91:auto_generated|ram_block1a0~porta_address_reg0 ; bank_reg_32x32bit:BancoRegistradores|reg_pp_32bit:sp|00 ; clock        ; DivisorFrequencia:inst4|inst2 ; 0.500        ; -0.314     ; 19.109     ;
; -18.925 ; instruction_memory:InstructionMemory|rom:MemoriaRom|altsyncram:altsyncram_component|altsyncram_bk91:auto_generated|ram_block1a0~porta_address_reg0 ; program_counter:ProgramCounter|lpm_dff:133|dffs[20]     ; clock        ; DivisorFrequencia:inst4|inst2 ; 0.500        ; -0.013     ; 19.397     ;
; -18.923 ; instruction_memory:InstructionMemory|rom:MemoriaRom|altsyncram:altsyncram_component|altsyncram_bk91:auto_generated|ram_block1a0~porta_address_reg0 ; bank_reg_32x32bit:BancoRegistradores|reg_pp_32bit:t9|00 ; clock        ; DivisorFrequencia:inst4|inst2 ; 0.500        ; -0.314     ; 19.094     ;
; -18.915 ; instruction_memory:InstructionMemory|rom:MemoriaRom|altsyncram:altsyncram_component|altsyncram_bk91:auto_generated|ram_block1a0~porta_address_reg0 ; bank_reg_32x32bit:BancoRegistradores|reg_pp_32bit:s3|30 ; clock        ; DivisorFrequencia:inst4|inst2 ; 0.500        ; -0.324     ; 19.076     ;
; -18.915 ; instruction_memory:InstructionMemory|rom:MemoriaRom|altsyncram:altsyncram_component|altsyncram_bk91:auto_generated|ram_block1a0~porta_address_reg0 ; bank_reg_32x32bit:BancoRegistradores|reg_pp_32bit:s7|30 ; clock        ; DivisorFrequencia:inst4|inst2 ; 0.500        ; -0.324     ; 19.076     ;
; -18.913 ; instruction_memory:InstructionMemory|rom:MemoriaRom|altsyncram:altsyncram_component|altsyncram_bk91:auto_generated|ram_block1a0~porta_address_reg0 ; bank_reg_32x32bit:BancoRegistradores|reg_pp_32bit:k0|29 ; clock        ; DivisorFrequencia:inst4|inst2 ; 0.500        ; -0.315     ; 19.083     ;
; -18.912 ; instruction_memory:InstructionMemory|rom:MemoriaRom|altsyncram:altsyncram_component|altsyncram_bk91:auto_generated|ram_block1a0~porta_address_reg0 ; program_counter:ProgramCounter|lpm_dff:133|dffs[0]      ; clock        ; DivisorFrequencia:inst4|inst2 ; 0.500        ; 0.011      ; 19.408     ;
; -18.911 ; instruction_memory:InstructionMemory|rom:MemoriaRom|altsyncram:altsyncram_component|altsyncram_bk91:auto_generated|ram_block1a0~porta_address_reg0 ; bank_reg_32x32bit:BancoRegistradores|reg_pp_32bit:t4|30 ; clock        ; DivisorFrequencia:inst4|inst2 ; 0.500        ; -0.314     ; 19.082     ;
; -18.909 ; instruction_memory:InstructionMemory|rom:MemoriaRom|altsyncram:altsyncram_component|altsyncram_bk91:auto_generated|ram_block1a0~porta_address_reg0 ; bank_reg_32x32bit:BancoRegistradores|reg_pp_32bit:t6|30 ; clock        ; DivisorFrequencia:inst4|inst2 ; 0.500        ; -0.314     ; 19.080     ;
; -18.900 ; instruction_memory:InstructionMemory|rom:MemoriaRom|altsyncram:altsyncram_component|altsyncram_bk91:auto_generated|ram_block1a0~porta_address_reg0 ; bank_reg_32x32bit:BancoRegistradores|reg_pp_32bit:a0|29 ; clock        ; DivisorFrequencia:inst4|inst2 ; 0.500        ; -0.310     ; 19.075     ;
; -18.885 ; instruction_memory:InstructionMemory|rom:MemoriaRom|altsyncram:altsyncram_component|altsyncram_bk91:auto_generated|ram_block1a0~porta_address_reg0 ; bank_reg_32x32bit:BancoRegistradores|reg_pp_32bit:gp|30 ; clock        ; DivisorFrequencia:inst4|inst2 ; 0.500        ; -0.327     ; 19.043     ;
; -18.885 ; instruction_memory:InstructionMemory|rom:MemoriaRom|altsyncram:altsyncram_component|altsyncram_bk91:auto_generated|ram_block1a0~porta_address_reg0 ; bank_reg_32x32bit:BancoRegistradores|reg_pp_32bit:s0|30 ; clock        ; DivisorFrequencia:inst4|inst2 ; 0.500        ; -0.327     ; 19.043     ;
; -18.881 ; instruction_memory:InstructionMemory|rom:MemoriaRom|altsyncram:altsyncram_component|altsyncram_bk91:auto_generated|ram_block1a0~porta_address_reg0 ; bank_reg_32x32bit:BancoRegistradores|reg_pp_32bit:v1|00 ; clock        ; DivisorFrequencia:inst4|inst2 ; 0.500        ; -0.309     ; 19.057     ;
; -18.881 ; instruction_memory:InstructionMemory|rom:MemoriaRom|altsyncram:altsyncram_component|altsyncram_bk91:auto_generated|ram_block1a0~porta_address_reg0 ; bank_reg_32x32bit:BancoRegistradores|reg_pp_32bit:at|00 ; clock        ; DivisorFrequencia:inst4|inst2 ; 0.500        ; -0.309     ; 19.057     ;
; -18.872 ; instruction_memory:InstructionMemory|rom:MemoriaRom|altsyncram:altsyncram_component|altsyncram_bk91:auto_generated|ram_block1a0~porta_address_reg0 ; bank_reg_32x32bit:BancoRegistradores|reg_pp_32bit:at|30 ; clock        ; DivisorFrequencia:inst4|inst2 ; 0.500        ; 0.001      ; 19.358     ;
; -18.869 ; instruction_memory:InstructionMemory|rom:MemoriaRom|altsyncram:altsyncram_component|altsyncram_bk91:auto_generated|ram_block1a0~porta_address_reg0 ; bank_reg_32x32bit:BancoRegistradores|reg_pp_32bit:t6|31 ; clock        ; DivisorFrequencia:inst4|inst2 ; 0.500        ; -0.314     ; 19.040     ;
; -18.868 ; instruction_memory:InstructionMemory|rom:MemoriaRom|altsyncram:altsyncram_component|altsyncram_bk91:auto_generated|ram_block1a0~porta_address_reg0 ; bank_reg_32x32bit:BancoRegistradores|reg_pp_32bit:t4|31 ; clock        ; DivisorFrequencia:inst4|inst2 ; 0.500        ; -0.314     ; 19.039     ;
; -18.846 ; instruction_memory:InstructionMemory|rom:MemoriaRom|altsyncram:altsyncram_component|altsyncram_bk91:auto_generated|ram_block1a0~porta_address_reg0 ; bank_reg_32x32bit:BancoRegistradores|reg_pp_32bit:t1|00 ; clock        ; DivisorFrequencia:inst4|inst2 ; 0.500        ; -0.316     ; 19.015     ;
; -18.846 ; instruction_memory:InstructionMemory|rom:MemoriaRom|altsyncram:altsyncram_component|altsyncram_bk91:auto_generated|ram_block1a0~porta_address_reg0 ; bank_reg_32x32bit:BancoRegistradores|reg_pp_32bit:t2|00 ; clock        ; DivisorFrequencia:inst4|inst2 ; 0.500        ; -0.316     ; 19.015     ;
; -18.845 ; instruction_memory:InstructionMemory|rom:MemoriaRom|altsyncram:altsyncram_component|altsyncram_bk91:auto_generated|ram_block1a0~porta_address_reg0 ; bank_reg_32x32bit:BancoRegistradores|reg_pp_32bit:s6|30 ; clock        ; DivisorFrequencia:inst4|inst2 ; 0.500        ; -0.319     ; 19.011     ;
; -18.842 ; instruction_memory:InstructionMemory|rom:MemoriaRom|altsyncram:altsyncram_component|altsyncram_bk91:auto_generated|ram_block1a0~porta_address_reg0 ; bank_reg_32x32bit:BancoRegistradores|reg_pp_32bit:k0|30 ; clock        ; DivisorFrequencia:inst4|inst2 ; 0.500        ; -0.319     ; 19.008     ;
; -18.834 ; instruction_memory:InstructionMemory|rom:MemoriaRom|altsyncram:altsyncram_component|altsyncram_bk91:auto_generated|ram_block1a0~porta_address_reg0 ; program_counter:ProgramCounter|lpm_dff:133|dffs[19]     ; clock        ; DivisorFrequencia:inst4|inst2 ; 0.500        ; 0.006      ; 19.325     ;
; -18.831 ; instruction_memory:InstructionMemory|rom:MemoriaRom|altsyncram:altsyncram_component|altsyncram_bk91:auto_generated|ram_block1a0~porta_address_reg0 ; program_counter:ProgramCounter|lpm_dff:133|dffs[17]     ; clock        ; DivisorFrequencia:inst4|inst2 ; 0.500        ; 0.006      ; 19.322     ;
; -18.828 ; instruction_memory:InstructionMemory|rom:MemoriaRom|altsyncram:altsyncram_component|altsyncram_bk91:auto_generated|ram_block1a0~porta_address_reg0 ; bank_reg_32x32bit:BancoRegistradores|reg_pp_32bit:gp|00 ; clock        ; DivisorFrequencia:inst4|inst2 ; 0.500        ; -0.317     ; 18.996     ;
; -18.828 ; instruction_memory:InstructionMemory|rom:MemoriaRom|altsyncram:altsyncram_component|altsyncram_bk91:auto_generated|ram_block1a0~porta_address_reg0 ; program_counter:ProgramCounter|lpm_dff:133|dffs[25]     ; clock        ; DivisorFrequencia:inst4|inst2 ; 0.500        ; -0.001     ; 19.312     ;
; -18.827 ; instruction_memory:InstructionMemory|rom:MemoriaRom|altsyncram:altsyncram_component|altsyncram_bk91:auto_generated|ram_block1a0~porta_address_reg0 ; bank_reg_32x32bit:BancoRegistradores|reg_pp_32bit:s0|00 ; clock        ; DivisorFrequencia:inst4|inst2 ; 0.500        ; -0.317     ; 18.995     ;
; -18.812 ; instruction_memory:InstructionMemory|rom:MemoriaRom|altsyncram:altsyncram_component|altsyncram_bk91:auto_generated|ram_block1a0~porta_address_reg0 ; bank_reg_32x32bit:BancoRegistradores|reg_pp_32bit:v0|00 ; clock        ; DivisorFrequencia:inst4|inst2 ; 0.500        ; -0.320     ; 18.977     ;
; -18.788 ; instruction_memory:InstructionMemory|rom:MemoriaRom|altsyncram:altsyncram_component|altsyncram_bk91:auto_generated|ram_block1a0~porta_address_reg0 ; program_counter:ProgramCounter|lpm_dff:133|dffs[13]     ; clock        ; DivisorFrequencia:inst4|inst2 ; 0.500        ; 0.007      ; 19.280     ;
; -18.781 ; instruction_memory:InstructionMemory|rom:MemoriaRom|altsyncram:altsyncram_component|altsyncram_bk91:auto_generated|ram_block1a0~porta_address_reg0 ; program_counter:ProgramCounter|lpm_dff:133|dffs[23]     ; clock        ; DivisorFrequencia:inst4|inst2 ; 0.500        ; 0.011      ; 19.277     ;
; -18.770 ; instruction_memory:InstructionMemory|rom:MemoriaRom|altsyncram:altsyncram_component|altsyncram_bk91:auto_generated|ram_block1a0~porta_address_reg0 ; bank_reg_32x32bit:BancoRegistradores|reg_pp_32bit:fp|00 ; clock        ; DivisorFrequencia:inst4|inst2 ; 0.500        ; -0.006     ; 19.249     ;
; -18.750 ; instruction_memory:InstructionMemory|rom:MemoriaRom|altsyncram:altsyncram_component|altsyncram_bk91:auto_generated|ram_block1a0~porta_address_reg0 ; bank_reg_32x32bit:BancoRegistradores|reg_pp_32bit:ra|30 ; clock        ; DivisorFrequencia:inst4|inst2 ; 0.500        ; -0.316     ; 18.919     ;
; -18.747 ; instruction_memory:InstructionMemory|rom:MemoriaRom|altsyncram:altsyncram_component|altsyncram_bk91:auto_generated|ram_block1a0~porta_address_reg0 ; bank_reg_32x32bit:BancoRegistradores|reg_pp_32bit:s5|28 ; clock        ; DivisorFrequencia:inst4|inst2 ; 0.500        ; -0.314     ; 18.918     ;
+---------+----------------------------------------------------------------------------------------------------------------------------------------------------+---------------------------------------------------------+--------------+-------------------------------+--------------+------------+------------+


+---------------------------------------------------------------------------------------------------------------------------------------------------------------------------------------------------------------------------------------------------------------------------------------------------------------------------------------------------------------------------------------------+
; Slow 1200mV 0C Model Setup: 'clock'                                                                                                                                                                                                                                                                                                                                                         ;
+---------+----------------------------------------------------------------------------------------------------------------------------------------------------+---------------------------------------------------------------------------------------------------------------------------------------+-------------------------------+-------------+--------------+------------+------------+
; Slack   ; From Node                                                                                                                                          ; To Node                                                                                                                               ; Launch Clock                  ; Latch Clock ; Relationship ; Clock Skew ; Data Delay ;
+---------+----------------------------------------------------------------------------------------------------------------------------------------------------+---------------------------------------------------------------------------------------------------------------------------------------+-------------------------------+-------------+--------------+------------+------------+
; -10.286 ; instruction_memory:InstructionMemory|rom:MemoriaRom|altsyncram:altsyncram_component|altsyncram_bk91:auto_generated|ram_block1a0~porta_address_reg0 ; data_memory:DataMemory|ram:MemoriaRAM|altsyncram:altsyncram_component|altsyncram_vme1:auto_generated|ram_block1a14~porta_address_reg0 ; clock                         ; clock       ; 1.000        ; -0.060     ; 11.246     ;
; -10.286 ; instruction_memory:InstructionMemory|rom:MemoriaRom|altsyncram:altsyncram_component|altsyncram_bk91:auto_generated|ram_block1a0~porta_address_reg0 ; data_memory:DataMemory|ram:MemoriaRAM|altsyncram:altsyncram_component|altsyncram_vme1:auto_generated|ram_block1a0~porta_address_reg0  ; clock                         ; clock       ; 1.000        ; -0.060     ; 11.246     ;
; -7.750  ; instruction_memory:InstructionMemory|rom:MemoriaRom|altsyncram:altsyncram_component|altsyncram_bk91:auto_generated|ram_block1a0~porta_address_reg0 ; data_memory:DataMemory|ram:MemoriaRAM|altsyncram:altsyncram_component|altsyncram_vme1:auto_generated|ram_block1a14~porta_datain_reg0  ; clock                         ; clock       ; 1.000        ; -0.057     ; 8.713      ;
; -7.655  ; bank_reg_32x32bit:BancoRegistradores|reg_pp_32bit:a0|00                                                                                            ; data_memory:DataMemory|ram:MemoriaRAM|altsyncram:altsyncram_component|altsyncram_vme1:auto_generated|ram_block1a14~porta_address_reg0 ; DivisorFrequencia:inst4|inst2 ; clock       ; 0.500        ; 0.126      ; 8.291      ;
; -7.655  ; bank_reg_32x32bit:BancoRegistradores|reg_pp_32bit:a0|00                                                                                            ; data_memory:DataMemory|ram:MemoriaRAM|altsyncram:altsyncram_component|altsyncram_vme1:auto_generated|ram_block1a0~porta_address_reg0  ; DivisorFrequencia:inst4|inst2 ; clock       ; 0.500        ; 0.126      ; 8.291      ;
; -7.617  ; bank_reg_32x32bit:BancoRegistradores|reg_pp_32bit:a3|00                                                                                            ; data_memory:DataMemory|ram:MemoriaRAM|altsyncram:altsyncram_component|altsyncram_vme1:auto_generated|ram_block1a14~porta_address_reg0 ; DivisorFrequencia:inst4|inst2 ; clock       ; 0.500        ; 0.126      ; 8.253      ;
; -7.617  ; bank_reg_32x32bit:BancoRegistradores|reg_pp_32bit:a3|00                                                                                            ; data_memory:DataMemory|ram:MemoriaRAM|altsyncram:altsyncram_component|altsyncram_vme1:auto_generated|ram_block1a0~porta_address_reg0  ; DivisorFrequencia:inst4|inst2 ; clock       ; 0.500        ; 0.126      ; 8.253      ;
; -7.551  ; bank_reg_32x32bit:BancoRegistradores|reg_pp_32bit:s1|00                                                                                            ; data_memory:DataMemory|ram:MemoriaRAM|altsyncram:altsyncram_component|altsyncram_vme1:auto_generated|ram_block1a14~porta_address_reg0 ; DivisorFrequencia:inst4|inst2 ; clock       ; 0.500        ; -0.195     ; 7.866      ;
; -7.551  ; bank_reg_32x32bit:BancoRegistradores|reg_pp_32bit:s1|00                                                                                            ; data_memory:DataMemory|ram:MemoriaRAM|altsyncram:altsyncram_component|altsyncram_vme1:auto_generated|ram_block1a0~porta_address_reg0  ; DivisorFrequencia:inst4|inst2 ; clock       ; 0.500        ; -0.195     ; 7.866      ;
; -7.498  ; bank_reg_32x32bit:BancoRegistradores|reg_pp_32bit:s6|00                                                                                            ; data_memory:DataMemory|ram:MemoriaRAM|altsyncram:altsyncram_component|altsyncram_vme1:auto_generated|ram_block1a14~porta_address_reg0 ; DivisorFrequencia:inst4|inst2 ; clock       ; 0.500        ; 0.145      ; 8.153      ;
; -7.498  ; bank_reg_32x32bit:BancoRegistradores|reg_pp_32bit:s6|00                                                                                            ; data_memory:DataMemory|ram:MemoriaRAM|altsyncram:altsyncram_component|altsyncram_vme1:auto_generated|ram_block1a0~porta_address_reg0  ; DivisorFrequencia:inst4|inst2 ; clock       ; 0.500        ; 0.145      ; 8.153      ;
; -7.453  ; bank_reg_32x32bit:BancoRegistradores|reg_pp_32bit:a1|02                                                                                            ; data_memory:DataMemory|ram:MemoriaRAM|altsyncram:altsyncram_component|altsyncram_vme1:auto_generated|ram_block1a14~porta_address_reg0 ; DivisorFrequencia:inst4|inst2 ; clock       ; 0.500        ; 0.119      ; 8.082      ;
; -7.453  ; bank_reg_32x32bit:BancoRegistradores|reg_pp_32bit:a1|02                                                                                            ; data_memory:DataMemory|ram:MemoriaRAM|altsyncram:altsyncram_component|altsyncram_vme1:auto_generated|ram_block1a0~porta_address_reg0  ; DivisorFrequencia:inst4|inst2 ; clock       ; 0.500        ; 0.119      ; 8.082      ;
; -7.396  ; instruction_memory:InstructionMemory|rom:MemoriaRom|altsyncram:altsyncram_component|altsyncram_bk91:auto_generated|ram_block1a0~porta_address_reg0 ; data_memory:DataMemory|ram:MemoriaRAM|altsyncram:altsyncram_component|altsyncram_vme1:auto_generated|ram_block1a0~porta_datain_reg0   ; clock                         ; clock       ; 1.000        ; -0.057     ; 8.359      ;
; -7.363  ; bank_reg_32x32bit:BancoRegistradores|reg_pp_32bit:t9|04                                                                                            ; data_memory:DataMemory|ram:MemoriaRAM|altsyncram:altsyncram_component|altsyncram_vme1:auto_generated|ram_block1a14~porta_address_reg0 ; DivisorFrequencia:inst4|inst2 ; clock       ; 0.500        ; 0.143      ; 8.016      ;
; -7.363  ; bank_reg_32x32bit:BancoRegistradores|reg_pp_32bit:t9|04                                                                                            ; data_memory:DataMemory|ram:MemoriaRAM|altsyncram:altsyncram_component|altsyncram_vme1:auto_generated|ram_block1a0~porta_address_reg0  ; DivisorFrequencia:inst4|inst2 ; clock       ; 0.500        ; 0.143      ; 8.016      ;
; -7.362  ; bank_reg_32x32bit:BancoRegistradores|reg_pp_32bit:a0|02                                                                                            ; data_memory:DataMemory|ram:MemoriaRAM|altsyncram:altsyncram_component|altsyncram_vme1:auto_generated|ram_block1a14~porta_address_reg0 ; DivisorFrequencia:inst4|inst2 ; clock       ; 0.500        ; 0.133      ; 8.005      ;
; -7.362  ; bank_reg_32x32bit:BancoRegistradores|reg_pp_32bit:a0|02                                                                                            ; data_memory:DataMemory|ram:MemoriaRAM|altsyncram:altsyncram_component|altsyncram_vme1:auto_generated|ram_block1a0~porta_address_reg0  ; DivisorFrequencia:inst4|inst2 ; clock       ; 0.500        ; 0.133      ; 8.005      ;
; -7.360  ; bank_reg_32x32bit:BancoRegistradores|reg_pp_32bit:s2|03                                                                                            ; data_memory:DataMemory|ram:MemoriaRAM|altsyncram:altsyncram_component|altsyncram_vme1:auto_generated|ram_block1a14~porta_address_reg0 ; DivisorFrequencia:inst4|inst2 ; clock       ; 0.500        ; 0.136      ; 8.006      ;
; -7.360  ; bank_reg_32x32bit:BancoRegistradores|reg_pp_32bit:s2|03                                                                                            ; data_memory:DataMemory|ram:MemoriaRAM|altsyncram:altsyncram_component|altsyncram_vme1:auto_generated|ram_block1a0~porta_address_reg0  ; DivisorFrequencia:inst4|inst2 ; clock       ; 0.500        ; 0.136      ; 8.006      ;
; -7.355  ; bank_reg_32x32bit:BancoRegistradores|reg_pp_32bit:t6|01                                                                                            ; data_memory:DataMemory|ram:MemoriaRAM|altsyncram:altsyncram_component|altsyncram_vme1:auto_generated|ram_block1a14~porta_address_reg0 ; DivisorFrequencia:inst4|inst2 ; clock       ; 0.500        ; 0.149      ; 8.014      ;
; -7.355  ; bank_reg_32x32bit:BancoRegistradores|reg_pp_32bit:t6|01                                                                                            ; data_memory:DataMemory|ram:MemoriaRAM|altsyncram:altsyncram_component|altsyncram_vme1:auto_generated|ram_block1a0~porta_address_reg0  ; DivisorFrequencia:inst4|inst2 ; clock       ; 0.500        ; 0.149      ; 8.014      ;
; -7.332  ; bank_reg_32x32bit:BancoRegistradores|reg_pp_32bit:s4|00                                                                                            ; data_memory:DataMemory|ram:MemoriaRAM|altsyncram:altsyncram_component|altsyncram_vme1:auto_generated|ram_block1a14~porta_address_reg0 ; DivisorFrequencia:inst4|inst2 ; clock       ; 0.500        ; 0.137      ; 7.979      ;
; -7.332  ; bank_reg_32x32bit:BancoRegistradores|reg_pp_32bit:s4|00                                                                                            ; data_memory:DataMemory|ram:MemoriaRAM|altsyncram:altsyncram_component|altsyncram_vme1:auto_generated|ram_block1a0~porta_address_reg0  ; DivisorFrequencia:inst4|inst2 ; clock       ; 0.500        ; 0.137      ; 7.979      ;
; -7.331  ; bank_reg_32x32bit:BancoRegistradores|reg_pp_32bit:at|02                                                                                            ; data_memory:DataMemory|ram:MemoriaRAM|altsyncram:altsyncram_component|altsyncram_vme1:auto_generated|ram_block1a14~porta_address_reg0 ; DivisorFrequencia:inst4|inst2 ; clock       ; 0.500        ; 0.134      ; 7.975      ;
; -7.331  ; bank_reg_32x32bit:BancoRegistradores|reg_pp_32bit:at|02                                                                                            ; data_memory:DataMemory|ram:MemoriaRAM|altsyncram:altsyncram_component|altsyncram_vme1:auto_generated|ram_block1a0~porta_address_reg0  ; DivisorFrequencia:inst4|inst2 ; clock       ; 0.500        ; 0.134      ; 7.975      ;
; -7.305  ; bank_reg_32x32bit:BancoRegistradores|reg_pp_32bit:s2|02                                                                                            ; data_memory:DataMemory|ram:MemoriaRAM|altsyncram:altsyncram_component|altsyncram_vme1:auto_generated|ram_block1a14~porta_address_reg0 ; DivisorFrequencia:inst4|inst2 ; clock       ; 0.500        ; 0.136      ; 7.951      ;
; -7.305  ; bank_reg_32x32bit:BancoRegistradores|reg_pp_32bit:s2|02                                                                                            ; data_memory:DataMemory|ram:MemoriaRAM|altsyncram:altsyncram_component|altsyncram_vme1:auto_generated|ram_block1a0~porta_address_reg0  ; DivisorFrequencia:inst4|inst2 ; clock       ; 0.500        ; 0.136      ; 7.951      ;
; -7.302  ; bank_reg_32x32bit:BancoRegistradores|reg_pp_32bit:k0|00                                                                                            ; data_memory:DataMemory|ram:MemoriaRAM|altsyncram:altsyncram_component|altsyncram_vme1:auto_generated|ram_block1a14~porta_address_reg0 ; DivisorFrequencia:inst4|inst2 ; clock       ; 0.500        ; 0.145      ; 7.957      ;
; -7.302  ; bank_reg_32x32bit:BancoRegistradores|reg_pp_32bit:k0|00                                                                                            ; data_memory:DataMemory|ram:MemoriaRAM|altsyncram:altsyncram_component|altsyncram_vme1:auto_generated|ram_block1a0~porta_address_reg0  ; DivisorFrequencia:inst4|inst2 ; clock       ; 0.500        ; 0.145      ; 7.957      ;
; -7.283  ; bank_reg_32x32bit:BancoRegistradores|reg_pp_32bit:t8|00                                                                                            ; data_memory:DataMemory|ram:MemoriaRAM|altsyncram:altsyncram_component|altsyncram_vme1:auto_generated|ram_block1a14~porta_address_reg0 ; DivisorFrequencia:inst4|inst2 ; clock       ; 0.500        ; 0.137      ; 7.930      ;
; -7.283  ; bank_reg_32x32bit:BancoRegistradores|reg_pp_32bit:t8|00                                                                                            ; data_memory:DataMemory|ram:MemoriaRAM|altsyncram:altsyncram_component|altsyncram_vme1:auto_generated|ram_block1a0~porta_address_reg0  ; DivisorFrequencia:inst4|inst2 ; clock       ; 0.500        ; 0.137      ; 7.930      ;
; -7.281  ; bank_reg_32x32bit:BancoRegistradores|reg_pp_32bit:s0|00                                                                                            ; data_memory:DataMemory|ram:MemoriaRAM|altsyncram:altsyncram_component|altsyncram_vme1:auto_generated|ram_block1a14~porta_address_reg0 ; DivisorFrequencia:inst4|inst2 ; clock       ; 0.500        ; 0.136      ; 7.927      ;
; -7.281  ; bank_reg_32x32bit:BancoRegistradores|reg_pp_32bit:s0|00                                                                                            ; data_memory:DataMemory|ram:MemoriaRAM|altsyncram:altsyncram_component|altsyncram_vme1:auto_generated|ram_block1a0~porta_address_reg0  ; DivisorFrequencia:inst4|inst2 ; clock       ; 0.500        ; 0.136      ; 7.927      ;
; -7.255  ; bank_reg_32x32bit:BancoRegistradores|reg_pp_32bit:a1|00                                                                                            ; data_memory:DataMemory|ram:MemoriaRAM|altsyncram:altsyncram_component|altsyncram_vme1:auto_generated|ram_block1a14~porta_address_reg0 ; DivisorFrequencia:inst4|inst2 ; clock       ; 0.500        ; 0.130      ; 7.895      ;
; -7.255  ; bank_reg_32x32bit:BancoRegistradores|reg_pp_32bit:a1|00                                                                                            ; data_memory:DataMemory|ram:MemoriaRAM|altsyncram:altsyncram_component|altsyncram_vme1:auto_generated|ram_block1a0~porta_address_reg0  ; DivisorFrequencia:inst4|inst2 ; clock       ; 0.500        ; 0.130      ; 7.895      ;
; -7.249  ; bank_reg_32x32bit:BancoRegistradores|reg_pp_32bit:a2|02                                                                                            ; data_memory:DataMemory|ram:MemoriaRAM|altsyncram:altsyncram_component|altsyncram_vme1:auto_generated|ram_block1a14~porta_address_reg0 ; DivisorFrequencia:inst4|inst2 ; clock       ; 0.500        ; 0.119      ; 7.878      ;
; -7.249  ; bank_reg_32x32bit:BancoRegistradores|reg_pp_32bit:a2|02                                                                                            ; data_memory:DataMemory|ram:MemoriaRAM|altsyncram:altsyncram_component|altsyncram_vme1:auto_generated|ram_block1a0~porta_address_reg0  ; DivisorFrequencia:inst4|inst2 ; clock       ; 0.500        ; 0.119      ; 7.878      ;
; -7.234  ; bank_reg_32x32bit:BancoRegistradores|reg_pp_32bit:s3|01                                                                                            ; data_memory:DataMemory|ram:MemoriaRAM|altsyncram:altsyncram_component|altsyncram_vme1:auto_generated|ram_block1a14~porta_address_reg0 ; DivisorFrequencia:inst4|inst2 ; clock       ; 0.500        ; 0.143      ; 7.887      ;
; -7.234  ; bank_reg_32x32bit:BancoRegistradores|reg_pp_32bit:s3|01                                                                                            ; data_memory:DataMemory|ram:MemoriaRAM|altsyncram:altsyncram_component|altsyncram_vme1:auto_generated|ram_block1a0~porta_address_reg0  ; DivisorFrequencia:inst4|inst2 ; clock       ; 0.500        ; 0.143      ; 7.887      ;
; -7.209  ; bank_reg_32x32bit:BancoRegistradores|reg_pp_32bit:t9|00                                                                                            ; data_memory:DataMemory|ram:MemoriaRAM|altsyncram:altsyncram_component|altsyncram_vme1:auto_generated|ram_block1a14~porta_address_reg0 ; DivisorFrequencia:inst4|inst2 ; clock       ; 0.500        ; 0.133      ; 7.852      ;
; -7.209  ; bank_reg_32x32bit:BancoRegistradores|reg_pp_32bit:t9|00                                                                                            ; data_memory:DataMemory|ram:MemoriaRAM|altsyncram:altsyncram_component|altsyncram_vme1:auto_generated|ram_block1a0~porta_address_reg0  ; DivisorFrequencia:inst4|inst2 ; clock       ; 0.500        ; 0.133      ; 7.852      ;
; -7.188  ; bank_reg_32x32bit:BancoRegistradores|reg_pp_32bit:t9|02                                                                                            ; data_memory:DataMemory|ram:MemoriaRAM|altsyncram:altsyncram_component|altsyncram_vme1:auto_generated|ram_block1a14~porta_address_reg0 ; DivisorFrequencia:inst4|inst2 ; clock       ; 0.500        ; 0.133      ; 7.831      ;
; -7.188  ; bank_reg_32x32bit:BancoRegistradores|reg_pp_32bit:t9|02                                                                                            ; data_memory:DataMemory|ram:MemoriaRAM|altsyncram:altsyncram_component|altsyncram_vme1:auto_generated|ram_block1a0~porta_address_reg0  ; DivisorFrequencia:inst4|inst2 ; clock       ; 0.500        ; 0.133      ; 7.831      ;
; -7.187  ; bank_reg_32x32bit:BancoRegistradores|reg_pp_32bit:gp|00                                                                                            ; data_memory:DataMemory|ram:MemoriaRAM|altsyncram:altsyncram_component|altsyncram_vme1:auto_generated|ram_block1a14~porta_address_reg0 ; DivisorFrequencia:inst4|inst2 ; clock       ; 0.500        ; 0.136      ; 7.833      ;
; -7.187  ; bank_reg_32x32bit:BancoRegistradores|reg_pp_32bit:gp|00                                                                                            ; data_memory:DataMemory|ram:MemoriaRAM|altsyncram:altsyncram_component|altsyncram_vme1:auto_generated|ram_block1a0~porta_address_reg0  ; DivisorFrequencia:inst4|inst2 ; clock       ; 0.500        ; 0.136      ; 7.833      ;
; -7.179  ; bank_reg_32x32bit:BancoRegistradores|reg_pp_32bit:s7|00                                                                                            ; data_memory:DataMemory|ram:MemoriaRAM|altsyncram:altsyncram_component|altsyncram_vme1:auto_generated|ram_block1a14~porta_address_reg0 ; DivisorFrequencia:inst4|inst2 ; clock       ; 0.500        ; 0.144      ; 7.833      ;
; -7.179  ; bank_reg_32x32bit:BancoRegistradores|reg_pp_32bit:s7|00                                                                                            ; data_memory:DataMemory|ram:MemoriaRAM|altsyncram:altsyncram_component|altsyncram_vme1:auto_generated|ram_block1a0~porta_address_reg0  ; DivisorFrequencia:inst4|inst2 ; clock       ; 0.500        ; 0.144      ; 7.833      ;
; -7.171  ; bank_reg_32x32bit:BancoRegistradores|reg_pp_32bit:s7|02                                                                                            ; data_memory:DataMemory|ram:MemoriaRAM|altsyncram:altsyncram_component|altsyncram_vme1:auto_generated|ram_block1a14~porta_address_reg0 ; DivisorFrequencia:inst4|inst2 ; clock       ; 0.500        ; 0.144      ; 7.825      ;
; -7.171  ; bank_reg_32x32bit:BancoRegistradores|reg_pp_32bit:s7|02                                                                                            ; data_memory:DataMemory|ram:MemoriaRAM|altsyncram:altsyncram_component|altsyncram_vme1:auto_generated|ram_block1a0~porta_address_reg0  ; DivisorFrequencia:inst4|inst2 ; clock       ; 0.500        ; 0.144      ; 7.825      ;
; -7.167  ; bank_reg_32x32bit:BancoRegistradores|reg_pp_32bit:t5|00                                                                                            ; data_memory:DataMemory|ram:MemoriaRAM|altsyncram:altsyncram_component|altsyncram_vme1:auto_generated|ram_block1a14~porta_address_reg0 ; DivisorFrequencia:inst4|inst2 ; clock       ; 0.500        ; -0.187     ; 7.490      ;
; -7.167  ; bank_reg_32x32bit:BancoRegistradores|reg_pp_32bit:t5|00                                                                                            ; data_memory:DataMemory|ram:MemoriaRAM|altsyncram:altsyncram_component|altsyncram_vme1:auto_generated|ram_block1a0~porta_address_reg0  ; DivisorFrequencia:inst4|inst2 ; clock       ; 0.500        ; -0.187     ; 7.490      ;
; -7.158  ; bank_reg_32x32bit:BancoRegistradores|reg_pp_32bit:fp|00                                                                                            ; data_memory:DataMemory|ram:MemoriaRAM|altsyncram:altsyncram_component|altsyncram_vme1:auto_generated|ram_block1a14~porta_address_reg0 ; DivisorFrequencia:inst4|inst2 ; clock       ; 0.500        ; -0.188     ; 7.480      ;
; -7.158  ; bank_reg_32x32bit:BancoRegistradores|reg_pp_32bit:fp|00                                                                                            ; data_memory:DataMemory|ram:MemoriaRAM|altsyncram:altsyncram_component|altsyncram_vme1:auto_generated|ram_block1a0~porta_address_reg0  ; DivisorFrequencia:inst4|inst2 ; clock       ; 0.500        ; -0.188     ; 7.480      ;
; -7.127  ; bank_reg_32x32bit:BancoRegistradores|reg_pp_32bit:s4|02                                                                                            ; data_memory:DataMemory|ram:MemoriaRAM|altsyncram:altsyncram_component|altsyncram_vme1:auto_generated|ram_block1a14~porta_address_reg0 ; DivisorFrequencia:inst4|inst2 ; clock       ; 0.500        ; 0.132      ; 7.769      ;
; -7.127  ; bank_reg_32x32bit:BancoRegistradores|reg_pp_32bit:s4|02                                                                                            ; data_memory:DataMemory|ram:MemoriaRAM|altsyncram:altsyncram_component|altsyncram_vme1:auto_generated|ram_block1a0~porta_address_reg0  ; DivisorFrequencia:inst4|inst2 ; clock       ; 0.500        ; 0.132      ; 7.769      ;
; -7.124  ; bank_reg_32x32bit:BancoRegistradores|reg_pp_32bit:s1|01                                                                                            ; data_memory:DataMemory|ram:MemoriaRAM|altsyncram:altsyncram_component|altsyncram_vme1:auto_generated|ram_block1a14~porta_address_reg0 ; DivisorFrequencia:inst4|inst2 ; clock       ; 0.500        ; 0.144      ; 7.778      ;
; -7.124  ; bank_reg_32x32bit:BancoRegistradores|reg_pp_32bit:s1|01                                                                                            ; data_memory:DataMemory|ram:MemoriaRAM|altsyncram:altsyncram_component|altsyncram_vme1:auto_generated|ram_block1a0~porta_address_reg0  ; DivisorFrequencia:inst4|inst2 ; clock       ; 0.500        ; 0.144      ; 7.778      ;
; -7.112  ; bank_reg_32x32bit:BancoRegistradores|reg_pp_32bit:s2|00                                                                                            ; data_memory:DataMemory|ram:MemoriaRAM|altsyncram:altsyncram_component|altsyncram_vme1:auto_generated|ram_block1a14~porta_address_reg0 ; DivisorFrequencia:inst4|inst2 ; clock       ; 0.500        ; 0.137      ; 7.759      ;
; -7.112  ; bank_reg_32x32bit:BancoRegistradores|reg_pp_32bit:s2|00                                                                                            ; data_memory:DataMemory|ram:MemoriaRAM|altsyncram:altsyncram_component|altsyncram_vme1:auto_generated|ram_block1a0~porta_address_reg0  ; DivisorFrequencia:inst4|inst2 ; clock       ; 0.500        ; 0.137      ; 7.759      ;
; -7.112  ; bank_reg_32x32bit:BancoRegistradores|reg_pp_32bit:s0|03                                                                                            ; data_memory:DataMemory|ram:MemoriaRAM|altsyncram:altsyncram_component|altsyncram_vme1:auto_generated|ram_block1a14~porta_address_reg0 ; DivisorFrequencia:inst4|inst2 ; clock       ; 0.500        ; 0.126      ; 7.748      ;
; -7.112  ; bank_reg_32x32bit:BancoRegistradores|reg_pp_32bit:s0|03                                                                                            ; data_memory:DataMemory|ram:MemoriaRAM|altsyncram:altsyncram_component|altsyncram_vme1:auto_generated|ram_block1a0~porta_address_reg0  ; DivisorFrequencia:inst4|inst2 ; clock       ; 0.500        ; 0.126      ; 7.748      ;
; -7.111  ; bank_reg_32x32bit:BancoRegistradores|reg_pp_32bit:a0|01                                                                                            ; data_memory:DataMemory|ram:MemoriaRAM|altsyncram:altsyncram_component|altsyncram_vme1:auto_generated|ram_block1a14~porta_address_reg0 ; DivisorFrequencia:inst4|inst2 ; clock       ; 0.500        ; 0.131      ; 7.752      ;
; -7.111  ; bank_reg_32x32bit:BancoRegistradores|reg_pp_32bit:a0|01                                                                                            ; data_memory:DataMemory|ram:MemoriaRAM|altsyncram:altsyncram_component|altsyncram_vme1:auto_generated|ram_block1a0~porta_address_reg0  ; DivisorFrequencia:inst4|inst2 ; clock       ; 0.500        ; 0.131      ; 7.752      ;
; -7.111  ; bank_reg_32x32bit:BancoRegistradores|reg_pp_32bit:s0|02                                                                                            ; data_memory:DataMemory|ram:MemoriaRAM|altsyncram:altsyncram_component|altsyncram_vme1:auto_generated|ram_block1a14~porta_address_reg0 ; DivisorFrequencia:inst4|inst2 ; clock       ; 0.500        ; 0.132      ; 7.753      ;
; -7.111  ; bank_reg_32x32bit:BancoRegistradores|reg_pp_32bit:s0|02                                                                                            ; data_memory:DataMemory|ram:MemoriaRAM|altsyncram:altsyncram_component|altsyncram_vme1:auto_generated|ram_block1a0~porta_address_reg0  ; DivisorFrequencia:inst4|inst2 ; clock       ; 0.500        ; 0.132      ; 7.753      ;
; -7.105  ; bank_reg_32x32bit:BancoRegistradores|reg_pp_32bit:t1|00                                                                                            ; data_memory:DataMemory|ram:MemoriaRAM|altsyncram:altsyncram_component|altsyncram_vme1:auto_generated|ram_block1a14~porta_address_reg0 ; DivisorFrequencia:inst4|inst2 ; clock       ; 0.500        ; 0.135      ; 7.750      ;
; -7.105  ; bank_reg_32x32bit:BancoRegistradores|reg_pp_32bit:t1|00                                                                                            ; data_memory:DataMemory|ram:MemoriaRAM|altsyncram:altsyncram_component|altsyncram_vme1:auto_generated|ram_block1a0~porta_address_reg0  ; DivisorFrequencia:inst4|inst2 ; clock       ; 0.500        ; 0.135      ; 7.750      ;
; -7.096  ; bank_reg_32x32bit:BancoRegistradores|reg_pp_32bit:a2|01                                                                                            ; data_memory:DataMemory|ram:MemoriaRAM|altsyncram:altsyncram_component|altsyncram_vme1:auto_generated|ram_block1a14~porta_address_reg0 ; DivisorFrequencia:inst4|inst2 ; clock       ; 0.500        ; 0.131      ; 7.737      ;
; -7.096  ; bank_reg_32x32bit:BancoRegistradores|reg_pp_32bit:a2|01                                                                                            ; data_memory:DataMemory|ram:MemoriaRAM|altsyncram:altsyncram_component|altsyncram_vme1:auto_generated|ram_block1a0~porta_address_reg0  ; DivisorFrequencia:inst4|inst2 ; clock       ; 0.500        ; 0.131      ; 7.737      ;
; -7.057  ; bank_reg_32x32bit:BancoRegistradores|reg_pp_32bit:t9|01                                                                                            ; data_memory:DataMemory|ram:MemoriaRAM|altsyncram:altsyncram_component|altsyncram_vme1:auto_generated|ram_block1a14~porta_address_reg0 ; DivisorFrequencia:inst4|inst2 ; clock       ; 0.500        ; 0.133      ; 7.700      ;
; -7.057  ; bank_reg_32x32bit:BancoRegistradores|reg_pp_32bit:t9|01                                                                                            ; data_memory:DataMemory|ram:MemoriaRAM|altsyncram:altsyncram_component|altsyncram_vme1:auto_generated|ram_block1a0~porta_address_reg0  ; DivisorFrequencia:inst4|inst2 ; clock       ; 0.500        ; 0.133      ; 7.700      ;
; -7.049  ; bank_reg_32x32bit:BancoRegistradores|reg_pp_32bit:t8|01                                                                                            ; data_memory:DataMemory|ram:MemoriaRAM|altsyncram:altsyncram_component|altsyncram_vme1:auto_generated|ram_block1a14~porta_address_reg0 ; DivisorFrequencia:inst4|inst2 ; clock       ; 0.500        ; 0.132      ; 7.691      ;
; -7.049  ; bank_reg_32x32bit:BancoRegistradores|reg_pp_32bit:t8|01                                                                                            ; data_memory:DataMemory|ram:MemoriaRAM|altsyncram:altsyncram_component|altsyncram_vme1:auto_generated|ram_block1a0~porta_address_reg0  ; DivisorFrequencia:inst4|inst2 ; clock       ; 0.500        ; 0.132      ; 7.691      ;
; -7.048  ; bank_reg_32x32bit:BancoRegistradores|reg_pp_32bit:t2|00                                                                                            ; data_memory:DataMemory|ram:MemoriaRAM|altsyncram:altsyncram_component|altsyncram_vme1:auto_generated|ram_block1a14~porta_address_reg0 ; DivisorFrequencia:inst4|inst2 ; clock       ; 0.500        ; 0.135      ; 7.693      ;
; -7.048  ; bank_reg_32x32bit:BancoRegistradores|reg_pp_32bit:t2|00                                                                                            ; data_memory:DataMemory|ram:MemoriaRAM|altsyncram:altsyncram_component|altsyncram_vme1:auto_generated|ram_block1a0~porta_address_reg0  ; DivisorFrequencia:inst4|inst2 ; clock       ; 0.500        ; 0.135      ; 7.693      ;
; -7.035  ; bank_reg_32x32bit:BancoRegistradores|reg_pp_32bit:at|04                                                                                            ; data_memory:DataMemory|ram:MemoriaRAM|altsyncram:altsyncram_component|altsyncram_vme1:auto_generated|ram_block1a14~porta_address_reg0 ; DivisorFrequencia:inst4|inst2 ; clock       ; 0.500        ; 0.128      ; 7.673      ;
; -7.035  ; bank_reg_32x32bit:BancoRegistradores|reg_pp_32bit:at|04                                                                                            ; data_memory:DataMemory|ram:MemoriaRAM|altsyncram:altsyncram_component|altsyncram_vme1:auto_generated|ram_block1a0~porta_address_reg0  ; DivisorFrequencia:inst4|inst2 ; clock       ; 0.500        ; 0.128      ; 7.673      ;
; -7.032  ; bank_reg_32x32bit:BancoRegistradores|reg_pp_32bit:s4|01                                                                                            ; data_memory:DataMemory|ram:MemoriaRAM|altsyncram:altsyncram_component|altsyncram_vme1:auto_generated|ram_block1a14~porta_address_reg0 ; DivisorFrequencia:inst4|inst2 ; clock       ; 0.500        ; 0.132      ; 7.674      ;
; -7.032  ; bank_reg_32x32bit:BancoRegistradores|reg_pp_32bit:s4|01                                                                                            ; data_memory:DataMemory|ram:MemoriaRAM|altsyncram:altsyncram_component|altsyncram_vme1:auto_generated|ram_block1a0~porta_address_reg0  ; DivisorFrequencia:inst4|inst2 ; clock       ; 0.500        ; 0.132      ; 7.674      ;
; -7.023  ; bank_reg_32x32bit:BancoRegistradores|reg_pp_32bit:s1|04                                                                                            ; data_memory:DataMemory|ram:MemoriaRAM|altsyncram:altsyncram_component|altsyncram_vme1:auto_generated|ram_block1a14~porta_address_reg0 ; DivisorFrequencia:inst4|inst2 ; clock       ; 0.500        ; 0.143      ; 7.676      ;
; -7.023  ; bank_reg_32x32bit:BancoRegistradores|reg_pp_32bit:s1|04                                                                                            ; data_memory:DataMemory|ram:MemoriaRAM|altsyncram:altsyncram_component|altsyncram_vme1:auto_generated|ram_block1a0~porta_address_reg0  ; DivisorFrequencia:inst4|inst2 ; clock       ; 0.500        ; 0.143      ; 7.676      ;
; -7.007  ; bank_reg_32x32bit:BancoRegistradores|reg_pp_32bit:t8|02                                                                                            ; data_memory:DataMemory|ram:MemoriaRAM|altsyncram:altsyncram_component|altsyncram_vme1:auto_generated|ram_block1a14~porta_address_reg0 ; DivisorFrequencia:inst4|inst2 ; clock       ; 0.500        ; 0.132      ; 7.649      ;
; -7.007  ; bank_reg_32x32bit:BancoRegistradores|reg_pp_32bit:t8|02                                                                                            ; data_memory:DataMemory|ram:MemoriaRAM|altsyncram:altsyncram_component|altsyncram_vme1:auto_generated|ram_block1a0~porta_address_reg0  ; DivisorFrequencia:inst4|inst2 ; clock       ; 0.500        ; 0.132      ; 7.649      ;
; -7.004  ; bank_reg_32x32bit:BancoRegistradores|reg_pp_32bit:s6|02                                                                                            ; data_memory:DataMemory|ram:MemoriaRAM|altsyncram:altsyncram_component|altsyncram_vme1:auto_generated|ram_block1a14~porta_address_reg0 ; DivisorFrequencia:inst4|inst2 ; clock       ; 0.500        ; 0.136      ; 7.650      ;
; -7.004  ; bank_reg_32x32bit:BancoRegistradores|reg_pp_32bit:s6|02                                                                                            ; data_memory:DataMemory|ram:MemoriaRAM|altsyncram:altsyncram_component|altsyncram_vme1:auto_generated|ram_block1a0~porta_address_reg0  ; DivisorFrequencia:inst4|inst2 ; clock       ; 0.500        ; 0.136      ; 7.650      ;
; -7.000  ; bank_reg_32x32bit:BancoRegistradores|reg_pp_32bit:s6|01                                                                                            ; data_memory:DataMemory|ram:MemoriaRAM|altsyncram:altsyncram_component|altsyncram_vme1:auto_generated|ram_block1a14~porta_address_reg0 ; DivisorFrequencia:inst4|inst2 ; clock       ; 0.500        ; 0.145      ; 7.655      ;
; -7.000  ; bank_reg_32x32bit:BancoRegistradores|reg_pp_32bit:s6|01                                                                                            ; data_memory:DataMemory|ram:MemoriaRAM|altsyncram:altsyncram_component|altsyncram_vme1:auto_generated|ram_block1a0~porta_address_reg0  ; DivisorFrequencia:inst4|inst2 ; clock       ; 0.500        ; 0.145      ; 7.655      ;
; -6.998  ; bank_reg_32x32bit:BancoRegistradores|reg_pp_32bit:s5|04                                                                                            ; data_memory:DataMemory|ram:MemoriaRAM|altsyncram:altsyncram_component|altsyncram_vme1:auto_generated|ram_block1a14~porta_address_reg0 ; DivisorFrequencia:inst4|inst2 ; clock       ; 0.500        ; 0.143      ; 7.651      ;
; -6.998  ; bank_reg_32x32bit:BancoRegistradores|reg_pp_32bit:s5|04                                                                                            ; data_memory:DataMemory|ram:MemoriaRAM|altsyncram:altsyncram_component|altsyncram_vme1:auto_generated|ram_block1a0~porta_address_reg0  ; DivisorFrequencia:inst4|inst2 ; clock       ; 0.500        ; 0.143      ; 7.651      ;
; -6.998  ; bank_reg_32x32bit:BancoRegistradores|reg_pp_32bit:k1|00                                                                                            ; data_memory:DataMemory|ram:MemoriaRAM|altsyncram:altsyncram_component|altsyncram_vme1:auto_generated|ram_block1a14~porta_address_reg0 ; DivisorFrequencia:inst4|inst2 ; clock       ; 0.500        ; 0.144      ; 7.652      ;
; -6.998  ; bank_reg_32x32bit:BancoRegistradores|reg_pp_32bit:k1|00                                                                                            ; data_memory:DataMemory|ram:MemoriaRAM|altsyncram:altsyncram_component|altsyncram_vme1:auto_generated|ram_block1a0~porta_address_reg0  ; DivisorFrequencia:inst4|inst2 ; clock       ; 0.500        ; 0.144      ; 7.652      ;
; -6.997  ; bank_reg_32x32bit:BancoRegistradores|reg_pp_32bit:s7|01                                                                                            ; data_memory:DataMemory|ram:MemoriaRAM|altsyncram:altsyncram_component|altsyncram_vme1:auto_generated|ram_block1a14~porta_address_reg0 ; DivisorFrequencia:inst4|inst2 ; clock       ; 0.500        ; 0.144      ; 7.651      ;
; -6.997  ; bank_reg_32x32bit:BancoRegistradores|reg_pp_32bit:s7|01                                                                                            ; data_memory:DataMemory|ram:MemoriaRAM|altsyncram:altsyncram_component|altsyncram_vme1:auto_generated|ram_block1a0~porta_address_reg0  ; DivisorFrequencia:inst4|inst2 ; clock       ; 0.500        ; 0.144      ; 7.651      ;
; -6.990  ; bank_reg_32x32bit:BancoRegistradores|reg_pp_32bit:s7|04                                                                                            ; data_memory:DataMemory|ram:MemoriaRAM|altsyncram:altsyncram_component|altsyncram_vme1:auto_generated|ram_block1a14~porta_address_reg0 ; DivisorFrequencia:inst4|inst2 ; clock       ; 0.500        ; 0.144      ; 7.644      ;
; -6.990  ; bank_reg_32x32bit:BancoRegistradores|reg_pp_32bit:s7|04                                                                                            ; data_memory:DataMemory|ram:MemoriaRAM|altsyncram:altsyncram_component|altsyncram_vme1:auto_generated|ram_block1a0~porta_address_reg0  ; DivisorFrequencia:inst4|inst2 ; clock       ; 0.500        ; 0.144      ; 7.644      ;
; -6.982  ; bank_reg_32x32bit:BancoRegistradores|reg_pp_32bit:a2|00                                                                                            ; data_memory:DataMemory|ram:MemoriaRAM|altsyncram:altsyncram_component|altsyncram_vme1:auto_generated|ram_block1a14~porta_address_reg0 ; DivisorFrequencia:inst4|inst2 ; clock       ; 0.500        ; 0.130      ; 7.622      ;
; -6.982  ; bank_reg_32x32bit:BancoRegistradores|reg_pp_32bit:a2|00                                                                                            ; data_memory:DataMemory|ram:MemoriaRAM|altsyncram:altsyncram_component|altsyncram_vme1:auto_generated|ram_block1a0~porta_address_reg0  ; DivisorFrequencia:inst4|inst2 ; clock       ; 0.500        ; 0.130      ; 7.622      ;
; -6.980  ; bank_reg_32x32bit:BancoRegistradores|reg_pp_32bit:k1|02                                                                                            ; data_memory:DataMemory|ram:MemoriaRAM|altsyncram:altsyncram_component|altsyncram_vme1:auto_generated|ram_block1a14~porta_address_reg0 ; DivisorFrequencia:inst4|inst2 ; clock       ; 0.500        ; 0.144      ; 7.634      ;
; -6.980  ; bank_reg_32x32bit:BancoRegistradores|reg_pp_32bit:k1|02                                                                                            ; data_memory:DataMemory|ram:MemoriaRAM|altsyncram:altsyncram_component|altsyncram_vme1:auto_generated|ram_block1a0~porta_address_reg0  ; DivisorFrequencia:inst4|inst2 ; clock       ; 0.500        ; 0.144      ; 7.634      ;
+---------+----------------------------------------------------------------------------------------------------------------------------------------------------+---------------------------------------------------------------------------------------------------------------------------------------+-------------------------------+-------------+--------------+------------+------------+


+----------------------------------------------------------------------------------------------------------------------------------------------------------------------------------------------------------+
; Slow 1200mV 0C Model Hold: 'DivisorFrequencia:inst4|inst2'                                                                                                                                               ;
+-------+-------------------------------+---------------------------------------------------------+-------------------------------+-------------------------------+--------------+------------+------------+
; Slack ; From Node                     ; To Node                                                 ; Launch Clock                  ; Latch Clock                   ; Relationship ; Clock Skew ; Data Delay ;
+-------+-------------------------------+---------------------------------------------------------+-------------------------------+-------------------------------+--------------+------------+------------+
; 0.064 ; DivisorFrequencia:inst4|inst2 ; bank_reg_32x32bit:BancoRegistradores|reg_pp_32bit:a0|25 ; DivisorFrequencia:inst4|inst2 ; DivisorFrequencia:inst4|inst2 ; 0.000        ; 2.536      ; 2.924      ;
; 0.187 ; DivisorFrequencia:inst4|inst2 ; bank_reg_32x32bit:BancoRegistradores|reg_pp_32bit:a0|13 ; DivisorFrequencia:inst4|inst2 ; DivisorFrequencia:inst4|inst2 ; 0.000        ; 2.531      ; 3.042      ;
; 0.187 ; DivisorFrequencia:inst4|inst2 ; bank_reg_32x32bit:BancoRegistradores|reg_pp_32bit:a0|31 ; DivisorFrequencia:inst4|inst2 ; DivisorFrequencia:inst4|inst2 ; 0.000        ; 2.531      ; 3.042      ;
; 0.197 ; DivisorFrequencia:inst4|inst2 ; bank_reg_32x32bit:BancoRegistradores|reg_pp_32bit:a0|00 ; DivisorFrequencia:inst4|inst2 ; DivisorFrequencia:inst4|inst2 ; 0.000        ; 2.545      ; 3.066      ;
; 0.197 ; DivisorFrequencia:inst4|inst2 ; bank_reg_32x32bit:BancoRegistradores|reg_pp_32bit:a0|23 ; DivisorFrequencia:inst4|inst2 ; DivisorFrequencia:inst4|inst2 ; 0.000        ; 2.545      ; 3.066      ;
; 0.252 ; DivisorFrequencia:inst4|inst2 ; bank_reg_32x32bit:BancoRegistradores|reg_pp_32bit:a0|09 ; DivisorFrequencia:inst4|inst2 ; DivisorFrequencia:inst4|inst2 ; 0.000        ; 2.535      ; 3.111      ;
; 0.252 ; DivisorFrequencia:inst4|inst2 ; bank_reg_32x32bit:BancoRegistradores|reg_pp_32bit:a0|12 ; DivisorFrequencia:inst4|inst2 ; DivisorFrequencia:inst4|inst2 ; 0.000        ; 2.535      ; 3.111      ;
; 0.261 ; DivisorFrequencia:inst4|inst2 ; bank_reg_32x32bit:BancoRegistradores|reg_pp_32bit:a0|27 ; DivisorFrequencia:inst4|inst2 ; DivisorFrequencia:inst4|inst2 ; 0.000        ; 2.541      ; 3.126      ;
; 0.278 ; DivisorFrequencia:inst4|inst2 ; bank_reg_32x32bit:BancoRegistradores|reg_pp_32bit:fp|17 ; DivisorFrequencia:inst4|inst2 ; DivisorFrequencia:inst4|inst2 ; 0.000        ; 2.537      ; 3.139      ;
; 0.278 ; DivisorFrequencia:inst4|inst2 ; bank_reg_32x32bit:BancoRegistradores|reg_pp_32bit:fp|26 ; DivisorFrequencia:inst4|inst2 ; DivisorFrequencia:inst4|inst2 ; 0.000        ; 2.537      ; 3.139      ;
; 0.278 ; DivisorFrequencia:inst4|inst2 ; bank_reg_32x32bit:BancoRegistradores|reg_pp_32bit:fp|28 ; DivisorFrequencia:inst4|inst2 ; DivisorFrequencia:inst4|inst2 ; 0.000        ; 2.537      ; 3.139      ;
; 0.301 ; DivisorFrequencia:inst4|inst2 ; bank_reg_32x32bit:BancoRegistradores|reg_pp_32bit:t9|20 ; DivisorFrequencia:inst4|inst2 ; DivisorFrequencia:inst4|inst2 ; 0.000        ; 2.540      ; 3.165      ;
; 0.301 ; DivisorFrequencia:inst4|inst2 ; bank_reg_32x32bit:BancoRegistradores|reg_pp_32bit:t9|19 ; DivisorFrequencia:inst4|inst2 ; DivisorFrequencia:inst4|inst2 ; 0.000        ; 2.540      ; 3.165      ;
; 0.301 ; DivisorFrequencia:inst4|inst2 ; bank_reg_32x32bit:BancoRegistradores|reg_pp_32bit:t9|23 ; DivisorFrequencia:inst4|inst2 ; DivisorFrequencia:inst4|inst2 ; 0.000        ; 2.540      ; 3.165      ;
; 0.301 ; DivisorFrequencia:inst4|inst2 ; bank_reg_32x32bit:BancoRegistradores|reg_pp_32bit:t9|22 ; DivisorFrequencia:inst4|inst2 ; DivisorFrequencia:inst4|inst2 ; 0.000        ; 2.540      ; 3.165      ;
; 0.301 ; DivisorFrequencia:inst4|inst2 ; bank_reg_32x32bit:BancoRegistradores|reg_pp_32bit:t9|21 ; DivisorFrequencia:inst4|inst2 ; DivisorFrequencia:inst4|inst2 ; 0.000        ; 2.540      ; 3.165      ;
; 0.307 ; DivisorFrequencia:inst4|inst2 ; bank_reg_32x32bit:BancoRegistradores|reg_pp_32bit:s6|16 ; DivisorFrequencia:inst4|inst2 ; DivisorFrequencia:inst4|inst2 ; 0.000        ; 2.545      ; 3.176      ;
; 0.312 ; DivisorFrequencia:inst4|inst2 ; bank_reg_32x32bit:BancoRegistradores|reg_pp_32bit:fp|31 ; DivisorFrequencia:inst4|inst2 ; DivisorFrequencia:inst4|inst2 ; 0.000        ; 2.534      ; 3.170      ;
; 0.312 ; DivisorFrequencia:inst4|inst2 ; bank_reg_32x32bit:BancoRegistradores|reg_pp_32bit:fp|12 ; DivisorFrequencia:inst4|inst2 ; DivisorFrequencia:inst4|inst2 ; 0.000        ; 2.534      ; 3.170      ;
; 0.319 ; DivisorFrequencia:inst4|inst2 ; bank_reg_32x32bit:BancoRegistradores|reg_pp_32bit:t9|00 ; DivisorFrequencia:inst4|inst2 ; DivisorFrequencia:inst4|inst2 ; 0.000        ; 2.538      ; 3.181      ;
; 0.319 ; DivisorFrequencia:inst4|inst2 ; bank_reg_32x32bit:BancoRegistradores|reg_pp_32bit:t9|01 ; DivisorFrequencia:inst4|inst2 ; DivisorFrequencia:inst4|inst2 ; 0.000        ; 2.538      ; 3.181      ;
; 0.319 ; DivisorFrequencia:inst4|inst2 ; bank_reg_32x32bit:BancoRegistradores|reg_pp_32bit:t9|02 ; DivisorFrequencia:inst4|inst2 ; DivisorFrequencia:inst4|inst2 ; 0.000        ; 2.538      ; 3.181      ;
; 0.319 ; DivisorFrequencia:inst4|inst2 ; bank_reg_32x32bit:BancoRegistradores|reg_pp_32bit:t9|10 ; DivisorFrequencia:inst4|inst2 ; DivisorFrequencia:inst4|inst2 ; 0.000        ; 2.538      ; 3.181      ;
; 0.319 ; DivisorFrequencia:inst4|inst2 ; bank_reg_32x32bit:BancoRegistradores|reg_pp_32bit:t9|11 ; DivisorFrequencia:inst4|inst2 ; DivisorFrequencia:inst4|inst2 ; 0.000        ; 2.538      ; 3.181      ;
; 0.319 ; DivisorFrequencia:inst4|inst2 ; bank_reg_32x32bit:BancoRegistradores|reg_pp_32bit:t9|17 ; DivisorFrequencia:inst4|inst2 ; DivisorFrequencia:inst4|inst2 ; 0.000        ; 2.538      ; 3.181      ;
; 0.319 ; DivisorFrequencia:inst4|inst2 ; bank_reg_32x32bit:BancoRegistradores|reg_pp_32bit:t9|16 ; DivisorFrequencia:inst4|inst2 ; DivisorFrequencia:inst4|inst2 ; 0.000        ; 2.538      ; 3.181      ;
; 0.319 ; DivisorFrequencia:inst4|inst2 ; bank_reg_32x32bit:BancoRegistradores|reg_pp_32bit:t9|18 ; DivisorFrequencia:inst4|inst2 ; DivisorFrequencia:inst4|inst2 ; 0.000        ; 2.538      ; 3.181      ;
; 0.330 ; DivisorFrequencia:inst4|inst2 ; bank_reg_32x32bit:BancoRegistradores|reg_pp_32bit:t9|28 ; DivisorFrequencia:inst4|inst2 ; DivisorFrequencia:inst4|inst2 ; 0.000        ; 2.530      ; 3.184      ;
; 0.335 ; DivisorFrequencia:inst4|inst2 ; bank_reg_32x32bit:BancoRegistradores|reg_pp_32bit:t0|06 ; DivisorFrequencia:inst4|inst2 ; DivisorFrequencia:inst4|inst2 ; 0.000        ; 2.527      ; 3.186      ;
; 0.338 ; DivisorFrequencia:inst4|inst2 ; bank_reg_32x32bit:BancoRegistradores|reg_pp_32bit:a2|26 ; DivisorFrequencia:inst4|inst2 ; DivisorFrequencia:inst4|inst2 ; 0.000        ; 2.541      ; 3.203      ;
; 0.338 ; DivisorFrequencia:inst4|inst2 ; bank_reg_32x32bit:BancoRegistradores|reg_pp_32bit:a2|28 ; DivisorFrequencia:inst4|inst2 ; DivisorFrequencia:inst4|inst2 ; 0.000        ; 2.541      ; 3.203      ;
; 0.340 ; DivisorFrequencia:inst4|inst2 ; bank_reg_32x32bit:BancoRegistradores|reg_pp_32bit:a3|01 ; DivisorFrequencia:inst4|inst2 ; DivisorFrequencia:inst4|inst2 ; 0.000        ; 2.540      ; 3.204      ;
; 0.340 ; DivisorFrequencia:inst4|inst2 ; bank_reg_32x32bit:BancoRegistradores|reg_pp_32bit:a3|03 ; DivisorFrequencia:inst4|inst2 ; DivisorFrequencia:inst4|inst2 ; 0.000        ; 2.540      ; 3.204      ;
; 0.340 ; DivisorFrequencia:inst4|inst2 ; bank_reg_32x32bit:BancoRegistradores|reg_pp_32bit:a3|06 ; DivisorFrequencia:inst4|inst2 ; DivisorFrequencia:inst4|inst2 ; 0.000        ; 2.540      ; 3.204      ;
; 0.340 ; DivisorFrequencia:inst4|inst2 ; bank_reg_32x32bit:BancoRegistradores|reg_pp_32bit:a3|07 ; DivisorFrequencia:inst4|inst2 ; DivisorFrequencia:inst4|inst2 ; 0.000        ; 2.540      ; 3.204      ;
; 0.340 ; DivisorFrequencia:inst4|inst2 ; bank_reg_32x32bit:BancoRegistradores|reg_pp_32bit:a3|09 ; DivisorFrequencia:inst4|inst2 ; DivisorFrequencia:inst4|inst2 ; 0.000        ; 2.540      ; 3.204      ;
; 0.340 ; DivisorFrequencia:inst4|inst2 ; bank_reg_32x32bit:BancoRegistradores|reg_pp_32bit:a3|22 ; DivisorFrequencia:inst4|inst2 ; DivisorFrequencia:inst4|inst2 ; 0.000        ; 2.540      ; 3.204      ;
; 0.346 ; DivisorFrequencia:inst4|inst2 ; bank_reg_32x32bit:BancoRegistradores|reg_pp_32bit:s6|17 ; DivisorFrequencia:inst4|inst2 ; DivisorFrequencia:inst4|inst2 ; 0.000        ; 2.537      ; 3.207      ;
; 0.346 ; DivisorFrequencia:inst4|inst2 ; bank_reg_32x32bit:BancoRegistradores|reg_pp_32bit:s6|26 ; DivisorFrequencia:inst4|inst2 ; DivisorFrequencia:inst4|inst2 ; 0.000        ; 2.537      ; 3.207      ;
; 0.347 ; DivisorFrequencia:inst4|inst2 ; bank_reg_32x32bit:BancoRegistradores|reg_pp_32bit:a2|02 ; DivisorFrequencia:inst4|inst2 ; DivisorFrequencia:inst4|inst2 ; 0.000        ; 2.552      ; 3.223      ;
; 0.347 ; DivisorFrequencia:inst4|inst2 ; bank_reg_32x32bit:BancoRegistradores|reg_pp_32bit:a2|04 ; DivisorFrequencia:inst4|inst2 ; DivisorFrequencia:inst4|inst2 ; 0.000        ; 2.552      ; 3.223      ;
; 0.352 ; DivisorFrequencia:inst4|inst2 ; bank_reg_32x32bit:BancoRegistradores|reg_pp_32bit:a3|10 ; DivisorFrequencia:inst4|inst2 ; DivisorFrequencia:inst4|inst2 ; 0.000        ; 2.542      ; 3.218      ;
; 0.352 ; DivisorFrequencia:inst4|inst2 ; bank_reg_32x32bit:BancoRegistradores|reg_pp_32bit:a3|14 ; DivisorFrequencia:inst4|inst2 ; DivisorFrequencia:inst4|inst2 ; 0.000        ; 2.542      ; 3.218      ;
; 0.352 ; DivisorFrequencia:inst4|inst2 ; bank_reg_32x32bit:BancoRegistradores|reg_pp_32bit:a3|15 ; DivisorFrequencia:inst4|inst2 ; DivisorFrequencia:inst4|inst2 ; 0.000        ; 2.542      ; 3.218      ;
; 0.352 ; DivisorFrequencia:inst4|inst2 ; bank_reg_32x32bit:BancoRegistradores|reg_pp_32bit:a3|24 ; DivisorFrequencia:inst4|inst2 ; DivisorFrequencia:inst4|inst2 ; 0.000        ; 2.542      ; 3.218      ;
; 0.353 ; DivisorFrequencia:inst4|inst2 ; bank_reg_32x32bit:BancoRegistradores|reg_pp_32bit:s0|10 ; DivisorFrequencia:inst4|inst2 ; DivisorFrequencia:inst4|inst2 ; 0.000        ; 2.544      ; 3.221      ;
; 0.353 ; DivisorFrequencia:inst4|inst2 ; bank_reg_32x32bit:BancoRegistradores|reg_pp_32bit:s0|16 ; DivisorFrequencia:inst4|inst2 ; DivisorFrequencia:inst4|inst2 ; 0.000        ; 2.544      ; 3.221      ;
; 0.356 ; DivisorFrequencia:inst4|inst2 ; bank_reg_32x32bit:BancoRegistradores|reg_pp_32bit:a3|11 ; DivisorFrequencia:inst4|inst2 ; DivisorFrequencia:inst4|inst2 ; 0.000        ; 2.537      ; 3.217      ;
; 0.356 ; DivisorFrequencia:inst4|inst2 ; bank_reg_32x32bit:BancoRegistradores|reg_pp_32bit:a3|16 ; DivisorFrequencia:inst4|inst2 ; DivisorFrequencia:inst4|inst2 ; 0.000        ; 2.537      ; 3.217      ;
; 0.361 ; DivisorFrequencia:inst4|inst2 ; bank_reg_32x32bit:BancoRegistradores|reg_pp_32bit:t0|01 ; DivisorFrequencia:inst4|inst2 ; DivisorFrequencia:inst4|inst2 ; 0.000        ; 2.540      ; 3.225      ;
; 0.361 ; DivisorFrequencia:inst4|inst2 ; bank_reg_32x32bit:BancoRegistradores|reg_pp_32bit:t0|03 ; DivisorFrequencia:inst4|inst2 ; DivisorFrequencia:inst4|inst2 ; 0.000        ; 2.540      ; 3.225      ;
; 0.361 ; DivisorFrequencia:inst4|inst2 ; bank_reg_32x32bit:BancoRegistradores|reg_pp_32bit:t0|05 ; DivisorFrequencia:inst4|inst2 ; DivisorFrequencia:inst4|inst2 ; 0.000        ; 2.540      ; 3.225      ;
; 0.361 ; DivisorFrequencia:inst4|inst2 ; bank_reg_32x32bit:BancoRegistradores|reg_pp_32bit:t0|07 ; DivisorFrequencia:inst4|inst2 ; DivisorFrequencia:inst4|inst2 ; 0.000        ; 2.540      ; 3.225      ;
; 0.361 ; DivisorFrequencia:inst4|inst2 ; bank_reg_32x32bit:BancoRegistradores|reg_pp_32bit:t0|14 ; DivisorFrequencia:inst4|inst2 ; DivisorFrequencia:inst4|inst2 ; 0.000        ; 2.540      ; 3.225      ;
; 0.361 ; DivisorFrequencia:inst4|inst2 ; bank_reg_32x32bit:BancoRegistradores|reg_pp_32bit:t0|12 ; DivisorFrequencia:inst4|inst2 ; DivisorFrequencia:inst4|inst2 ; 0.000        ; 2.540      ; 3.225      ;
; 0.361 ; DivisorFrequencia:inst4|inst2 ; bank_reg_32x32bit:BancoRegistradores|reg_pp_32bit:t0|20 ; DivisorFrequencia:inst4|inst2 ; DivisorFrequencia:inst4|inst2 ; 0.000        ; 2.540      ; 3.225      ;
; 0.363 ; DivisorFrequencia:inst4|inst2 ; bank_reg_32x32bit:BancoRegistradores|reg_pp_32bit:gp|00 ; DivisorFrequencia:inst4|inst2 ; DivisorFrequencia:inst4|inst2 ; 0.000        ; 2.535      ; 3.222      ;
; 0.363 ; DivisorFrequencia:inst4|inst2 ; bank_reg_32x32bit:BancoRegistradores|reg_pp_32bit:gp|01 ; DivisorFrequencia:inst4|inst2 ; DivisorFrequencia:inst4|inst2 ; 0.000        ; 2.535      ; 3.222      ;
; 0.363 ; DivisorFrequencia:inst4|inst2 ; bank_reg_32x32bit:BancoRegistradores|reg_pp_32bit:gp|24 ; DivisorFrequencia:inst4|inst2 ; DivisorFrequencia:inst4|inst2 ; 0.000        ; 2.535      ; 3.222      ;
; 0.363 ; DivisorFrequencia:inst4|inst2 ; bank_reg_32x32bit:BancoRegistradores|reg_pp_32bit:gp|25 ; DivisorFrequencia:inst4|inst2 ; DivisorFrequencia:inst4|inst2 ; 0.000        ; 2.535      ; 3.222      ;
; 0.369 ; DivisorFrequencia:inst4|inst2 ; bank_reg_32x32bit:BancoRegistradores|reg_pp_32bit:s7|31 ; DivisorFrequencia:inst4|inst2 ; DivisorFrequencia:inst4|inst2 ; 0.000        ; 2.527      ; 3.220      ;
; 0.369 ; DivisorFrequencia:inst4|inst2 ; bank_reg_32x32bit:BancoRegistradores|reg_pp_32bit:s7|05 ; DivisorFrequencia:inst4|inst2 ; DivisorFrequencia:inst4|inst2 ; 0.000        ; 2.527      ; 3.220      ;
; 0.369 ; DivisorFrequencia:inst4|inst2 ; bank_reg_32x32bit:BancoRegistradores|reg_pp_32bit:s7|08 ; DivisorFrequencia:inst4|inst2 ; DivisorFrequencia:inst4|inst2 ; 0.000        ; 2.527      ; 3.220      ;
; 0.369 ; DivisorFrequencia:inst4|inst2 ; bank_reg_32x32bit:BancoRegistradores|reg_pp_32bit:s7|10 ; DivisorFrequencia:inst4|inst2 ; DivisorFrequencia:inst4|inst2 ; 0.000        ; 2.527      ; 3.220      ;
; 0.369 ; DivisorFrequencia:inst4|inst2 ; bank_reg_32x32bit:BancoRegistradores|reg_pp_32bit:s7|11 ; DivisorFrequencia:inst4|inst2 ; DivisorFrequencia:inst4|inst2 ; 0.000        ; 2.527      ; 3.220      ;
; 0.371 ; DivisorFrequencia:inst4|inst2 ; bank_reg_32x32bit:BancoRegistradores|reg_pp_32bit:s7|13 ; DivisorFrequencia:inst4|inst2 ; DivisorFrequencia:inst4|inst2 ; 0.000        ; 2.527      ; 3.222      ;
; 0.371 ; DivisorFrequencia:inst4|inst2 ; bank_reg_32x32bit:BancoRegistradores|reg_pp_32bit:s7|00 ; DivisorFrequencia:inst4|inst2 ; DivisorFrequencia:inst4|inst2 ; 0.000        ; 2.527      ; 3.222      ;
; 0.371 ; DivisorFrequencia:inst4|inst2 ; bank_reg_32x32bit:BancoRegistradores|reg_pp_32bit:s7|01 ; DivisorFrequencia:inst4|inst2 ; DivisorFrequencia:inst4|inst2 ; 0.000        ; 2.527      ; 3.222      ;
; 0.371 ; DivisorFrequencia:inst4|inst2 ; bank_reg_32x32bit:BancoRegistradores|reg_pp_32bit:s7|02 ; DivisorFrequencia:inst4|inst2 ; DivisorFrequencia:inst4|inst2 ; 0.000        ; 2.527      ; 3.222      ;
; 0.371 ; DivisorFrequencia:inst4|inst2 ; bank_reg_32x32bit:BancoRegistradores|reg_pp_32bit:s7|03 ; DivisorFrequencia:inst4|inst2 ; DivisorFrequencia:inst4|inst2 ; 0.000        ; 2.527      ; 3.222      ;
; 0.371 ; DivisorFrequencia:inst4|inst2 ; bank_reg_32x32bit:BancoRegistradores|reg_pp_32bit:s7|04 ; DivisorFrequencia:inst4|inst2 ; DivisorFrequencia:inst4|inst2 ; 0.000        ; 2.527      ; 3.222      ;
; 0.371 ; DivisorFrequencia:inst4|inst2 ; bank_reg_32x32bit:BancoRegistradores|reg_pp_32bit:s7|06 ; DivisorFrequencia:inst4|inst2 ; DivisorFrequencia:inst4|inst2 ; 0.000        ; 2.527      ; 3.222      ;
; 0.371 ; DivisorFrequencia:inst4|inst2 ; bank_reg_32x32bit:BancoRegistradores|reg_pp_32bit:s7|07 ; DivisorFrequencia:inst4|inst2 ; DivisorFrequencia:inst4|inst2 ; 0.000        ; 2.527      ; 3.222      ;
; 0.371 ; DivisorFrequencia:inst4|inst2 ; bank_reg_32x32bit:BancoRegistradores|reg_pp_32bit:s7|09 ; DivisorFrequencia:inst4|inst2 ; DivisorFrequencia:inst4|inst2 ; 0.000        ; 2.527      ; 3.222      ;
; 0.371 ; DivisorFrequencia:inst4|inst2 ; bank_reg_32x32bit:BancoRegistradores|reg_pp_32bit:s7|12 ; DivisorFrequencia:inst4|inst2 ; DivisorFrequencia:inst4|inst2 ; 0.000        ; 2.527      ; 3.222      ;
; 0.371 ; DivisorFrequencia:inst4|inst2 ; bank_reg_32x32bit:BancoRegistradores|reg_pp_32bit:a2|00 ; DivisorFrequencia:inst4|inst2 ; DivisorFrequencia:inst4|inst2 ; 0.000        ; 2.541      ; 3.236      ;
; 0.371 ; DivisorFrequencia:inst4|inst2 ; bank_reg_32x32bit:BancoRegistradores|reg_pp_32bit:a2|05 ; DivisorFrequencia:inst4|inst2 ; DivisorFrequencia:inst4|inst2 ; 0.000        ; 2.541      ; 3.236      ;
; 0.371 ; DivisorFrequencia:inst4|inst2 ; bank_reg_32x32bit:BancoRegistradores|reg_pp_32bit:a2|06 ; DivisorFrequencia:inst4|inst2 ; DivisorFrequencia:inst4|inst2 ; 0.000        ; 2.541      ; 3.236      ;
; 0.371 ; DivisorFrequencia:inst4|inst2 ; bank_reg_32x32bit:BancoRegistradores|reg_pp_32bit:a2|08 ; DivisorFrequencia:inst4|inst2 ; DivisorFrequencia:inst4|inst2 ; 0.000        ; 2.541      ; 3.236      ;
; 0.371 ; DivisorFrequencia:inst4|inst2 ; bank_reg_32x32bit:BancoRegistradores|reg_pp_32bit:a2|07 ; DivisorFrequencia:inst4|inst2 ; DivisorFrequencia:inst4|inst2 ; 0.000        ; 2.541      ; 3.236      ;
; 0.371 ; DivisorFrequencia:inst4|inst2 ; bank_reg_32x32bit:BancoRegistradores|reg_pp_32bit:a2|10 ; DivisorFrequencia:inst4|inst2 ; DivisorFrequencia:inst4|inst2 ; 0.000        ; 2.541      ; 3.236      ;
; 0.371 ; DivisorFrequencia:inst4|inst2 ; bank_reg_32x32bit:BancoRegistradores|reg_pp_32bit:s2|14 ; DivisorFrequencia:inst4|inst2 ; DivisorFrequencia:inst4|inst2 ; 0.000        ; 2.536      ; 3.231      ;
; 0.371 ; DivisorFrequencia:inst4|inst2 ; bank_reg_32x32bit:BancoRegistradores|reg_pp_32bit:a2|14 ; DivisorFrequencia:inst4|inst2 ; DivisorFrequencia:inst4|inst2 ; 0.000        ; 2.541      ; 3.236      ;
; 0.371 ; DivisorFrequencia:inst4|inst2 ; bank_reg_32x32bit:BancoRegistradores|reg_pp_32bit:a2|19 ; DivisorFrequencia:inst4|inst2 ; DivisorFrequencia:inst4|inst2 ; 0.000        ; 2.541      ; 3.236      ;
; 0.371 ; DivisorFrequencia:inst4|inst2 ; bank_reg_32x32bit:BancoRegistradores|reg_pp_32bit:s2|28 ; DivisorFrequencia:inst4|inst2 ; DivisorFrequencia:inst4|inst2 ; 0.000        ; 2.536      ; 3.231      ;
; 0.382 ; DivisorFrequencia:inst4|inst2 ; bank_reg_32x32bit:BancoRegistradores|reg_pp_32bit:a3|04 ; DivisorFrequencia:inst4|inst2 ; DivisorFrequencia:inst4|inst2 ; 0.000        ; 2.531      ; 3.237      ;
; 0.382 ; DivisorFrequencia:inst4|inst2 ; bank_reg_32x32bit:BancoRegistradores|reg_pp_32bit:a3|05 ; DivisorFrequencia:inst4|inst2 ; DivisorFrequencia:inst4|inst2 ; 0.000        ; 2.531      ; 3.237      ;
; 0.382 ; DivisorFrequencia:inst4|inst2 ; bank_reg_32x32bit:BancoRegistradores|reg_pp_32bit:a3|30 ; DivisorFrequencia:inst4|inst2 ; DivisorFrequencia:inst4|inst2 ; 0.000        ; 2.531      ; 3.237      ;
; 0.383 ; DivisorFrequencia:inst4|inst2 ; bank_reg_32x32bit:BancoRegistradores|reg_pp_32bit:a0|04 ; DivisorFrequencia:inst4|inst2 ; DivisorFrequencia:inst4|inst2 ; 0.000        ; 2.531      ; 3.238      ;
; 0.383 ; DivisorFrequencia:inst4|inst2 ; bank_reg_32x32bit:BancoRegistradores|reg_pp_32bit:a0|05 ; DivisorFrequencia:inst4|inst2 ; DivisorFrequencia:inst4|inst2 ; 0.000        ; 2.531      ; 3.238      ;
; 0.383 ; DivisorFrequencia:inst4|inst2 ; bank_reg_32x32bit:BancoRegistradores|reg_pp_32bit:a0|30 ; DivisorFrequencia:inst4|inst2 ; DivisorFrequencia:inst4|inst2 ; 0.000        ; 2.531      ; 3.238      ;
; 0.386 ; DivisorFrequencia:inst4|inst2 ; bank_reg_32x32bit:BancoRegistradores|reg_pp_32bit:t0|02 ; DivisorFrequencia:inst4|inst2 ; DivisorFrequencia:inst4|inst2 ; 0.000        ; 2.540      ; 3.250      ;
; 0.386 ; DivisorFrequencia:inst4|inst2 ; bank_reg_32x32bit:BancoRegistradores|reg_pp_32bit:t0|25 ; DivisorFrequencia:inst4|inst2 ; DivisorFrequencia:inst4|inst2 ; 0.000        ; 2.540      ; 3.250      ;
; 0.386 ; DivisorFrequencia:inst4|inst2 ; bank_reg_32x32bit:BancoRegistradores|reg_pp_32bit:t0|26 ; DivisorFrequencia:inst4|inst2 ; DivisorFrequencia:inst4|inst2 ; 0.000        ; 2.540      ; 3.250      ;
; 0.386 ; DivisorFrequencia:inst4|inst2 ; bank_reg_32x32bit:BancoRegistradores|reg_pp_32bit:t0|27 ; DivisorFrequencia:inst4|inst2 ; DivisorFrequencia:inst4|inst2 ; 0.000        ; 2.540      ; 3.250      ;
; 0.386 ; DivisorFrequencia:inst4|inst2 ; bank_reg_32x32bit:BancoRegistradores|reg_pp_32bit:t0|29 ; DivisorFrequencia:inst4|inst2 ; DivisorFrequencia:inst4|inst2 ; 0.000        ; 2.540      ; 3.250      ;
; 0.386 ; DivisorFrequencia:inst4|inst2 ; bank_reg_32x32bit:BancoRegistradores|reg_pp_32bit:t0|30 ; DivisorFrequencia:inst4|inst2 ; DivisorFrequencia:inst4|inst2 ; 0.000        ; 2.540      ; 3.250      ;
; 0.386 ; DivisorFrequencia:inst4|inst2 ; bank_reg_32x32bit:BancoRegistradores|reg_pp_32bit:t0|28 ; DivisorFrequencia:inst4|inst2 ; DivisorFrequencia:inst4|inst2 ; 0.000        ; 2.540      ; 3.250      ;
; 0.389 ; DivisorFrequencia:inst4|inst2 ; bank_reg_32x32bit:BancoRegistradores|reg_pp_32bit:a0|02 ; DivisorFrequencia:inst4|inst2 ; DivisorFrequencia:inst4|inst2 ; 0.000        ; 2.538      ; 3.251      ;
; 0.389 ; DivisorFrequencia:inst4|inst2 ; bank_reg_32x32bit:BancoRegistradores|reg_pp_32bit:a0|08 ; DivisorFrequencia:inst4|inst2 ; DivisorFrequencia:inst4|inst2 ; 0.000        ; 2.538      ; 3.251      ;
+-------+-------------------------------+---------------------------------------------------------+-------------------------------+-------------------------------+--------------+------------+------------+


+-------------------------------------------------------------------------------------------------------------------------------------------------------------------------------------------------------------------------------------------------------------------------------------------------------------+
; Slow 1200mV 0C Model Hold: 'clock'                                                                                                                                                                                                                                                                          ;
+-------+---------------------------------------------------------+----------------------------------------------------------------------------------------------------------------------------------------------------+-------------------------------+-------------+--------------+------------+------------+
; Slack ; From Node                                               ; To Node                                                                                                                                            ; Launch Clock                  ; Latch Clock ; Relationship ; Clock Skew ; Data Delay ;
+-------+---------------------------------------------------------+----------------------------------------------------------------------------------------------------------------------------------------------------+-------------------------------+-------------+--------------+------------+------------+
; 0.260 ; DivisorFrequencia:inst4|inst2                           ; DivisorFrequencia:inst4|inst2                                                                                                                      ; DivisorFrequencia:inst4|inst2 ; clock       ; 0.000        ; 2.430      ; 3.044      ;
; 0.307 ; DivisorFrequencia:inst4|inst                            ; DivisorFrequencia:inst4|inst                                                                                                                       ; clock                         ; clock       ; 0.000        ; 0.068      ; 0.519      ;
; 0.312 ; DivisorFrequencia:inst4|inst1                           ; DivisorFrequencia:inst4|inst1                                                                                                                      ; clock                         ; clock       ; 0.000        ; 0.055      ; 0.511      ;
; 0.551 ; DivisorFrequencia:inst4|inst2                           ; data_memory:DataMemory|ram:MemoriaRAM|altsyncram:altsyncram_component|altsyncram_vme1:auto_generated|ram_block1a14~porta_we_reg                    ; DivisorFrequencia:inst4|inst2 ; clock       ; 0.000        ; 2.746      ; 3.676      ;
; 0.551 ; DivisorFrequencia:inst4|inst2                           ; data_memory:DataMemory|ram:MemoriaRAM|altsyncram:altsyncram_component|altsyncram_vme1:auto_generated|ram_block1a0~porta_we_reg                     ; DivisorFrequencia:inst4|inst2 ; clock       ; 0.000        ; 2.746      ; 3.676      ;
; 0.653 ; DivisorFrequencia:inst4|inst                            ; DivisorFrequencia:inst4|inst1                                                                                                                      ; clock                         ; clock       ; 0.000        ; -0.268     ; 0.529      ;
; 0.759 ; DivisorFrequencia:inst4|inst2                           ; DivisorFrequencia:inst4|inst2                                                                                                                      ; DivisorFrequencia:inst4|inst2 ; clock       ; -0.500       ; 2.430      ; 3.043      ;
; 0.943 ; DivisorFrequencia:inst4|inst2                           ; data_memory:DataMemory|ram:MemoriaRAM|altsyncram:altsyncram_component|altsyncram_vme1:auto_generated|ram_block1a14~porta_we_reg                    ; DivisorFrequencia:inst4|inst2 ; clock       ; -0.500       ; 2.746      ; 3.568      ;
; 0.943 ; DivisorFrequencia:inst4|inst2                           ; data_memory:DataMemory|ram:MemoriaRAM|altsyncram:altsyncram_component|altsyncram_vme1:auto_generated|ram_block1a0~porta_we_reg                     ; DivisorFrequencia:inst4|inst2 ; clock       ; -0.500       ; 2.746      ; 3.568      ;
; 1.137 ; program_counter:ProgramCounter|lpm_dff:133|dffs[9]      ; instruction_memory:InstructionMemory|rom:MemoriaRom|altsyncram:altsyncram_component|altsyncram_bk91:auto_generated|ram_block1a0~porta_address_reg0 ; DivisorFrequencia:inst4|inst2 ; clock       ; -0.500       ; -0.001     ; 0.835      ;
; 1.340 ; program_counter:ProgramCounter|lpm_dff:133|dffs[3]      ; instruction_memory:InstructionMemory|rom:MemoriaRom|altsyncram:altsyncram_component|altsyncram_bk91:auto_generated|ram_block1a0~porta_address_reg0 ; DivisorFrequencia:inst4|inst2 ; clock       ; -0.500       ; 0.001      ; 1.040      ;
; 1.351 ; program_counter:ProgramCounter|lpm_dff:133|dffs[6]      ; instruction_memory:InstructionMemory|rom:MemoriaRom|altsyncram:altsyncram_component|altsyncram_bk91:auto_generated|ram_block1a0~porta_address_reg0 ; DivisorFrequencia:inst4|inst2 ; clock       ; -0.500       ; 0.003      ; 1.053      ;
; 1.368 ; program_counter:ProgramCounter|lpm_dff:133|dffs[2]      ; instruction_memory:InstructionMemory|rom:MemoriaRom|altsyncram:altsyncram_component|altsyncram_bk91:auto_generated|ram_block1a0~porta_address_reg0 ; DivisorFrequencia:inst4|inst2 ; clock       ; -0.500       ; 0.011      ; 1.078      ;
; 1.382 ; program_counter:ProgramCounter|lpm_dff:133|dffs[4]      ; instruction_memory:InstructionMemory|rom:MemoriaRom|altsyncram:altsyncram_component|altsyncram_bk91:auto_generated|ram_block1a0~porta_address_reg0 ; DivisorFrequencia:inst4|inst2 ; clock       ; -0.500       ; 0.001      ; 1.082      ;
; 1.402 ; program_counter:ProgramCounter|lpm_dff:133|dffs[8]      ; instruction_memory:InstructionMemory|rom:MemoriaRom|altsyncram:altsyncram_component|altsyncram_bk91:auto_generated|ram_block1a0~porta_address_reg0 ; DivisorFrequencia:inst4|inst2 ; clock       ; -0.500       ; 0.011      ; 1.112      ;
; 1.406 ; program_counter:ProgramCounter|lpm_dff:133|dffs[5]      ; instruction_memory:InstructionMemory|rom:MemoriaRom|altsyncram:altsyncram_component|altsyncram_bk91:auto_generated|ram_block1a0~porta_address_reg0 ; DivisorFrequencia:inst4|inst2 ; clock       ; -0.500       ; -0.018     ; 1.087      ;
; 1.419 ; program_counter:ProgramCounter|lpm_dff:133|dffs[7]      ; instruction_memory:InstructionMemory|rom:MemoriaRom|altsyncram:altsyncram_component|altsyncram_bk91:auto_generated|ram_block1a0~porta_address_reg0 ; DivisorFrequencia:inst4|inst2 ; clock       ; -0.500       ; -0.007     ; 1.111      ;
; 1.421 ; bank_reg_32x32bit:BancoRegistradores|reg_pp_32bit:t1|04 ; data_memory:DataMemory|ram:MemoriaRAM|altsyncram:altsyncram_component|altsyncram_vme1:auto_generated|ram_block1a0~porta_datain_reg0                ; DivisorFrequencia:inst4|inst2 ; clock       ; -0.500       ; 0.329      ; 1.449      ;
; 1.615 ; bank_reg_32x32bit:BancoRegistradores|reg_pp_32bit:t2|26 ; data_memory:DataMemory|ram:MemoriaRAM|altsyncram:altsyncram_component|altsyncram_vme1:auto_generated|ram_block1a14~porta_datain_reg0               ; DivisorFrequencia:inst4|inst2 ; clock       ; -0.500       ; 0.342      ; 1.656      ;
; 1.666 ; DivisorFrequencia:inst4|inst1                           ; DivisorFrequencia:inst4|inst2                                                                                                                      ; clock                         ; clock       ; 0.000        ; 0.055      ; 1.865      ;
; 1.721 ; bank_reg_32x32bit:BancoRegistradores|reg_pp_32bit:t7|08 ; data_memory:DataMemory|ram:MemoriaRAM|altsyncram:altsyncram_component|altsyncram_vme1:auto_generated|ram_block1a0~porta_datain_reg0                ; DivisorFrequencia:inst4|inst2 ; clock       ; -0.500       ; 0.341      ; 1.761      ;
; 1.741 ; bank_reg_32x32bit:BancoRegistradores|reg_pp_32bit:t2|24 ; data_memory:DataMemory|ram:MemoriaRAM|altsyncram:altsyncram_component|altsyncram_vme1:auto_generated|ram_block1a14~porta_datain_reg0               ; DivisorFrequencia:inst4|inst2 ; clock       ; -0.500       ; 0.328      ; 1.768      ;
; 1.793 ; bank_reg_32x32bit:BancoRegistradores|reg_pp_32bit:t3|26 ; data_memory:DataMemory|ram:MemoriaRAM|altsyncram:altsyncram_component|altsyncram_vme1:auto_generated|ram_block1a14~porta_datain_reg0               ; DivisorFrequencia:inst4|inst2 ; clock       ; -0.500       ; 0.342      ; 1.834      ;
; 1.848 ; bank_reg_32x32bit:BancoRegistradores|reg_pp_32bit:v1|19 ; data_memory:DataMemory|ram:MemoriaRAM|altsyncram:altsyncram_component|altsyncram_vme1:auto_generated|ram_block1a14~porta_datain_reg0               ; DivisorFrequencia:inst4|inst2 ; clock       ; -0.500       ; 0.041      ; 1.588      ;
; 1.856 ; bank_reg_32x32bit:BancoRegistradores|reg_pp_32bit:t7|00 ; data_memory:DataMemory|ram:MemoriaRAM|altsyncram:altsyncram_component|altsyncram_vme1:auto_generated|ram_block1a0~porta_datain_reg0                ; DivisorFrequencia:inst4|inst2 ; clock       ; -0.500       ; 0.341      ; 1.896      ;
; 1.880 ; bank_reg_32x32bit:BancoRegistradores|reg_pp_32bit:v1|11 ; data_memory:DataMemory|ram:MemoriaRAM|altsyncram:altsyncram_component|altsyncram_vme1:auto_generated|ram_block1a0~porta_datain_reg0                ; DivisorFrequencia:inst4|inst2 ; clock       ; -0.500       ; 0.328      ; 1.907      ;
; 1.908 ; bank_reg_32x32bit:BancoRegistradores|reg_pp_32bit:t7|11 ; data_memory:DataMemory|ram:MemoriaRAM|altsyncram:altsyncram_component|altsyncram_vme1:auto_generated|ram_block1a0~porta_datain_reg0                ; DivisorFrequencia:inst4|inst2 ; clock       ; -0.500       ; 0.341      ; 1.948      ;
; 1.917 ; bank_reg_32x32bit:BancoRegistradores|reg_pp_32bit:t1|06 ; data_memory:DataMemory|ram:MemoriaRAM|altsyncram:altsyncram_component|altsyncram_vme1:auto_generated|ram_block1a0~porta_datain_reg0                ; DivisorFrequencia:inst4|inst2 ; clock       ; -0.500       ; 0.338      ; 1.954      ;
; 1.922 ; bank_reg_32x32bit:BancoRegistradores|reg_pp_32bit:v1|09 ; data_memory:DataMemory|ram:MemoriaRAM|altsyncram:altsyncram_component|altsyncram_vme1:auto_generated|ram_block1a0~porta_datain_reg0                ; DivisorFrequencia:inst4|inst2 ; clock       ; -0.500       ; 0.339      ; 1.960      ;
; 1.942 ; bank_reg_32x32bit:BancoRegistradores|reg_pp_32bit:v1|00 ; data_memory:DataMemory|ram:MemoriaRAM|altsyncram:altsyncram_component|altsyncram_vme1:auto_generated|ram_block1a0~porta_datain_reg0                ; DivisorFrequencia:inst4|inst2 ; clock       ; -0.500       ; 0.322      ; 1.963      ;
; 1.961 ; bank_reg_32x32bit:BancoRegistradores|reg_pp_32bit:t1|12 ; data_memory:DataMemory|ram:MemoriaRAM|altsyncram:altsyncram_component|altsyncram_vme1:auto_generated|ram_block1a0~porta_datain_reg0                ; DivisorFrequencia:inst4|inst2 ; clock       ; -0.500       ; 0.325      ; 1.985      ;
; 1.974 ; bank_reg_32x32bit:BancoRegistradores|reg_pp_32bit:t3|24 ; data_memory:DataMemory|ram:MemoriaRAM|altsyncram:altsyncram_component|altsyncram_vme1:auto_generated|ram_block1a14~porta_datain_reg0               ; DivisorFrequencia:inst4|inst2 ; clock       ; -0.500       ; 0.328      ; 2.001      ;
; 1.976 ; bank_reg_32x32bit:BancoRegistradores|reg_pp_32bit:t2|27 ; data_memory:DataMemory|ram:MemoriaRAM|altsyncram:altsyncram_component|altsyncram_vme1:auto_generated|ram_block1a14~porta_datain_reg0               ; DivisorFrequencia:inst4|inst2 ; clock       ; -0.500       ; 0.325      ; 2.000      ;
; 1.977 ; bank_reg_32x32bit:BancoRegistradores|reg_pp_32bit:t3|04 ; data_memory:DataMemory|ram:MemoriaRAM|altsyncram:altsyncram_component|altsyncram_vme1:auto_generated|ram_block1a0~porta_datain_reg0                ; DivisorFrequencia:inst4|inst2 ; clock       ; -0.500       ; 0.329      ; 2.005      ;
; 1.985 ; bank_reg_32x32bit:BancoRegistradores|reg_pp_32bit:t4|08 ; data_memory:DataMemory|ram:MemoriaRAM|altsyncram:altsyncram_component|altsyncram_vme1:auto_generated|ram_block1a0~porta_datain_reg0                ; DivisorFrequencia:inst4|inst2 ; clock       ; -0.500       ; 0.341      ; 2.025      ;
; 1.991 ; bank_reg_32x32bit:BancoRegistradores|reg_pp_32bit:t2|19 ; data_memory:DataMemory|ram:MemoriaRAM|altsyncram:altsyncram_component|altsyncram_vme1:auto_generated|ram_block1a14~porta_datain_reg0               ; DivisorFrequencia:inst4|inst2 ; clock       ; -0.500       ; 0.342      ; 2.032      ;
; 2.012 ; bank_reg_32x32bit:BancoRegistradores|reg_pp_32bit:t3|27 ; data_memory:DataMemory|ram:MemoriaRAM|altsyncram:altsyncram_component|altsyncram_vme1:auto_generated|ram_block1a14~porta_datain_reg0               ; DivisorFrequencia:inst4|inst2 ; clock       ; -0.500       ; 0.325      ; 2.036      ;
; 2.014 ; bank_reg_32x32bit:BancoRegistradores|reg_pp_32bit:t2|17 ; data_memory:DataMemory|ram:MemoriaRAM|altsyncram:altsyncram_component|altsyncram_vme1:auto_generated|ram_block1a14~porta_datain_reg0               ; DivisorFrequencia:inst4|inst2 ; clock       ; -0.500       ; 0.342      ; 2.055      ;
; 2.017 ; bank_reg_32x32bit:BancoRegistradores|reg_pp_32bit:t3|18 ; data_memory:DataMemory|ram:MemoriaRAM|altsyncram:altsyncram_component|altsyncram_vme1:auto_generated|ram_block1a14~porta_datain_reg0               ; DivisorFrequencia:inst4|inst2 ; clock       ; -0.500       ; 0.342      ; 2.058      ;
; 2.045 ; bank_reg_32x32bit:BancoRegistradores|reg_pp_32bit:t2|04 ; data_memory:DataMemory|ram:MemoriaRAM|altsyncram:altsyncram_component|altsyncram_vme1:auto_generated|ram_block1a0~porta_datain_reg0                ; DivisorFrequencia:inst4|inst2 ; clock       ; -0.500       ; 0.329      ; 2.073      ;
; 2.047 ; bank_reg_32x32bit:BancoRegistradores|reg_pp_32bit:a1|11 ; data_memory:DataMemory|ram:MemoriaRAM|altsyncram:altsyncram_component|altsyncram_vme1:auto_generated|ram_block1a0~porta_datain_reg0                ; DivisorFrequencia:inst4|inst2 ; clock       ; -0.500       ; 0.328      ; 2.074      ;
; 2.050 ; bank_reg_32x32bit:BancoRegistradores|reg_pp_32bit:gp|26 ; data_memory:DataMemory|ram:MemoriaRAM|altsyncram:altsyncram_component|altsyncram_vme1:auto_generated|ram_block1a14~porta_datain_reg0               ; DivisorFrequencia:inst4|inst2 ; clock       ; -0.500       ; 0.325      ; 2.074      ;
; 2.058 ; bank_reg_32x32bit:BancoRegistradores|reg_pp_32bit:t6|26 ; data_memory:DataMemory|ram:MemoriaRAM|altsyncram:altsyncram_component|altsyncram_vme1:auto_generated|ram_block1a14~porta_datain_reg0               ; DivisorFrequencia:inst4|inst2 ; clock       ; -0.500       ; 0.327      ; 2.084      ;
; 2.066 ; bank_reg_32x32bit:BancoRegistradores|reg_pp_32bit:v1|17 ; data_memory:DataMemory|ram:MemoriaRAM|altsyncram:altsyncram_component|altsyncram_vme1:auto_generated|ram_block1a14~porta_datain_reg0               ; DivisorFrequencia:inst4|inst2 ; clock       ; -0.500       ; 0.041      ; 1.806      ;
; 2.077 ; bank_reg_32x32bit:BancoRegistradores|reg_pp_32bit:t5|09 ; data_memory:DataMemory|ram:MemoriaRAM|altsyncram:altsyncram_component|altsyncram_vme1:auto_generated|ram_block1a0~porta_datain_reg0                ; DivisorFrequencia:inst4|inst2 ; clock       ; -0.500       ; 0.342      ; 2.118      ;
; 2.077 ; bank_reg_32x32bit:BancoRegistradores|reg_pp_32bit:v1|18 ; data_memory:DataMemory|ram:MemoriaRAM|altsyncram:altsyncram_component|altsyncram_vme1:auto_generated|ram_block1a14~porta_datain_reg0               ; DivisorFrequencia:inst4|inst2 ; clock       ; -0.500       ; 0.329      ; 2.105      ;
; 2.086 ; bank_reg_32x32bit:BancoRegistradores|reg_pp_32bit:v1|25 ; data_memory:DataMemory|ram:MemoriaRAM|altsyncram:altsyncram_component|altsyncram_vme1:auto_generated|ram_block1a14~porta_datain_reg0               ; DivisorFrequencia:inst4|inst2 ; clock       ; -0.500       ; 0.320      ; 2.105      ;
; 2.088 ; bank_reg_32x32bit:BancoRegistradores|reg_pp_32bit:t7|04 ; data_memory:DataMemory|ram:MemoriaRAM|altsyncram:altsyncram_component|altsyncram_vme1:auto_generated|ram_block1a0~porta_datain_reg0                ; DivisorFrequencia:inst4|inst2 ; clock       ; -0.500       ; 0.332      ; 2.119      ;
; 2.090 ; bank_reg_32x32bit:BancoRegistradores|reg_pp_32bit:t7|25 ; data_memory:DataMemory|ram:MemoriaRAM|altsyncram:altsyncram_component|altsyncram_vme1:auto_generated|ram_block1a14~porta_datain_reg0               ; DivisorFrequencia:inst4|inst2 ; clock       ; -0.500       ; 0.341      ; 2.130      ;
; 2.096 ; bank_reg_32x32bit:BancoRegistradores|reg_pp_32bit:s5|00 ; data_memory:DataMemory|ram:MemoriaRAM|altsyncram:altsyncram_component|altsyncram_vme1:auto_generated|ram_block1a0~porta_datain_reg0                ; DivisorFrequencia:inst4|inst2 ; clock       ; -0.500       ; 0.016      ; 1.811      ;
; 2.097 ; bank_reg_32x32bit:BancoRegistradores|reg_pp_32bit:v1|26 ; data_memory:DataMemory|ram:MemoriaRAM|altsyncram:altsyncram_component|altsyncram_vme1:auto_generated|ram_block1a14~porta_datain_reg0               ; DivisorFrequencia:inst4|inst2 ; clock       ; -0.500       ; 0.324      ; 2.120      ;
; 2.124 ; bank_reg_32x32bit:BancoRegistradores|reg_pp_32bit:gp|25 ; data_memory:DataMemory|ram:MemoriaRAM|altsyncram:altsyncram_component|altsyncram_vme1:auto_generated|ram_block1a14~porta_datain_reg0               ; DivisorFrequencia:inst4|inst2 ; clock       ; -0.500       ; 0.330      ; 2.153      ;
; 2.141 ; bank_reg_32x32bit:BancoRegistradores|reg_pp_32bit:t3|19 ; data_memory:DataMemory|ram:MemoriaRAM|altsyncram:altsyncram_component|altsyncram_vme1:auto_generated|ram_block1a14~porta_datain_reg0               ; DivisorFrequencia:inst4|inst2 ; clock       ; -0.500       ; 0.342      ; 2.182      ;
; 2.149 ; bank_reg_32x32bit:BancoRegistradores|reg_pp_32bit:t3|00 ; data_memory:DataMemory|ram:MemoriaRAM|altsyncram:altsyncram_component|altsyncram_vme1:auto_generated|ram_block1a0~porta_datain_reg0                ; DivisorFrequencia:inst4|inst2 ; clock       ; -0.500       ; 0.330      ; 2.178      ;
; 2.152 ; bank_reg_32x32bit:BancoRegistradores|reg_pp_32bit:t5|08 ; data_memory:DataMemory|ram:MemoriaRAM|altsyncram:altsyncram_component|altsyncram_vme1:auto_generated|ram_block1a0~porta_datain_reg0                ; DivisorFrequencia:inst4|inst2 ; clock       ; -0.500       ; 0.342      ; 2.193      ;
; 2.167 ; bank_reg_32x32bit:BancoRegistradores|reg_pp_32bit:t1|02 ; data_memory:DataMemory|ram:MemoriaRAM|altsyncram:altsyncram_component|altsyncram_vme1:auto_generated|ram_block1a0~porta_datain_reg0                ; DivisorFrequencia:inst4|inst2 ; clock       ; -0.500       ; 0.325      ; 2.191      ;
; 2.174 ; bank_reg_32x32bit:BancoRegistradores|reg_pp_32bit:t4|11 ; data_memory:DataMemory|ram:MemoriaRAM|altsyncram:altsyncram_component|altsyncram_vme1:auto_generated|ram_block1a0~porta_datain_reg0                ; DivisorFrequencia:inst4|inst2 ; clock       ; -0.500       ; 0.341      ; 2.214      ;
; 2.176 ; bank_reg_32x32bit:BancoRegistradores|reg_pp_32bit:t3|17 ; data_memory:DataMemory|ram:MemoriaRAM|altsyncram:altsyncram_component|altsyncram_vme1:auto_generated|ram_block1a14~porta_datain_reg0               ; DivisorFrequencia:inst4|inst2 ; clock       ; -0.500       ; 0.342      ; 2.217      ;
; 2.195 ; bank_reg_32x32bit:BancoRegistradores|reg_pp_32bit:t3|06 ; data_memory:DataMemory|ram:MemoriaRAM|altsyncram:altsyncram_component|altsyncram_vme1:auto_generated|ram_block1a0~porta_datain_reg0                ; DivisorFrequencia:inst4|inst2 ; clock       ; -0.500       ; 0.329      ; 2.223      ;
; 2.195 ; bank_reg_32x32bit:BancoRegistradores|reg_pp_32bit:ra|00 ; data_memory:DataMemory|ram:MemoriaRAM|altsyncram:altsyncram_component|altsyncram_vme1:auto_generated|ram_block1a0~porta_datain_reg0                ; DivisorFrequencia:inst4|inst2 ; clock       ; -0.500       ; 0.337      ; 2.231      ;
; 2.199 ; bank_reg_32x32bit:BancoRegistradores|reg_pp_32bit:v0|26 ; data_memory:DataMemory|ram:MemoriaRAM|altsyncram:altsyncram_component|altsyncram_vme1:auto_generated|ram_block1a14~porta_datain_reg0               ; DivisorFrequencia:inst4|inst2 ; clock       ; -0.500       ; 0.324      ; 2.222      ;
; 2.207 ; bank_reg_32x32bit:BancoRegistradores|reg_pp_32bit:at|00 ; data_memory:DataMemory|ram:MemoriaRAM|altsyncram:altsyncram_component|altsyncram_vme1:auto_generated|ram_block1a0~porta_datain_reg0                ; DivisorFrequencia:inst4|inst2 ; clock       ; -0.500       ; 0.322      ; 2.228      ;
; 2.211 ; bank_reg_32x32bit:BancoRegistradores|reg_pp_32bit:gp|18 ; data_memory:DataMemory|ram:MemoriaRAM|altsyncram:altsyncram_component|altsyncram_vme1:auto_generated|ram_block1a14~porta_datain_reg0               ; DivisorFrequencia:inst4|inst2 ; clock       ; -0.500       ; 0.325      ; 2.235      ;
; 2.216 ; bank_reg_32x32bit:BancoRegistradores|reg_pp_32bit:v1|24 ; data_memory:DataMemory|ram:MemoriaRAM|altsyncram:altsyncram_component|altsyncram_vme1:auto_generated|ram_block1a14~porta_datain_reg0               ; DivisorFrequencia:inst4|inst2 ; clock       ; -0.500       ; 0.328      ; 2.243      ;
; 2.218 ; bank_reg_32x32bit:BancoRegistradores|reg_pp_32bit:v1|21 ; data_memory:DataMemory|ram:MemoriaRAM|altsyncram:altsyncram_component|altsyncram_vme1:auto_generated|ram_block1a14~porta_datain_reg0               ; DivisorFrequencia:inst4|inst2 ; clock       ; -0.500       ; 0.327      ; 2.244      ;
; 2.221 ; bank_reg_32x32bit:BancoRegistradores|reg_pp_32bit:t0|04 ; data_memory:DataMemory|ram:MemoriaRAM|altsyncram:altsyncram_component|altsyncram_vme1:auto_generated|ram_block1a0~porta_datain_reg0                ; DivisorFrequencia:inst4|inst2 ; clock       ; -0.500       ; 0.330      ; 2.250      ;
; 2.224 ; bank_reg_32x32bit:BancoRegistradores|reg_pp_32bit:t7|22 ; data_memory:DataMemory|ram:MemoriaRAM|altsyncram:altsyncram_component|altsyncram_vme1:auto_generated|ram_block1a14~porta_datain_reg0               ; DivisorFrequencia:inst4|inst2 ; clock       ; -0.500       ; 0.342      ; 2.265      ;
; 2.233 ; bank_reg_32x32bit:BancoRegistradores|reg_pp_32bit:t7|23 ; data_memory:DataMemory|ram:MemoriaRAM|altsyncram:altsyncram_component|altsyncram_vme1:auto_generated|ram_block1a14~porta_datain_reg0               ; DivisorFrequencia:inst4|inst2 ; clock       ; -0.500       ; 0.342      ; 2.274      ;
; 2.248 ; bank_reg_32x32bit:BancoRegistradores|reg_pp_32bit:t7|02 ; data_memory:DataMemory|ram:MemoriaRAM|altsyncram:altsyncram_component|altsyncram_vme1:auto_generated|ram_block1a0~porta_datain_reg0                ; DivisorFrequencia:inst4|inst2 ; clock       ; -0.500       ; 0.332      ; 2.279      ;
; 2.251 ; bank_reg_32x32bit:BancoRegistradores|reg_pp_32bit:t6|00 ; data_memory:DataMemory|ram:MemoriaRAM|altsyncram:altsyncram_component|altsyncram_vme1:auto_generated|ram_block1a0~porta_datain_reg0                ; DivisorFrequencia:inst4|inst2 ; clock       ; -0.500       ; 0.331      ; 2.281      ;
; 2.255 ; bank_reg_32x32bit:BancoRegistradores|reg_pp_32bit:t7|05 ; data_memory:DataMemory|ram:MemoriaRAM|altsyncram:altsyncram_component|altsyncram_vme1:auto_generated|ram_block1a0~porta_datain_reg0                ; DivisorFrequencia:inst4|inst2 ; clock       ; -0.500       ; 0.342      ; 2.296      ;
; 2.258 ; bank_reg_32x32bit:BancoRegistradores|reg_pp_32bit:gp|00 ; data_memory:DataMemory|ram:MemoriaRAM|altsyncram:altsyncram_component|altsyncram_vme1:auto_generated|ram_block1a0~porta_datain_reg0                ; DivisorFrequencia:inst4|inst2 ; clock       ; -0.500       ; 0.330      ; 2.287      ;
; 2.262 ; bank_reg_32x32bit:BancoRegistradores|reg_pp_32bit:v1|14 ; data_memory:DataMemory|ram:MemoriaRAM|altsyncram:altsyncram_component|altsyncram_vme1:auto_generated|ram_block1a14~porta_datain_reg0               ; DivisorFrequencia:inst4|inst2 ; clock       ; -0.500       ; 0.311      ; 2.272      ;
; 2.273 ; bank_reg_32x32bit:BancoRegistradores|reg_pp_32bit:t7|20 ; data_memory:DataMemory|ram:MemoriaRAM|altsyncram:altsyncram_component|altsyncram_vme1:auto_generated|ram_block1a14~porta_datain_reg0               ; DivisorFrequencia:inst4|inst2 ; clock       ; -0.500       ; 0.342      ; 2.314      ;
; 2.281 ; bank_reg_32x32bit:BancoRegistradores|reg_pp_32bit:v1|31 ; data_memory:DataMemory|ram:MemoriaRAM|altsyncram:altsyncram_component|altsyncram_vme1:auto_generated|ram_block1a14~porta_datain_reg0               ; DivisorFrequencia:inst4|inst2 ; clock       ; -0.500       ; 0.312      ; 2.292      ;
; 2.293 ; bank_reg_32x32bit:BancoRegistradores|reg_pp_32bit:t7|30 ; data_memory:DataMemory|ram:MemoriaRAM|altsyncram:altsyncram_component|altsyncram_vme1:auto_generated|ram_block1a14~porta_datain_reg0               ; DivisorFrequencia:inst4|inst2 ; clock       ; -0.500       ; 0.342      ; 2.334      ;
; 2.295 ; bank_reg_32x32bit:BancoRegistradores|reg_pp_32bit:v1|13 ; data_memory:DataMemory|ram:MemoriaRAM|altsyncram:altsyncram_component|altsyncram_vme1:auto_generated|ram_block1a0~porta_datain_reg0                ; DivisorFrequencia:inst4|inst2 ; clock       ; -0.500       ; 0.319      ; 2.313      ;
; 2.295 ; bank_reg_32x32bit:BancoRegistradores|reg_pp_32bit:t7|12 ; data_memory:DataMemory|ram:MemoriaRAM|altsyncram:altsyncram_component|altsyncram_vme1:auto_generated|ram_block1a0~porta_datain_reg0                ; DivisorFrequencia:inst4|inst2 ; clock       ; -0.500       ; 0.332      ; 2.326      ;
; 2.300 ; bank_reg_32x32bit:BancoRegistradores|reg_pp_32bit:v0|04 ; data_memory:DataMemory|ram:MemoriaRAM|altsyncram:altsyncram_component|altsyncram_vme1:auto_generated|ram_block1a0~porta_datain_reg0                ; DivisorFrequencia:inst4|inst2 ; clock       ; -0.500       ; 0.312      ; 2.311      ;
; 2.301 ; bank_reg_32x32bit:BancoRegistradores|reg_pp_32bit:t2|06 ; data_memory:DataMemory|ram:MemoriaRAM|altsyncram:altsyncram_component|altsyncram_vme1:auto_generated|ram_block1a0~porta_datain_reg0                ; DivisorFrequencia:inst4|inst2 ; clock       ; -0.500       ; 0.329      ; 2.329      ;
; 2.303 ; bank_reg_32x32bit:BancoRegistradores|reg_pp_32bit:t4|00 ; data_memory:DataMemory|ram:MemoriaRAM|altsyncram:altsyncram_component|altsyncram_vme1:auto_generated|ram_block1a0~porta_datain_reg0                ; DivisorFrequencia:inst4|inst2 ; clock       ; -0.500       ; 0.341      ; 2.343      ;
; 2.307 ; bank_reg_32x32bit:BancoRegistradores|reg_pp_32bit:v1|03 ; data_memory:DataMemory|ram:MemoriaRAM|altsyncram:altsyncram_component|altsyncram_vme1:auto_generated|ram_block1a0~porta_datain_reg0                ; DivisorFrequencia:inst4|inst2 ; clock       ; -0.500       ; 0.322      ; 2.328      ;
; 2.307 ; bank_reg_32x32bit:BancoRegistradores|reg_pp_32bit:v1|06 ; data_memory:DataMemory|ram:MemoriaRAM|altsyncram:altsyncram_component|altsyncram_vme1:auto_generated|ram_block1a0~porta_datain_reg0                ; DivisorFrequencia:inst4|inst2 ; clock       ; -0.500       ; 0.319      ; 2.325      ;
; 2.309 ; bank_reg_32x32bit:BancoRegistradores|reg_pp_32bit:sp|25 ; data_memory:DataMemory|ram:MemoriaRAM|altsyncram:altsyncram_component|altsyncram_vme1:auto_generated|ram_block1a14~porta_datain_reg0               ; DivisorFrequencia:inst4|inst2 ; clock       ; -0.500       ; 0.339      ; 2.347      ;
; 2.312 ; bank_reg_32x32bit:BancoRegistradores|reg_pp_32bit:gp|24 ; data_memory:DataMemory|ram:MemoriaRAM|altsyncram:altsyncram_component|altsyncram_vme1:auto_generated|ram_block1a14~porta_datain_reg0               ; DivisorFrequencia:inst4|inst2 ; clock       ; -0.500       ; 0.330      ; 2.341      ;
; 2.319 ; bank_reg_32x32bit:BancoRegistradores|reg_pp_32bit:v1|20 ; data_memory:DataMemory|ram:MemoriaRAM|altsyncram:altsyncram_component|altsyncram_vme1:auto_generated|ram_block1a14~porta_datain_reg0               ; DivisorFrequencia:inst4|inst2 ; clock       ; -0.500       ; 0.329      ; 2.347      ;
; 2.321 ; bank_reg_32x32bit:BancoRegistradores|reg_pp_32bit:s4|19 ; data_memory:DataMemory|ram:MemoriaRAM|altsyncram:altsyncram_component|altsyncram_vme1:auto_generated|ram_block1a14~porta_datain_reg0               ; DivisorFrequencia:inst4|inst2 ; clock       ; -0.500       ; 0.325      ; 2.345      ;
; 2.322 ; bank_reg_32x32bit:BancoRegistradores|reg_pp_32bit:v1|05 ; data_memory:DataMemory|ram:MemoriaRAM|altsyncram:altsyncram_component|altsyncram_vme1:auto_generated|ram_block1a0~porta_datain_reg0                ; DivisorFrequencia:inst4|inst2 ; clock       ; -0.500       ; 0.320      ; 2.341      ;
; 2.323 ; bank_reg_32x32bit:BancoRegistradores|reg_pp_32bit:t6|08 ; data_memory:DataMemory|ram:MemoriaRAM|altsyncram:altsyncram_component|altsyncram_vme1:auto_generated|ram_block1a0~porta_datain_reg0                ; DivisorFrequencia:inst4|inst2 ; clock       ; -0.500       ; 0.343      ; 2.365      ;
; 2.334 ; bank_reg_32x32bit:BancoRegistradores|reg_pp_32bit:t7|26 ; data_memory:DataMemory|ram:MemoriaRAM|altsyncram:altsyncram_component|altsyncram_vme1:auto_generated|ram_block1a14~porta_datain_reg0               ; DivisorFrequencia:inst4|inst2 ; clock       ; -0.500       ; 0.010      ; 2.043      ;
; 2.343 ; bank_reg_32x32bit:BancoRegistradores|reg_pp_32bit:t1|04 ; data_memory:DataMemory|ram:MemoriaRAM|altsyncram:altsyncram_component|altsyncram_vme1:auto_generated|ram_block1a14~porta_address_reg0              ; DivisorFrequencia:inst4|inst2 ; clock       ; -0.500       ; 0.326      ; 2.368      ;
; 2.343 ; bank_reg_32x32bit:BancoRegistradores|reg_pp_32bit:t1|04 ; data_memory:DataMemory|ram:MemoriaRAM|altsyncram:altsyncram_component|altsyncram_vme1:auto_generated|ram_block1a0~porta_address_reg0               ; DivisorFrequencia:inst4|inst2 ; clock       ; -0.500       ; 0.326      ; 2.368      ;
; 2.343 ; bank_reg_32x32bit:BancoRegistradores|reg_pp_32bit:t3|25 ; data_memory:DataMemory|ram:MemoriaRAM|altsyncram:altsyncram_component|altsyncram_vme1:auto_generated|ram_block1a14~porta_datain_reg0               ; DivisorFrequencia:inst4|inst2 ; clock       ; -0.500       ; 0.328      ; 2.370      ;
; 2.344 ; bank_reg_32x32bit:BancoRegistradores|reg_pp_32bit:t0|18 ; data_memory:DataMemory|ram:MemoriaRAM|altsyncram:altsyncram_component|altsyncram_vme1:auto_generated|ram_block1a14~porta_datain_reg0               ; DivisorFrequencia:inst4|inst2 ; clock       ; -0.500       ; 0.342      ; 2.385      ;
; 2.355 ; bank_reg_32x32bit:BancoRegistradores|reg_pp_32bit:gp|11 ; data_memory:DataMemory|ram:MemoriaRAM|altsyncram:altsyncram_component|altsyncram_vme1:auto_generated|ram_block1a0~porta_datain_reg0                ; DivisorFrequencia:inst4|inst2 ; clock       ; -0.500       ; 0.328      ; 2.382      ;
; 2.355 ; bank_reg_32x32bit:BancoRegistradores|reg_pp_32bit:v1|23 ; data_memory:DataMemory|ram:MemoriaRAM|altsyncram:altsyncram_component|altsyncram_vme1:auto_generated|ram_block1a14~porta_datain_reg0               ; DivisorFrequencia:inst4|inst2 ; clock       ; -0.500       ; 0.320      ; 2.374      ;
; 2.360 ; bank_reg_32x32bit:BancoRegistradores|reg_pp_32bit:t3|12 ; data_memory:DataMemory|ram:MemoriaRAM|altsyncram:altsyncram_component|altsyncram_vme1:auto_generated|ram_block1a0~porta_datain_reg0                ; DivisorFrequencia:inst4|inst2 ; clock       ; -0.500       ; 0.328      ; 2.387      ;
; 2.360 ; bank_reg_32x32bit:BancoRegistradores|reg_pp_32bit:t7|17 ; data_memory:DataMemory|ram:MemoriaRAM|altsyncram:altsyncram_component|altsyncram_vme1:auto_generated|ram_block1a14~porta_datain_reg0               ; DivisorFrequencia:inst4|inst2 ; clock       ; -0.500       ; 0.010      ; 2.069      ;
; 2.361 ; bank_reg_32x32bit:BancoRegistradores|reg_pp_32bit:t3|09 ; data_memory:DataMemory|ram:MemoriaRAM|altsyncram:altsyncram_component|altsyncram_vme1:auto_generated|ram_block1a0~porta_datain_reg0                ; DivisorFrequencia:inst4|inst2 ; clock       ; -0.500       ; 0.330      ; 2.390      ;
; 2.363 ; bank_reg_32x32bit:BancoRegistradores|reg_pp_32bit:t1|18 ; data_memory:DataMemory|ram:MemoriaRAM|altsyncram:altsyncram_component|altsyncram_vme1:auto_generated|ram_block1a14~porta_datain_reg0               ; DivisorFrequencia:inst4|inst2 ; clock       ; -0.500       ; 0.342      ; 2.404      ;
+-------+---------------------------------------------------------+----------------------------------------------------------------------------------------------------------------------------------------------------+-------------------------------+-------------+--------------+------------+------------+


+-------------------------------------------------------------------------------------------------------------------------------------------------------------------------------------------------------------------------------------+
; Slow 1200mV 0C Model Minimum Pulse Width: 'clock'                                                                                                                                                                                   ;
+--------+--------------+----------------+------------------+-------+------------+----------------------------------------------------------------------------------------------------------------------------------------------------+
; Slack  ; Actual Width ; Required Width ; Type             ; Clock ; Clock Edge ; Target                                                                                                                                             ;
+--------+--------------+----------------+------------------+-------+------------+----------------------------------------------------------------------------------------------------------------------------------------------------+
; -3.000 ; 1.000        ; 4.000          ; Port Rate        ; clock ; Rise       ; clock                                                                                                                                              ;
; -2.174 ; 1.000        ; 3.174          ; Min Period       ; clock ; Fall       ; data_memory:DataMemory|ram:MemoriaRAM|altsyncram:altsyncram_component|altsyncram_vme1:auto_generated|ram_block1a0~porta_address_reg0               ;
; -2.174 ; 1.000        ; 3.174          ; Min Period       ; clock ; Fall       ; data_memory:DataMemory|ram:MemoriaRAM|altsyncram:altsyncram_component|altsyncram_vme1:auto_generated|ram_block1a0~porta_datain_reg0                ;
; -2.174 ; 1.000        ; 3.174          ; Min Period       ; clock ; Fall       ; data_memory:DataMemory|ram:MemoriaRAM|altsyncram:altsyncram_component|altsyncram_vme1:auto_generated|ram_block1a0~porta_we_reg                     ;
; -2.174 ; 1.000        ; 3.174          ; Min Period       ; clock ; Fall       ; data_memory:DataMemory|ram:MemoriaRAM|altsyncram:altsyncram_component|altsyncram_vme1:auto_generated|ram_block1a14~porta_address_reg0              ;
; -2.174 ; 1.000        ; 3.174          ; Min Period       ; clock ; Fall       ; data_memory:DataMemory|ram:MemoriaRAM|altsyncram:altsyncram_component|altsyncram_vme1:auto_generated|ram_block1a14~porta_datain_reg0               ;
; -2.174 ; 1.000        ; 3.174          ; Min Period       ; clock ; Fall       ; data_memory:DataMemory|ram:MemoriaRAM|altsyncram:altsyncram_component|altsyncram_vme1:auto_generated|ram_block1a14~porta_we_reg                    ;
; -2.174 ; 1.000        ; 3.174          ; Min Period       ; clock ; Fall       ; instruction_memory:InstructionMemory|rom:MemoriaRom|altsyncram:altsyncram_component|altsyncram_bk91:auto_generated|ram_block1a0~porta_address_reg0 ;
; -1.000 ; 1.000        ; 2.000          ; Min Period       ; clock ; Fall       ; DivisorFrequencia:inst4|inst                                                                                                                       ;
; -1.000 ; 1.000        ; 2.000          ; Min Period       ; clock ; Fall       ; DivisorFrequencia:inst4|inst1                                                                                                                      ;
; -1.000 ; 1.000        ; 2.000          ; Min Period       ; clock ; Fall       ; DivisorFrequencia:inst4|inst2                                                                                                                      ;
; 0.007  ; 0.237        ; 0.230          ; High Pulse Width ; clock ; Fall       ; instruction_memory:InstructionMemory|rom:MemoriaRom|altsyncram:altsyncram_component|altsyncram_bk91:auto_generated|ram_block1a0~porta_address_reg0 ;
; 0.010  ; 0.240        ; 0.230          ; High Pulse Width ; clock ; Fall       ; data_memory:DataMemory|ram:MemoriaRAM|altsyncram:altsyncram_component|altsyncram_vme1:auto_generated|ram_block1a0~porta_address_reg0               ;
; 0.010  ; 0.240        ; 0.230          ; High Pulse Width ; clock ; Fall       ; data_memory:DataMemory|ram:MemoriaRAM|altsyncram:altsyncram_component|altsyncram_vme1:auto_generated|ram_block1a0~porta_datain_reg0                ;
; 0.010  ; 0.240        ; 0.230          ; High Pulse Width ; clock ; Fall       ; data_memory:DataMemory|ram:MemoriaRAM|altsyncram:altsyncram_component|altsyncram_vme1:auto_generated|ram_block1a0~porta_we_reg                     ;
; 0.010  ; 0.240        ; 0.230          ; High Pulse Width ; clock ; Fall       ; data_memory:DataMemory|ram:MemoriaRAM|altsyncram:altsyncram_component|altsyncram_vme1:auto_generated|ram_block1a14~porta_address_reg0              ;
; 0.010  ; 0.240        ; 0.230          ; High Pulse Width ; clock ; Fall       ; data_memory:DataMemory|ram:MemoriaRAM|altsyncram:altsyncram_component|altsyncram_vme1:auto_generated|ram_block1a14~porta_datain_reg0               ;
; 0.010  ; 0.240        ; 0.230          ; High Pulse Width ; clock ; Fall       ; data_memory:DataMemory|ram:MemoriaRAM|altsyncram:altsyncram_component|altsyncram_vme1:auto_generated|ram_block1a14~porta_we_reg                    ;
; 0.038  ; 0.254        ; 0.216          ; High Pulse Width ; clock ; Fall       ; DivisorFrequencia:inst4|inst                                                                                                                       ;
; 0.044  ; 0.260        ; 0.216          ; High Pulse Width ; clock ; Fall       ; DivisorFrequencia:inst4|inst1                                                                                                                      ;
; 0.044  ; 0.260        ; 0.216          ; High Pulse Width ; clock ; Fall       ; DivisorFrequencia:inst4|inst2                                                                                                                      ;
; 0.240  ; 0.240        ; 0.000          ; Low Pulse Width  ; clock ; Rise       ; inst4|inst|clk                                                                                                                                     ;
; 0.245  ; 0.245        ; 0.000          ; Low Pulse Width  ; clock ; Rise       ; clock~input|o                                                                                                                                      ;
; 0.246  ; 0.246        ; 0.000          ; Low Pulse Width  ; clock ; Rise       ; inst4|inst1|clk                                                                                                                                    ;
; 0.246  ; 0.246        ; 0.000          ; Low Pulse Width  ; clock ; Rise       ; inst4|inst2|clk                                                                                                                                    ;
; 0.247  ; 0.247        ; 0.000          ; Low Pulse Width  ; clock ; Rise       ; InstructionMemory|MemoriaRom|altsyncram_component|auto_generated|ram_block1a0|clk0                                                                 ;
; 0.250  ; 0.250        ; 0.000          ; Low Pulse Width  ; clock ; Rise       ; DataMemory|MemoriaRAM|altsyncram_component|auto_generated|ram_block1a0|clk0                                                                        ;
; 0.250  ; 0.250        ; 0.000          ; Low Pulse Width  ; clock ; Rise       ; DataMemory|MemoriaRAM|altsyncram_component|auto_generated|ram_block1a14|clk0                                                                       ;
; 0.254  ; 0.254        ; 0.000          ; Low Pulse Width  ; clock ; Rise       ; clock~inputclkctrl|inclk[0]                                                                                                                        ;
; 0.254  ; 0.254        ; 0.000          ; Low Pulse Width  ; clock ; Rise       ; clock~inputclkctrl|outclk                                                                                                                          ;
; 0.500  ; 0.500        ; 0.000          ; High Pulse Width ; clock ; Rise       ; clock~input|i                                                                                                                                      ;
; 0.500  ; 0.500        ; 0.000          ; Low Pulse Width  ; clock ; Rise       ; clock~input|i                                                                                                                                      ;
; 0.522  ; 0.752        ; 0.230          ; Low Pulse Width  ; clock ; Fall       ; data_memory:DataMemory|ram:MemoriaRAM|altsyncram:altsyncram_component|altsyncram_vme1:auto_generated|ram_block1a0~porta_address_reg0               ;
; 0.522  ; 0.752        ; 0.230          ; Low Pulse Width  ; clock ; Fall       ; data_memory:DataMemory|ram:MemoriaRAM|altsyncram:altsyncram_component|altsyncram_vme1:auto_generated|ram_block1a0~porta_datain_reg0                ;
; 0.522  ; 0.752        ; 0.230          ; Low Pulse Width  ; clock ; Fall       ; data_memory:DataMemory|ram:MemoriaRAM|altsyncram:altsyncram_component|altsyncram_vme1:auto_generated|ram_block1a0~porta_we_reg                     ;
; 0.522  ; 0.752        ; 0.230          ; Low Pulse Width  ; clock ; Fall       ; data_memory:DataMemory|ram:MemoriaRAM|altsyncram:altsyncram_component|altsyncram_vme1:auto_generated|ram_block1a14~porta_address_reg0              ;
; 0.522  ; 0.752        ; 0.230          ; Low Pulse Width  ; clock ; Fall       ; data_memory:DataMemory|ram:MemoriaRAM|altsyncram:altsyncram_component|altsyncram_vme1:auto_generated|ram_block1a14~porta_datain_reg0               ;
; 0.522  ; 0.752        ; 0.230          ; Low Pulse Width  ; clock ; Fall       ; data_memory:DataMemory|ram:MemoriaRAM|altsyncram:altsyncram_component|altsyncram_vme1:auto_generated|ram_block1a14~porta_we_reg                    ;
; 0.524  ; 0.754        ; 0.230          ; Low Pulse Width  ; clock ; Fall       ; instruction_memory:InstructionMemory|rom:MemoriaRom|altsyncram:altsyncram_component|altsyncram_bk91:auto_generated|ram_block1a0~porta_address_reg0 ;
; 0.554  ; 0.738        ; 0.184          ; Low Pulse Width  ; clock ; Fall       ; DivisorFrequencia:inst4|inst1                                                                                                                      ;
; 0.554  ; 0.738        ; 0.184          ; Low Pulse Width  ; clock ; Fall       ; DivisorFrequencia:inst4|inst2                                                                                                                      ;
; 0.560  ; 0.744        ; 0.184          ; Low Pulse Width  ; clock ; Fall       ; DivisorFrequencia:inst4|inst                                                                                                                       ;
; 0.745  ; 0.745        ; 0.000          ; High Pulse Width ; clock ; Rise       ; clock~inputclkctrl|inclk[0]                                                                                                                        ;
; 0.745  ; 0.745        ; 0.000          ; High Pulse Width ; clock ; Rise       ; clock~inputclkctrl|outclk                                                                                                                          ;
; 0.750  ; 0.750        ; 0.000          ; High Pulse Width ; clock ; Rise       ; DataMemory|MemoriaRAM|altsyncram_component|auto_generated|ram_block1a0|clk0                                                                        ;
; 0.750  ; 0.750        ; 0.000          ; High Pulse Width ; clock ; Rise       ; DataMemory|MemoriaRAM|altsyncram_component|auto_generated|ram_block1a14|clk0                                                                       ;
; 0.752  ; 0.752        ; 0.000          ; High Pulse Width ; clock ; Rise       ; InstructionMemory|MemoriaRom|altsyncram_component|auto_generated|ram_block1a0|clk0                                                                 ;
; 0.753  ; 0.753        ; 0.000          ; High Pulse Width ; clock ; Rise       ; inst4|inst1|clk                                                                                                                                    ;
; 0.753  ; 0.753        ; 0.000          ; High Pulse Width ; clock ; Rise       ; inst4|inst2|clk                                                                                                                                    ;
; 0.755  ; 0.755        ; 0.000          ; High Pulse Width ; clock ; Rise       ; clock~input|o                                                                                                                                      ;
; 0.759  ; 0.759        ; 0.000          ; High Pulse Width ; clock ; Rise       ; inst4|inst|clk                                                                                                                                     ;
+--------+--------------+----------------+------------------+-------+------------+----------------------------------------------------------------------------------------------------------------------------------------------------+


+------------------------------------------------------------------------------------------------------------------------------------------------------------+
; Slow 1200mV 0C Model Minimum Pulse Width: 'DivisorFrequencia:inst4|inst2'                                                                                  ;
+--------+--------------+----------------+------------+-------------------------------+------------+---------------------------------------------------------+
; Slack  ; Actual Width ; Required Width ; Type       ; Clock                         ; Clock Edge ; Target                                                  ;
+--------+--------------+----------------+------------+-------------------------------+------------+---------------------------------------------------------+
; -1.000 ; 1.000        ; 2.000          ; Min Period ; DivisorFrequencia:inst4|inst2 ; Rise       ; bank_reg_32x32bit:BancoRegistradores|reg_pp_32bit:a0|00 ;
; -1.000 ; 1.000        ; 2.000          ; Min Period ; DivisorFrequencia:inst4|inst2 ; Rise       ; bank_reg_32x32bit:BancoRegistradores|reg_pp_32bit:a0|01 ;
; -1.000 ; 1.000        ; 2.000          ; Min Period ; DivisorFrequencia:inst4|inst2 ; Rise       ; bank_reg_32x32bit:BancoRegistradores|reg_pp_32bit:a0|02 ;
; -1.000 ; 1.000        ; 2.000          ; Min Period ; DivisorFrequencia:inst4|inst2 ; Rise       ; bank_reg_32x32bit:BancoRegistradores|reg_pp_32bit:a0|03 ;
; -1.000 ; 1.000        ; 2.000          ; Min Period ; DivisorFrequencia:inst4|inst2 ; Rise       ; bank_reg_32x32bit:BancoRegistradores|reg_pp_32bit:a0|04 ;
; -1.000 ; 1.000        ; 2.000          ; Min Period ; DivisorFrequencia:inst4|inst2 ; Rise       ; bank_reg_32x32bit:BancoRegistradores|reg_pp_32bit:a0|05 ;
; -1.000 ; 1.000        ; 2.000          ; Min Period ; DivisorFrequencia:inst4|inst2 ; Rise       ; bank_reg_32x32bit:BancoRegistradores|reg_pp_32bit:a0|06 ;
; -1.000 ; 1.000        ; 2.000          ; Min Period ; DivisorFrequencia:inst4|inst2 ; Rise       ; bank_reg_32x32bit:BancoRegistradores|reg_pp_32bit:a0|07 ;
; -1.000 ; 1.000        ; 2.000          ; Min Period ; DivisorFrequencia:inst4|inst2 ; Rise       ; bank_reg_32x32bit:BancoRegistradores|reg_pp_32bit:a0|08 ;
; -1.000 ; 1.000        ; 2.000          ; Min Period ; DivisorFrequencia:inst4|inst2 ; Rise       ; bank_reg_32x32bit:BancoRegistradores|reg_pp_32bit:a0|09 ;
; -1.000 ; 1.000        ; 2.000          ; Min Period ; DivisorFrequencia:inst4|inst2 ; Rise       ; bank_reg_32x32bit:BancoRegistradores|reg_pp_32bit:a0|10 ;
; -1.000 ; 1.000        ; 2.000          ; Min Period ; DivisorFrequencia:inst4|inst2 ; Rise       ; bank_reg_32x32bit:BancoRegistradores|reg_pp_32bit:a0|11 ;
; -1.000 ; 1.000        ; 2.000          ; Min Period ; DivisorFrequencia:inst4|inst2 ; Rise       ; bank_reg_32x32bit:BancoRegistradores|reg_pp_32bit:a0|12 ;
; -1.000 ; 1.000        ; 2.000          ; Min Period ; DivisorFrequencia:inst4|inst2 ; Rise       ; bank_reg_32x32bit:BancoRegistradores|reg_pp_32bit:a0|13 ;
; -1.000 ; 1.000        ; 2.000          ; Min Period ; DivisorFrequencia:inst4|inst2 ; Rise       ; bank_reg_32x32bit:BancoRegistradores|reg_pp_32bit:a0|14 ;
; -1.000 ; 1.000        ; 2.000          ; Min Period ; DivisorFrequencia:inst4|inst2 ; Rise       ; bank_reg_32x32bit:BancoRegistradores|reg_pp_32bit:a0|15 ;
; -1.000 ; 1.000        ; 2.000          ; Min Period ; DivisorFrequencia:inst4|inst2 ; Rise       ; bank_reg_32x32bit:BancoRegistradores|reg_pp_32bit:a0|16 ;
; -1.000 ; 1.000        ; 2.000          ; Min Period ; DivisorFrequencia:inst4|inst2 ; Rise       ; bank_reg_32x32bit:BancoRegistradores|reg_pp_32bit:a0|17 ;
; -1.000 ; 1.000        ; 2.000          ; Min Period ; DivisorFrequencia:inst4|inst2 ; Rise       ; bank_reg_32x32bit:BancoRegistradores|reg_pp_32bit:a0|18 ;
; -1.000 ; 1.000        ; 2.000          ; Min Period ; DivisorFrequencia:inst4|inst2 ; Rise       ; bank_reg_32x32bit:BancoRegistradores|reg_pp_32bit:a0|19 ;
; -1.000 ; 1.000        ; 2.000          ; Min Period ; DivisorFrequencia:inst4|inst2 ; Rise       ; bank_reg_32x32bit:BancoRegistradores|reg_pp_32bit:a0|20 ;
; -1.000 ; 1.000        ; 2.000          ; Min Period ; DivisorFrequencia:inst4|inst2 ; Rise       ; bank_reg_32x32bit:BancoRegistradores|reg_pp_32bit:a0|21 ;
; -1.000 ; 1.000        ; 2.000          ; Min Period ; DivisorFrequencia:inst4|inst2 ; Rise       ; bank_reg_32x32bit:BancoRegistradores|reg_pp_32bit:a0|22 ;
; -1.000 ; 1.000        ; 2.000          ; Min Period ; DivisorFrequencia:inst4|inst2 ; Rise       ; bank_reg_32x32bit:BancoRegistradores|reg_pp_32bit:a0|23 ;
; -1.000 ; 1.000        ; 2.000          ; Min Period ; DivisorFrequencia:inst4|inst2 ; Rise       ; bank_reg_32x32bit:BancoRegistradores|reg_pp_32bit:a0|24 ;
; -1.000 ; 1.000        ; 2.000          ; Min Period ; DivisorFrequencia:inst4|inst2 ; Rise       ; bank_reg_32x32bit:BancoRegistradores|reg_pp_32bit:a0|25 ;
; -1.000 ; 1.000        ; 2.000          ; Min Period ; DivisorFrequencia:inst4|inst2 ; Rise       ; bank_reg_32x32bit:BancoRegistradores|reg_pp_32bit:a0|26 ;
; -1.000 ; 1.000        ; 2.000          ; Min Period ; DivisorFrequencia:inst4|inst2 ; Rise       ; bank_reg_32x32bit:BancoRegistradores|reg_pp_32bit:a0|27 ;
; -1.000 ; 1.000        ; 2.000          ; Min Period ; DivisorFrequencia:inst4|inst2 ; Rise       ; bank_reg_32x32bit:BancoRegistradores|reg_pp_32bit:a0|28 ;
; -1.000 ; 1.000        ; 2.000          ; Min Period ; DivisorFrequencia:inst4|inst2 ; Rise       ; bank_reg_32x32bit:BancoRegistradores|reg_pp_32bit:a0|29 ;
; -1.000 ; 1.000        ; 2.000          ; Min Period ; DivisorFrequencia:inst4|inst2 ; Rise       ; bank_reg_32x32bit:BancoRegistradores|reg_pp_32bit:a0|30 ;
; -1.000 ; 1.000        ; 2.000          ; Min Period ; DivisorFrequencia:inst4|inst2 ; Rise       ; bank_reg_32x32bit:BancoRegistradores|reg_pp_32bit:a0|31 ;
; -1.000 ; 1.000        ; 2.000          ; Min Period ; DivisorFrequencia:inst4|inst2 ; Rise       ; bank_reg_32x32bit:BancoRegistradores|reg_pp_32bit:a1|00 ;
; -1.000 ; 1.000        ; 2.000          ; Min Period ; DivisorFrequencia:inst4|inst2 ; Rise       ; bank_reg_32x32bit:BancoRegistradores|reg_pp_32bit:a1|01 ;
; -1.000 ; 1.000        ; 2.000          ; Min Period ; DivisorFrequencia:inst4|inst2 ; Rise       ; bank_reg_32x32bit:BancoRegistradores|reg_pp_32bit:a1|02 ;
; -1.000 ; 1.000        ; 2.000          ; Min Period ; DivisorFrequencia:inst4|inst2 ; Rise       ; bank_reg_32x32bit:BancoRegistradores|reg_pp_32bit:a1|03 ;
; -1.000 ; 1.000        ; 2.000          ; Min Period ; DivisorFrequencia:inst4|inst2 ; Rise       ; bank_reg_32x32bit:BancoRegistradores|reg_pp_32bit:a1|04 ;
; -1.000 ; 1.000        ; 2.000          ; Min Period ; DivisorFrequencia:inst4|inst2 ; Rise       ; bank_reg_32x32bit:BancoRegistradores|reg_pp_32bit:a1|05 ;
; -1.000 ; 1.000        ; 2.000          ; Min Period ; DivisorFrequencia:inst4|inst2 ; Rise       ; bank_reg_32x32bit:BancoRegistradores|reg_pp_32bit:a1|06 ;
; -1.000 ; 1.000        ; 2.000          ; Min Period ; DivisorFrequencia:inst4|inst2 ; Rise       ; bank_reg_32x32bit:BancoRegistradores|reg_pp_32bit:a1|07 ;
; -1.000 ; 1.000        ; 2.000          ; Min Period ; DivisorFrequencia:inst4|inst2 ; Rise       ; bank_reg_32x32bit:BancoRegistradores|reg_pp_32bit:a1|08 ;
; -1.000 ; 1.000        ; 2.000          ; Min Period ; DivisorFrequencia:inst4|inst2 ; Rise       ; bank_reg_32x32bit:BancoRegistradores|reg_pp_32bit:a1|09 ;
; -1.000 ; 1.000        ; 2.000          ; Min Period ; DivisorFrequencia:inst4|inst2 ; Rise       ; bank_reg_32x32bit:BancoRegistradores|reg_pp_32bit:a1|10 ;
; -1.000 ; 1.000        ; 2.000          ; Min Period ; DivisorFrequencia:inst4|inst2 ; Rise       ; bank_reg_32x32bit:BancoRegistradores|reg_pp_32bit:a1|11 ;
; -1.000 ; 1.000        ; 2.000          ; Min Period ; DivisorFrequencia:inst4|inst2 ; Rise       ; bank_reg_32x32bit:BancoRegistradores|reg_pp_32bit:a1|12 ;
; -1.000 ; 1.000        ; 2.000          ; Min Period ; DivisorFrequencia:inst4|inst2 ; Rise       ; bank_reg_32x32bit:BancoRegistradores|reg_pp_32bit:a1|13 ;
; -1.000 ; 1.000        ; 2.000          ; Min Period ; DivisorFrequencia:inst4|inst2 ; Rise       ; bank_reg_32x32bit:BancoRegistradores|reg_pp_32bit:a1|14 ;
; -1.000 ; 1.000        ; 2.000          ; Min Period ; DivisorFrequencia:inst4|inst2 ; Rise       ; bank_reg_32x32bit:BancoRegistradores|reg_pp_32bit:a1|15 ;
; -1.000 ; 1.000        ; 2.000          ; Min Period ; DivisorFrequencia:inst4|inst2 ; Rise       ; bank_reg_32x32bit:BancoRegistradores|reg_pp_32bit:a1|16 ;
; -1.000 ; 1.000        ; 2.000          ; Min Period ; DivisorFrequencia:inst4|inst2 ; Rise       ; bank_reg_32x32bit:BancoRegistradores|reg_pp_32bit:a1|17 ;
; -1.000 ; 1.000        ; 2.000          ; Min Period ; DivisorFrequencia:inst4|inst2 ; Rise       ; bank_reg_32x32bit:BancoRegistradores|reg_pp_32bit:a1|18 ;
; -1.000 ; 1.000        ; 2.000          ; Min Period ; DivisorFrequencia:inst4|inst2 ; Rise       ; bank_reg_32x32bit:BancoRegistradores|reg_pp_32bit:a1|19 ;
; -1.000 ; 1.000        ; 2.000          ; Min Period ; DivisorFrequencia:inst4|inst2 ; Rise       ; bank_reg_32x32bit:BancoRegistradores|reg_pp_32bit:a1|20 ;
; -1.000 ; 1.000        ; 2.000          ; Min Period ; DivisorFrequencia:inst4|inst2 ; Rise       ; bank_reg_32x32bit:BancoRegistradores|reg_pp_32bit:a1|21 ;
; -1.000 ; 1.000        ; 2.000          ; Min Period ; DivisorFrequencia:inst4|inst2 ; Rise       ; bank_reg_32x32bit:BancoRegistradores|reg_pp_32bit:a1|22 ;
; -1.000 ; 1.000        ; 2.000          ; Min Period ; DivisorFrequencia:inst4|inst2 ; Rise       ; bank_reg_32x32bit:BancoRegistradores|reg_pp_32bit:a1|23 ;
; -1.000 ; 1.000        ; 2.000          ; Min Period ; DivisorFrequencia:inst4|inst2 ; Rise       ; bank_reg_32x32bit:BancoRegistradores|reg_pp_32bit:a1|24 ;
; -1.000 ; 1.000        ; 2.000          ; Min Period ; DivisorFrequencia:inst4|inst2 ; Rise       ; bank_reg_32x32bit:BancoRegistradores|reg_pp_32bit:a1|25 ;
; -1.000 ; 1.000        ; 2.000          ; Min Period ; DivisorFrequencia:inst4|inst2 ; Rise       ; bank_reg_32x32bit:BancoRegistradores|reg_pp_32bit:a1|26 ;
; -1.000 ; 1.000        ; 2.000          ; Min Period ; DivisorFrequencia:inst4|inst2 ; Rise       ; bank_reg_32x32bit:BancoRegistradores|reg_pp_32bit:a1|27 ;
; -1.000 ; 1.000        ; 2.000          ; Min Period ; DivisorFrequencia:inst4|inst2 ; Rise       ; bank_reg_32x32bit:BancoRegistradores|reg_pp_32bit:a1|28 ;
; -1.000 ; 1.000        ; 2.000          ; Min Period ; DivisorFrequencia:inst4|inst2 ; Rise       ; bank_reg_32x32bit:BancoRegistradores|reg_pp_32bit:a1|29 ;
; -1.000 ; 1.000        ; 2.000          ; Min Period ; DivisorFrequencia:inst4|inst2 ; Rise       ; bank_reg_32x32bit:BancoRegistradores|reg_pp_32bit:a1|30 ;
; -1.000 ; 1.000        ; 2.000          ; Min Period ; DivisorFrequencia:inst4|inst2 ; Rise       ; bank_reg_32x32bit:BancoRegistradores|reg_pp_32bit:a1|31 ;
; -1.000 ; 1.000        ; 2.000          ; Min Period ; DivisorFrequencia:inst4|inst2 ; Rise       ; bank_reg_32x32bit:BancoRegistradores|reg_pp_32bit:a2|00 ;
; -1.000 ; 1.000        ; 2.000          ; Min Period ; DivisorFrequencia:inst4|inst2 ; Rise       ; bank_reg_32x32bit:BancoRegistradores|reg_pp_32bit:a2|01 ;
; -1.000 ; 1.000        ; 2.000          ; Min Period ; DivisorFrequencia:inst4|inst2 ; Rise       ; bank_reg_32x32bit:BancoRegistradores|reg_pp_32bit:a2|02 ;
; -1.000 ; 1.000        ; 2.000          ; Min Period ; DivisorFrequencia:inst4|inst2 ; Rise       ; bank_reg_32x32bit:BancoRegistradores|reg_pp_32bit:a2|03 ;
; -1.000 ; 1.000        ; 2.000          ; Min Period ; DivisorFrequencia:inst4|inst2 ; Rise       ; bank_reg_32x32bit:BancoRegistradores|reg_pp_32bit:a2|04 ;
; -1.000 ; 1.000        ; 2.000          ; Min Period ; DivisorFrequencia:inst4|inst2 ; Rise       ; bank_reg_32x32bit:BancoRegistradores|reg_pp_32bit:a2|05 ;
; -1.000 ; 1.000        ; 2.000          ; Min Period ; DivisorFrequencia:inst4|inst2 ; Rise       ; bank_reg_32x32bit:BancoRegistradores|reg_pp_32bit:a2|06 ;
; -1.000 ; 1.000        ; 2.000          ; Min Period ; DivisorFrequencia:inst4|inst2 ; Rise       ; bank_reg_32x32bit:BancoRegistradores|reg_pp_32bit:a2|07 ;
; -1.000 ; 1.000        ; 2.000          ; Min Period ; DivisorFrequencia:inst4|inst2 ; Rise       ; bank_reg_32x32bit:BancoRegistradores|reg_pp_32bit:a2|08 ;
; -1.000 ; 1.000        ; 2.000          ; Min Period ; DivisorFrequencia:inst4|inst2 ; Rise       ; bank_reg_32x32bit:BancoRegistradores|reg_pp_32bit:a2|09 ;
; -1.000 ; 1.000        ; 2.000          ; Min Period ; DivisorFrequencia:inst4|inst2 ; Rise       ; bank_reg_32x32bit:BancoRegistradores|reg_pp_32bit:a2|10 ;
; -1.000 ; 1.000        ; 2.000          ; Min Period ; DivisorFrequencia:inst4|inst2 ; Rise       ; bank_reg_32x32bit:BancoRegistradores|reg_pp_32bit:a2|11 ;
; -1.000 ; 1.000        ; 2.000          ; Min Period ; DivisorFrequencia:inst4|inst2 ; Rise       ; bank_reg_32x32bit:BancoRegistradores|reg_pp_32bit:a2|12 ;
; -1.000 ; 1.000        ; 2.000          ; Min Period ; DivisorFrequencia:inst4|inst2 ; Rise       ; bank_reg_32x32bit:BancoRegistradores|reg_pp_32bit:a2|13 ;
; -1.000 ; 1.000        ; 2.000          ; Min Period ; DivisorFrequencia:inst4|inst2 ; Rise       ; bank_reg_32x32bit:BancoRegistradores|reg_pp_32bit:a2|14 ;
; -1.000 ; 1.000        ; 2.000          ; Min Period ; DivisorFrequencia:inst4|inst2 ; Rise       ; bank_reg_32x32bit:BancoRegistradores|reg_pp_32bit:a2|15 ;
; -1.000 ; 1.000        ; 2.000          ; Min Period ; DivisorFrequencia:inst4|inst2 ; Rise       ; bank_reg_32x32bit:BancoRegistradores|reg_pp_32bit:a2|16 ;
; -1.000 ; 1.000        ; 2.000          ; Min Period ; DivisorFrequencia:inst4|inst2 ; Rise       ; bank_reg_32x32bit:BancoRegistradores|reg_pp_32bit:a2|17 ;
; -1.000 ; 1.000        ; 2.000          ; Min Period ; DivisorFrequencia:inst4|inst2 ; Rise       ; bank_reg_32x32bit:BancoRegistradores|reg_pp_32bit:a2|18 ;
; -1.000 ; 1.000        ; 2.000          ; Min Period ; DivisorFrequencia:inst4|inst2 ; Rise       ; bank_reg_32x32bit:BancoRegistradores|reg_pp_32bit:a2|19 ;
; -1.000 ; 1.000        ; 2.000          ; Min Period ; DivisorFrequencia:inst4|inst2 ; Rise       ; bank_reg_32x32bit:BancoRegistradores|reg_pp_32bit:a2|20 ;
; -1.000 ; 1.000        ; 2.000          ; Min Period ; DivisorFrequencia:inst4|inst2 ; Rise       ; bank_reg_32x32bit:BancoRegistradores|reg_pp_32bit:a2|21 ;
; -1.000 ; 1.000        ; 2.000          ; Min Period ; DivisorFrequencia:inst4|inst2 ; Rise       ; bank_reg_32x32bit:BancoRegistradores|reg_pp_32bit:a2|22 ;
; -1.000 ; 1.000        ; 2.000          ; Min Period ; DivisorFrequencia:inst4|inst2 ; Rise       ; bank_reg_32x32bit:BancoRegistradores|reg_pp_32bit:a2|23 ;
; -1.000 ; 1.000        ; 2.000          ; Min Period ; DivisorFrequencia:inst4|inst2 ; Rise       ; bank_reg_32x32bit:BancoRegistradores|reg_pp_32bit:a2|24 ;
; -1.000 ; 1.000        ; 2.000          ; Min Period ; DivisorFrequencia:inst4|inst2 ; Rise       ; bank_reg_32x32bit:BancoRegistradores|reg_pp_32bit:a2|25 ;
; -1.000 ; 1.000        ; 2.000          ; Min Period ; DivisorFrequencia:inst4|inst2 ; Rise       ; bank_reg_32x32bit:BancoRegistradores|reg_pp_32bit:a2|26 ;
; -1.000 ; 1.000        ; 2.000          ; Min Period ; DivisorFrequencia:inst4|inst2 ; Rise       ; bank_reg_32x32bit:BancoRegistradores|reg_pp_32bit:a2|27 ;
; -1.000 ; 1.000        ; 2.000          ; Min Period ; DivisorFrequencia:inst4|inst2 ; Rise       ; bank_reg_32x32bit:BancoRegistradores|reg_pp_32bit:a2|28 ;
; -1.000 ; 1.000        ; 2.000          ; Min Period ; DivisorFrequencia:inst4|inst2 ; Rise       ; bank_reg_32x32bit:BancoRegistradores|reg_pp_32bit:a2|29 ;
; -1.000 ; 1.000        ; 2.000          ; Min Period ; DivisorFrequencia:inst4|inst2 ; Rise       ; bank_reg_32x32bit:BancoRegistradores|reg_pp_32bit:a2|30 ;
; -1.000 ; 1.000        ; 2.000          ; Min Period ; DivisorFrequencia:inst4|inst2 ; Rise       ; bank_reg_32x32bit:BancoRegistradores|reg_pp_32bit:a2|31 ;
; -1.000 ; 1.000        ; 2.000          ; Min Period ; DivisorFrequencia:inst4|inst2 ; Rise       ; bank_reg_32x32bit:BancoRegistradores|reg_pp_32bit:a3|00 ;
; -1.000 ; 1.000        ; 2.000          ; Min Period ; DivisorFrequencia:inst4|inst2 ; Rise       ; bank_reg_32x32bit:BancoRegistradores|reg_pp_32bit:a3|01 ;
; -1.000 ; 1.000        ; 2.000          ; Min Period ; DivisorFrequencia:inst4|inst2 ; Rise       ; bank_reg_32x32bit:BancoRegistradores|reg_pp_32bit:a3|02 ;
; -1.000 ; 1.000        ; 2.000          ; Min Period ; DivisorFrequencia:inst4|inst2 ; Rise       ; bank_reg_32x32bit:BancoRegistradores|reg_pp_32bit:a3|03 ;
+--------+--------------+----------------+------------+-------------------------------+------------+---------------------------------------------------------+


+-----------------------------------------------------------------------------------------------------------------+
; Clock to Output Times                                                                                           ;
+------------------+-------------------------------+--------+--------+------------+-------------------------------+
; Data Port        ; Clock Port                    ; Rise   ; Fall   ; Clock Edge ; Clock Reference               ;
+------------------+-------------------------------+--------+--------+------------+-------------------------------+
; MemWrite         ; DivisorFrequencia:inst4|inst2 ;        ; 4.137  ; Rise       ; DivisorFrequencia:inst4|inst2 ;
; PC[*]            ; DivisorFrequencia:inst4|inst2 ; 8.788  ; 8.442  ; Rise       ; DivisorFrequencia:inst4|inst2 ;
;  PC[0]           ; DivisorFrequencia:inst4|inst2 ; 6.460  ; 6.350  ; Rise       ; DivisorFrequencia:inst4|inst2 ;
;  PC[1]           ; DivisorFrequencia:inst4|inst2 ; 6.337  ; 6.249  ; Rise       ; DivisorFrequencia:inst4|inst2 ;
;  PC[2]           ; DivisorFrequencia:inst4|inst2 ; 6.641  ; 6.553  ; Rise       ; DivisorFrequencia:inst4|inst2 ;
;  PC[3]           ; DivisorFrequencia:inst4|inst2 ; 6.586  ; 6.495  ; Rise       ; DivisorFrequencia:inst4|inst2 ;
;  PC[4]           ; DivisorFrequencia:inst4|inst2 ; 7.495  ; 7.413  ; Rise       ; DivisorFrequencia:inst4|inst2 ;
;  PC[5]           ; DivisorFrequencia:inst4|inst2 ; 6.896  ; 6.794  ; Rise       ; DivisorFrequencia:inst4|inst2 ;
;  PC[6]           ; DivisorFrequencia:inst4|inst2 ; 7.709  ; 7.521  ; Rise       ; DivisorFrequencia:inst4|inst2 ;
;  PC[7]           ; DivisorFrequencia:inst4|inst2 ; 6.890  ; 6.690  ; Rise       ; DivisorFrequencia:inst4|inst2 ;
;  PC[8]           ; DivisorFrequencia:inst4|inst2 ; 6.366  ; 6.286  ; Rise       ; DivisorFrequencia:inst4|inst2 ;
;  PC[9]           ; DivisorFrequencia:inst4|inst2 ; 6.878  ; 6.793  ; Rise       ; DivisorFrequencia:inst4|inst2 ;
;  PC[10]          ; DivisorFrequencia:inst4|inst2 ; 6.861  ; 6.748  ; Rise       ; DivisorFrequencia:inst4|inst2 ;
;  PC[11]          ; DivisorFrequencia:inst4|inst2 ; 6.154  ; 6.080  ; Rise       ; DivisorFrequencia:inst4|inst2 ;
;  PC[12]          ; DivisorFrequencia:inst4|inst2 ; 6.138  ; 6.034  ; Rise       ; DivisorFrequencia:inst4|inst2 ;
;  PC[13]          ; DivisorFrequencia:inst4|inst2 ; 6.545  ; 6.426  ; Rise       ; DivisorFrequencia:inst4|inst2 ;
;  PC[14]          ; DivisorFrequencia:inst4|inst2 ; 6.588  ; 6.479  ; Rise       ; DivisorFrequencia:inst4|inst2 ;
;  PC[15]          ; DivisorFrequencia:inst4|inst2 ; 6.898  ; 6.728  ; Rise       ; DivisorFrequencia:inst4|inst2 ;
;  PC[16]          ; DivisorFrequencia:inst4|inst2 ; 7.275  ; 7.116  ; Rise       ; DivisorFrequencia:inst4|inst2 ;
;  PC[17]          ; DivisorFrequencia:inst4|inst2 ; 6.840  ; 6.703  ; Rise       ; DivisorFrequencia:inst4|inst2 ;
;  PC[18]          ; DivisorFrequencia:inst4|inst2 ; 8.673  ; 8.375  ; Rise       ; DivisorFrequencia:inst4|inst2 ;
;  PC[19]          ; DivisorFrequencia:inst4|inst2 ; 7.270  ; 7.082  ; Rise       ; DivisorFrequencia:inst4|inst2 ;
;  PC[20]          ; DivisorFrequencia:inst4|inst2 ; 6.104  ; 5.977  ; Rise       ; DivisorFrequencia:inst4|inst2 ;
;  PC[21]          ; DivisorFrequencia:inst4|inst2 ; 6.531  ; 6.437  ; Rise       ; DivisorFrequencia:inst4|inst2 ;
;  PC[22]          ; DivisorFrequencia:inst4|inst2 ; 6.739  ; 6.827  ; Rise       ; DivisorFrequencia:inst4|inst2 ;
;  PC[23]          ; DivisorFrequencia:inst4|inst2 ; 7.298  ; 7.119  ; Rise       ; DivisorFrequencia:inst4|inst2 ;
;  PC[24]          ; DivisorFrequencia:inst4|inst2 ; 6.283  ; 6.129  ; Rise       ; DivisorFrequencia:inst4|inst2 ;
;  PC[25]          ; DivisorFrequencia:inst4|inst2 ; 6.311  ; 6.223  ; Rise       ; DivisorFrequencia:inst4|inst2 ;
;  PC[26]          ; DivisorFrequencia:inst4|inst2 ; 6.181  ; 6.073  ; Rise       ; DivisorFrequencia:inst4|inst2 ;
;  PC[27]          ; DivisorFrequencia:inst4|inst2 ; 8.788  ; 8.442  ; Rise       ; DivisorFrequencia:inst4|inst2 ;
;  PC[28]          ; DivisorFrequencia:inst4|inst2 ; 6.410  ; 6.277  ; Rise       ; DivisorFrequencia:inst4|inst2 ;
;  PC[29]          ; DivisorFrequencia:inst4|inst2 ; 6.350  ; 6.260  ; Rise       ; DivisorFrequencia:inst4|inst2 ;
;  PC[30]          ; DivisorFrequencia:inst4|inst2 ; 6.613  ; 6.456  ; Rise       ; DivisorFrequencia:inst4|inst2 ;
;  PC[31]          ; DivisorFrequencia:inst4|inst2 ; 6.349  ; 6.251  ; Rise       ; DivisorFrequencia:inst4|inst2 ;
; RegWrite         ; DivisorFrequencia:inst4|inst2 ;        ; 3.099  ; Rise       ; DivisorFrequencia:inst4|inst2 ;
; clkSys           ; DivisorFrequencia:inst4|inst2 ; 5.983  ;        ; Rise       ; DivisorFrequencia:inst4|inst2 ;
; nextPC[*]        ; DivisorFrequencia:inst4|inst2 ; 24.392 ; 24.012 ; Rise       ; DivisorFrequencia:inst4|inst2 ;
;  nextPC[0]       ; DivisorFrequencia:inst4|inst2 ; 21.883 ; 21.689 ; Rise       ; DivisorFrequencia:inst4|inst2 ;
;  nextPC[1]       ; DivisorFrequencia:inst4|inst2 ; 22.874 ; 22.737 ; Rise       ; DivisorFrequencia:inst4|inst2 ;
;  nextPC[2]       ; DivisorFrequencia:inst4|inst2 ; 22.468 ; 22.229 ; Rise       ; DivisorFrequencia:inst4|inst2 ;
;  nextPC[3]       ; DivisorFrequencia:inst4|inst2 ; 22.330 ; 22.154 ; Rise       ; DivisorFrequencia:inst4|inst2 ;
;  nextPC[4]       ; DivisorFrequencia:inst4|inst2 ; 22.104 ; 21.934 ; Rise       ; DivisorFrequencia:inst4|inst2 ;
;  nextPC[5]       ; DivisorFrequencia:inst4|inst2 ; 21.877 ; 21.720 ; Rise       ; DivisorFrequencia:inst4|inst2 ;
;  nextPC[6]       ; DivisorFrequencia:inst4|inst2 ; 22.091 ; 21.950 ; Rise       ; DivisorFrequencia:inst4|inst2 ;
;  nextPC[7]       ; DivisorFrequencia:inst4|inst2 ; 22.289 ; 22.119 ; Rise       ; DivisorFrequencia:inst4|inst2 ;
;  nextPC[8]       ; DivisorFrequencia:inst4|inst2 ; 22.365 ; 22.190 ; Rise       ; DivisorFrequencia:inst4|inst2 ;
;  nextPC[9]       ; DivisorFrequencia:inst4|inst2 ; 22.048 ; 21.877 ; Rise       ; DivisorFrequencia:inst4|inst2 ;
;  nextPC[10]      ; DivisorFrequencia:inst4|inst2 ; 22.036 ; 21.855 ; Rise       ; DivisorFrequencia:inst4|inst2 ;
;  nextPC[11]      ; DivisorFrequencia:inst4|inst2 ; 22.786 ; 22.615 ; Rise       ; DivisorFrequencia:inst4|inst2 ;
;  nextPC[12]      ; DivisorFrequencia:inst4|inst2 ; 22.027 ; 21.881 ; Rise       ; DivisorFrequencia:inst4|inst2 ;
;  nextPC[13]      ; DivisorFrequencia:inst4|inst2 ; 22.560 ; 22.381 ; Rise       ; DivisorFrequencia:inst4|inst2 ;
;  nextPC[14]      ; DivisorFrequencia:inst4|inst2 ; 22.449 ; 22.284 ; Rise       ; DivisorFrequencia:inst4|inst2 ;
;  nextPC[15]      ; DivisorFrequencia:inst4|inst2 ; 22.929 ; 22.832 ; Rise       ; DivisorFrequencia:inst4|inst2 ;
;  nextPC[16]      ; DivisorFrequencia:inst4|inst2 ; 22.216 ; 22.050 ; Rise       ; DivisorFrequencia:inst4|inst2 ;
;  nextPC[17]      ; DivisorFrequencia:inst4|inst2 ; 24.392 ; 24.012 ; Rise       ; DivisorFrequencia:inst4|inst2 ;
;  nextPC[18]      ; DivisorFrequencia:inst4|inst2 ; 22.731 ; 22.557 ; Rise       ; DivisorFrequencia:inst4|inst2 ;
;  nextPC[19]      ; DivisorFrequencia:inst4|inst2 ; 22.330 ; 22.137 ; Rise       ; DivisorFrequencia:inst4|inst2 ;
;  nextPC[20]      ; DivisorFrequencia:inst4|inst2 ; 22.519 ; 22.290 ; Rise       ; DivisorFrequencia:inst4|inst2 ;
;  nextPC[21]      ; DivisorFrequencia:inst4|inst2 ; 21.834 ; 21.698 ; Rise       ; DivisorFrequencia:inst4|inst2 ;
;  nextPC[22]      ; DivisorFrequencia:inst4|inst2 ; 21.866 ; 21.702 ; Rise       ; DivisorFrequencia:inst4|inst2 ;
;  nextPC[23]      ; DivisorFrequencia:inst4|inst2 ; 21.978 ; 21.837 ; Rise       ; DivisorFrequencia:inst4|inst2 ;
;  nextPC[24]      ; DivisorFrequencia:inst4|inst2 ; 22.543 ; 22.351 ; Rise       ; DivisorFrequencia:inst4|inst2 ;
;  nextPC[25]      ; DivisorFrequencia:inst4|inst2 ; 22.647 ; 22.518 ; Rise       ; DivisorFrequencia:inst4|inst2 ;
;  nextPC[26]      ; DivisorFrequencia:inst4|inst2 ; 21.665 ; 21.524 ; Rise       ; DivisorFrequencia:inst4|inst2 ;
;  nextPC[27]      ; DivisorFrequencia:inst4|inst2 ; 22.214 ; 22.040 ; Rise       ; DivisorFrequencia:inst4|inst2 ;
;  nextPC[28]      ; DivisorFrequencia:inst4|inst2 ; 22.473 ; 22.420 ; Rise       ; DivisorFrequencia:inst4|inst2 ;
;  nextPC[29]      ; DivisorFrequencia:inst4|inst2 ; 21.812 ; 21.670 ; Rise       ; DivisorFrequencia:inst4|inst2 ;
;  nextPC[30]      ; DivisorFrequencia:inst4|inst2 ; 21.908 ; 21.768 ; Rise       ; DivisorFrequencia:inst4|inst2 ;
;  nextPC[31]      ; DivisorFrequencia:inst4|inst2 ; 21.937 ; 21.737 ; Rise       ; DivisorFrequencia:inst4|inst2 ;
; MemWrite         ; DivisorFrequencia:inst4|inst2 ; 4.293  ;        ; Fall       ; DivisorFrequencia:inst4|inst2 ;
; RegWrite         ; DivisorFrequencia:inst4|inst2 ; 3.333  ;        ; Fall       ; DivisorFrequencia:inst4|inst2 ;
; clkSys           ; DivisorFrequencia:inst4|inst2 ;        ; 5.719  ; Fall       ; DivisorFrequencia:inst4|inst2 ;
; ALUOp[*]         ; clock                         ; 13.498 ; 13.191 ; Fall       ; clock                         ;
;  ALUOp[0]        ; clock                         ; 10.386 ; 10.222 ; Fall       ; clock                         ;
;  ALUOp[1]        ; clock                         ; 13.498 ; 13.191 ; Fall       ; clock                         ;
; ALUSrc           ; clock                         ; 10.620 ; 10.497 ; Fall       ; clock                         ;
; Branch           ; clock                         ; 10.535 ; 10.341 ; Fall       ; clock                         ;
; Instruction[*]   ; clock                         ; 10.738 ; 10.433 ; Fall       ; clock                         ;
;  Instruction[0]  ; clock                         ; 8.202  ; 8.068  ; Fall       ; clock                         ;
;  Instruction[1]  ; clock                         ; 9.694  ; 9.484  ; Fall       ; clock                         ;
;  Instruction[2]  ; clock                         ; 9.344  ; 9.206  ; Fall       ; clock                         ;
;  Instruction[3]  ; clock                         ; 9.126  ; 8.944  ; Fall       ; clock                         ;
;  Instruction[4]  ; clock                         ; 8.878  ; 8.705  ; Fall       ; clock                         ;
;  Instruction[5]  ; clock                         ; 8.888  ; 8.785  ; Fall       ; clock                         ;
;  Instruction[6]  ; clock                         ; 9.491  ; 9.308  ; Fall       ; clock                         ;
;  Instruction[7]  ; clock                         ; 9.178  ; 8.964  ; Fall       ; clock                         ;
;  Instruction[8]  ; clock                         ; 9.634  ; 9.576  ; Fall       ; clock                         ;
;  Instruction[9]  ; clock                         ; 8.836  ; 8.757  ; Fall       ; clock                         ;
;  Instruction[10] ; clock                         ; 9.959  ; 9.778  ; Fall       ; clock                         ;
;  Instruction[11] ; clock                         ; 10.738 ; 10.433 ; Fall       ; clock                         ;
;  Instruction[12] ; clock                         ; 8.904  ; 8.764  ; Fall       ; clock                         ;
;  Instruction[13] ; clock                         ; 8.907  ; 8.715  ; Fall       ; clock                         ;
;  Instruction[14] ; clock                         ; 9.710  ; 9.481  ; Fall       ; clock                         ;
;  Instruction[15] ; clock                         ; 9.459  ; 9.287  ; Fall       ; clock                         ;
;  Instruction[16] ; clock                         ; 9.322  ; 9.143  ; Fall       ; clock                         ;
;  Instruction[17] ; clock                         ; 9.115  ; 8.931  ; Fall       ; clock                         ;
;  Instruction[18] ; clock                         ; 9.106  ; 8.957  ; Fall       ; clock                         ;
;  Instruction[19] ; clock                         ; 9.654  ; 9.512  ; Fall       ; clock                         ;
;  Instruction[20] ; clock                         ; 9.210  ; 9.053  ; Fall       ; clock                         ;
;  Instruction[21] ; clock                         ; 9.097  ; 8.890  ; Fall       ; clock                         ;
;  Instruction[22] ; clock                         ; 8.989  ; 8.889  ; Fall       ; clock                         ;
;  Instruction[23] ; clock                         ; 9.522  ; 9.380  ; Fall       ; clock                         ;
;  Instruction[24] ; clock                         ; 9.004  ; 8.905  ; Fall       ; clock                         ;
;  Instruction[25] ; clock                         ; 8.960  ; 8.826  ; Fall       ; clock                         ;
;  Instruction[26] ; clock                         ; 9.106  ; 8.930  ; Fall       ; clock                         ;
;  Instruction[27] ; clock                         ; 8.673  ; 8.526  ; Fall       ; clock                         ;
;  Instruction[28] ; clock                         ; 9.711  ; 9.519  ; Fall       ; clock                         ;
;  Instruction[29] ; clock                         ; 9.583  ; 9.416  ; Fall       ; clock                         ;
;  Instruction[30] ; clock                         ; 9.410  ; 9.281  ; Fall       ; clock                         ;
;  Instruction[31] ; clock                         ; 9.052  ; 8.874  ; Fall       ; clock                         ;
; MemToReg         ; clock                         ; 10.465 ; 10.283 ; Fall       ; clock                         ;
; MemWrite         ; clock                         ; 11.094 ; 10.890 ; Fall       ; clock                         ;
; Operation[*]     ; clock                         ; 11.623 ; 11.451 ; Fall       ; clock                         ;
;  Operation[0]    ; clock                         ; 11.623 ; 11.451 ; Fall       ; clock                         ;
;  Operation[1]    ; clock                         ; 11.000 ; 11.167 ; Fall       ; clock                         ;
;  Operation[2]    ; clock                         ; 9.901  ; 9.744  ; Fall       ; clock                         ;
; RegDst           ; clock                         ; 11.486 ; 11.396 ; Fall       ; clock                         ;
; RegWrite         ; clock                         ; 11.550 ; 11.368 ; Fall       ; clock                         ;
; function[*]      ; clock                         ; 9.397  ; 9.196  ; Fall       ; clock                         ;
;  function[0]     ; clock                         ; 8.523  ; 8.347  ; Fall       ; clock                         ;
;  function[1]     ; clock                         ; 9.397  ; 9.196  ; Fall       ; clock                         ;
;  function[2]     ; clock                         ; 9.354  ; 9.188  ; Fall       ; clock                         ;
;  function[3]     ; clock                         ; 8.886  ; 8.729  ; Fall       ; clock                         ;
;  function[4]     ; clock                         ; 8.888  ; 8.715  ; Fall       ; clock                         ;
;  function[5]     ; clock                         ; 9.112  ; 8.990  ; Fall       ; clock                         ;
; imed16[*]        ; clock                         ; 11.677 ; 11.296 ; Fall       ; clock                         ;
;  imed16[0]       ; clock                         ; 8.516  ; 8.337  ; Fall       ; clock                         ;
;  imed16[1]       ; clock                         ; 9.678  ; 9.481  ; Fall       ; clock                         ;
;  imed16[2]       ; clock                         ; 8.733  ; 8.569  ; Fall       ; clock                         ;
;  imed16[3]       ; clock                         ; 9.126  ; 8.944  ; Fall       ; clock                         ;
;  imed16[4]       ; clock                         ; 9.441  ; 9.225  ; Fall       ; clock                         ;
;  imed16[5]       ; clock                         ; 8.868  ; 8.765  ; Fall       ; clock                         ;
;  imed16[6]       ; clock                         ; 9.139  ; 8.992  ; Fall       ; clock                         ;
;  imed16[7]       ; clock                         ; 8.965  ; 8.744  ; Fall       ; clock                         ;
;  imed16[8]       ; clock                         ; 9.624  ; 9.566  ; Fall       ; clock                         ;
;  imed16[9]       ; clock                         ; 8.603  ; 8.521  ; Fall       ; clock                         ;
;  imed16[10]      ; clock                         ; 11.677 ; 11.296 ; Fall       ; clock                         ;
;  imed16[11]      ; clock                         ; 9.968  ; 9.756  ; Fall       ; clock                         ;
;  imed16[12]      ; clock                         ; 8.904  ; 8.764  ; Fall       ; clock                         ;
;  imed16[13]      ; clock                         ; 10.764 ; 10.406 ; Fall       ; clock                         ;
;  imed16[14]      ; clock                         ; 9.710  ; 9.481  ; Fall       ; clock                         ;
;  imed16[15]      ; clock                         ; 9.488  ; 9.328  ; Fall       ; clock                         ;
; nextPC[*]        ; clock                         ; 27.538 ; 27.158 ; Fall       ; clock                         ;
;  nextPC[0]       ; clock                         ; 25.029 ; 24.835 ; Fall       ; clock                         ;
;  nextPC[1]       ; clock                         ; 26.020 ; 25.883 ; Fall       ; clock                         ;
;  nextPC[2]       ; clock                         ; 25.614 ; 25.375 ; Fall       ; clock                         ;
;  nextPC[3]       ; clock                         ; 25.476 ; 25.300 ; Fall       ; clock                         ;
;  nextPC[4]       ; clock                         ; 25.250 ; 25.080 ; Fall       ; clock                         ;
;  nextPC[5]       ; clock                         ; 25.023 ; 24.866 ; Fall       ; clock                         ;
;  nextPC[6]       ; clock                         ; 25.237 ; 25.096 ; Fall       ; clock                         ;
;  nextPC[7]       ; clock                         ; 25.435 ; 25.265 ; Fall       ; clock                         ;
;  nextPC[8]       ; clock                         ; 25.511 ; 25.336 ; Fall       ; clock                         ;
;  nextPC[9]       ; clock                         ; 25.194 ; 25.023 ; Fall       ; clock                         ;
;  nextPC[10]      ; clock                         ; 25.182 ; 25.001 ; Fall       ; clock                         ;
;  nextPC[11]      ; clock                         ; 25.932 ; 25.761 ; Fall       ; clock                         ;
;  nextPC[12]      ; clock                         ; 25.173 ; 25.027 ; Fall       ; clock                         ;
;  nextPC[13]      ; clock                         ; 25.706 ; 25.527 ; Fall       ; clock                         ;
;  nextPC[14]      ; clock                         ; 25.595 ; 25.430 ; Fall       ; clock                         ;
;  nextPC[15]      ; clock                         ; 26.075 ; 25.978 ; Fall       ; clock                         ;
;  nextPC[16]      ; clock                         ; 25.362 ; 25.196 ; Fall       ; clock                         ;
;  nextPC[17]      ; clock                         ; 27.538 ; 27.158 ; Fall       ; clock                         ;
;  nextPC[18]      ; clock                         ; 25.877 ; 25.703 ; Fall       ; clock                         ;
;  nextPC[19]      ; clock                         ; 25.476 ; 25.283 ; Fall       ; clock                         ;
;  nextPC[20]      ; clock                         ; 25.665 ; 25.436 ; Fall       ; clock                         ;
;  nextPC[21]      ; clock                         ; 24.980 ; 24.844 ; Fall       ; clock                         ;
;  nextPC[22]      ; clock                         ; 25.012 ; 24.848 ; Fall       ; clock                         ;
;  nextPC[23]      ; clock                         ; 25.124 ; 24.983 ; Fall       ; clock                         ;
;  nextPC[24]      ; clock                         ; 25.689 ; 25.497 ; Fall       ; clock                         ;
;  nextPC[25]      ; clock                         ; 25.793 ; 25.664 ; Fall       ; clock                         ;
;  nextPC[26]      ; clock                         ; 24.811 ; 24.670 ; Fall       ; clock                         ;
;  nextPC[27]      ; clock                         ; 25.360 ; 25.186 ; Fall       ; clock                         ;
;  nextPC[28]      ; clock                         ; 25.619 ; 25.566 ; Fall       ; clock                         ;
;  nextPC[29]      ; clock                         ; 24.958 ; 24.816 ; Fall       ; clock                         ;
;  nextPC[30]      ; clock                         ; 25.054 ; 24.914 ; Fall       ; clock                         ;
;  nextPC[31]      ; clock                         ; 25.083 ; 24.883 ; Fall       ; clock                         ;
; op[*]            ; clock                         ; 9.573  ; 9.406  ; Fall       ; clock                         ;
;  op[26]          ; clock                         ; 9.469  ; 9.261  ; Fall       ; clock                         ;
;  op[27]          ; clock                         ; 8.693  ; 8.546  ; Fall       ; clock                         ;
;  op[28]          ; clock                         ; 9.296  ; 9.123  ; Fall       ; clock                         ;
;  op[29]          ; clock                         ; 9.573  ; 9.406  ; Fall       ; clock                         ;
;  op[30]          ; clock                         ; 9.333  ; 9.226  ; Fall       ; clock                         ;
;  op[31]          ; clock                         ; 8.821  ; 8.653  ; Fall       ; clock                         ;
; rd[*]            ; clock                         ; 11.371 ; 10.997 ; Fall       ; clock                         ;
;  rd[11]          ; clock                         ; 10.778 ; 10.473 ; Fall       ; clock                         ;
;  rd[12]          ; clock                         ; 8.902  ; 8.762  ; Fall       ; clock                         ;
;  rd[13]          ; clock                         ; 8.906  ; 8.713  ; Fall       ; clock                         ;
;  rd[14]          ; clock                         ; 11.371 ; 10.997 ; Fall       ; clock                         ;
;  rd[15]          ; clock                         ; 10.020 ; 9.900  ; Fall       ; clock                         ;
; rs[*]            ; clock                         ; 11.192 ; 10.908 ; Fall       ; clock                         ;
;  rs[21]          ; clock                         ; 9.099  ; 8.905  ; Fall       ; clock                         ;
;  rs[22]          ; clock                         ; 11.192 ; 10.908 ; Fall       ; clock                         ;
;  rs[23]          ; clock                         ; 9.943  ; 9.746  ; Fall       ; clock                         ;
;  rs[24]          ; clock                         ; 9.028  ; 8.930  ; Fall       ; clock                         ;
;  rs[25]          ; clock                         ; 9.175  ; 9.060  ; Fall       ; clock                         ;
; rt[*]            ; clock                         ; 9.626  ; 9.469  ; Fall       ; clock                         ;
;  rt[16]          ; clock                         ; 9.560  ; 9.369  ; Fall       ; clock                         ;
;  rt[17]          ; clock                         ; 9.386  ; 9.221  ; Fall       ; clock                         ;
;  rt[18]          ; clock                         ; 9.116  ; 8.967  ; Fall       ; clock                         ;
;  rt[19]          ; clock                         ; 9.626  ; 9.469  ; Fall       ; clock                         ;
;  rt[20]          ; clock                         ; 9.268  ; 9.125  ; Fall       ; clock                         ;
; shamt[*]         ; clock                         ; 9.671  ; 9.595  ; Fall       ; clock                         ;
;  shamt[6]        ; clock                         ; 9.501  ; 9.318  ; Fall       ; clock                         ;
;  shamt[7]        ; clock                         ; 9.201  ; 8.985  ; Fall       ; clock                         ;
;  shamt[8]        ; clock                         ; 9.650  ; 9.595  ; Fall       ; clock                         ;
;  shamt[9]        ; clock                         ; 8.875  ; 8.799  ; Fall       ; clock                         ;
;  shamt[10]       ; clock                         ; 9.671  ; 9.484  ; Fall       ; clock                         ;
+------------------+-------------------------------+--------+--------+------------+-------------------------------+


+-----------------------------------------------------------------------------------------------------------------+
; Minimum Clock to Output Times                                                                                   ;
+------------------+-------------------------------+--------+--------+------------+-------------------------------+
; Data Port        ; Clock Port                    ; Rise   ; Fall   ; Clock Edge ; Clock Reference               ;
+------------------+-------------------------------+--------+--------+------------+-------------------------------+
; MemWrite         ; DivisorFrequencia:inst4|inst2 ;        ; 4.051  ; Rise       ; DivisorFrequencia:inst4|inst2 ;
; PC[*]            ; DivisorFrequencia:inst4|inst2 ; 5.933  ; 5.807  ; Rise       ; DivisorFrequencia:inst4|inst2 ;
;  PC[0]           ; DivisorFrequencia:inst4|inst2 ; 6.285  ; 6.174  ; Rise       ; DivisorFrequencia:inst4|inst2 ;
;  PC[1]           ; DivisorFrequencia:inst4|inst2 ; 6.157  ; 6.068  ; Rise       ; DivisorFrequencia:inst4|inst2 ;
;  PC[2]           ; DivisorFrequencia:inst4|inst2 ; 6.449  ; 6.359  ; Rise       ; DivisorFrequencia:inst4|inst2 ;
;  PC[3]           ; DivisorFrequencia:inst4|inst2 ; 6.396  ; 6.303  ; Rise       ; DivisorFrequencia:inst4|inst2 ;
;  PC[4]           ; DivisorFrequencia:inst4|inst2 ; 7.268  ; 7.184  ; Rise       ; DivisorFrequencia:inst4|inst2 ;
;  PC[5]           ; DivisorFrequencia:inst4|inst2 ; 6.693  ; 6.590  ; Rise       ; DivisorFrequencia:inst4|inst2 ;
;  PC[6]           ; DivisorFrequencia:inst4|inst2 ; 7.475  ; 7.289  ; Rise       ; DivisorFrequencia:inst4|inst2 ;
;  PC[7]           ; DivisorFrequencia:inst4|inst2 ; 6.698  ; 6.500  ; Rise       ; DivisorFrequencia:inst4|inst2 ;
;  PC[8]           ; DivisorFrequencia:inst4|inst2 ; 6.184  ; 6.103  ; Rise       ; DivisorFrequencia:inst4|inst2 ;
;  PC[9]           ; DivisorFrequencia:inst4|inst2 ; 6.678  ; 6.591  ; Rise       ; DivisorFrequencia:inst4|inst2 ;
;  PC[10]          ; DivisorFrequencia:inst4|inst2 ; 6.671  ; 6.557  ; Rise       ; DivisorFrequencia:inst4|inst2 ;
;  PC[11]          ; DivisorFrequencia:inst4|inst2 ; 5.982  ; 5.905  ; Rise       ; DivisorFrequencia:inst4|inst2 ;
;  PC[12]          ; DivisorFrequencia:inst4|inst2 ; 5.966  ; 5.861  ; Rise       ; DivisorFrequencia:inst4|inst2 ;
;  PC[13]          ; DivisorFrequencia:inst4|inst2 ; 6.356  ; 6.237  ; Rise       ; DivisorFrequencia:inst4|inst2 ;
;  PC[14]          ; DivisorFrequencia:inst4|inst2 ; 6.398  ; 6.289  ; Rise       ; DivisorFrequencia:inst4|inst2 ;
;  PC[15]          ; DivisorFrequencia:inst4|inst2 ; 6.705  ; 6.536  ; Rise       ; DivisorFrequencia:inst4|inst2 ;
;  PC[16]          ; DivisorFrequencia:inst4|inst2 ; 7.068  ; 6.909  ; Rise       ; DivisorFrequencia:inst4|inst2 ;
;  PC[17]          ; DivisorFrequencia:inst4|inst2 ; 6.650  ; 6.513  ; Rise       ; DivisorFrequencia:inst4|inst2 ;
;  PC[18]          ; DivisorFrequencia:inst4|inst2 ; 8.480  ; 8.180  ; Rise       ; DivisorFrequencia:inst4|inst2 ;
;  PC[19]          ; DivisorFrequencia:inst4|inst2 ; 7.062  ; 6.877  ; Rise       ; DivisorFrequencia:inst4|inst2 ;
;  PC[20]          ; DivisorFrequencia:inst4|inst2 ; 5.933  ; 5.807  ; Rise       ; DivisorFrequencia:inst4|inst2 ;
;  PC[21]          ; DivisorFrequencia:inst4|inst2 ; 6.343  ; 6.248  ; Rise       ; DivisorFrequencia:inst4|inst2 ;
;  PC[22]          ; DivisorFrequencia:inst4|inst2 ; 6.536  ; 6.626  ; Rise       ; DivisorFrequencia:inst4|inst2 ;
;  PC[23]          ; DivisorFrequencia:inst4|inst2 ; 7.090  ; 6.913  ; Rise       ; DivisorFrequencia:inst4|inst2 ;
;  PC[24]          ; DivisorFrequencia:inst4|inst2 ; 6.106  ; 5.953  ; Rise       ; DivisorFrequencia:inst4|inst2 ;
;  PC[25]          ; DivisorFrequencia:inst4|inst2 ; 6.131  ; 6.042  ; Rise       ; DivisorFrequencia:inst4|inst2 ;
;  PC[26]          ; DivisorFrequencia:inst4|inst2 ; 6.018  ; 5.908  ; Rise       ; DivisorFrequencia:inst4|inst2 ;
;  PC[27]          ; DivisorFrequencia:inst4|inst2 ; 8.594  ; 8.250  ; Rise       ; DivisorFrequencia:inst4|inst2 ;
;  PC[28]          ; DivisorFrequencia:inst4|inst2 ; 6.227  ; 6.095  ; Rise       ; DivisorFrequencia:inst4|inst2 ;
;  PC[29]          ; DivisorFrequencia:inst4|inst2 ; 6.169  ; 6.078  ; Rise       ; DivisorFrequencia:inst4|inst2 ;
;  PC[30]          ; DivisorFrequencia:inst4|inst2 ; 6.426  ; 6.271  ; Rise       ; DivisorFrequencia:inst4|inst2 ;
;  PC[31]          ; DivisorFrequencia:inst4|inst2 ; 6.168  ; 6.069  ; Rise       ; DivisorFrequencia:inst4|inst2 ;
; RegWrite         ; DivisorFrequencia:inst4|inst2 ;        ; 3.060  ; Rise       ; DivisorFrequencia:inst4|inst2 ;
; clkSys           ; DivisorFrequencia:inst4|inst2 ; 5.908  ;        ; Rise       ; DivisorFrequencia:inst4|inst2 ;
; nextPC[*]        ; DivisorFrequencia:inst4|inst2 ; 6.641  ; 6.458  ; Rise       ; DivisorFrequencia:inst4|inst2 ;
;  nextPC[0]       ; DivisorFrequencia:inst4|inst2 ; 6.641  ; 6.458  ; Rise       ; DivisorFrequencia:inst4|inst2 ;
;  nextPC[1]       ; DivisorFrequencia:inst4|inst2 ; 7.641  ; 7.530  ; Rise       ; DivisorFrequencia:inst4|inst2 ;
;  nextPC[2]       ; DivisorFrequencia:inst4|inst2 ; 7.457  ; 7.216  ; Rise       ; DivisorFrequencia:inst4|inst2 ;
;  nextPC[3]       ; DivisorFrequencia:inst4|inst2 ; 7.368  ; 7.244  ; Rise       ; DivisorFrequencia:inst4|inst2 ;
;  nextPC[4]       ; DivisorFrequencia:inst4|inst2 ; 7.641  ; 7.475  ; Rise       ; DivisorFrequencia:inst4|inst2 ;
;  nextPC[5]       ; DivisorFrequencia:inst4|inst2 ; 7.134  ; 6.978  ; Rise       ; DivisorFrequencia:inst4|inst2 ;
;  nextPC[6]       ; DivisorFrequencia:inst4|inst2 ; 6.975  ; 6.831  ; Rise       ; DivisorFrequencia:inst4|inst2 ;
;  nextPC[7]       ; DivisorFrequencia:inst4|inst2 ; 7.914  ; 7.747  ; Rise       ; DivisorFrequencia:inst4|inst2 ;
;  nextPC[8]       ; DivisorFrequencia:inst4|inst2 ; 8.779  ; 8.607  ; Rise       ; DivisorFrequencia:inst4|inst2 ;
;  nextPC[9]       ; DivisorFrequencia:inst4|inst2 ; 7.423  ; 7.253  ; Rise       ; DivisorFrequencia:inst4|inst2 ;
;  nextPC[10]      ; DivisorFrequencia:inst4|inst2 ; 7.029  ; 6.855  ; Rise       ; DivisorFrequencia:inst4|inst2 ;
;  nextPC[11]      ; DivisorFrequencia:inst4|inst2 ; 8.756  ; 8.588  ; Rise       ; DivisorFrequencia:inst4|inst2 ;
;  nextPC[12]      ; DivisorFrequencia:inst4|inst2 ; 6.907  ; 6.760  ; Rise       ; DivisorFrequencia:inst4|inst2 ;
;  nextPC[13]      ; DivisorFrequencia:inst4|inst2 ; 8.482  ; 8.357  ; Rise       ; DivisorFrequencia:inst4|inst2 ;
;  nextPC[14]      ; DivisorFrequencia:inst4|inst2 ; 7.639  ; 7.475  ; Rise       ; DivisorFrequencia:inst4|inst2 ;
;  nextPC[15]      ; DivisorFrequencia:inst4|inst2 ; 8.131  ; 8.032  ; Rise       ; DivisorFrequencia:inst4|inst2 ;
;  nextPC[16]      ; DivisorFrequencia:inst4|inst2 ; 7.373  ; 7.216  ; Rise       ; DivisorFrequencia:inst4|inst2 ;
;  nextPC[17]      ; DivisorFrequencia:inst4|inst2 ; 10.451 ; 10.072 ; Rise       ; DivisorFrequencia:inst4|inst2 ;
;  nextPC[18]      ; DivisorFrequencia:inst4|inst2 ; 7.428  ; 7.260  ; Rise       ; DivisorFrequencia:inst4|inst2 ;
;  nextPC[19]      ; DivisorFrequencia:inst4|inst2 ; 7.417  ; 7.236  ; Rise       ; DivisorFrequencia:inst4|inst2 ;
;  nextPC[20]      ; DivisorFrequencia:inst4|inst2 ; 7.589  ; 7.363  ; Rise       ; DivisorFrequencia:inst4|inst2 ;
;  nextPC[21]      ; DivisorFrequencia:inst4|inst2 ; 7.215  ; 7.079  ; Rise       ; DivisorFrequencia:inst4|inst2 ;
;  nextPC[22]      ; DivisorFrequencia:inst4|inst2 ; 8.680  ; 8.517  ; Rise       ; DivisorFrequencia:inst4|inst2 ;
;  nextPC[23]      ; DivisorFrequencia:inst4|inst2 ; 7.125  ; 6.968  ; Rise       ; DivisorFrequencia:inst4|inst2 ;
;  nextPC[24]      ; DivisorFrequencia:inst4|inst2 ; 7.520  ; 7.339  ; Rise       ; DivisorFrequencia:inst4|inst2 ;
;  nextPC[25]      ; DivisorFrequencia:inst4|inst2 ; 8.097  ; 7.975  ; Rise       ; DivisorFrequencia:inst4|inst2 ;
;  nextPC[26]      ; DivisorFrequencia:inst4|inst2 ; 7.824  ; 7.683  ; Rise       ; DivisorFrequencia:inst4|inst2 ;
;  nextPC[27]      ; DivisorFrequencia:inst4|inst2 ; 8.776  ; 8.626  ; Rise       ; DivisorFrequencia:inst4|inst2 ;
;  nextPC[28]      ; DivisorFrequencia:inst4|inst2 ; 7.449  ; 7.416  ; Rise       ; DivisorFrequencia:inst4|inst2 ;
;  nextPC[29]      ; DivisorFrequencia:inst4|inst2 ; 7.530  ; 7.383  ; Rise       ; DivisorFrequencia:inst4|inst2 ;
;  nextPC[30]      ; DivisorFrequencia:inst4|inst2 ; 7.111  ; 7.040  ; Rise       ; DivisorFrequencia:inst4|inst2 ;
;  nextPC[31]      ; DivisorFrequencia:inst4|inst2 ; 7.314  ; 7.137  ; Rise       ; DivisorFrequencia:inst4|inst2 ;
; MemWrite         ; DivisorFrequencia:inst4|inst2 ; 4.207  ;        ; Fall       ; DivisorFrequencia:inst4|inst2 ;
; RegWrite         ; DivisorFrequencia:inst4|inst2 ; 3.291  ;        ; Fall       ; DivisorFrequencia:inst4|inst2 ;
; clkSys           ; DivisorFrequencia:inst4|inst2 ;        ; 5.643  ; Fall       ; DivisorFrequencia:inst4|inst2 ;
; ALUOp[*]         ; clock                         ; 9.124  ; 8.967  ; Fall       ; clock                         ;
;  ALUOp[0]        ; clock                         ; 9.124  ; 8.967  ; Fall       ; clock                         ;
;  ALUOp[1]        ; clock                         ; 12.397 ; 12.106 ; Fall       ; clock                         ;
; ALUSrc           ; clock                         ; 9.409  ; 9.242  ; Fall       ; clock                         ;
; Branch           ; clock                         ; 9.273  ; 9.086  ; Fall       ; clock                         ;
; Instruction[*]   ; clock                         ; 7.984  ; 7.851  ; Fall       ; clock                         ;
;  Instruction[0]  ; clock                         ; 7.984  ; 7.851  ; Fall       ; clock                         ;
;  Instruction[1]  ; clock                         ; 9.429  ; 9.222  ; Fall       ; clock                         ;
;  Instruction[2]  ; clock                         ; 9.083  ; 8.945  ; Fall       ; clock                         ;
;  Instruction[3]  ; clock                         ; 8.873  ; 8.693  ; Fall       ; clock                         ;
;  Instruction[4]  ; clock                         ; 8.635  ; 8.463  ; Fall       ; clock                         ;
;  Instruction[5]  ; clock                         ; 8.655  ; 8.551  ; Fall       ; clock                         ;
;  Instruction[6]  ; clock                         ; 9.222  ; 9.041  ; Fall       ; clock                         ;
;  Instruction[7]  ; clock                         ; 8.922  ; 8.712  ; Fall       ; clock                         ;
;  Instruction[8]  ; clock                         ; 9.360  ; 9.299  ; Fall       ; clock                         ;
;  Instruction[9]  ; clock                         ; 8.593  ; 8.513  ; Fall       ; clock                         ;
;  Instruction[10] ; clock                         ; 9.682  ; 9.503  ; Fall       ; clock                         ;
;  Instruction[11] ; clock                         ; 10.419 ; 10.121 ; Fall       ; clock                         ;
;  Instruction[12] ; clock                         ; 8.659  ; 8.519  ; Fall       ; clock                         ;
;  Instruction[13] ; clock                         ; 8.672  ; 8.482  ; Fall       ; clock                         ;
;  Instruction[14] ; clock                         ; 9.443  ; 9.218  ; Fall       ; clock                         ;
;  Instruction[15] ; clock                         ; 9.201  ; 9.031  ; Fall       ; clock                         ;
;  Instruction[16] ; clock                         ; 9.071  ; 8.893  ; Fall       ; clock                         ;
;  Instruction[17] ; clock                         ; 8.872  ; 8.690  ; Fall       ; clock                         ;
;  Instruction[18] ; clock                         ; 8.862  ; 8.714  ; Fall       ; clock                         ;
;  Instruction[19] ; clock                         ; 9.379  ; 9.238  ; Fall       ; clock                         ;
;  Instruction[20] ; clock                         ; 8.952  ; 8.797  ; Fall       ; clock                         ;
;  Instruction[21] ; clock                         ; 8.854  ; 8.650  ; Fall       ; clock                         ;
;  Instruction[22] ; clock                         ; 8.741  ; 8.640  ; Fall       ; clock                         ;
;  Instruction[23] ; clock                         ; 9.253  ; 9.111  ; Fall       ; clock                         ;
;  Instruction[24] ; clock                         ; 8.754  ; 8.655  ; Fall       ; clock                         ;
;  Instruction[25] ; clock                         ; 8.713  ; 8.579  ; Fall       ; clock                         ;
;  Instruction[26] ; clock                         ; 8.853  ; 8.679  ; Fall       ; clock                         ;
;  Instruction[27] ; clock                         ; 8.447  ; 8.301  ; Fall       ; clock                         ;
;  Instruction[28] ; clock                         ; 9.434  ; 9.245  ; Fall       ; clock                         ;
;  Instruction[29] ; clock                         ; 9.321  ; 9.156  ; Fall       ; clock                         ;
;  Instruction[30] ; clock                         ; 9.144  ; 9.016  ; Fall       ; clock                         ;
;  Instruction[31] ; clock                         ; 8.812  ; 8.635  ; Fall       ; clock                         ;
; MemToReg         ; clock                         ; 9.425  ; 9.275  ; Fall       ; clock                         ;
; MemWrite         ; clock                         ; 9.751  ; 9.623  ; Fall       ; clock                         ;
; Operation[*]     ; clock                         ; 9.162  ; 8.987  ; Fall       ; clock                         ;
;  Operation[0]    ; clock                         ; 9.532  ; 9.321  ; Fall       ; clock                         ;
;  Operation[1]    ; clock                         ; 9.567  ; 9.740  ; Fall       ; clock                         ;
;  Operation[2]    ; clock                         ; 9.162  ; 8.987  ; Fall       ; clock                         ;
; RegDst           ; clock                         ; 10.384 ; 10.312 ; Fall       ; clock                         ;
; RegWrite         ; clock                         ; 9.654  ; 9.503  ; Fall       ; clock                         ;
; function[*]      ; clock                         ; 8.293  ; 8.119  ; Fall       ; clock                         ;
;  function[0]     ; clock                         ; 8.293  ; 8.119  ; Fall       ; clock                         ;
;  function[1]     ; clock                         ; 9.142  ; 8.944  ; Fall       ; clock                         ;
;  function[2]     ; clock                         ; 9.103  ; 8.938  ; Fall       ; clock                         ;
;  function[3]     ; clock                         ; 8.643  ; 8.487  ; Fall       ; clock                         ;
;  function[4]     ; clock                         ; 8.645  ; 8.473  ; Fall       ; clock                         ;
;  function[5]     ; clock                         ; 8.869  ; 8.746  ; Fall       ; clock                         ;
; imed16[*]        ; clock                         ; 8.286  ; 8.110  ; Fall       ; clock                         ;
;  imed16[0]       ; clock                         ; 8.286  ; 8.110  ; Fall       ; clock                         ;
;  imed16[1]       ; clock                         ; 9.412  ; 9.217  ; Fall       ; clock                         ;
;  imed16[2]       ; clock                         ; 8.494  ; 8.332  ; Fall       ; clock                         ;
;  imed16[3]       ; clock                         ; 8.873  ; 8.693  ; Fall       ; clock                         ;
;  imed16[4]       ; clock                         ; 9.174  ; 8.962  ; Fall       ; clock                         ;
;  imed16[5]       ; clock                         ; 8.635  ; 8.531  ; Fall       ; clock                         ;
;  imed16[6]       ; clock                         ; 8.884  ; 8.738  ; Fall       ; clock                         ;
;  imed16[7]       ; clock                         ; 8.718  ; 8.501  ; Fall       ; clock                         ;
;  imed16[8]       ; clock                         ; 9.350  ; 9.289  ; Fall       ; clock                         ;
;  imed16[9]       ; clock                         ; 8.370  ; 8.286  ; Fall       ; clock                         ;
;  imed16[10]      ; clock                         ; 11.406 ; 11.029 ; Fall       ; clock                         ;
;  imed16[11]      ; clock                         ; 9.680  ; 9.472  ; Fall       ; clock                         ;
;  imed16[12]      ; clock                         ; 8.659  ; 8.519  ; Fall       ; clock                         ;
;  imed16[13]      ; clock                         ; 10.529 ; 10.174 ; Fall       ; clock                         ;
;  imed16[14]      ; clock                         ; 9.443  ; 9.218  ; Fall       ; clock                         ;
;  imed16[15]      ; clock                         ; 9.231  ; 9.072  ; Fall       ; clock                         ;
; nextPC[*]        ; clock                         ; 9.320  ; 9.238  ; Fall       ; clock                         ;
;  nextPC[0]       ; clock                         ; 11.248 ; 11.038 ; Fall       ; clock                         ;
;  nextPC[1]       ; clock                         ; 11.593 ; 11.434 ; Fall       ; clock                         ;
;  nextPC[2]       ; clock                         ; 11.149 ; 10.850 ; Fall       ; clock                         ;
;  nextPC[3]       ; clock                         ; 10.339 ; 10.165 ; Fall       ; clock                         ;
;  nextPC[4]       ; clock                         ; 10.856 ; 10.724 ; Fall       ; clock                         ;
;  nextPC[5]       ; clock                         ; 9.861  ; 9.705  ; Fall       ; clock                         ;
;  nextPC[6]       ; clock                         ; 10.227 ; 10.051 ; Fall       ; clock                         ;
;  nextPC[7]       ; clock                         ; 11.500 ; 11.333 ; Fall       ; clock                         ;
;  nextPC[8]       ; clock                         ; 11.372 ; 11.220 ; Fall       ; clock                         ;
;  nextPC[9]       ; clock                         ; 9.515  ; 9.345  ; Fall       ; clock                         ;
;  nextPC[10]      ; clock                         ; 10.113 ; 9.993  ; Fall       ; clock                         ;
;  nextPC[11]      ; clock                         ; 10.110 ; 9.942  ; Fall       ; clock                         ;
;  nextPC[12]      ; clock                         ; 10.552 ; 10.338 ; Fall       ; clock                         ;
;  nextPC[13]      ; clock                         ; 11.571 ; 11.439 ; Fall       ; clock                         ;
;  nextPC[14]      ; clock                         ; 10.949 ; 10.732 ; Fall       ; clock                         ;
;  nextPC[15]      ; clock                         ; 11.630 ; 11.531 ; Fall       ; clock                         ;
;  nextPC[16]      ; clock                         ; 10.271 ; 10.146 ; Fall       ; clock                         ;
;  nextPC[17]      ; clock                         ; 12.224 ; 11.839 ; Fall       ; clock                         ;
;  nextPC[18]      ; clock                         ; 10.410 ; 10.243 ; Fall       ; clock                         ;
;  nextPC[19]      ; clock                         ; 10.494 ; 10.303 ; Fall       ; clock                         ;
;  nextPC[20]      ; clock                         ; 10.374 ; 10.167 ; Fall       ; clock                         ;
;  nextPC[21]      ; clock                         ; 10.129 ; 10.031 ; Fall       ; clock                         ;
;  nextPC[22]      ; clock                         ; 11.463 ; 11.343 ; Fall       ; clock                         ;
;  nextPC[23]      ; clock                         ; 10.746 ; 10.604 ; Fall       ; clock                         ;
;  nextPC[24]      ; clock                         ; 10.519 ; 10.338 ; Fall       ; clock                         ;
;  nextPC[25]      ; clock                         ; 11.468 ; 11.388 ; Fall       ; clock                         ;
;  nextPC[26]      ; clock                         ; 9.320  ; 9.238  ; Fall       ; clock                         ;
;  nextPC[27]      ; clock                         ; 11.096 ; 10.951 ; Fall       ; clock                         ;
;  nextPC[28]      ; clock                         ; 11.139 ; 11.082 ; Fall       ; clock                         ;
;  nextPC[29]      ; clock                         ; 10.845 ; 10.751 ; Fall       ; clock                         ;
;  nextPC[30]      ; clock                         ; 10.475 ; 10.355 ; Fall       ; clock                         ;
;  nextPC[31]      ; clock                         ; 11.302 ; 11.112 ; Fall       ; clock                         ;
; op[*]            ; clock                         ; 8.467  ; 8.321  ; Fall       ; clock                         ;
;  op[26]          ; clock                         ; 9.201  ; 8.996  ; Fall       ; clock                         ;
;  op[27]          ; clock                         ; 8.467  ; 8.321  ; Fall       ; clock                         ;
;  op[28]          ; clock                         ; 9.035  ; 8.864  ; Fall       ; clock                         ;
;  op[29]          ; clock                         ; 9.311  ; 9.146  ; Fall       ; clock                         ;
;  op[30]          ; clock                         ; 9.072  ; 8.964  ; Fall       ; clock                         ;
;  op[31]          ; clock                         ; 8.589  ; 8.422  ; Fall       ; clock                         ;
; rd[*]            ; clock                         ; 8.657  ; 8.480  ; Fall       ; clock                         ;
;  rd[11]          ; clock                         ; 10.459 ; 10.161 ; Fall       ; clock                         ;
;  rd[12]          ; clock                         ; 8.657  ; 8.518  ; Fall       ; clock                         ;
;  rd[13]          ; clock                         ; 8.671  ; 8.480  ; Fall       ; clock                         ;
;  rd[14]          ; clock                         ; 11.112 ; 10.742 ; Fall       ; clock                         ;
;  rd[15]          ; clock                         ; 9.740  ; 9.619  ; Fall       ; clock                         ;
; rs[*]            ; clock                         ; 8.778  ; 8.665  ; Fall       ; clock                         ;
;  rs[21]          ; clock                         ; 8.856  ; 8.665  ; Fall       ; clock                         ;
;  rs[22]          ; clock                         ; 10.937 ; 10.650 ; Fall       ; clock                         ;
;  rs[23]          ; clock                         ; 9.657  ; 9.462  ; Fall       ; clock                         ;
;  rs[24]          ; clock                         ; 8.778  ; 8.680  ; Fall       ; clock                         ;
;  rs[25]          ; clock                         ; 8.919  ; 8.804  ; Fall       ; clock                         ;
; rt[*]            ; clock                         ; 8.872  ; 8.724  ; Fall       ; clock                         ;
;  rt[16]          ; clock                         ; 9.299  ; 9.110  ; Fall       ; clock                         ;
;  rt[17]          ; clock                         ; 9.133  ; 8.969  ; Fall       ; clock                         ;
;  rt[18]          ; clock                         ; 8.872  ; 8.724  ; Fall       ; clock                         ;
;  rt[19]          ; clock                         ; 9.353  ; 9.197  ; Fall       ; clock                         ;
;  rt[20]          ; clock                         ; 9.009  ; 8.866  ; Fall       ; clock                         ;
; shamt[*]         ; clock                         ; 8.633  ; 8.555  ; Fall       ; clock                         ;
;  shamt[6]        ; clock                         ; 9.232  ; 9.051  ; Fall       ; clock                         ;
;  shamt[7]        ; clock                         ; 8.944  ; 8.732  ; Fall       ; clock                         ;
;  shamt[8]        ; clock                         ; 9.376  ; 9.318  ; Fall       ; clock                         ;
;  shamt[9]        ; clock                         ; 8.633  ; 8.555  ; Fall       ; clock                         ;
;  shamt[10]       ; clock                         ; 9.400  ; 9.216  ; Fall       ; clock                         ;
+------------------+-------------------------------+--------+--------+------------+-------------------------------+


---------------------------------------------
; Slow 1200mV 0C Model Metastability Report ;
---------------------------------------------
No synchronizer chains to report.


+---------------------------------------------------------+
; Fast 1200mV 0C Model Setup Summary                      ;
+-------------------------------+---------+---------------+
; Clock                         ; Slack   ; End Point TNS ;
+-------------------------------+---------+---------------+
; DivisorFrequencia:inst4|inst2 ; -12.252 ; -9959.629     ;
; clock                         ; -5.935  ; -28.588       ;
+-------------------------------+---------+---------------+


+--------------------------------------------------------+
; Fast 1200mV 0C Model Hold Summary                      ;
+-------------------------------+--------+---------------+
; Clock                         ; Slack  ; End Point TNS ;
+-------------------------------+--------+---------------+
; clock                         ; -0.185 ; -0.189        ;
; DivisorFrequencia:inst4|inst2 ; 0.083  ; 0.000         ;
+-------------------------------+--------+---------------+


-----------------------------------------
; Fast 1200mV 0C Model Recovery Summary ;
-----------------------------------------
No paths to report.


----------------------------------------
; Fast 1200mV 0C Model Removal Summary ;
----------------------------------------
No paths to report.


+--------------------------------------------------------+
; Fast 1200mV 0C Model Minimum Pulse Width Summary       ;
+-------------------------------+--------+---------------+
; Clock                         ; Slack  ; End Point TNS ;
+-------------------------------+--------+---------------+
; clock                         ; -3.000 ; -16.370       ;
; DivisorFrequencia:inst4|inst2 ; -1.000 ; -1024.000     ;
+-------------------------------+--------+---------------+


+----------------------------------------------------------------------------------------------------------------------------------------------------------------------------------------------------------------------------------------------------------------------------------------------------------------+
; Fast 1200mV 0C Model Setup: 'DivisorFrequencia:inst4|inst2'                                                                                                                                                                                                                                                    ;
+---------+----------------------------------------------------------------------------------------------------------------------------------------------------+---------------------------------------------------------+--------------+-------------------------------+--------------+------------+------------+
; Slack   ; From Node                                                                                                                                          ; To Node                                                 ; Launch Clock ; Latch Clock                   ; Relationship ; Clock Skew ; Data Delay ;
+---------+----------------------------------------------------------------------------------------------------------------------------------------------------+---------------------------------------------------------+--------------+-------------------------------+--------------+------------+------------+
; -12.252 ; instruction_memory:InstructionMemory|rom:MemoriaRom|altsyncram:altsyncram_component|altsyncram_bk91:auto_generated|ram_block1a0~porta_address_reg0 ; bank_reg_32x32bit:BancoRegistradores|reg_pp_32bit:a0|31 ; clock        ; DivisorFrequencia:inst4|inst2 ; 0.500        ; -0.528     ; 12.201     ;
; -12.249 ; instruction_memory:InstructionMemory|rom:MemoriaRom|altsyncram:altsyncram_component|altsyncram_bk91:auto_generated|ram_block1a0~porta_address_reg0 ; bank_reg_32x32bit:BancoRegistradores|reg_pp_32bit:s0|31 ; clock        ; DivisorFrequencia:inst4|inst2 ; 0.500        ; -0.521     ; 12.205     ;
; -12.247 ; instruction_memory:InstructionMemory|rom:MemoriaRom|altsyncram:altsyncram_component|altsyncram_bk91:auto_generated|ram_block1a0~porta_address_reg0 ; bank_reg_32x32bit:BancoRegistradores|reg_pp_32bit:fp|31 ; clock        ; DivisorFrequencia:inst4|inst2 ; 0.500        ; -0.524     ; 12.200     ;
; -12.245 ; instruction_memory:InstructionMemory|rom:MemoriaRom|altsyncram:altsyncram_component|altsyncram_bk91:auto_generated|ram_block1a0~porta_address_reg0 ; bank_reg_32x32bit:BancoRegistradores|reg_pp_32bit:gp|31 ; clock        ; DivisorFrequencia:inst4|inst2 ; 0.500        ; -0.521     ; 12.201     ;
; -12.220 ; instruction_memory:InstructionMemory|rom:MemoriaRom|altsyncram:altsyncram_component|altsyncram_bk91:auto_generated|ram_block1a0~porta_address_reg0 ; bank_reg_32x32bit:BancoRegistradores|reg_pp_32bit:s4|31 ; clock        ; DivisorFrequencia:inst4|inst2 ; 0.500        ; -0.521     ; 12.176     ;
; -12.201 ; instruction_memory:InstructionMemory|rom:MemoriaRom|altsyncram:altsyncram_component|altsyncram_bk91:auto_generated|ram_block1a0~porta_address_reg0 ; bank_reg_32x32bit:BancoRegistradores|reg_pp_32bit:a3|31 ; clock        ; DivisorFrequencia:inst4|inst2 ; 0.500        ; -0.528     ; 12.150     ;
; -12.160 ; instruction_memory:InstructionMemory|rom:MemoriaRom|altsyncram:altsyncram_component|altsyncram_bk91:auto_generated|ram_block1a0~porta_address_reg0 ; bank_reg_32x32bit:BancoRegistradores|reg_pp_32bit:a1|31 ; clock        ; DivisorFrequencia:inst4|inst2 ; 0.500        ; -0.518     ; 12.119     ;
; -12.160 ; instruction_memory:InstructionMemory|rom:MemoriaRom|altsyncram:altsyncram_component|altsyncram_bk91:auto_generated|ram_block1a0~porta_address_reg0 ; bank_reg_32x32bit:BancoRegistradores|reg_pp_32bit:a2|31 ; clock        ; DivisorFrequencia:inst4|inst2 ; 0.500        ; -0.518     ; 12.119     ;
; -12.155 ; instruction_memory:InstructionMemory|rom:MemoriaRom|altsyncram:altsyncram_component|altsyncram_bk91:auto_generated|ram_block1a0~porta_address_reg0 ; bank_reg_32x32bit:BancoRegistradores|reg_pp_32bit:v0|31 ; clock        ; DivisorFrequencia:inst4|inst2 ; 0.500        ; -0.512     ; 12.120     ;
; -12.153 ; instruction_memory:InstructionMemory|rom:MemoriaRom|altsyncram:altsyncram_component|altsyncram_bk91:auto_generated|ram_block1a0~porta_address_reg0 ; bank_reg_32x32bit:BancoRegistradores|reg_pp_32bit:v1|31 ; clock        ; DivisorFrequencia:inst4|inst2 ; 0.500        ; -0.512     ; 12.118     ;
; -12.134 ; instruction_memory:InstructionMemory|rom:MemoriaRom|altsyncram:altsyncram_component|altsyncram_bk91:auto_generated|ram_block1a0~porta_address_reg0 ; bank_reg_32x32bit:BancoRegistradores|reg_pp_32bit:s6|00 ; clock        ; DivisorFrequencia:inst4|inst2 ; 0.500        ; -0.530     ; 12.081     ;
; -12.133 ; instruction_memory:InstructionMemory|rom:MemoriaRom|altsyncram:altsyncram_component|altsyncram_bk91:auto_generated|ram_block1a0~porta_address_reg0 ; bank_reg_32x32bit:BancoRegistradores|reg_pp_32bit:k0|00 ; clock        ; DivisorFrequencia:inst4|inst2 ; 0.500        ; -0.530     ; 12.080     ;
; -12.128 ; instruction_memory:InstructionMemory|rom:MemoriaRom|altsyncram:altsyncram_component|altsyncram_bk91:auto_generated|ram_block1a0~porta_address_reg0 ; bank_reg_32x32bit:BancoRegistradores|reg_pp_32bit:s2|31 ; clock        ; DivisorFrequencia:inst4|inst2 ; 0.500        ; -0.525     ; 12.080     ;
; -12.101 ; instruction_memory:InstructionMemory|rom:MemoriaRom|altsyncram:altsyncram_component|altsyncram_bk91:auto_generated|ram_block1a0~porta_address_reg0 ; bank_reg_32x32bit:BancoRegistradores|reg_pp_32bit:k1|00 ; clock        ; DivisorFrequencia:inst4|inst2 ; 0.500        ; -0.528     ; 12.050     ;
; -12.087 ; instruction_memory:InstructionMemory|rom:MemoriaRom|altsyncram:altsyncram_component|altsyncram_bk91:auto_generated|ram_block1a0~porta_address_reg0 ; bank_reg_32x32bit:BancoRegistradores|reg_pp_32bit:t8|31 ; clock        ; DivisorFrequencia:inst4|inst2 ; 0.500        ; -0.529     ; 12.035     ;
; -12.083 ; instruction_memory:InstructionMemory|rom:MemoriaRom|altsyncram:altsyncram_component|altsyncram_bk91:auto_generated|ram_block1a0~porta_address_reg0 ; bank_reg_32x32bit:BancoRegistradores|reg_pp_32bit:k0|31 ; clock        ; DivisorFrequencia:inst4|inst2 ; 0.500        ; -0.529     ; 12.031     ;
; -12.078 ; instruction_memory:InstructionMemory|rom:MemoriaRom|altsyncram:altsyncram_component|altsyncram_bk91:auto_generated|ram_block1a0~porta_address_reg0 ; bank_reg_32x32bit:BancoRegistradores|reg_pp_32bit:t5|31 ; clock        ; DivisorFrequencia:inst4|inst2 ; 0.500        ; -0.531     ; 12.024     ;
; -12.076 ; instruction_memory:InstructionMemory|rom:MemoriaRom|altsyncram:altsyncram_component|altsyncram_bk91:auto_generated|ram_block1a0~porta_address_reg0 ; bank_reg_32x32bit:BancoRegistradores|reg_pp_32bit:t7|31 ; clock        ; DivisorFrequencia:inst4|inst2 ; 0.500        ; -0.531     ; 12.022     ;
; -12.069 ; instruction_memory:InstructionMemory|rom:MemoriaRom|altsyncram:altsyncram_component|altsyncram_bk91:auto_generated|ram_block1a0~porta_address_reg0 ; bank_reg_32x32bit:BancoRegistradores|reg_pp_32bit:a0|30 ; clock        ; DivisorFrequencia:inst4|inst2 ; 0.500        ; -0.525     ; 12.021     ;
; -12.068 ; instruction_memory:InstructionMemory|rom:MemoriaRom|altsyncram:altsyncram_component|altsyncram_bk91:auto_generated|ram_block1a0~porta_address_reg0 ; bank_reg_32x32bit:BancoRegistradores|reg_pp_32bit:a3|30 ; clock        ; DivisorFrequencia:inst4|inst2 ; 0.500        ; -0.525     ; 12.020     ;
; -12.042 ; instruction_memory:InstructionMemory|rom:MemoriaRom|altsyncram:altsyncram_component|altsyncram_bk91:auto_generated|ram_block1a0~porta_address_reg0 ; bank_reg_32x32bit:BancoRegistradores|reg_pp_32bit:t9|31 ; clock        ; DivisorFrequencia:inst4|inst2 ; 0.500        ; -0.533     ; 11.986     ;
; -12.036 ; instruction_memory:InstructionMemory|rom:MemoriaRom|altsyncram:altsyncram_component|altsyncram_bk91:auto_generated|ram_block1a0~porta_address_reg0 ; bank_reg_32x32bit:BancoRegistradores|reg_pp_32bit:v1|30 ; clock        ; DivisorFrequencia:inst4|inst2 ; 0.500        ; -0.512     ; 12.001     ;
; -12.035 ; instruction_memory:InstructionMemory|rom:MemoriaRom|altsyncram:altsyncram_component|altsyncram_bk91:auto_generated|ram_block1a0~porta_address_reg0 ; program_counter:ProgramCounter|lpm_dff:133|dffs[6]      ; clock        ; DivisorFrequencia:inst4|inst2 ; 0.500        ; -0.333     ; 12.179     ;
; -12.035 ; instruction_memory:InstructionMemory|rom:MemoriaRom|altsyncram:altsyncram_component|altsyncram_bk91:auto_generated|ram_block1a0~porta_address_reg0 ; bank_reg_32x32bit:BancoRegistradores|reg_pp_32bit:v0|30 ; clock        ; DivisorFrequencia:inst4|inst2 ; 0.500        ; -0.512     ; 12.000     ;
; -12.033 ; instruction_memory:InstructionMemory|rom:MemoriaRom|altsyncram:altsyncram_component|altsyncram_bk91:auto_generated|ram_block1a0~porta_address_reg0 ; bank_reg_32x32bit:BancoRegistradores|reg_pp_32bit:a1|30 ; clock        ; DivisorFrequencia:inst4|inst2 ; 0.500        ; -0.522     ; 11.988     ;
; -12.015 ; instruction_memory:InstructionMemory|rom:MemoriaRom|altsyncram:altsyncram_component|altsyncram_bk91:auto_generated|ram_block1a0~porta_address_reg0 ; bank_reg_32x32bit:BancoRegistradores|reg_pp_32bit:s7|00 ; clock        ; DivisorFrequencia:inst4|inst2 ; 0.500        ; -0.528     ; 11.964     ;
; -12.007 ; instruction_memory:InstructionMemory|rom:MemoriaRom|altsyncram:altsyncram_component|altsyncram_bk91:auto_generated|ram_block1a0~porta_address_reg0 ; bank_reg_32x32bit:BancoRegistradores|reg_pp_32bit:s3|31 ; clock        ; DivisorFrequencia:inst4|inst2 ; 0.500        ; -0.527     ; 11.957     ;
; -12.007 ; instruction_memory:InstructionMemory|rom:MemoriaRom|altsyncram:altsyncram_component|altsyncram_bk91:auto_generated|ram_block1a0~porta_address_reg0 ; bank_reg_32x32bit:BancoRegistradores|reg_pp_32bit:at|31 ; clock        ; DivisorFrequencia:inst4|inst2 ; 0.500        ; -0.332     ; 12.152     ;
; -12.006 ; instruction_memory:InstructionMemory|rom:MemoriaRom|altsyncram:altsyncram_component|altsyncram_bk91:auto_generated|ram_block1a0~porta_address_reg0 ; bank_reg_32x32bit:BancoRegistradores|reg_pp_32bit:k1|31 ; clock        ; DivisorFrequencia:inst4|inst2 ; 0.500        ; -0.527     ; 11.956     ;
; -11.997 ; instruction_memory:InstructionMemory|rom:MemoriaRom|altsyncram:altsyncram_component|altsyncram_bk91:auto_generated|ram_block1a0~porta_address_reg0 ; bank_reg_32x32bit:BancoRegistradores|reg_pp_32bit:t4|00 ; clock        ; DivisorFrequencia:inst4|inst2 ; 0.500        ; -0.530     ; 11.944     ;
; -11.997 ; instruction_memory:InstructionMemory|rom:MemoriaRom|altsyncram:altsyncram_component|altsyncram_bk91:auto_generated|ram_block1a0~porta_address_reg0 ; program_counter:ProgramCounter|lpm_dff:133|dffs[18]     ; clock        ; DivisorFrequencia:inst4|inst2 ; 0.500        ; -0.325     ; 12.149     ;
; -11.996 ; instruction_memory:InstructionMemory|rom:MemoriaRom|altsyncram:altsyncram_component|altsyncram_bk91:auto_generated|ram_block1a0~porta_address_reg0 ; bank_reg_32x32bit:BancoRegistradores|reg_pp_32bit:t7|00 ; clock        ; DivisorFrequencia:inst4|inst2 ; 0.500        ; -0.530     ; 11.943     ;
; -11.973 ; instruction_memory:InstructionMemory|rom:MemoriaRom|altsyncram:altsyncram_component|altsyncram_bk91:auto_generated|ram_block1a0~porta_address_reg0 ; bank_reg_32x32bit:BancoRegistradores|reg_pp_32bit:s2|00 ; clock        ; DivisorFrequencia:inst4|inst2 ; 0.500        ; -0.524     ; 11.926     ;
; -11.968 ; instruction_memory:InstructionMemory|rom:MemoriaRom|altsyncram:altsyncram_component|altsyncram_bk91:auto_generated|ram_block1a0~porta_address_reg0 ; bank_reg_32x32bit:BancoRegistradores|reg_pp_32bit:a2|29 ; clock        ; DivisorFrequencia:inst4|inst2 ; 0.500        ; -0.522     ; 11.923     ;
; -11.963 ; instruction_memory:InstructionMemory|rom:MemoriaRom|altsyncram:altsyncram_component|altsyncram_bk91:auto_generated|ram_block1a0~porta_address_reg0 ; bank_reg_32x32bit:BancoRegistradores|reg_pp_32bit:v1|29 ; clock        ; DivisorFrequencia:inst4|inst2 ; 0.500        ; -0.522     ; 11.918     ;
; -11.961 ; instruction_memory:InstructionMemory|rom:MemoriaRom|altsyncram:altsyncram_component|altsyncram_bk91:auto_generated|ram_block1a0~porta_address_reg0 ; program_counter:ProgramCounter|lpm_dff:133|dffs[9]      ; clock        ; DivisorFrequencia:inst4|inst2 ; 0.500        ; -0.335     ; 12.103     ;
; -11.960 ; instruction_memory:InstructionMemory|rom:MemoriaRom|altsyncram:altsyncram_component|altsyncram_bk91:auto_generated|ram_block1a0~porta_address_reg0 ; program_counter:ProgramCounter|lpm_dff:133|dffs[10]     ; clock        ; DivisorFrequencia:inst4|inst2 ; 0.500        ; -0.335     ; 12.102     ;
; -11.959 ; instruction_memory:InstructionMemory|rom:MemoriaRom|altsyncram:altsyncram_component|altsyncram_bk91:auto_generated|ram_block1a0~porta_address_reg0 ; bank_reg_32x32bit:BancoRegistradores|reg_pp_32bit:t2|31 ; clock        ; DivisorFrequencia:inst4|inst2 ; 0.500        ; -0.529     ; 11.907     ;
; -11.955 ; instruction_memory:InstructionMemory|rom:MemoriaRom|altsyncram:altsyncram_component|altsyncram_bk91:auto_generated|ram_block1a0~porta_address_reg0 ; bank_reg_32x32bit:BancoRegistradores|reg_pp_32bit:t0|31 ; clock        ; DivisorFrequencia:inst4|inst2 ; 0.500        ; -0.530     ; 11.902     ;
; -11.951 ; instruction_memory:InstructionMemory|rom:MemoriaRom|altsyncram:altsyncram_component|altsyncram_bk91:auto_generated|ram_block1a0~porta_address_reg0 ; bank_reg_32x32bit:BancoRegistradores|reg_pp_32bit:t0|00 ; clock        ; DivisorFrequencia:inst4|inst2 ; 0.500        ; -0.523     ; 11.905     ;
; -11.949 ; instruction_memory:InstructionMemory|rom:MemoriaRom|altsyncram:altsyncram_component|altsyncram_bk91:auto_generated|ram_block1a0~porta_address_reg0 ; bank_reg_32x32bit:BancoRegistradores|reg_pp_32bit:t3|00 ; clock        ; DivisorFrequencia:inst4|inst2 ; 0.500        ; -0.523     ; 11.903     ;
; -11.947 ; instruction_memory:InstructionMemory|rom:MemoriaRom|altsyncram:altsyncram_component|altsyncram_bk91:auto_generated|ram_block1a0~porta_address_reg0 ; bank_reg_32x32bit:BancoRegistradores|reg_pp_32bit:t3|31 ; clock        ; DivisorFrequencia:inst4|inst2 ; 0.500        ; -0.529     ; 11.895     ;
; -11.942 ; instruction_memory:InstructionMemory|rom:MemoriaRom|altsyncram:altsyncram_component|altsyncram_bk91:auto_generated|ram_block1a0~porta_address_reg0 ; bank_reg_32x32bit:BancoRegistradores|reg_pp_32bit:t1|31 ; clock        ; DivisorFrequencia:inst4|inst2 ; 0.500        ; -0.518     ; 11.901     ;
; -11.935 ; instruction_memory:InstructionMemory|rom:MemoriaRom|altsyncram:altsyncram_component|altsyncram_bk91:auto_generated|ram_block1a0~porta_address_reg0 ; bank_reg_32x32bit:BancoRegistradores|reg_pp_32bit:s3|00 ; clock        ; DivisorFrequencia:inst4|inst2 ; 0.500        ; -0.527     ; 11.885     ;
; -11.935 ; instruction_memory:InstructionMemory|rom:MemoriaRom|altsyncram:altsyncram_component|altsyncram_bk91:auto_generated|ram_block1a0~porta_address_reg0 ; bank_reg_32x32bit:BancoRegistradores|reg_pp_32bit:ra|00 ; clock        ; DivisorFrequencia:inst4|inst2 ; 0.500        ; -0.527     ; 11.885     ;
; -11.928 ; instruction_memory:InstructionMemory|rom:MemoriaRom|altsyncram:altsyncram_component|altsyncram_bk91:auto_generated|ram_block1a0~porta_address_reg0 ; program_counter:ProgramCounter|lpm_dff:133|dffs[7]      ; clock        ; DivisorFrequencia:inst4|inst2 ; 0.500        ; -0.327     ; 12.078     ;
; -11.927 ; instruction_memory:InstructionMemory|rom:MemoriaRom|altsyncram:altsyncram_component|altsyncram_bk91:auto_generated|ram_block1a0~porta_address_reg0 ; bank_reg_32x32bit:BancoRegistradores|reg_pp_32bit:s4|00 ; clock        ; DivisorFrequencia:inst4|inst2 ; 0.500        ; -0.524     ; 11.880     ;
; -11.923 ; instruction_memory:InstructionMemory|rom:MemoriaRom|altsyncram:altsyncram_component|altsyncram_bk91:auto_generated|ram_block1a0~porta_address_reg0 ; bank_reg_32x32bit:BancoRegistradores|reg_pp_32bit:t8|00 ; clock        ; DivisorFrequencia:inst4|inst2 ; 0.500        ; -0.524     ; 11.876     ;
; -11.920 ; instruction_memory:InstructionMemory|rom:MemoriaRom|altsyncram:altsyncram_component|altsyncram_bk91:auto_generated|ram_block1a0~porta_address_reg0 ; program_counter:ProgramCounter|lpm_dff:133|dffs[3]      ; clock        ; DivisorFrequencia:inst4|inst2 ; 0.500        ; -0.334     ; 12.063     ;
; -11.917 ; instruction_memory:InstructionMemory|rom:MemoriaRom|altsyncram:altsyncram_component|altsyncram_bk91:auto_generated|ram_block1a0~porta_address_reg0 ; program_counter:ProgramCounter|lpm_dff:133|dffs[11]     ; clock        ; DivisorFrequencia:inst4|inst2 ; 0.500        ; -0.327     ; 12.067     ;
; -11.912 ; instruction_memory:InstructionMemory|rom:MemoriaRom|altsyncram:altsyncram_component|altsyncram_bk91:auto_generated|ram_block1a0~porta_address_reg0 ; bank_reg_32x32bit:BancoRegistradores|reg_pp_32bit:t6|00 ; clock        ; DivisorFrequencia:inst4|inst2 ; 0.500        ; -0.526     ; 11.863     ;
; -11.882 ; instruction_memory:InstructionMemory|rom:MemoriaRom|altsyncram:altsyncram_component|altsyncram_bk91:auto_generated|ram_block1a0~porta_address_reg0 ; bank_reg_32x32bit:BancoRegistradores|reg_pp_32bit:s7|31 ; clock        ; DivisorFrequencia:inst4|inst2 ; 0.500        ; -0.529     ; 11.830     ;
; -11.881 ; instruction_memory:InstructionMemory|rom:MemoriaRom|altsyncram:altsyncram_component|altsyncram_bk91:auto_generated|ram_block1a0~porta_address_reg0 ; program_counter:ProgramCounter|lpm_dff:133|dffs[2]      ; clock        ; DivisorFrequencia:inst4|inst2 ; 0.500        ; -0.338     ; 12.020     ;
; -11.880 ; instruction_memory:InstructionMemory|rom:MemoriaRom|altsyncram:altsyncram_component|altsyncram_bk91:auto_generated|ram_block1a0~porta_address_reg0 ; bank_reg_32x32bit:BancoRegistradores|reg_pp_32bit:s6|31 ; clock        ; DivisorFrequencia:inst4|inst2 ; 0.500        ; -0.529     ; 11.828     ;
; -11.880 ; instruction_memory:InstructionMemory|rom:MemoriaRom|altsyncram:altsyncram_component|altsyncram_bk91:auto_generated|ram_block1a0~porta_address_reg0 ; bank_reg_32x32bit:BancoRegistradores|reg_pp_32bit:sp|00 ; clock        ; DivisorFrequencia:inst4|inst2 ; 0.500        ; -0.522     ; 11.835     ;
; -11.880 ; instruction_memory:InstructionMemory|rom:MemoriaRom|altsyncram:altsyncram_component|altsyncram_bk91:auto_generated|ram_block1a0~porta_address_reg0 ; program_counter:ProgramCounter|lpm_dff:133|dffs[1]      ; clock        ; DivisorFrequencia:inst4|inst2 ; 0.500        ; -0.338     ; 12.019     ;
; -11.878 ; instruction_memory:InstructionMemory|rom:MemoriaRom|altsyncram:altsyncram_component|altsyncram_bk91:auto_generated|ram_block1a0~porta_address_reg0 ; program_counter:ProgramCounter|lpm_dff:133|dffs[8]      ; clock        ; DivisorFrequencia:inst4|inst2 ; 0.500        ; -0.338     ; 12.017     ;
; -11.867 ; instruction_memory:InstructionMemory|rom:MemoriaRom|altsyncram:altsyncram_component|altsyncram_bk91:auto_generated|ram_block1a0~porta_address_reg0 ; bank_reg_32x32bit:BancoRegistradores|reg_pp_32bit:t9|00 ; clock        ; DivisorFrequencia:inst4|inst2 ; 0.500        ; -0.522     ; 11.822     ;
; -11.867 ; instruction_memory:InstructionMemory|rom:MemoriaRom|altsyncram:altsyncram_component|altsyncram_bk91:auto_generated|ram_block1a0~porta_address_reg0 ; bank_reg_32x32bit:BancoRegistradores|reg_pp_32bit:k0|29 ; clock        ; DivisorFrequencia:inst4|inst2 ; 0.500        ; -0.521     ; 11.823     ;
; -11.865 ; instruction_memory:InstructionMemory|rom:MemoriaRom|altsyncram:altsyncram_component|altsyncram_bk91:auto_generated|ram_block1a0~porta_address_reg0 ; bank_reg_32x32bit:BancoRegistradores|reg_pp_32bit:a2|30 ; clock        ; DivisorFrequencia:inst4|inst2 ; 0.500        ; -0.518     ; 11.824     ;
; -11.853 ; instruction_memory:InstructionMemory|rom:MemoriaRom|altsyncram:altsyncram_component|altsyncram_bk91:auto_generated|ram_block1a0~porta_address_reg0 ; program_counter:ProgramCounter|lpm_dff:133|dffs[24]     ; clock        ; DivisorFrequencia:inst4|inst2 ; 0.500        ; -0.331     ; 11.999     ;
; -11.850 ; instruction_memory:InstructionMemory|rom:MemoriaRom|altsyncram:altsyncram_component|altsyncram_bk91:auto_generated|ram_block1a0~porta_address_reg0 ; program_counter:ProgramCounter|lpm_dff:133|dffs[28]     ; clock        ; DivisorFrequencia:inst4|inst2 ; 0.500        ; -0.321     ; 12.006     ;
; -11.849 ; instruction_memory:InstructionMemory|rom:MemoriaRom|altsyncram:altsyncram_component|altsyncram_bk91:auto_generated|ram_block1a0~porta_address_reg0 ; bank_reg_32x32bit:BancoRegistradores|reg_pp_32bit:a0|29 ; clock        ; DivisorFrequencia:inst4|inst2 ; 0.500        ; -0.521     ; 11.805     ;
; -11.847 ; instruction_memory:InstructionMemory|rom:MemoriaRom|altsyncram:altsyncram_component|altsyncram_bk91:auto_generated|ram_block1a0~porta_address_reg0 ; program_counter:ProgramCounter|lpm_dff:133|dffs[16]     ; clock        ; DivisorFrequencia:inst4|inst2 ; 0.500        ; -0.321     ; 12.003     ;
; -11.847 ; instruction_memory:InstructionMemory|rom:MemoriaRom|altsyncram:altsyncram_component|altsyncram_bk91:auto_generated|ram_block1a0~porta_address_reg0 ; bank_reg_32x32bit:BancoRegistradores|reg_pp_32bit:t2|30 ; clock        ; DivisorFrequencia:inst4|inst2 ; 0.500        ; -0.529     ; 11.795     ;
; -11.847 ; instruction_memory:InstructionMemory|rom:MemoriaRom|altsyncram:altsyncram_component|altsyncram_bk91:auto_generated|ram_block1a0~porta_address_reg0 ; bank_reg_32x32bit:BancoRegistradores|reg_pp_32bit:t3|30 ; clock        ; DivisorFrequencia:inst4|inst2 ; 0.500        ; -0.529     ; 11.795     ;
; -11.835 ; instruction_memory:InstructionMemory|rom:MemoriaRom|altsyncram:altsyncram_component|altsyncram_bk91:auto_generated|ram_block1a0~porta_address_reg0 ; program_counter:ProgramCounter|lpm_dff:133|dffs[12]     ; clock        ; DivisorFrequencia:inst4|inst2 ; 0.500        ; -0.320     ; 11.992     ;
; -11.834 ; instruction_memory:InstructionMemory|rom:MemoriaRom|altsyncram:altsyncram_component|altsyncram_bk91:auto_generated|ram_block1a0~porta_address_reg0 ; program_counter:ProgramCounter|lpm_dff:133|dffs[15]     ; clock        ; DivisorFrequencia:inst4|inst2 ; 0.500        ; -0.321     ; 11.990     ;
; -11.832 ; instruction_memory:InstructionMemory|rom:MemoriaRom|altsyncram:altsyncram_component|altsyncram_bk91:auto_generated|ram_block1a0~porta_address_reg0 ; program_counter:ProgramCounter|lpm_dff:133|dffs[5]      ; clock        ; DivisorFrequencia:inst4|inst2 ; 0.500        ; -0.319     ; 11.990     ;
; -11.828 ; instruction_memory:InstructionMemory|rom:MemoriaRom|altsyncram:altsyncram_component|altsyncram_bk91:auto_generated|ram_block1a0~porta_address_reg0 ; bank_reg_32x32bit:BancoRegistradores|reg_pp_32bit:at|00 ; clock        ; DivisorFrequencia:inst4|inst2 ; 0.500        ; -0.518     ; 11.787     ;
; -11.827 ; instruction_memory:InstructionMemory|rom:MemoriaRom|altsyncram:altsyncram_component|altsyncram_bk91:auto_generated|ram_block1a0~porta_address_reg0 ; bank_reg_32x32bit:BancoRegistradores|reg_pp_32bit:v1|00 ; clock        ; DivisorFrequencia:inst4|inst2 ; 0.500        ; -0.518     ; 11.786     ;
; -11.825 ; instruction_memory:InstructionMemory|rom:MemoriaRom|altsyncram:altsyncram_component|altsyncram_bk91:auto_generated|ram_block1a0~porta_address_reg0 ; bank_reg_32x32bit:BancoRegistradores|reg_pp_32bit:at|30 ; clock        ; DivisorFrequencia:inst4|inst2 ; 0.500        ; -0.332     ; 11.970     ;
; -11.823 ; instruction_memory:InstructionMemory|rom:MemoriaRom|altsyncram:altsyncram_component|altsyncram_bk91:auto_generated|ram_block1a0~porta_address_reg0 ; bank_reg_32x32bit:BancoRegistradores|reg_pp_32bit:s1|30 ; clock        ; DivisorFrequencia:inst4|inst2 ; 0.500        ; -0.527     ; 11.773     ;
; -11.822 ; instruction_memory:InstructionMemory|rom:MemoriaRom|altsyncram:altsyncram_component|altsyncram_bk91:auto_generated|ram_block1a0~porta_address_reg0 ; bank_reg_32x32bit:BancoRegistradores|reg_pp_32bit:sp|30 ; clock        ; DivisorFrequencia:inst4|inst2 ; 0.500        ; -0.527     ; 11.772     ;
; -11.814 ; instruction_memory:InstructionMemory|rom:MemoriaRom|altsyncram:altsyncram_component|altsyncram_bk91:auto_generated|ram_block1a0~porta_address_reg0 ; program_counter:ProgramCounter|lpm_dff:133|dffs[4]      ; clock        ; DivisorFrequencia:inst4|inst2 ; 0.500        ; -0.334     ; 11.957     ;
; -11.805 ; instruction_memory:InstructionMemory|rom:MemoriaRom|altsyncram:altsyncram_component|altsyncram_bk91:auto_generated|ram_block1a0~porta_address_reg0 ; bank_reg_32x32bit:BancoRegistradores|reg_pp_32bit:s6|30 ; clock        ; DivisorFrequencia:inst4|inst2 ; 0.500        ; -0.524     ; 11.758     ;
; -11.802 ; instruction_memory:InstructionMemory|rom:MemoriaRom|altsyncram:altsyncram_component|altsyncram_bk91:auto_generated|ram_block1a0~porta_address_reg0 ; program_counter:ProgramCounter|lpm_dff:133|dffs[20]     ; clock        ; DivisorFrequencia:inst4|inst2 ; 0.500        ; -0.342     ; 11.937     ;
; -11.802 ; instruction_memory:InstructionMemory|rom:MemoriaRom|altsyncram:altsyncram_component|altsyncram_bk91:auto_generated|ram_block1a0~porta_address_reg0 ; bank_reg_32x32bit:BancoRegistradores|reg_pp_32bit:k0|30 ; clock        ; DivisorFrequencia:inst4|inst2 ; 0.500        ; -0.524     ; 11.755     ;
; -11.797 ; instruction_memory:InstructionMemory|rom:MemoriaRom|altsyncram:altsyncram_component|altsyncram_bk91:auto_generated|ram_block1a0~porta_address_reg0 ; bank_reg_32x32bit:BancoRegistradores|reg_pp_32bit:t6|30 ; clock        ; DivisorFrequencia:inst4|inst2 ; 0.500        ; -0.522     ; 11.752     ;
; -11.795 ; instruction_memory:InstructionMemory|rom:MemoriaRom|altsyncram:altsyncram_component|altsyncram_bk91:auto_generated|ram_block1a0~porta_address_reg0 ; bank_reg_32x32bit:BancoRegistradores|reg_pp_32bit:t4|30 ; clock        ; DivisorFrequencia:inst4|inst2 ; 0.500        ; -0.522     ; 11.750     ;
; -11.794 ; instruction_memory:InstructionMemory|rom:MemoriaRom|altsyncram:altsyncram_component|altsyncram_bk91:auto_generated|ram_block1a0~porta_address_reg0 ; bank_reg_32x32bit:BancoRegistradores|reg_pp_32bit:s3|30 ; clock        ; DivisorFrequencia:inst4|inst2 ; 0.500        ; -0.527     ; 11.744     ;
; -11.793 ; instruction_memory:InstructionMemory|rom:MemoriaRom|altsyncram:altsyncram_component|altsyncram_bk91:auto_generated|ram_block1a0~porta_address_reg0 ; bank_reg_32x32bit:BancoRegistradores|reg_pp_32bit:s7|30 ; clock        ; DivisorFrequencia:inst4|inst2 ; 0.500        ; -0.527     ; 11.743     ;
; -11.788 ; instruction_memory:InstructionMemory|rom:MemoriaRom|altsyncram:altsyncram_component|altsyncram_bk91:auto_generated|ram_block1a0~porta_address_reg0 ; bank_reg_32x32bit:BancoRegistradores|reg_pp_32bit:gp|00 ; clock        ; DivisorFrequencia:inst4|inst2 ; 0.500        ; -0.523     ; 11.742     ;
; -11.787 ; instruction_memory:InstructionMemory|rom:MemoriaRom|altsyncram:altsyncram_component|altsyncram_bk91:auto_generated|ram_block1a0~porta_address_reg0 ; bank_reg_32x32bit:BancoRegistradores|reg_pp_32bit:s0|00 ; clock        ; DivisorFrequencia:inst4|inst2 ; 0.500        ; -0.523     ; 11.741     ;
; -11.782 ; instruction_memory:InstructionMemory|rom:MemoriaRom|altsyncram:altsyncram_component|altsyncram_bk91:auto_generated|ram_block1a0~porta_address_reg0 ; bank_reg_32x32bit:BancoRegistradores|reg_pp_32bit:fp|00 ; clock        ; DivisorFrequencia:inst4|inst2 ; 0.500        ; -0.336     ; 11.923     ;
; -11.781 ; instruction_memory:InstructionMemory|rom:MemoriaRom|altsyncram:altsyncram_component|altsyncram_bk91:auto_generated|ram_block1a0~porta_address_reg0 ; bank_reg_32x32bit:BancoRegistradores|reg_pp_32bit:t1|00 ; clock        ; DivisorFrequencia:inst4|inst2 ; 0.500        ; -0.522     ; 11.736     ;
; -11.781 ; instruction_memory:InstructionMemory|rom:MemoriaRom|altsyncram:altsyncram_component|altsyncram_bk91:auto_generated|ram_block1a0~porta_address_reg0 ; bank_reg_32x32bit:BancoRegistradores|reg_pp_32bit:t2|00 ; clock        ; DivisorFrequencia:inst4|inst2 ; 0.500        ; -0.522     ; 11.736     ;
; -11.773 ; instruction_memory:InstructionMemory|rom:MemoriaRom|altsyncram:altsyncram_component|altsyncram_bk91:auto_generated|ram_block1a0~porta_address_reg0 ; bank_reg_32x32bit:BancoRegistradores|reg_pp_32bit:gp|30 ; clock        ; DivisorFrequencia:inst4|inst2 ; 0.500        ; -0.530     ; 11.720     ;
; -11.773 ; instruction_memory:InstructionMemory|rom:MemoriaRom|altsyncram:altsyncram_component|altsyncram_bk91:auto_generated|ram_block1a0~porta_address_reg0 ; bank_reg_32x32bit:BancoRegistradores|reg_pp_32bit:s0|30 ; clock        ; DivisorFrequencia:inst4|inst2 ; 0.500        ; -0.530     ; 11.720     ;
; -11.764 ; instruction_memory:InstructionMemory|rom:MemoriaRom|altsyncram:altsyncram_component|altsyncram_bk91:auto_generated|ram_block1a0~porta_address_reg0 ; program_counter:ProgramCounter|lpm_dff:133|dffs[0]      ; clock        ; DivisorFrequencia:inst4|inst2 ; 0.500        ; -0.325     ; 11.916     ;
; -11.763 ; instruction_memory:InstructionMemory|rom:MemoriaRom|altsyncram:altsyncram_component|altsyncram_bk91:auto_generated|ram_block1a0~porta_address_reg0 ; bank_reg_32x32bit:BancoRegistradores|reg_pp_32bit:t6|31 ; clock        ; DivisorFrequencia:inst4|inst2 ; 0.500        ; -0.522     ; 11.718     ;
; -11.762 ; instruction_memory:InstructionMemory|rom:MemoriaRom|altsyncram:altsyncram_component|altsyncram_bk91:auto_generated|ram_block1a0~porta_address_reg0 ; bank_reg_32x32bit:BancoRegistradores|reg_pp_32bit:t4|31 ; clock        ; DivisorFrequencia:inst4|inst2 ; 0.500        ; -0.522     ; 11.717     ;
; -11.758 ; instruction_memory:InstructionMemory|rom:MemoriaRom|altsyncram:altsyncram_component|altsyncram_bk91:auto_generated|ram_block1a0~porta_address_reg0 ; bank_reg_32x32bit:BancoRegistradores|reg_pp_32bit:v0|00 ; clock        ; DivisorFrequencia:inst4|inst2 ; 0.500        ; -0.525     ; 11.710     ;
; -11.726 ; instruction_memory:InstructionMemory|rom:MemoriaRom|altsyncram:altsyncram_component|altsyncram_bk91:auto_generated|ram_block1a0~porta_address_reg0 ; bank_reg_32x32bit:BancoRegistradores|reg_pp_32bit:t5|00 ; clock        ; DivisorFrequencia:inst4|inst2 ; 0.500        ; -0.338     ; 11.865     ;
; -11.719 ; instruction_memory:InstructionMemory|rom:MemoriaRom|altsyncram:altsyncram_component|altsyncram_bk91:auto_generated|ram_block1a0~porta_address_reg0 ; program_counter:ProgramCounter|lpm_dff:133|dffs[19]     ; clock        ; DivisorFrequencia:inst4|inst2 ; 0.500        ; -0.326     ; 11.870     ;
; -11.716 ; instruction_memory:InstructionMemory|rom:MemoriaRom|altsyncram:altsyncram_component|altsyncram_bk91:auto_generated|ram_block1a0~porta_address_reg0 ; program_counter:ProgramCounter|lpm_dff:133|dffs[17]     ; clock        ; DivisorFrequencia:inst4|inst2 ; 0.500        ; -0.326     ; 11.867     ;
; -11.711 ; instruction_memory:InstructionMemory|rom:MemoriaRom|altsyncram:altsyncram_component|altsyncram_bk91:auto_generated|ram_block1a0~porta_address_reg0 ; bank_reg_32x32bit:BancoRegistradores|reg_pp_32bit:s5|28 ; clock        ; DivisorFrequencia:inst4|inst2 ; 0.500        ; -0.522     ; 11.666     ;
; -11.706 ; instruction_memory:InstructionMemory|rom:MemoriaRom|altsyncram:altsyncram_component|altsyncram_bk91:auto_generated|ram_block1a0~porta_address_reg0 ; bank_reg_32x32bit:BancoRegistradores|reg_pp_32bit:ra|30 ; clock        ; DivisorFrequencia:inst4|inst2 ; 0.500        ; -0.523     ; 11.660     ;
; -11.705 ; instruction_memory:InstructionMemory|rom:MemoriaRom|altsyncram:altsyncram_component|altsyncram_bk91:auto_generated|ram_block1a0~porta_address_reg0 ; program_counter:ProgramCounter|lpm_dff:133|dffs[25]     ; clock        ; DivisorFrequencia:inst4|inst2 ; 0.500        ; -0.332     ; 11.850     ;
; -11.697 ; instruction_memory:InstructionMemory|rom:MemoriaRom|altsyncram:altsyncram_component|altsyncram_bk91:auto_generated|ram_block1a0~porta_address_reg0 ; bank_reg_32x32bit:BancoRegistradores|reg_pp_32bit:s5|31 ; clock        ; DivisorFrequencia:inst4|inst2 ; 0.500        ; -0.346     ; 11.828     ;
+---------+----------------------------------------------------------------------------------------------------------------------------------------------------+---------------------------------------------------------+--------------+-------------------------------+--------------+------------+------------+


+--------------------------------------------------------------------------------------------------------------------------------------------------------------------------------------------------------------------------------------------------------------------------------------------------------------------------------------------------------------------------------------------+
; Fast 1200mV 0C Model Setup: 'clock'                                                                                                                                                                                                                                                                                                                                                        ;
+--------+----------------------------------------------------------------------------------------------------------------------------------------------------+---------------------------------------------------------------------------------------------------------------------------------------+-------------------------------+-------------+--------------+------------+------------+
; Slack  ; From Node                                                                                                                                          ; To Node                                                                                                                               ; Launch Clock                  ; Latch Clock ; Relationship ; Clock Skew ; Data Delay ;
+--------+----------------------------------------------------------------------------------------------------------------------------------------------------+---------------------------------------------------------------------------------------------------------------------------------------+-------------------------------+-------------+--------------+------------+------------+
; -5.935 ; instruction_memory:InstructionMemory|rom:MemoriaRom|altsyncram:altsyncram_component|altsyncram_bk91:auto_generated|ram_block1a0~porta_address_reg0 ; data_memory:DataMemory|ram:MemoriaRAM|altsyncram:altsyncram_component|altsyncram_vme1:auto_generated|ram_block1a14~porta_address_reg0 ; clock                         ; clock       ; 1.000        ; -0.043     ; 6.901      ;
; -5.935 ; instruction_memory:InstructionMemory|rom:MemoriaRom|altsyncram:altsyncram_component|altsyncram_bk91:auto_generated|ram_block1a0~porta_address_reg0 ; data_memory:DataMemory|ram:MemoriaRAM|altsyncram:altsyncram_component|altsyncram_vme1:auto_generated|ram_block1a0~porta_address_reg0  ; clock                         ; clock       ; 1.000        ; -0.043     ; 6.901      ;
; -4.530 ; instruction_memory:InstructionMemory|rom:MemoriaRom|altsyncram:altsyncram_component|altsyncram_bk91:auto_generated|ram_block1a0~porta_address_reg0 ; data_memory:DataMemory|ram:MemoriaRAM|altsyncram:altsyncram_component|altsyncram_vme1:auto_generated|ram_block1a14~porta_datain_reg0  ; clock                         ; clock       ; 1.000        ; -0.041     ; 5.498      ;
; -4.363 ; bank_reg_32x32bit:BancoRegistradores|reg_pp_32bit:a0|00                                                                                            ; data_memory:DataMemory|ram:MemoriaRAM|altsyncram:altsyncram_component|altsyncram_vme1:auto_generated|ram_block1a14~porta_address_reg0 ; DivisorFrequencia:inst4|inst2 ; clock       ; 0.500        ; 0.397      ; 5.259      ;
; -4.363 ; bank_reg_32x32bit:BancoRegistradores|reg_pp_32bit:a0|00                                                                                            ; data_memory:DataMemory|ram:MemoriaRAM|altsyncram:altsyncram_component|altsyncram_vme1:auto_generated|ram_block1a0~porta_address_reg0  ; DivisorFrequencia:inst4|inst2 ; clock       ; 0.500        ; 0.397      ; 5.259      ;
; -4.346 ; bank_reg_32x32bit:BancoRegistradores|reg_pp_32bit:a3|00                                                                                            ; data_memory:DataMemory|ram:MemoriaRAM|altsyncram:altsyncram_component|altsyncram_vme1:auto_generated|ram_block1a14~porta_address_reg0 ; DivisorFrequencia:inst4|inst2 ; clock       ; 0.500        ; 0.397      ; 5.242      ;
; -4.346 ; bank_reg_32x32bit:BancoRegistradores|reg_pp_32bit:a3|00                                                                                            ; data_memory:DataMemory|ram:MemoriaRAM|altsyncram:altsyncram_component|altsyncram_vme1:auto_generated|ram_block1a0~porta_address_reg0  ; DivisorFrequencia:inst4|inst2 ; clock       ; 0.500        ; 0.397      ; 5.242      ;
; -4.313 ; bank_reg_32x32bit:BancoRegistradores|reg_pp_32bit:s2|03                                                                                            ; data_memory:DataMemory|ram:MemoriaRAM|altsyncram:altsyncram_component|altsyncram_vme1:auto_generated|ram_block1a14~porta_address_reg0 ; DivisorFrequencia:inst4|inst2 ; clock       ; 0.500        ; 0.402      ; 5.214      ;
; -4.313 ; bank_reg_32x32bit:BancoRegistradores|reg_pp_32bit:s2|03                                                                                            ; data_memory:DataMemory|ram:MemoriaRAM|altsyncram:altsyncram_component|altsyncram_vme1:auto_generated|ram_block1a0~porta_address_reg0  ; DivisorFrequencia:inst4|inst2 ; clock       ; 0.500        ; 0.402      ; 5.214      ;
; -4.275 ; bank_reg_32x32bit:BancoRegistradores|reg_pp_32bit:a1|02                                                                                            ; data_memory:DataMemory|ram:MemoriaRAM|altsyncram:altsyncram_component|altsyncram_vme1:auto_generated|ram_block1a14~porta_address_reg0 ; DivisorFrequencia:inst4|inst2 ; clock       ; 0.500        ; 0.392      ; 5.166      ;
; -4.275 ; bank_reg_32x32bit:BancoRegistradores|reg_pp_32bit:a1|02                                                                                            ; data_memory:DataMemory|ram:MemoriaRAM|altsyncram:altsyncram_component|altsyncram_vme1:auto_generated|ram_block1a0~porta_address_reg0  ; DivisorFrequencia:inst4|inst2 ; clock       ; 0.500        ; 0.392      ; 5.166      ;
; -4.256 ; bank_reg_32x32bit:BancoRegistradores|reg_pp_32bit:t9|04                                                                                            ; data_memory:DataMemory|ram:MemoriaRAM|altsyncram:altsyncram_component|altsyncram_vme1:auto_generated|ram_block1a14~porta_address_reg0 ; DivisorFrequencia:inst4|inst2 ; clock       ; 0.500        ; 0.407      ; 5.162      ;
; -4.256 ; bank_reg_32x32bit:BancoRegistradores|reg_pp_32bit:t9|04                                                                                            ; data_memory:DataMemory|ram:MemoriaRAM|altsyncram:altsyncram_component|altsyncram_vme1:auto_generated|ram_block1a0~porta_address_reg0  ; DivisorFrequencia:inst4|inst2 ; clock       ; 0.500        ; 0.407      ; 5.162      ;
; -4.253 ; bank_reg_32x32bit:BancoRegistradores|reg_pp_32bit:s1|00                                                                                            ; data_memory:DataMemory|ram:MemoriaRAM|altsyncram:altsyncram_component|altsyncram_vme1:auto_generated|ram_block1a14~porta_address_reg0 ; DivisorFrequencia:inst4|inst2 ; clock       ; 0.500        ; 0.206      ; 4.958      ;
; -4.253 ; bank_reg_32x32bit:BancoRegistradores|reg_pp_32bit:s1|00                                                                                            ; data_memory:DataMemory|ram:MemoriaRAM|altsyncram:altsyncram_component|altsyncram_vme1:auto_generated|ram_block1a0~porta_address_reg0  ; DivisorFrequencia:inst4|inst2 ; clock       ; 0.500        ; 0.206      ; 4.958      ;
; -4.242 ; instruction_memory:InstructionMemory|rom:MemoriaRom|altsyncram:altsyncram_component|altsyncram_bk91:auto_generated|ram_block1a0~porta_address_reg0 ; data_memory:DataMemory|ram:MemoriaRAM|altsyncram:altsyncram_component|altsyncram_vme1:auto_generated|ram_block1a0~porta_datain_reg0   ; clock                         ; clock       ; 1.000        ; -0.041     ; 5.210      ;
; -4.236 ; bank_reg_32x32bit:BancoRegistradores|reg_pp_32bit:t6|01                                                                                            ; data_memory:DataMemory|ram:MemoriaRAM|altsyncram:altsyncram_component|altsyncram_vme1:auto_generated|ram_block1a14~porta_address_reg0 ; DivisorFrequencia:inst4|inst2 ; clock       ; 0.500        ; 0.411      ; 5.146      ;
; -4.236 ; bank_reg_32x32bit:BancoRegistradores|reg_pp_32bit:t6|01                                                                                            ; data_memory:DataMemory|ram:MemoriaRAM|altsyncram:altsyncram_component|altsyncram_vme1:auto_generated|ram_block1a0~porta_address_reg0  ; DivisorFrequencia:inst4|inst2 ; clock       ; 0.500        ; 0.411      ; 5.146      ;
; -4.223 ; bank_reg_32x32bit:BancoRegistradores|reg_pp_32bit:s2|02                                                                                            ; data_memory:DataMemory|ram:MemoriaRAM|altsyncram:altsyncram_component|altsyncram_vme1:auto_generated|ram_block1a14~porta_address_reg0 ; DivisorFrequencia:inst4|inst2 ; clock       ; 0.500        ; 0.402      ; 5.124      ;
; -4.223 ; bank_reg_32x32bit:BancoRegistradores|reg_pp_32bit:s2|02                                                                                            ; data_memory:DataMemory|ram:MemoriaRAM|altsyncram:altsyncram_component|altsyncram_vme1:auto_generated|ram_block1a0~porta_address_reg0  ; DivisorFrequencia:inst4|inst2 ; clock       ; 0.500        ; 0.402      ; 5.124      ;
; -4.215 ; bank_reg_32x32bit:BancoRegistradores|reg_pp_32bit:s6|00                                                                                            ; data_memory:DataMemory|ram:MemoriaRAM|altsyncram:altsyncram_component|altsyncram_vme1:auto_generated|ram_block1a14~porta_address_reg0 ; DivisorFrequencia:inst4|inst2 ; clock       ; 0.500        ; 0.409      ; 5.123      ;
; -4.215 ; bank_reg_32x32bit:BancoRegistradores|reg_pp_32bit:s6|00                                                                                            ; data_memory:DataMemory|ram:MemoriaRAM|altsyncram:altsyncram_component|altsyncram_vme1:auto_generated|ram_block1a0~porta_address_reg0  ; DivisorFrequencia:inst4|inst2 ; clock       ; 0.500        ; 0.409      ; 5.123      ;
; -4.200 ; bank_reg_32x32bit:BancoRegistradores|reg_pp_32bit:at|02                                                                                            ; data_memory:DataMemory|ram:MemoriaRAM|altsyncram:altsyncram_component|altsyncram_vme1:auto_generated|ram_block1a14~porta_address_reg0 ; DivisorFrequencia:inst4|inst2 ; clock       ; 0.500        ; 0.403      ; 5.102      ;
; -4.200 ; bank_reg_32x32bit:BancoRegistradores|reg_pp_32bit:at|02                                                                                            ; data_memory:DataMemory|ram:MemoriaRAM|altsyncram:altsyncram_component|altsyncram_vme1:auto_generated|ram_block1a0~porta_address_reg0  ; DivisorFrequencia:inst4|inst2 ; clock       ; 0.500        ; 0.403      ; 5.102      ;
; -4.190 ; bank_reg_32x32bit:BancoRegistradores|reg_pp_32bit:a0|02                                                                                            ; data_memory:DataMemory|ram:MemoriaRAM|altsyncram:altsyncram_component|altsyncram_vme1:auto_generated|ram_block1a14~porta_address_reg0 ; DivisorFrequencia:inst4|inst2 ; clock       ; 0.500        ; 0.402      ; 5.091      ;
; -4.190 ; bank_reg_32x32bit:BancoRegistradores|reg_pp_32bit:a0|02                                                                                            ; data_memory:DataMemory|ram:MemoriaRAM|altsyncram:altsyncram_component|altsyncram_vme1:auto_generated|ram_block1a0~porta_address_reg0  ; DivisorFrequencia:inst4|inst2 ; clock       ; 0.500        ; 0.402      ; 5.091      ;
; -4.164 ; bank_reg_32x32bit:BancoRegistradores|reg_pp_32bit:a2|02                                                                                            ; data_memory:DataMemory|ram:MemoriaRAM|altsyncram:altsyncram_component|altsyncram_vme1:auto_generated|ram_block1a14~porta_address_reg0 ; DivisorFrequencia:inst4|inst2 ; clock       ; 0.500        ; 0.392      ; 5.055      ;
; -4.164 ; bank_reg_32x32bit:BancoRegistradores|reg_pp_32bit:a2|02                                                                                            ; data_memory:DataMemory|ram:MemoriaRAM|altsyncram:altsyncram_component|altsyncram_vme1:auto_generated|ram_block1a0~porta_address_reg0  ; DivisorFrequencia:inst4|inst2 ; clock       ; 0.500        ; 0.392      ; 5.055      ;
; -4.144 ; bank_reg_32x32bit:BancoRegistradores|reg_pp_32bit:s0|00                                                                                            ; data_memory:DataMemory|ram:MemoriaRAM|altsyncram:altsyncram_component|altsyncram_vme1:auto_generated|ram_block1a14~porta_address_reg0 ; DivisorFrequencia:inst4|inst2 ; clock       ; 0.500        ; 0.402      ; 5.045      ;
; -4.144 ; bank_reg_32x32bit:BancoRegistradores|reg_pp_32bit:s0|00                                                                                            ; data_memory:DataMemory|ram:MemoriaRAM|altsyncram:altsyncram_component|altsyncram_vme1:auto_generated|ram_block1a0~porta_address_reg0  ; DivisorFrequencia:inst4|inst2 ; clock       ; 0.500        ; 0.402      ; 5.045      ;
; -4.129 ; bank_reg_32x32bit:BancoRegistradores|reg_pp_32bit:s0|03                                                                                            ; data_memory:DataMemory|ram:MemoriaRAM|altsyncram:altsyncram_component|altsyncram_vme1:auto_generated|ram_block1a14~porta_address_reg0 ; DivisorFrequencia:inst4|inst2 ; clock       ; 0.500        ; 0.397      ; 5.025      ;
; -4.129 ; bank_reg_32x32bit:BancoRegistradores|reg_pp_32bit:s0|03                                                                                            ; data_memory:DataMemory|ram:MemoriaRAM|altsyncram:altsyncram_component|altsyncram_vme1:auto_generated|ram_block1a0~porta_address_reg0  ; DivisorFrequencia:inst4|inst2 ; clock       ; 0.500        ; 0.397      ; 5.025      ;
; -4.113 ; bank_reg_32x32bit:BancoRegistradores|reg_pp_32bit:s3|01                                                                                            ; data_memory:DataMemory|ram:MemoriaRAM|altsyncram:altsyncram_component|altsyncram_vme1:auto_generated|ram_block1a14~porta_address_reg0 ; DivisorFrequencia:inst4|inst2 ; clock       ; 0.500        ; 0.406      ; 5.018      ;
; -4.113 ; bank_reg_32x32bit:BancoRegistradores|reg_pp_32bit:s3|01                                                                                            ; data_memory:DataMemory|ram:MemoriaRAM|altsyncram:altsyncram_component|altsyncram_vme1:auto_generated|ram_block1a0~porta_address_reg0  ; DivisorFrequencia:inst4|inst2 ; clock       ; 0.500        ; 0.406      ; 5.018      ;
; -4.111 ; bank_reg_32x32bit:BancoRegistradores|reg_pp_32bit:t8|00                                                                                            ; data_memory:DataMemory|ram:MemoriaRAM|altsyncram:altsyncram_component|altsyncram_vme1:auto_generated|ram_block1a14~porta_address_reg0 ; DivisorFrequencia:inst4|inst2 ; clock       ; 0.500        ; 0.404      ; 5.014      ;
; -4.111 ; bank_reg_32x32bit:BancoRegistradores|reg_pp_32bit:t8|00                                                                                            ; data_memory:DataMemory|ram:MemoriaRAM|altsyncram:altsyncram_component|altsyncram_vme1:auto_generated|ram_block1a0~porta_address_reg0  ; DivisorFrequencia:inst4|inst2 ; clock       ; 0.500        ; 0.404      ; 5.014      ;
; -4.102 ; bank_reg_32x32bit:BancoRegistradores|reg_pp_32bit:s4|00                                                                                            ; data_memory:DataMemory|ram:MemoriaRAM|altsyncram:altsyncram_component|altsyncram_vme1:auto_generated|ram_block1a14~porta_address_reg0 ; DivisorFrequencia:inst4|inst2 ; clock       ; 0.500        ; 0.404      ; 5.005      ;
; -4.102 ; bank_reg_32x32bit:BancoRegistradores|reg_pp_32bit:s4|00                                                                                            ; data_memory:DataMemory|ram:MemoriaRAM|altsyncram:altsyncram_component|altsyncram_vme1:auto_generated|ram_block1a0~porta_address_reg0  ; DivisorFrequencia:inst4|inst2 ; clock       ; 0.500        ; 0.404      ; 5.005      ;
; -4.100 ; bank_reg_32x32bit:BancoRegistradores|reg_pp_32bit:k0|00                                                                                            ; data_memory:DataMemory|ram:MemoriaRAM|altsyncram:altsyncram_component|altsyncram_vme1:auto_generated|ram_block1a14~porta_address_reg0 ; DivisorFrequencia:inst4|inst2 ; clock       ; 0.500        ; 0.409      ; 5.008      ;
; -4.100 ; bank_reg_32x32bit:BancoRegistradores|reg_pp_32bit:k0|00                                                                                            ; data_memory:DataMemory|ram:MemoriaRAM|altsyncram:altsyncram_component|altsyncram_vme1:auto_generated|ram_block1a0~porta_address_reg0  ; DivisorFrequencia:inst4|inst2 ; clock       ; 0.500        ; 0.409      ; 5.008      ;
; -4.092 ; bank_reg_32x32bit:BancoRegistradores|reg_pp_32bit:a1|00                                                                                            ; data_memory:DataMemory|ram:MemoriaRAM|altsyncram:altsyncram_component|altsyncram_vme1:auto_generated|ram_block1a14~porta_address_reg0 ; DivisorFrequencia:inst4|inst2 ; clock       ; 0.500        ; 0.400      ; 4.991      ;
; -4.092 ; bank_reg_32x32bit:BancoRegistradores|reg_pp_32bit:a1|00                                                                                            ; data_memory:DataMemory|ram:MemoriaRAM|altsyncram:altsyncram_component|altsyncram_vme1:auto_generated|ram_block1a0~porta_address_reg0  ; DivisorFrequencia:inst4|inst2 ; clock       ; 0.500        ; 0.400      ; 4.991      ;
; -4.088 ; bank_reg_32x32bit:BancoRegistradores|reg_pp_32bit:gp|00                                                                                            ; data_memory:DataMemory|ram:MemoriaRAM|altsyncram:altsyncram_component|altsyncram_vme1:auto_generated|ram_block1a14~porta_address_reg0 ; DivisorFrequencia:inst4|inst2 ; clock       ; 0.500        ; 0.402      ; 4.989      ;
; -4.088 ; bank_reg_32x32bit:BancoRegistradores|reg_pp_32bit:gp|00                                                                                            ; data_memory:DataMemory|ram:MemoriaRAM|altsyncram:altsyncram_component|altsyncram_vme1:auto_generated|ram_block1a0~porta_address_reg0  ; DivisorFrequencia:inst4|inst2 ; clock       ; 0.500        ; 0.402      ; 4.989      ;
; -4.050 ; bank_reg_32x32bit:BancoRegistradores|reg_pp_32bit:a0|01                                                                                            ; data_memory:DataMemory|ram:MemoriaRAM|altsyncram:altsyncram_component|altsyncram_vme1:auto_generated|ram_block1a14~porta_address_reg0 ; DivisorFrequencia:inst4|inst2 ; clock       ; 0.500        ; 0.401      ; 4.950      ;
; -4.050 ; bank_reg_32x32bit:BancoRegistradores|reg_pp_32bit:a0|01                                                                                            ; data_memory:DataMemory|ram:MemoriaRAM|altsyncram:altsyncram_component|altsyncram_vme1:auto_generated|ram_block1a0~porta_address_reg0  ; DivisorFrequencia:inst4|inst2 ; clock       ; 0.500        ; 0.401      ; 4.950      ;
; -4.041 ; bank_reg_32x32bit:BancoRegistradores|reg_pp_32bit:t9|02                                                                                            ; data_memory:DataMemory|ram:MemoriaRAM|altsyncram:altsyncram_component|altsyncram_vme1:auto_generated|ram_block1a14~porta_address_reg0 ; DivisorFrequencia:inst4|inst2 ; clock       ; 0.500        ; 0.401      ; 4.941      ;
; -4.041 ; bank_reg_32x32bit:BancoRegistradores|reg_pp_32bit:t9|02                                                                                            ; data_memory:DataMemory|ram:MemoriaRAM|altsyncram:altsyncram_component|altsyncram_vme1:auto_generated|ram_block1a0~porta_address_reg0  ; DivisorFrequencia:inst4|inst2 ; clock       ; 0.500        ; 0.401      ; 4.941      ;
; -4.040 ; bank_reg_32x32bit:BancoRegistradores|reg_pp_32bit:s7|02                                                                                            ; data_memory:DataMemory|ram:MemoriaRAM|altsyncram:altsyncram_component|altsyncram_vme1:auto_generated|ram_block1a14~porta_address_reg0 ; DivisorFrequencia:inst4|inst2 ; clock       ; 0.500        ; 0.407      ; 4.946      ;
; -4.040 ; bank_reg_32x32bit:BancoRegistradores|reg_pp_32bit:s7|02                                                                                            ; data_memory:DataMemory|ram:MemoriaRAM|altsyncram:altsyncram_component|altsyncram_vme1:auto_generated|ram_block1a0~porta_address_reg0  ; DivisorFrequencia:inst4|inst2 ; clock       ; 0.500        ; 0.407      ; 4.946      ;
; -4.039 ; bank_reg_32x32bit:BancoRegistradores|reg_pp_32bit:s4|02                                                                                            ; data_memory:DataMemory|ram:MemoriaRAM|altsyncram:altsyncram_component|altsyncram_vme1:auto_generated|ram_block1a14~porta_address_reg0 ; DivisorFrequencia:inst4|inst2 ; clock       ; 0.500        ; 0.400      ; 4.938      ;
; -4.039 ; bank_reg_32x32bit:BancoRegistradores|reg_pp_32bit:s4|02                                                                                            ; data_memory:DataMemory|ram:MemoriaRAM|altsyncram:altsyncram_component|altsyncram_vme1:auto_generated|ram_block1a0~porta_address_reg0  ; DivisorFrequencia:inst4|inst2 ; clock       ; 0.500        ; 0.400      ; 4.938      ;
; -4.032 ; bank_reg_32x32bit:BancoRegistradores|reg_pp_32bit:t9|00                                                                                            ; data_memory:DataMemory|ram:MemoriaRAM|altsyncram:altsyncram_component|altsyncram_vme1:auto_generated|ram_block1a14~porta_address_reg0 ; DivisorFrequencia:inst4|inst2 ; clock       ; 0.500        ; 0.401      ; 4.932      ;
; -4.032 ; bank_reg_32x32bit:BancoRegistradores|reg_pp_32bit:t9|00                                                                                            ; data_memory:DataMemory|ram:MemoriaRAM|altsyncram:altsyncram_component|altsyncram_vme1:auto_generated|ram_block1a0~porta_address_reg0  ; DivisorFrequencia:inst4|inst2 ; clock       ; 0.500        ; 0.401      ; 4.932      ;
; -4.022 ; bank_reg_32x32bit:BancoRegistradores|reg_pp_32bit:s5|04                                                                                            ; data_memory:DataMemory|ram:MemoriaRAM|altsyncram:altsyncram_component|altsyncram_vme1:auto_generated|ram_block1a14~porta_address_reg0 ; DivisorFrequencia:inst4|inst2 ; clock       ; 0.500        ; 0.406      ; 4.927      ;
; -4.022 ; bank_reg_32x32bit:BancoRegistradores|reg_pp_32bit:s5|04                                                                                            ; data_memory:DataMemory|ram:MemoriaRAM|altsyncram:altsyncram_component|altsyncram_vme1:auto_generated|ram_block1a0~porta_address_reg0  ; DivisorFrequencia:inst4|inst2 ; clock       ; 0.500        ; 0.406      ; 4.927      ;
; -4.021 ; bank_reg_32x32bit:BancoRegistradores|reg_pp_32bit:s7|04                                                                                            ; data_memory:DataMemory|ram:MemoriaRAM|altsyncram:altsyncram_component|altsyncram_vme1:auto_generated|ram_block1a14~porta_address_reg0 ; DivisorFrequencia:inst4|inst2 ; clock       ; 0.500        ; 0.407      ; 4.927      ;
; -4.021 ; bank_reg_32x32bit:BancoRegistradores|reg_pp_32bit:s7|04                                                                                            ; data_memory:DataMemory|ram:MemoriaRAM|altsyncram:altsyncram_component|altsyncram_vme1:auto_generated|ram_block1a0~porta_address_reg0  ; DivisorFrequencia:inst4|inst2 ; clock       ; 0.500        ; 0.407      ; 4.927      ;
; -4.016 ; bank_reg_32x32bit:BancoRegistradores|reg_pp_32bit:s1|04                                                                                            ; data_memory:DataMemory|ram:MemoriaRAM|altsyncram:altsyncram_component|altsyncram_vme1:auto_generated|ram_block1a14~porta_address_reg0 ; DivisorFrequencia:inst4|inst2 ; clock       ; 0.500        ; 0.406      ; 4.921      ;
; -4.016 ; bank_reg_32x32bit:BancoRegistradores|reg_pp_32bit:s1|04                                                                                            ; data_memory:DataMemory|ram:MemoriaRAM|altsyncram:altsyncram_component|altsyncram_vme1:auto_generated|ram_block1a0~porta_address_reg0  ; DivisorFrequencia:inst4|inst2 ; clock       ; 0.500        ; 0.406      ; 4.921      ;
; -4.013 ; bank_reg_32x32bit:BancoRegistradores|reg_pp_32bit:s1|01                                                                                            ; data_memory:DataMemory|ram:MemoriaRAM|altsyncram:altsyncram_component|altsyncram_vme1:auto_generated|ram_block1a14~porta_address_reg0 ; DivisorFrequencia:inst4|inst2 ; clock       ; 0.500        ; 0.407      ; 4.919      ;
; -4.013 ; bank_reg_32x32bit:BancoRegistradores|reg_pp_32bit:s1|01                                                                                            ; data_memory:DataMemory|ram:MemoriaRAM|altsyncram:altsyncram_component|altsyncram_vme1:auto_generated|ram_block1a0~porta_address_reg0  ; DivisorFrequencia:inst4|inst2 ; clock       ; 0.500        ; 0.407      ; 4.919      ;
; -4.008 ; bank_reg_32x32bit:BancoRegistradores|reg_pp_32bit:at|04                                                                                            ; data_memory:DataMemory|ram:MemoriaRAM|altsyncram:altsyncram_component|altsyncram_vme1:auto_generated|ram_block1a14~porta_address_reg0 ; DivisorFrequencia:inst4|inst2 ; clock       ; 0.500        ; 0.397      ; 4.904      ;
; -4.008 ; bank_reg_32x32bit:BancoRegistradores|reg_pp_32bit:at|04                                                                                            ; data_memory:DataMemory|ram:MemoriaRAM|altsyncram:altsyncram_component|altsyncram_vme1:auto_generated|ram_block1a0~porta_address_reg0  ; DivisorFrequencia:inst4|inst2 ; clock       ; 0.500        ; 0.397      ; 4.904      ;
; -4.003 ; bank_reg_32x32bit:BancoRegistradores|reg_pp_32bit:s7|00                                                                                            ; data_memory:DataMemory|ram:MemoriaRAM|altsyncram:altsyncram_component|altsyncram_vme1:auto_generated|ram_block1a14~porta_address_reg0 ; DivisorFrequencia:inst4|inst2 ; clock       ; 0.500        ; 0.407      ; 4.909      ;
; -4.003 ; bank_reg_32x32bit:BancoRegistradores|reg_pp_32bit:s7|00                                                                                            ; data_memory:DataMemory|ram:MemoriaRAM|altsyncram:altsyncram_component|altsyncram_vme1:auto_generated|ram_block1a0~porta_address_reg0  ; DivisorFrequencia:inst4|inst2 ; clock       ; 0.500        ; 0.407      ; 4.909      ;
; -4.001 ; bank_reg_32x32bit:BancoRegistradores|reg_pp_32bit:t8|05                                                                                            ; data_memory:DataMemory|ram:MemoriaRAM|altsyncram:altsyncram_component|altsyncram_vme1:auto_generated|ram_block1a14~porta_address_reg0 ; DivisorFrequencia:inst4|inst2 ; clock       ; 0.500        ; 0.400      ; 4.900      ;
; -4.001 ; bank_reg_32x32bit:BancoRegistradores|reg_pp_32bit:t8|05                                                                                            ; data_memory:DataMemory|ram:MemoriaRAM|altsyncram:altsyncram_component|altsyncram_vme1:auto_generated|ram_block1a0~porta_address_reg0  ; DivisorFrequencia:inst4|inst2 ; clock       ; 0.500        ; 0.400      ; 4.900      ;
; -3.997 ; bank_reg_32x32bit:BancoRegistradores|reg_pp_32bit:t5|00                                                                                            ; data_memory:DataMemory|ram:MemoriaRAM|altsyncram:altsyncram_component|altsyncram_vme1:auto_generated|ram_block1a14~porta_address_reg0 ; DivisorFrequencia:inst4|inst2 ; clock       ; 0.500        ; 0.210      ; 4.706      ;
; -3.997 ; bank_reg_32x32bit:BancoRegistradores|reg_pp_32bit:t5|00                                                                                            ; data_memory:DataMemory|ram:MemoriaRAM|altsyncram:altsyncram_component|altsyncram_vme1:auto_generated|ram_block1a0~porta_address_reg0  ; DivisorFrequencia:inst4|inst2 ; clock       ; 0.500        ; 0.210      ; 4.706      ;
; -3.994 ; bank_reg_32x32bit:BancoRegistradores|reg_pp_32bit:k1|02                                                                                            ; data_memory:DataMemory|ram:MemoriaRAM|altsyncram:altsyncram_component|altsyncram_vme1:auto_generated|ram_block1a14~porta_address_reg0 ; DivisorFrequencia:inst4|inst2 ; clock       ; 0.500        ; 0.408      ; 4.901      ;
; -3.994 ; bank_reg_32x32bit:BancoRegistradores|reg_pp_32bit:k1|02                                                                                            ; data_memory:DataMemory|ram:MemoriaRAM|altsyncram:altsyncram_component|altsyncram_vme1:auto_generated|ram_block1a0~porta_address_reg0  ; DivisorFrequencia:inst4|inst2 ; clock       ; 0.500        ; 0.408      ; 4.901      ;
; -3.992 ; bank_reg_32x32bit:BancoRegistradores|reg_pp_32bit:fp|00                                                                                            ; data_memory:DataMemory|ram:MemoriaRAM|altsyncram:altsyncram_component|altsyncram_vme1:auto_generated|ram_block1a14~porta_address_reg0 ; DivisorFrequencia:inst4|inst2 ; clock       ; 0.500        ; 0.208      ; 4.699      ;
; -3.992 ; bank_reg_32x32bit:BancoRegistradores|reg_pp_32bit:fp|00                                                                                            ; data_memory:DataMemory|ram:MemoriaRAM|altsyncram:altsyncram_component|altsyncram_vme1:auto_generated|ram_block1a0~porta_address_reg0  ; DivisorFrequencia:inst4|inst2 ; clock       ; 0.500        ; 0.208      ; 4.699      ;
; -3.990 ; bank_reg_32x32bit:BancoRegistradores|reg_pp_32bit:s0|02                                                                                            ; data_memory:DataMemory|ram:MemoriaRAM|altsyncram:altsyncram_component|altsyncram_vme1:auto_generated|ram_block1a14~porta_address_reg0 ; DivisorFrequencia:inst4|inst2 ; clock       ; 0.500        ; 0.401      ; 4.890      ;
; -3.990 ; bank_reg_32x32bit:BancoRegistradores|reg_pp_32bit:s0|02                                                                                            ; data_memory:DataMemory|ram:MemoriaRAM|altsyncram:altsyncram_component|altsyncram_vme1:auto_generated|ram_block1a0~porta_address_reg0  ; DivisorFrequencia:inst4|inst2 ; clock       ; 0.500        ; 0.401      ; 4.890      ;
; -3.988 ; bank_reg_32x32bit:BancoRegistradores|reg_pp_32bit:t9|01                                                                                            ; data_memory:DataMemory|ram:MemoriaRAM|altsyncram:altsyncram_component|altsyncram_vme1:auto_generated|ram_block1a14~porta_address_reg0 ; DivisorFrequencia:inst4|inst2 ; clock       ; 0.500        ; 0.401      ; 4.888      ;
; -3.988 ; bank_reg_32x32bit:BancoRegistradores|reg_pp_32bit:t9|01                                                                                            ; data_memory:DataMemory|ram:MemoriaRAM|altsyncram:altsyncram_component|altsyncram_vme1:auto_generated|ram_block1a0~porta_address_reg0  ; DivisorFrequencia:inst4|inst2 ; clock       ; 0.500        ; 0.401      ; 4.888      ;
; -3.984 ; bank_reg_32x32bit:BancoRegistradores|reg_pp_32bit:t1|00                                                                                            ; data_memory:DataMemory|ram:MemoriaRAM|altsyncram:altsyncram_component|altsyncram_vme1:auto_generated|ram_block1a14~porta_address_reg0 ; DivisorFrequencia:inst4|inst2 ; clock       ; 0.500        ; 0.401      ; 4.884      ;
; -3.984 ; bank_reg_32x32bit:BancoRegistradores|reg_pp_32bit:t1|00                                                                                            ; data_memory:DataMemory|ram:MemoriaRAM|altsyncram:altsyncram_component|altsyncram_vme1:auto_generated|ram_block1a0~porta_address_reg0  ; DivisorFrequencia:inst4|inst2 ; clock       ; 0.500        ; 0.401      ; 4.884      ;
; -3.981 ; bank_reg_32x32bit:BancoRegistradores|reg_pp_32bit:s3|04                                                                                            ; data_memory:DataMemory|ram:MemoriaRAM|altsyncram:altsyncram_component|altsyncram_vme1:auto_generated|ram_block1a14~porta_address_reg0 ; DivisorFrequencia:inst4|inst2 ; clock       ; 0.500        ; 0.406      ; 4.886      ;
; -3.981 ; bank_reg_32x32bit:BancoRegistradores|reg_pp_32bit:s3|04                                                                                            ; data_memory:DataMemory|ram:MemoriaRAM|altsyncram:altsyncram_component|altsyncram_vme1:auto_generated|ram_block1a0~porta_address_reg0  ; DivisorFrequencia:inst4|inst2 ; clock       ; 0.500        ; 0.406      ; 4.886      ;
; -3.981 ; bank_reg_32x32bit:BancoRegistradores|reg_pp_32bit:a2|01                                                                                            ; data_memory:DataMemory|ram:MemoriaRAM|altsyncram:altsyncram_component|altsyncram_vme1:auto_generated|ram_block1a14~porta_address_reg0 ; DivisorFrequencia:inst4|inst2 ; clock       ; 0.500        ; 0.402      ; 4.882      ;
; -3.981 ; bank_reg_32x32bit:BancoRegistradores|reg_pp_32bit:a2|01                                                                                            ; data_memory:DataMemory|ram:MemoriaRAM|altsyncram:altsyncram_component|altsyncram_vme1:auto_generated|ram_block1a0~porta_address_reg0  ; DivisorFrequencia:inst4|inst2 ; clock       ; 0.500        ; 0.402      ; 4.882      ;
; -3.974 ; bank_reg_32x32bit:BancoRegistradores|reg_pp_32bit:ra|00                                                                                            ; data_memory:DataMemory|ram:MemoriaRAM|altsyncram:altsyncram_component|altsyncram_vme1:auto_generated|ram_block1a14~porta_address_reg0 ; DivisorFrequencia:inst4|inst2 ; clock       ; 0.500        ; 0.407      ; 4.880      ;
; -3.974 ; bank_reg_32x32bit:BancoRegistradores|reg_pp_32bit:ra|00                                                                                            ; data_memory:DataMemory|ram:MemoriaRAM|altsyncram:altsyncram_component|altsyncram_vme1:auto_generated|ram_block1a0~porta_address_reg0  ; DivisorFrequencia:inst4|inst2 ; clock       ; 0.500        ; 0.407      ; 4.880      ;
; -3.973 ; bank_reg_32x32bit:BancoRegistradores|reg_pp_32bit:s7|03                                                                                            ; data_memory:DataMemory|ram:MemoriaRAM|altsyncram:altsyncram_component|altsyncram_vme1:auto_generated|ram_block1a14~porta_address_reg0 ; DivisorFrequencia:inst4|inst2 ; clock       ; 0.500        ; 0.407      ; 4.879      ;
; -3.973 ; bank_reg_32x32bit:BancoRegistradores|reg_pp_32bit:s7|03                                                                                            ; data_memory:DataMemory|ram:MemoriaRAM|altsyncram:altsyncram_component|altsyncram_vme1:auto_generated|ram_block1a0~porta_address_reg0  ; DivisorFrequencia:inst4|inst2 ; clock       ; 0.500        ; 0.407      ; 4.879      ;
; -3.971 ; bank_reg_32x32bit:BancoRegistradores|reg_pp_32bit:t2|00                                                                                            ; data_memory:DataMemory|ram:MemoriaRAM|altsyncram:altsyncram_component|altsyncram_vme1:auto_generated|ram_block1a14~porta_address_reg0 ; DivisorFrequencia:inst4|inst2 ; clock       ; 0.500        ; 0.401      ; 4.871      ;
; -3.971 ; bank_reg_32x32bit:BancoRegistradores|reg_pp_32bit:t2|00                                                                                            ; data_memory:DataMemory|ram:MemoriaRAM|altsyncram:altsyncram_component|altsyncram_vme1:auto_generated|ram_block1a0~porta_address_reg0  ; DivisorFrequencia:inst4|inst2 ; clock       ; 0.500        ; 0.401      ; 4.871      ;
; -3.968 ; bank_reg_32x32bit:BancoRegistradores|reg_pp_32bit:s4|04                                                                                            ; data_memory:DataMemory|ram:MemoriaRAM|altsyncram:altsyncram_component|altsyncram_vme1:auto_generated|ram_block1a14~porta_address_reg0 ; DivisorFrequencia:inst4|inst2 ; clock       ; 0.500        ; 0.400      ; 4.867      ;
; -3.968 ; bank_reg_32x32bit:BancoRegistradores|reg_pp_32bit:s4|04                                                                                            ; data_memory:DataMemory|ram:MemoriaRAM|altsyncram:altsyncram_component|altsyncram_vme1:auto_generated|ram_block1a0~porta_address_reg0  ; DivisorFrequencia:inst4|inst2 ; clock       ; 0.500        ; 0.400      ; 4.867      ;
; -3.967 ; bank_reg_32x32bit:BancoRegistradores|reg_pp_32bit:s6|04                                                                                            ; data_memory:DataMemory|ram:MemoriaRAM|altsyncram:altsyncram_component|altsyncram_vme1:auto_generated|ram_block1a14~porta_address_reg0 ; DivisorFrequencia:inst4|inst2 ; clock       ; 0.500        ; 0.409      ; 4.875      ;
; -3.967 ; bank_reg_32x32bit:BancoRegistradores|reg_pp_32bit:s6|04                                                                                            ; data_memory:DataMemory|ram:MemoriaRAM|altsyncram:altsyncram_component|altsyncram_vme1:auto_generated|ram_block1a0~porta_address_reg0  ; DivisorFrequencia:inst4|inst2 ; clock       ; 0.500        ; 0.409      ; 4.875      ;
; -3.967 ; bank_reg_32x32bit:BancoRegistradores|reg_pp_32bit:t8|03                                                                                            ; data_memory:DataMemory|ram:MemoriaRAM|altsyncram:altsyncram_component|altsyncram_vme1:auto_generated|ram_block1a14~porta_address_reg0 ; DivisorFrequencia:inst4|inst2 ; clock       ; 0.500        ; 0.410      ; 4.876      ;
; -3.967 ; bank_reg_32x32bit:BancoRegistradores|reg_pp_32bit:t8|03                                                                                            ; data_memory:DataMemory|ram:MemoriaRAM|altsyncram:altsyncram_component|altsyncram_vme1:auto_generated|ram_block1a0~porta_address_reg0  ; DivisorFrequencia:inst4|inst2 ; clock       ; 0.500        ; 0.410      ; 4.876      ;
; -3.966 ; bank_reg_32x32bit:BancoRegistradores|reg_pp_32bit:s2|00                                                                                            ; data_memory:DataMemory|ram:MemoriaRAM|altsyncram:altsyncram_component|altsyncram_vme1:auto_generated|ram_block1a14~porta_address_reg0 ; DivisorFrequencia:inst4|inst2 ; clock       ; 0.500        ; 0.404      ; 4.869      ;
; -3.966 ; bank_reg_32x32bit:BancoRegistradores|reg_pp_32bit:s2|00                                                                                            ; data_memory:DataMemory|ram:MemoriaRAM|altsyncram:altsyncram_component|altsyncram_vme1:auto_generated|ram_block1a0~porta_address_reg0  ; DivisorFrequencia:inst4|inst2 ; clock       ; 0.500        ; 0.404      ; 4.869      ;
; -3.964 ; bank_reg_32x32bit:BancoRegistradores|reg_pp_32bit:k0|04                                                                                            ; data_memory:DataMemory|ram:MemoriaRAM|altsyncram:altsyncram_component|altsyncram_vme1:auto_generated|ram_block1a14~porta_address_reg0 ; DivisorFrequencia:inst4|inst2 ; clock       ; 0.500        ; 0.409      ; 4.872      ;
; -3.964 ; bank_reg_32x32bit:BancoRegistradores|reg_pp_32bit:k0|04                                                                                            ; data_memory:DataMemory|ram:MemoriaRAM|altsyncram:altsyncram_component|altsyncram_vme1:auto_generated|ram_block1a0~porta_address_reg0  ; DivisorFrequencia:inst4|inst2 ; clock       ; 0.500        ; 0.409      ; 4.872      ;
+--------+----------------------------------------------------------------------------------------------------------------------------------------------------+---------------------------------------------------------------------------------------------------------------------------------------+-------------------------------+-------------+--------------+------------+------------+


+--------------------------------------------------------------------------------------------------------------------------------------------------------------------------------------------------------------------------------------------------------------------------------------------------------------+
; Fast 1200mV 0C Model Hold: 'clock'                                                                                                                                                                                                                                                                           ;
+--------+---------------------------------------------------------+----------------------------------------------------------------------------------------------------------------------------------------------------+-------------------------------+-------------+--------------+------------+------------+
; Slack  ; From Node                                               ; To Node                                                                                                                                            ; Launch Clock                  ; Latch Clock ; Relationship ; Clock Skew ; Data Delay ;
+--------+---------------------------------------------------------+----------------------------------------------------------------------------------------------------------------------------------------------------+-------------------------------+-------------+--------------+------------+------------+
; -0.185 ; DivisorFrequencia:inst4|inst2                           ; DivisorFrequencia:inst4|inst2                                                                                                                      ; DivisorFrequencia:inst4|inst2 ; clock       ; 0.000        ; 1.882      ; 1.916      ;
; -0.002 ; DivisorFrequencia:inst4|inst2                           ; data_memory:DataMemory|ram:MemoriaRAM|altsyncram:altsyncram_component|altsyncram_vme1:auto_generated|ram_block1a14~porta_we_reg                    ; DivisorFrequencia:inst4|inst2 ; clock       ; 0.000        ; 2.076      ; 2.313      ;
; -0.002 ; DivisorFrequencia:inst4|inst2                           ; data_memory:DataMemory|ram:MemoriaRAM|altsyncram:altsyncram_component|altsyncram_vme1:auto_generated|ram_block1a0~porta_we_reg                     ; DivisorFrequencia:inst4|inst2 ; clock       ; 0.000        ; 2.076      ; 2.313      ;
; 0.183  ; DivisorFrequencia:inst4|inst                            ; DivisorFrequencia:inst4|inst                                                                                                                       ; clock                         ; clock       ; 0.000        ; 0.047      ; 0.314      ;
; 0.185  ; DivisorFrequencia:inst4|inst1                           ; DivisorFrequencia:inst4|inst1                                                                                                                      ; clock                         ; clock       ; 0.000        ; 0.038      ; 0.307      ;
; 0.206  ; DivisorFrequencia:inst4|inst2                           ; DivisorFrequencia:inst4|inst2                                                                                                                      ; DivisorFrequencia:inst4|inst2 ; clock       ; -0.500       ; 1.882      ; 1.807      ;
; 0.408  ; DivisorFrequencia:inst4|inst                            ; DivisorFrequencia:inst4|inst1                                                                                                                      ; clock                         ; clock       ; 0.000        ; -0.178     ; 0.314      ;
; 0.501  ; DivisorFrequencia:inst4|inst2                           ; data_memory:DataMemory|ram:MemoriaRAM|altsyncram:altsyncram_component|altsyncram_vme1:auto_generated|ram_block1a14~porta_we_reg                    ; DivisorFrequencia:inst4|inst2 ; clock       ; -0.500       ; 2.076      ; 2.316      ;
; 0.501  ; DivisorFrequencia:inst4|inst2                           ; data_memory:DataMemory|ram:MemoriaRAM|altsyncram:altsyncram_component|altsyncram_vme1:auto_generated|ram_block1a0~porta_we_reg                     ; DivisorFrequencia:inst4|inst2 ; clock       ; -0.500       ; 2.076      ; 2.316      ;
; 0.522  ; program_counter:ProgramCounter|lpm_dff:133|dffs[9]      ; instruction_memory:InstructionMemory|rom:MemoriaRom|altsyncram:altsyncram_component|altsyncram_bk91:auto_generated|ram_block1a0~porta_address_reg0 ; DivisorFrequencia:inst4|inst2 ; clock       ; -0.500       ; 0.335      ; 0.491      ;
; 0.655  ; program_counter:ProgramCounter|lpm_dff:133|dffs[3]      ; instruction_memory:InstructionMemory|rom:MemoriaRom|altsyncram:altsyncram_component|altsyncram_bk91:auto_generated|ram_block1a0~porta_address_reg0 ; DivisorFrequencia:inst4|inst2 ; clock       ; -0.500       ; 0.334      ; 0.623      ;
; 0.669  ; program_counter:ProgramCounter|lpm_dff:133|dffs[6]      ; instruction_memory:InstructionMemory|rom:MemoriaRom|altsyncram:altsyncram_component|altsyncram_bk91:auto_generated|ram_block1a0~porta_address_reg0 ; DivisorFrequencia:inst4|inst2 ; clock       ; -0.500       ; 0.333      ; 0.636      ;
; 0.678  ; program_counter:ProgramCounter|lpm_dff:133|dffs[4]      ; instruction_memory:InstructionMemory|rom:MemoriaRom|altsyncram:altsyncram_component|altsyncram_bk91:auto_generated|ram_block1a0~porta_address_reg0 ; DivisorFrequencia:inst4|inst2 ; clock       ; -0.500       ; 0.334      ; 0.646      ;
; 0.685  ; program_counter:ProgramCounter|lpm_dff:133|dffs[2]      ; instruction_memory:InstructionMemory|rom:MemoriaRom|altsyncram:altsyncram_component|altsyncram_bk91:auto_generated|ram_block1a0~porta_address_reg0 ; DivisorFrequencia:inst4|inst2 ; clock       ; -0.500       ; 0.338      ; 0.657      ;
; 0.690  ; bank_reg_32x32bit:BancoRegistradores|reg_pp_32bit:t1|04 ; data_memory:DataMemory|ram:MemoriaRAM|altsyncram:altsyncram_component|altsyncram_vme1:auto_generated|ram_block1a0~porta_datain_reg0                ; DivisorFrequencia:inst4|inst2 ; clock       ; -0.500       ; 0.531      ; 0.855      ;
; 0.691  ; program_counter:ProgramCounter|lpm_dff:133|dffs[8]      ; instruction_memory:InstructionMemory|rom:MemoriaRom|altsyncram:altsyncram_component|altsyncram_bk91:auto_generated|ram_block1a0~porta_address_reg0 ; DivisorFrequencia:inst4|inst2 ; clock       ; -0.500       ; 0.338      ; 0.663      ;
; 0.694  ; program_counter:ProgramCounter|lpm_dff:133|dffs[5]      ; instruction_memory:InstructionMemory|rom:MemoriaRom|altsyncram:altsyncram_component|altsyncram_bk91:auto_generated|ram_block1a0~porta_address_reg0 ; DivisorFrequencia:inst4|inst2 ; clock       ; -0.500       ; 0.319      ; 0.647      ;
; 0.702  ; program_counter:ProgramCounter|lpm_dff:133|dffs[7]      ; instruction_memory:InstructionMemory|rom:MemoriaRom|altsyncram:altsyncram_component|altsyncram_bk91:auto_generated|ram_block1a0~porta_address_reg0 ; DivisorFrequencia:inst4|inst2 ; clock       ; -0.500       ; 0.327      ; 0.663      ;
; 0.793  ; bank_reg_32x32bit:BancoRegistradores|reg_pp_32bit:t2|26 ; data_memory:DataMemory|ram:MemoriaRAM|altsyncram:altsyncram_component|altsyncram_vme1:auto_generated|ram_block1a14~porta_datain_reg0               ; DivisorFrequencia:inst4|inst2 ; clock       ; -0.500       ; 0.538      ; 0.965      ;
; 0.882  ; bank_reg_32x32bit:BancoRegistradores|reg_pp_32bit:t2|24 ; data_memory:DataMemory|ram:MemoriaRAM|altsyncram:altsyncram_component|altsyncram_vme1:auto_generated|ram_block1a14~porta_datain_reg0               ; DivisorFrequencia:inst4|inst2 ; clock       ; -0.500       ; 0.530      ; 1.046      ;
; 0.884  ; bank_reg_32x32bit:BancoRegistradores|reg_pp_32bit:t7|08 ; data_memory:DataMemory|ram:MemoriaRAM|altsyncram:altsyncram_component|altsyncram_vme1:auto_generated|ram_block1a0~porta_datain_reg0                ; DivisorFrequencia:inst4|inst2 ; clock       ; -0.500       ; 0.539      ; 1.057      ;
; 0.902  ; bank_reg_32x32bit:BancoRegistradores|reg_pp_32bit:t3|26 ; data_memory:DataMemory|ram:MemoriaRAM|altsyncram:altsyncram_component|altsyncram_vme1:auto_generated|ram_block1a14~porta_datain_reg0               ; DivisorFrequencia:inst4|inst2 ; clock       ; -0.500       ; 0.538      ; 1.074      ;
; 0.943  ; bank_reg_32x32bit:BancoRegistradores|reg_pp_32bit:v1|19 ; data_memory:DataMemory|ram:MemoriaRAM|altsyncram:altsyncram_component|altsyncram_vme1:auto_generated|ram_block1a14~porta_datain_reg0               ; DivisorFrequencia:inst4|inst2 ; clock       ; -0.500       ; 0.355      ; 0.932      ;
; 0.955  ; bank_reg_32x32bit:BancoRegistradores|reg_pp_32bit:t7|00 ; data_memory:DataMemory|ram:MemoriaRAM|altsyncram:altsyncram_component|altsyncram_vme1:auto_generated|ram_block1a0~porta_datain_reg0                ; DivisorFrequencia:inst4|inst2 ; clock       ; -0.500       ; 0.539      ; 1.128      ;
; 0.959  ; bank_reg_32x32bit:BancoRegistradores|reg_pp_32bit:v1|11 ; data_memory:DataMemory|ram:MemoriaRAM|altsyncram:altsyncram_component|altsyncram_vme1:auto_generated|ram_block1a0~porta_datain_reg0                ; DivisorFrequencia:inst4|inst2 ; clock       ; -0.500       ; 0.530      ; 1.123      ;
; 0.969  ; bank_reg_32x32bit:BancoRegistradores|reg_pp_32bit:t7|11 ; data_memory:DataMemory|ram:MemoriaRAM|altsyncram:altsyncram_component|altsyncram_vme1:auto_generated|ram_block1a0~porta_datain_reg0                ; DivisorFrequencia:inst4|inst2 ; clock       ; -0.500       ; 0.539      ; 1.142      ;
; 0.995  ; DivisorFrequencia:inst4|inst1                           ; DivisorFrequencia:inst4|inst2                                                                                                                      ; clock                         ; clock       ; 0.000        ; 0.038      ; 1.117      ;
; 0.996  ; bank_reg_32x32bit:BancoRegistradores|reg_pp_32bit:t1|06 ; data_memory:DataMemory|ram:MemoriaRAM|altsyncram:altsyncram_component|altsyncram_vme1:auto_generated|ram_block1a0~porta_datain_reg0                ; DivisorFrequencia:inst4|inst2 ; clock       ; -0.500       ; 0.537      ; 1.167      ;
; 0.998  ; bank_reg_32x32bit:BancoRegistradores|reg_pp_32bit:v1|09 ; data_memory:DataMemory|ram:MemoriaRAM|altsyncram:altsyncram_component|altsyncram_vme1:auto_generated|ram_block1a0~porta_datain_reg0                ; DivisorFrequencia:inst4|inst2 ; clock       ; -0.500       ; 0.538      ; 1.170      ;
; 1.002  ; bank_reg_32x32bit:BancoRegistradores|reg_pp_32bit:t3|24 ; data_memory:DataMemory|ram:MemoriaRAM|altsyncram:altsyncram_component|altsyncram_vme1:auto_generated|ram_block1a14~porta_datain_reg0               ; DivisorFrequencia:inst4|inst2 ; clock       ; -0.500       ; 0.530      ; 1.166      ;
; 1.005  ; bank_reg_32x32bit:BancoRegistradores|reg_pp_32bit:t2|19 ; data_memory:DataMemory|ram:MemoriaRAM|altsyncram:altsyncram_component|altsyncram_vme1:auto_generated|ram_block1a14~porta_datain_reg0               ; DivisorFrequencia:inst4|inst2 ; clock       ; -0.500       ; 0.538      ; 1.177      ;
; 1.014  ; bank_reg_32x32bit:BancoRegistradores|reg_pp_32bit:t1|12 ; data_memory:DataMemory|ram:MemoriaRAM|altsyncram:altsyncram_component|altsyncram_vme1:auto_generated|ram_block1a0~porta_datain_reg0                ; DivisorFrequencia:inst4|inst2 ; clock       ; -0.500       ; 0.528      ; 1.176      ;
; 1.024  ; bank_reg_32x32bit:BancoRegistradores|reg_pp_32bit:t3|04 ; data_memory:DataMemory|ram:MemoriaRAM|altsyncram:altsyncram_component|altsyncram_vme1:auto_generated|ram_block1a0~porta_datain_reg0                ; DivisorFrequencia:inst4|inst2 ; clock       ; -0.500       ; 0.532      ; 1.190      ;
; 1.025  ; bank_reg_32x32bit:BancoRegistradores|reg_pp_32bit:t2|27 ; data_memory:DataMemory|ram:MemoriaRAM|altsyncram:altsyncram_component|altsyncram_vme1:auto_generated|ram_block1a14~porta_datain_reg0               ; DivisorFrequencia:inst4|inst2 ; clock       ; -0.500       ; 0.527      ; 1.186      ;
; 1.029  ; bank_reg_32x32bit:BancoRegistradores|reg_pp_32bit:v1|00 ; data_memory:DataMemory|ram:MemoriaRAM|altsyncram:altsyncram_component|altsyncram_vme1:auto_generated|ram_block1a0~porta_datain_reg0                ; DivisorFrequencia:inst4|inst2 ; clock       ; -0.500       ; 0.527      ; 1.190      ;
; 1.030  ; bank_reg_32x32bit:BancoRegistradores|reg_pp_32bit:t3|18 ; data_memory:DataMemory|ram:MemoriaRAM|altsyncram:altsyncram_component|altsyncram_vme1:auto_generated|ram_block1a14~porta_datain_reg0               ; DivisorFrequencia:inst4|inst2 ; clock       ; -0.500       ; 0.538      ; 1.202      ;
; 1.032  ; bank_reg_32x32bit:BancoRegistradores|reg_pp_32bit:t2|17 ; data_memory:DataMemory|ram:MemoriaRAM|altsyncram:altsyncram_component|altsyncram_vme1:auto_generated|ram_block1a14~porta_datain_reg0               ; DivisorFrequencia:inst4|inst2 ; clock       ; -0.500       ; 0.538      ; 1.204      ;
; 1.034  ; bank_reg_32x32bit:BancoRegistradores|reg_pp_32bit:t4|08 ; data_memory:DataMemory|ram:MemoriaRAM|altsyncram:altsyncram_component|altsyncram_vme1:auto_generated|ram_block1a0~porta_datain_reg0                ; DivisorFrequencia:inst4|inst2 ; clock       ; -0.500       ; 0.539      ; 1.207      ;
; 1.042  ; bank_reg_32x32bit:BancoRegistradores|reg_pp_32bit:t3|27 ; data_memory:DataMemory|ram:MemoriaRAM|altsyncram:altsyncram_component|altsyncram_vme1:auto_generated|ram_block1a14~porta_datain_reg0               ; DivisorFrequencia:inst4|inst2 ; clock       ; -0.500       ; 0.527      ; 1.203      ;
; 1.044  ; bank_reg_32x32bit:BancoRegistradores|reg_pp_32bit:gp|26 ; data_memory:DataMemory|ram:MemoriaRAM|altsyncram:altsyncram_component|altsyncram_vme1:auto_generated|ram_block1a14~porta_datain_reg0               ; DivisorFrequencia:inst4|inst2 ; clock       ; -0.500       ; 0.528      ; 1.206      ;
; 1.051  ; bank_reg_32x32bit:BancoRegistradores|reg_pp_32bit:a1|11 ; data_memory:DataMemory|ram:MemoriaRAM|altsyncram:altsyncram_component|altsyncram_vme1:auto_generated|ram_block1a0~porta_datain_reg0                ; DivisorFrequencia:inst4|inst2 ; clock       ; -0.500       ; 0.530      ; 1.215      ;
; 1.058  ; bank_reg_32x32bit:BancoRegistradores|reg_pp_32bit:t6|26 ; data_memory:DataMemory|ram:MemoriaRAM|altsyncram:altsyncram_component|altsyncram_vme1:auto_generated|ram_block1a14~porta_datain_reg0               ; DivisorFrequencia:inst4|inst2 ; clock       ; -0.500       ; 0.531      ; 1.223      ;
; 1.066  ; bank_reg_32x32bit:BancoRegistradores|reg_pp_32bit:t2|04 ; data_memory:DataMemory|ram:MemoriaRAM|altsyncram:altsyncram_component|altsyncram_vme1:auto_generated|ram_block1a0~porta_datain_reg0                ; DivisorFrequencia:inst4|inst2 ; clock       ; -0.500       ; 0.532      ; 1.232      ;
; 1.069  ; bank_reg_32x32bit:BancoRegistradores|reg_pp_32bit:v1|17 ; data_memory:DataMemory|ram:MemoriaRAM|altsyncram:altsyncram_component|altsyncram_vme1:auto_generated|ram_block1a14~porta_datain_reg0               ; DivisorFrequencia:inst4|inst2 ; clock       ; -0.500       ; 0.355      ; 1.058      ;
; 1.078  ; bank_reg_32x32bit:BancoRegistradores|reg_pp_32bit:t7|25 ; data_memory:DataMemory|ram:MemoriaRAM|altsyncram:altsyncram_component|altsyncram_vme1:auto_generated|ram_block1a14~porta_datain_reg0               ; DivisorFrequencia:inst4|inst2 ; clock       ; -0.500       ; 0.539      ; 1.251      ;
; 1.082  ; bank_reg_32x32bit:BancoRegistradores|reg_pp_32bit:s5|00 ; data_memory:DataMemory|ram:MemoriaRAM|altsyncram:altsyncram_component|altsyncram_vme1:auto_generated|ram_block1a0~porta_datain_reg0                ; DivisorFrequencia:inst4|inst2 ; clock       ; -0.500       ; 0.343      ; 1.059      ;
; 1.088  ; bank_reg_32x32bit:BancoRegistradores|reg_pp_32bit:v1|18 ; data_memory:DataMemory|ram:MemoriaRAM|altsyncram:altsyncram_component|altsyncram_vme1:auto_generated|ram_block1a14~porta_datain_reg0               ; DivisorFrequencia:inst4|inst2 ; clock       ; -0.500       ; 0.530      ; 1.252      ;
; 1.091  ; bank_reg_32x32bit:BancoRegistradores|reg_pp_32bit:v1|25 ; data_memory:DataMemory|ram:MemoriaRAM|altsyncram:altsyncram_component|altsyncram_vme1:auto_generated|ram_block1a14~porta_datain_reg0               ; DivisorFrequencia:inst4|inst2 ; clock       ; -0.500       ; 0.526      ; 1.251      ;
; 1.094  ; bank_reg_32x32bit:BancoRegistradores|reg_pp_32bit:v1|26 ; data_memory:DataMemory|ram:MemoriaRAM|altsyncram:altsyncram_component|altsyncram_vme1:auto_generated|ram_block1a14~porta_datain_reg0               ; DivisorFrequencia:inst4|inst2 ; clock       ; -0.500       ; 0.529      ; 1.257      ;
; 1.095  ; bank_reg_32x32bit:BancoRegistradores|reg_pp_32bit:gp|25 ; data_memory:DataMemory|ram:MemoriaRAM|altsyncram:altsyncram_component|altsyncram_vme1:auto_generated|ram_block1a14~porta_datain_reg0               ; DivisorFrequencia:inst4|inst2 ; clock       ; -0.500       ; 0.532      ; 1.261      ;
; 1.099  ; bank_reg_32x32bit:BancoRegistradores|reg_pp_32bit:t5|09 ; data_memory:DataMemory|ram:MemoriaRAM|altsyncram:altsyncram_component|altsyncram_vme1:auto_generated|ram_block1a0~porta_datain_reg0                ; DivisorFrequencia:inst4|inst2 ; clock       ; -0.500       ; 0.540      ; 1.273      ;
; 1.100  ; bank_reg_32x32bit:BancoRegistradores|reg_pp_32bit:t3|19 ; data_memory:DataMemory|ram:MemoriaRAM|altsyncram:altsyncram_component|altsyncram_vme1:auto_generated|ram_block1a14~porta_datain_reg0               ; DivisorFrequencia:inst4|inst2 ; clock       ; -0.500       ; 0.538      ; 1.272      ;
; 1.104  ; bank_reg_32x32bit:BancoRegistradores|reg_pp_32bit:t7|04 ; data_memory:DataMemory|ram:MemoriaRAM|altsyncram:altsyncram_component|altsyncram_vme1:auto_generated|ram_block1a0~porta_datain_reg0                ; DivisorFrequencia:inst4|inst2 ; clock       ; -0.500       ; 0.535      ; 1.273      ;
; 1.115  ; bank_reg_32x32bit:BancoRegistradores|reg_pp_32bit:t5|08 ; data_memory:DataMemory|ram:MemoriaRAM|altsyncram:altsyncram_component|altsyncram_vme1:auto_generated|ram_block1a0~porta_datain_reg0                ; DivisorFrequencia:inst4|inst2 ; clock       ; -0.500       ; 0.540      ; 1.289      ;
; 1.120  ; bank_reg_32x32bit:BancoRegistradores|reg_pp_32bit:t4|11 ; data_memory:DataMemory|ram:MemoriaRAM|altsyncram:altsyncram_component|altsyncram_vme1:auto_generated|ram_block1a0~porta_datain_reg0                ; DivisorFrequencia:inst4|inst2 ; clock       ; -0.500       ; 0.539      ; 1.293      ;
; 1.135  ; bank_reg_32x32bit:BancoRegistradores|reg_pp_32bit:ra|00 ; data_memory:DataMemory|ram:MemoriaRAM|altsyncram:altsyncram_component|altsyncram_vme1:auto_generated|ram_block1a0~porta_datain_reg0                ; DivisorFrequencia:inst4|inst2 ; clock       ; -0.500       ; 0.536      ; 1.305      ;
; 1.136  ; bank_reg_32x32bit:BancoRegistradores|reg_pp_32bit:t3|17 ; data_memory:DataMemory|ram:MemoriaRAM|altsyncram:altsyncram_component|altsyncram_vme1:auto_generated|ram_block1a14~porta_datain_reg0               ; DivisorFrequencia:inst4|inst2 ; clock       ; -0.500       ; 0.538      ; 1.308      ;
; 1.140  ; bank_reg_32x32bit:BancoRegistradores|reg_pp_32bit:t1|02 ; data_memory:DataMemory|ram:MemoriaRAM|altsyncram:altsyncram_component|altsyncram_vme1:auto_generated|ram_block1a0~porta_datain_reg0                ; DivisorFrequencia:inst4|inst2 ; clock       ; -0.500       ; 0.527      ; 1.301      ;
; 1.150  ; bank_reg_32x32bit:BancoRegistradores|reg_pp_32bit:t0|04 ; data_memory:DataMemory|ram:MemoriaRAM|altsyncram:altsyncram_component|altsyncram_vme1:auto_generated|ram_block1a0~porta_datain_reg0                ; DivisorFrequencia:inst4|inst2 ; clock       ; -0.500       ; 0.532      ; 1.316      ;
; 1.150  ; bank_reg_32x32bit:BancoRegistradores|reg_pp_32bit:gp|18 ; data_memory:DataMemory|ram:MemoriaRAM|altsyncram:altsyncram_component|altsyncram_vme1:auto_generated|ram_block1a14~porta_datain_reg0               ; DivisorFrequencia:inst4|inst2 ; clock       ; -0.500       ; 0.527      ; 1.311      ;
; 1.152  ; bank_reg_32x32bit:BancoRegistradores|reg_pp_32bit:t3|00 ; data_memory:DataMemory|ram:MemoriaRAM|altsyncram:altsyncram_component|altsyncram_vme1:auto_generated|ram_block1a0~porta_datain_reg0                ; DivisorFrequencia:inst4|inst2 ; clock       ; -0.500       ; 0.532      ; 1.318      ;
; 1.153  ; bank_reg_32x32bit:BancoRegistradores|reg_pp_32bit:t3|06 ; data_memory:DataMemory|ram:MemoriaRAM|altsyncram:altsyncram_component|altsyncram_vme1:auto_generated|ram_block1a0~porta_datain_reg0                ; DivisorFrequencia:inst4|inst2 ; clock       ; -0.500       ; 0.532      ; 1.319      ;
; 1.157  ; bank_reg_32x32bit:BancoRegistradores|reg_pp_32bit:v0|26 ; data_memory:DataMemory|ram:MemoriaRAM|altsyncram:altsyncram_component|altsyncram_vme1:auto_generated|ram_block1a14~porta_datain_reg0               ; DivisorFrequencia:inst4|inst2 ; clock       ; -0.500       ; 0.529      ; 1.320      ;
; 1.170  ; bank_reg_32x32bit:BancoRegistradores|reg_pp_32bit:t6|00 ; data_memory:DataMemory|ram:MemoriaRAM|altsyncram:altsyncram_component|altsyncram_vme1:auto_generated|ram_block1a0~porta_datain_reg0                ; DivisorFrequencia:inst4|inst2 ; clock       ; -0.500       ; 0.535      ; 1.339      ;
; 1.174  ; bank_reg_32x32bit:BancoRegistradores|reg_pp_32bit:v1|21 ; data_memory:DataMemory|ram:MemoriaRAM|altsyncram:altsyncram_component|altsyncram_vme1:auto_generated|ram_block1a14~porta_datain_reg0               ; DivisorFrequencia:inst4|inst2 ; clock       ; -0.500       ; 0.529      ; 1.337      ;
; 1.176  ; bank_reg_32x32bit:BancoRegistradores|reg_pp_32bit:gp|00 ; data_memory:DataMemory|ram:MemoriaRAM|altsyncram:altsyncram_component|altsyncram_vme1:auto_generated|ram_block1a0~porta_datain_reg0                ; DivisorFrequencia:inst4|inst2 ; clock       ; -0.500       ; 0.532      ; 1.342      ;
; 1.181  ; bank_reg_32x32bit:BancoRegistradores|reg_pp_32bit:at|00 ; data_memory:DataMemory|ram:MemoriaRAM|altsyncram:altsyncram_component|altsyncram_vme1:auto_generated|ram_block1a0~porta_datain_reg0                ; DivisorFrequencia:inst4|inst2 ; clock       ; -0.500       ; 0.527      ; 1.342      ;
; 1.182  ; bank_reg_32x32bit:BancoRegistradores|reg_pp_32bit:v1|24 ; data_memory:DataMemory|ram:MemoriaRAM|altsyncram:altsyncram_component|altsyncram_vme1:auto_generated|ram_block1a14~porta_datain_reg0               ; DivisorFrequencia:inst4|inst2 ; clock       ; -0.500       ; 0.532      ; 1.348      ;
; 1.188  ; bank_reg_32x32bit:BancoRegistradores|reg_pp_32bit:t7|02 ; data_memory:DataMemory|ram:MemoriaRAM|altsyncram:altsyncram_component|altsyncram_vme1:auto_generated|ram_block1a0~porta_datain_reg0                ; DivisorFrequencia:inst4|inst2 ; clock       ; -0.500       ; 0.535      ; 1.357      ;
; 1.189  ; bank_reg_32x32bit:BancoRegistradores|reg_pp_32bit:v1|14 ; data_memory:DataMemory|ram:MemoriaRAM|altsyncram:altsyncram_component|altsyncram_vme1:auto_generated|ram_block1a14~porta_datain_reg0               ; DivisorFrequencia:inst4|inst2 ; clock       ; -0.500       ; 0.520      ; 1.343      ;
; 1.195  ; bank_reg_32x32bit:BancoRegistradores|reg_pp_32bit:t7|20 ; data_memory:DataMemory|ram:MemoriaRAM|altsyncram:altsyncram_component|altsyncram_vme1:auto_generated|ram_block1a14~porta_datain_reg0               ; DivisorFrequencia:inst4|inst2 ; clock       ; -0.500       ; 0.539      ; 1.368      ;
; 1.200  ; bank_reg_32x32bit:BancoRegistradores|reg_pp_32bit:t7|22 ; data_memory:DataMemory|ram:MemoriaRAM|altsyncram:altsyncram_component|altsyncram_vme1:auto_generated|ram_block1a14~porta_datain_reg0               ; DivisorFrequencia:inst4|inst2 ; clock       ; -0.500       ; 0.539      ; 1.373      ;
; 1.207  ; bank_reg_32x32bit:BancoRegistradores|reg_pp_32bit:t7|23 ; data_memory:DataMemory|ram:MemoriaRAM|altsyncram:altsyncram_component|altsyncram_vme1:auto_generated|ram_block1a14~porta_datain_reg0               ; DivisorFrequencia:inst4|inst2 ; clock       ; -0.500       ; 0.539      ; 1.380      ;
; 1.207  ; bank_reg_32x32bit:BancoRegistradores|reg_pp_32bit:sp|25 ; data_memory:DataMemory|ram:MemoriaRAM|altsyncram:altsyncram_component|altsyncram_vme1:auto_generated|ram_block1a14~porta_datain_reg0               ; DivisorFrequencia:inst4|inst2 ; clock       ; -0.500       ; 0.539      ; 1.380      ;
; 1.210  ; bank_reg_32x32bit:BancoRegistradores|reg_pp_32bit:s4|19 ; data_memory:DataMemory|ram:MemoriaRAM|altsyncram:altsyncram_component|altsyncram_vme1:auto_generated|ram_block1a14~porta_datain_reg0               ; DivisorFrequencia:inst4|inst2 ; clock       ; -0.500       ; 0.527      ; 1.371      ;
; 1.211  ; bank_reg_32x32bit:BancoRegistradores|reg_pp_32bit:gp|11 ; data_memory:DataMemory|ram:MemoriaRAM|altsyncram:altsyncram_component|altsyncram_vme1:auto_generated|ram_block1a0~porta_datain_reg0                ; DivisorFrequencia:inst4|inst2 ; clock       ; -0.500       ; 0.530      ; 1.375      ;
; 1.213  ; bank_reg_32x32bit:BancoRegistradores|reg_pp_32bit:t7|05 ; data_memory:DataMemory|ram:MemoriaRAM|altsyncram:altsyncram_component|altsyncram_vme1:auto_generated|ram_block1a0~porta_datain_reg0                ; DivisorFrequencia:inst4|inst2 ; clock       ; -0.500       ; 0.540      ; 1.387      ;
; 1.213  ; bank_reg_32x32bit:BancoRegistradores|reg_pp_32bit:gp|24 ; data_memory:DataMemory|ram:MemoriaRAM|altsyncram:altsyncram_component|altsyncram_vme1:auto_generated|ram_block1a14~porta_datain_reg0               ; DivisorFrequencia:inst4|inst2 ; clock       ; -0.500       ; 0.532      ; 1.379      ;
; 1.215  ; bank_reg_32x32bit:BancoRegistradores|reg_pp_32bit:t4|00 ; data_memory:DataMemory|ram:MemoriaRAM|altsyncram:altsyncram_component|altsyncram_vme1:auto_generated|ram_block1a0~porta_datain_reg0                ; DivisorFrequencia:inst4|inst2 ; clock       ; -0.500       ; 0.539      ; 1.388      ;
; 1.216  ; bank_reg_32x32bit:BancoRegistradores|reg_pp_32bit:t2|06 ; data_memory:DataMemory|ram:MemoriaRAM|altsyncram:altsyncram_component|altsyncram_vme1:auto_generated|ram_block1a0~porta_datain_reg0                ; DivisorFrequencia:inst4|inst2 ; clock       ; -0.500       ; 0.532      ; 1.382      ;
; 1.217  ; bank_reg_32x32bit:BancoRegistradores|reg_pp_32bit:v1|31 ; data_memory:DataMemory|ram:MemoriaRAM|altsyncram:altsyncram_component|altsyncram_vme1:auto_generated|ram_block1a14~porta_datain_reg0               ; DivisorFrequencia:inst4|inst2 ; clock       ; -0.500       ; 0.521      ; 1.372      ;
; 1.219  ; bank_reg_32x32bit:BancoRegistradores|reg_pp_32bit:v1|13 ; data_memory:DataMemory|ram:MemoriaRAM|altsyncram:altsyncram_component|altsyncram_vme1:auto_generated|ram_block1a0~porta_datain_reg0                ; DivisorFrequencia:inst4|inst2 ; clock       ; -0.500       ; 0.526      ; 1.379      ;
; 1.220  ; bank_reg_32x32bit:BancoRegistradores|reg_pp_32bit:v0|04 ; data_memory:DataMemory|ram:MemoriaRAM|altsyncram:altsyncram_component|altsyncram_vme1:auto_generated|ram_block1a0~porta_datain_reg0                ; DivisorFrequencia:inst4|inst2 ; clock       ; -0.500       ; 0.521      ; 1.375      ;
; 1.220  ; bank_reg_32x32bit:BancoRegistradores|reg_pp_32bit:t7|26 ; data_memory:DataMemory|ram:MemoriaRAM|altsyncram:altsyncram_component|altsyncram_vme1:auto_generated|ram_block1a14~porta_datain_reg0               ; DivisorFrequencia:inst4|inst2 ; clock       ; -0.500       ; 0.340      ; 1.194      ;
; 1.226  ; bank_reg_32x32bit:BancoRegistradores|reg_pp_32bit:v1|06 ; data_memory:DataMemory|ram:MemoriaRAM|altsyncram:altsyncram_component|altsyncram_vme1:auto_generated|ram_block1a0~porta_datain_reg0                ; DivisorFrequencia:inst4|inst2 ; clock       ; -0.500       ; 0.526      ; 1.386      ;
; 1.226  ; bank_reg_32x32bit:BancoRegistradores|reg_pp_32bit:v1|20 ; data_memory:DataMemory|ram:MemoriaRAM|altsyncram:altsyncram_component|altsyncram_vme1:auto_generated|ram_block1a14~porta_datain_reg0               ; DivisorFrequencia:inst4|inst2 ; clock       ; -0.500       ; 0.530      ; 1.390      ;
; 1.229  ; bank_reg_32x32bit:BancoRegistradores|reg_pp_32bit:t7|30 ; data_memory:DataMemory|ram:MemoriaRAM|altsyncram:altsyncram_component|altsyncram_vme1:auto_generated|ram_block1a14~porta_datain_reg0               ; DivisorFrequencia:inst4|inst2 ; clock       ; -0.500       ; 0.539      ; 1.402      ;
; 1.232  ; bank_reg_32x32bit:BancoRegistradores|reg_pp_32bit:t6|08 ; data_memory:DataMemory|ram:MemoriaRAM|altsyncram:altsyncram_component|altsyncram_vme1:auto_generated|ram_block1a0~porta_datain_reg0                ; DivisorFrequencia:inst4|inst2 ; clock       ; -0.500       ; 0.541      ; 1.407      ;
; 1.233  ; bank_reg_32x32bit:BancoRegistradores|reg_pp_32bit:t3|25 ; data_memory:DataMemory|ram:MemoriaRAM|altsyncram:altsyncram_component|altsyncram_vme1:auto_generated|ram_block1a14~porta_datain_reg0               ; DivisorFrequencia:inst4|inst2 ; clock       ; -0.500       ; 0.530      ; 1.397      ;
; 1.237  ; bank_reg_32x32bit:BancoRegistradores|reg_pp_32bit:t3|12 ; data_memory:DataMemory|ram:MemoriaRAM|altsyncram:altsyncram_component|altsyncram_vme1:auto_generated|ram_block1a0~porta_datain_reg0                ; DivisorFrequencia:inst4|inst2 ; clock       ; -0.500       ; 0.530      ; 1.401      ;
; 1.238  ; bank_reg_32x32bit:BancoRegistradores|reg_pp_32bit:t1|04 ; data_memory:DataMemory|ram:MemoriaRAM|altsyncram:altsyncram_component|altsyncram_vme1:auto_generated|ram_block1a14~porta_address_reg0              ; DivisorFrequencia:inst4|inst2 ; clock       ; -0.500       ; 0.529      ; 1.401      ;
; 1.238  ; bank_reg_32x32bit:BancoRegistradores|reg_pp_32bit:t1|04 ; data_memory:DataMemory|ram:MemoriaRAM|altsyncram:altsyncram_component|altsyncram_vme1:auto_generated|ram_block1a0~porta_address_reg0               ; DivisorFrequencia:inst4|inst2 ; clock       ; -0.500       ; 0.529      ; 1.401      ;
; 1.241  ; bank_reg_32x32bit:BancoRegistradores|reg_pp_32bit:t1|18 ; data_memory:DataMemory|ram:MemoriaRAM|altsyncram:altsyncram_component|altsyncram_vme1:auto_generated|ram_block1a14~porta_datain_reg0               ; DivisorFrequencia:inst4|inst2 ; clock       ; -0.500       ; 0.539      ; 1.414      ;
; 1.243  ; bank_reg_32x32bit:BancoRegistradores|reg_pp_32bit:t7|12 ; data_memory:DataMemory|ram:MemoriaRAM|altsyncram:altsyncram_component|altsyncram_vme1:auto_generated|ram_block1a0~porta_datain_reg0                ; DivisorFrequencia:inst4|inst2 ; clock       ; -0.500       ; 0.535      ; 1.412      ;
; 1.244  ; bank_reg_32x32bit:BancoRegistradores|reg_pp_32bit:t0|18 ; data_memory:DataMemory|ram:MemoriaRAM|altsyncram:altsyncram_component|altsyncram_vme1:auto_generated|ram_block1a14~porta_datain_reg0               ; DivisorFrequencia:inst4|inst2 ; clock       ; -0.500       ; 0.539      ; 1.417      ;
; 1.246  ; bank_reg_32x32bit:BancoRegistradores|reg_pp_32bit:s0|25 ; data_memory:DataMemory|ram:MemoriaRAM|altsyncram:altsyncram_component|altsyncram_vme1:auto_generated|ram_block1a14~porta_datain_reg0               ; DivisorFrequencia:inst4|inst2 ; clock       ; -0.500       ; 0.532      ; 1.412      ;
; 1.247  ; bank_reg_32x32bit:BancoRegistradores|reg_pp_32bit:v1|03 ; data_memory:DataMemory|ram:MemoriaRAM|altsyncram:altsyncram_component|altsyncram_vme1:auto_generated|ram_block1a0~porta_datain_reg0                ; DivisorFrequencia:inst4|inst2 ; clock       ; -0.500       ; 0.527      ; 1.408      ;
; 1.247  ; bank_reg_32x32bit:BancoRegistradores|reg_pp_32bit:t7|17 ; data_memory:DataMemory|ram:MemoriaRAM|altsyncram:altsyncram_component|altsyncram_vme1:auto_generated|ram_block1a14~porta_datain_reg0               ; DivisorFrequencia:inst4|inst2 ; clock       ; -0.500       ; 0.340      ; 1.221      ;
; 1.249  ; bank_reg_32x32bit:BancoRegistradores|reg_pp_32bit:v1|05 ; data_memory:DataMemory|ram:MemoriaRAM|altsyncram:altsyncram_component|altsyncram_vme1:auto_generated|ram_block1a0~porta_datain_reg0                ; DivisorFrequencia:inst4|inst2 ; clock       ; -0.500       ; 0.526      ; 1.409      ;
; 1.255  ; bank_reg_32x32bit:BancoRegistradores|reg_pp_32bit:t7|19 ; data_memory:DataMemory|ram:MemoriaRAM|altsyncram:altsyncram_component|altsyncram_vme1:auto_generated|ram_block1a14~porta_datain_reg0               ; DivisorFrequencia:inst4|inst2 ; clock       ; -0.500       ; 0.340      ; 1.229      ;
+--------+---------------------------------------------------------+----------------------------------------------------------------------------------------------------------------------------------------------------+-------------------------------+-------------+--------------+------------+------------+


+----------------------------------------------------------------------------------------------------------------------------------------------------------------------------------------------------------+
; Fast 1200mV 0C Model Hold: 'DivisorFrequencia:inst4|inst2'                                                                                                                                               ;
+-------+-------------------------------+---------------------------------------------------------+-------------------------------+-------------------------------+--------------+------------+------------+
; Slack ; From Node                     ; To Node                                                 ; Launch Clock                  ; Latch Clock                   ; Relationship ; Clock Skew ; Data Delay ;
+-------+-------------------------------+---------------------------------------------------------+-------------------------------+-------------------------------+--------------+------------+------------+
; 0.083 ; DivisorFrequencia:inst4|inst2 ; bank_reg_32x32bit:BancoRegistradores|reg_pp_32bit:a0|25 ; DivisorFrequencia:inst4|inst2 ; DivisorFrequencia:inst4|inst2 ; 0.000        ; 1.619      ; 1.891      ;
; 0.161 ; DivisorFrequencia:inst4|inst2 ; bank_reg_32x32bit:BancoRegistradores|reg_pp_32bit:a0|13 ; DivisorFrequencia:inst4|inst2 ; DivisorFrequencia:inst4|inst2 ; 0.000        ; 1.616      ; 1.966      ;
; 0.161 ; DivisorFrequencia:inst4|inst2 ; bank_reg_32x32bit:BancoRegistradores|reg_pp_32bit:a0|31 ; DivisorFrequencia:inst4|inst2 ; DivisorFrequencia:inst4|inst2 ; 0.000        ; 1.616      ; 1.966      ;
; 0.183 ; DivisorFrequencia:inst4|inst2 ; bank_reg_32x32bit:BancoRegistradores|reg_pp_32bit:a0|00 ; DivisorFrequencia:inst4|inst2 ; DivisorFrequencia:inst4|inst2 ; 0.000        ; 1.626      ; 1.998      ;
; 0.183 ; DivisorFrequencia:inst4|inst2 ; bank_reg_32x32bit:BancoRegistradores|reg_pp_32bit:a0|23 ; DivisorFrequencia:inst4|inst2 ; DivisorFrequencia:inst4|inst2 ; 0.000        ; 1.626      ; 1.998      ;
; 0.205 ; DivisorFrequencia:inst4|inst2 ; bank_reg_32x32bit:BancoRegistradores|reg_pp_32bit:fp|17 ; DivisorFrequencia:inst4|inst2 ; DivisorFrequencia:inst4|inst2 ; 0.000        ; 1.622      ; 2.016      ;
; 0.205 ; DivisorFrequencia:inst4|inst2 ; bank_reg_32x32bit:BancoRegistradores|reg_pp_32bit:fp|26 ; DivisorFrequencia:inst4|inst2 ; DivisorFrequencia:inst4|inst2 ; 0.000        ; 1.622      ; 2.016      ;
; 0.205 ; DivisorFrequencia:inst4|inst2 ; bank_reg_32x32bit:BancoRegistradores|reg_pp_32bit:fp|28 ; DivisorFrequencia:inst4|inst2 ; DivisorFrequencia:inst4|inst2 ; 0.000        ; 1.622      ; 2.016      ;
; 0.210 ; DivisorFrequencia:inst4|inst2 ; bank_reg_32x32bit:BancoRegistradores|reg_pp_32bit:t9|20 ; DivisorFrequencia:inst4|inst2 ; DivisorFrequencia:inst4|inst2 ; 0.000        ; 1.623      ; 2.022      ;
; 0.210 ; DivisorFrequencia:inst4|inst2 ; bank_reg_32x32bit:BancoRegistradores|reg_pp_32bit:t9|19 ; DivisorFrequencia:inst4|inst2 ; DivisorFrequencia:inst4|inst2 ; 0.000        ; 1.623      ; 2.022      ;
; 0.210 ; DivisorFrequencia:inst4|inst2 ; bank_reg_32x32bit:BancoRegistradores|reg_pp_32bit:t9|23 ; DivisorFrequencia:inst4|inst2 ; DivisorFrequencia:inst4|inst2 ; 0.000        ; 1.623      ; 2.022      ;
; 0.210 ; DivisorFrequencia:inst4|inst2 ; bank_reg_32x32bit:BancoRegistradores|reg_pp_32bit:t9|22 ; DivisorFrequencia:inst4|inst2 ; DivisorFrequencia:inst4|inst2 ; 0.000        ; 1.623      ; 2.022      ;
; 0.210 ; DivisorFrequencia:inst4|inst2 ; bank_reg_32x32bit:BancoRegistradores|reg_pp_32bit:t9|21 ; DivisorFrequencia:inst4|inst2 ; DivisorFrequencia:inst4|inst2 ; 0.000        ; 1.623      ; 2.022      ;
; 0.211 ; DivisorFrequencia:inst4|inst2 ; bank_reg_32x32bit:BancoRegistradores|reg_pp_32bit:a0|09 ; DivisorFrequencia:inst4|inst2 ; DivisorFrequencia:inst4|inst2 ; 0.000        ; 1.621      ; 2.021      ;
; 0.211 ; DivisorFrequencia:inst4|inst2 ; bank_reg_32x32bit:BancoRegistradores|reg_pp_32bit:a0|12 ; DivisorFrequencia:inst4|inst2 ; DivisorFrequencia:inst4|inst2 ; 0.000        ; 1.621      ; 2.021      ;
; 0.224 ; DivisorFrequencia:inst4|inst2 ; bank_reg_32x32bit:BancoRegistradores|reg_pp_32bit:t9|28 ; DivisorFrequencia:inst4|inst2 ; DivisorFrequencia:inst4|inst2 ; 0.000        ; 1.618      ; 2.031      ;
; 0.224 ; DivisorFrequencia:inst4|inst2 ; bank_reg_32x32bit:BancoRegistradores|reg_pp_32bit:s6|16 ; DivisorFrequencia:inst4|inst2 ; DivisorFrequencia:inst4|inst2 ; 0.000        ; 1.627      ; 2.040      ;
; 0.230 ; DivisorFrequencia:inst4|inst2 ; bank_reg_32x32bit:BancoRegistradores|reg_pp_32bit:t9|00 ; DivisorFrequencia:inst4|inst2 ; DivisorFrequencia:inst4|inst2 ; 0.000        ; 1.622      ; 2.041      ;
; 0.230 ; DivisorFrequencia:inst4|inst2 ; bank_reg_32x32bit:BancoRegistradores|reg_pp_32bit:t9|01 ; DivisorFrequencia:inst4|inst2 ; DivisorFrequencia:inst4|inst2 ; 0.000        ; 1.622      ; 2.041      ;
; 0.230 ; DivisorFrequencia:inst4|inst2 ; bank_reg_32x32bit:BancoRegistradores|reg_pp_32bit:t9|02 ; DivisorFrequencia:inst4|inst2 ; DivisorFrequencia:inst4|inst2 ; 0.000        ; 1.622      ; 2.041      ;
; 0.230 ; DivisorFrequencia:inst4|inst2 ; bank_reg_32x32bit:BancoRegistradores|reg_pp_32bit:t9|10 ; DivisorFrequencia:inst4|inst2 ; DivisorFrequencia:inst4|inst2 ; 0.000        ; 1.622      ; 2.041      ;
; 0.230 ; DivisorFrequencia:inst4|inst2 ; bank_reg_32x32bit:BancoRegistradores|reg_pp_32bit:t9|11 ; DivisorFrequencia:inst4|inst2 ; DivisorFrequencia:inst4|inst2 ; 0.000        ; 1.622      ; 2.041      ;
; 0.230 ; DivisorFrequencia:inst4|inst2 ; bank_reg_32x32bit:BancoRegistradores|reg_pp_32bit:t9|17 ; DivisorFrequencia:inst4|inst2 ; DivisorFrequencia:inst4|inst2 ; 0.000        ; 1.622      ; 2.041      ;
; 0.230 ; DivisorFrequencia:inst4|inst2 ; bank_reg_32x32bit:BancoRegistradores|reg_pp_32bit:t9|16 ; DivisorFrequencia:inst4|inst2 ; DivisorFrequencia:inst4|inst2 ; 0.000        ; 1.622      ; 2.041      ;
; 0.230 ; DivisorFrequencia:inst4|inst2 ; bank_reg_32x32bit:BancoRegistradores|reg_pp_32bit:t9|18 ; DivisorFrequencia:inst4|inst2 ; DivisorFrequencia:inst4|inst2 ; 0.000        ; 1.622      ; 2.041      ;
; 0.230 ; DivisorFrequencia:inst4|inst2 ; bank_reg_32x32bit:BancoRegistradores|reg_pp_32bit:a0|27 ; DivisorFrequencia:inst4|inst2 ; DivisorFrequencia:inst4|inst2 ; 0.000        ; 1.624      ; 2.043      ;
; 0.231 ; DivisorFrequencia:inst4|inst2 ; bank_reg_32x32bit:BancoRegistradores|reg_pp_32bit:fp|31 ; DivisorFrequencia:inst4|inst2 ; DivisorFrequencia:inst4|inst2 ; 0.000        ; 1.620      ; 2.040      ;
; 0.231 ; DivisorFrequencia:inst4|inst2 ; bank_reg_32x32bit:BancoRegistradores|reg_pp_32bit:fp|12 ; DivisorFrequencia:inst4|inst2 ; DivisorFrequencia:inst4|inst2 ; 0.000        ; 1.620      ; 2.040      ;
; 0.263 ; DivisorFrequencia:inst4|inst2 ; bank_reg_32x32bit:BancoRegistradores|reg_pp_32bit:s6|17 ; DivisorFrequencia:inst4|inst2 ; DivisorFrequencia:inst4|inst2 ; 0.000        ; 1.622      ; 2.074      ;
; 0.263 ; DivisorFrequencia:inst4|inst2 ; bank_reg_32x32bit:BancoRegistradores|reg_pp_32bit:s6|26 ; DivisorFrequencia:inst4|inst2 ; DivisorFrequencia:inst4|inst2 ; 0.000        ; 1.622      ; 2.074      ;
; 0.266 ; DivisorFrequencia:inst4|inst2 ; bank_reg_32x32bit:BancoRegistradores|reg_pp_32bit:a3|01 ; DivisorFrequencia:inst4|inst2 ; DivisorFrequencia:inst4|inst2 ; 0.000        ; 1.622      ; 2.077      ;
; 0.266 ; DivisorFrequencia:inst4|inst2 ; bank_reg_32x32bit:BancoRegistradores|reg_pp_32bit:a3|03 ; DivisorFrequencia:inst4|inst2 ; DivisorFrequencia:inst4|inst2 ; 0.000        ; 1.622      ; 2.077      ;
; 0.266 ; DivisorFrequencia:inst4|inst2 ; bank_reg_32x32bit:BancoRegistradores|reg_pp_32bit:a3|06 ; DivisorFrequencia:inst4|inst2 ; DivisorFrequencia:inst4|inst2 ; 0.000        ; 1.622      ; 2.077      ;
; 0.266 ; DivisorFrequencia:inst4|inst2 ; bank_reg_32x32bit:BancoRegistradores|reg_pp_32bit:a3|07 ; DivisorFrequencia:inst4|inst2 ; DivisorFrequencia:inst4|inst2 ; 0.000        ; 1.622      ; 2.077      ;
; 0.266 ; DivisorFrequencia:inst4|inst2 ; bank_reg_32x32bit:BancoRegistradores|reg_pp_32bit:a3|09 ; DivisorFrequencia:inst4|inst2 ; DivisorFrequencia:inst4|inst2 ; 0.000        ; 1.622      ; 2.077      ;
; 0.266 ; DivisorFrequencia:inst4|inst2 ; bank_reg_32x32bit:BancoRegistradores|reg_pp_32bit:a3|22 ; DivisorFrequencia:inst4|inst2 ; DivisorFrequencia:inst4|inst2 ; 0.000        ; 1.622      ; 2.077      ;
; 0.270 ; DivisorFrequencia:inst4|inst2 ; bank_reg_32x32bit:BancoRegistradores|reg_pp_32bit:a2|02 ; DivisorFrequencia:inst4|inst2 ; DivisorFrequencia:inst4|inst2 ; 0.000        ; 1.631      ; 2.090      ;
; 0.270 ; DivisorFrequencia:inst4|inst2 ; bank_reg_32x32bit:BancoRegistradores|reg_pp_32bit:a2|04 ; DivisorFrequencia:inst4|inst2 ; DivisorFrequencia:inst4|inst2 ; 0.000        ; 1.631      ; 2.090      ;
; 0.272 ; DivisorFrequencia:inst4|inst2 ; bank_reg_32x32bit:BancoRegistradores|reg_pp_32bit:t0|06 ; DivisorFrequencia:inst4|inst2 ; DivisorFrequencia:inst4|inst2 ; 0.000        ; 1.615      ; 2.076      ;
; 0.274 ; DivisorFrequencia:inst4|inst2 ; bank_reg_32x32bit:BancoRegistradores|reg_pp_32bit:s7|31 ; DivisorFrequencia:inst4|inst2 ; DivisorFrequencia:inst4|inst2 ; 0.000        ; 1.615      ; 2.078      ;
; 0.274 ; DivisorFrequencia:inst4|inst2 ; bank_reg_32x32bit:BancoRegistradores|reg_pp_32bit:s7|05 ; DivisorFrequencia:inst4|inst2 ; DivisorFrequencia:inst4|inst2 ; 0.000        ; 1.615      ; 2.078      ;
; 0.274 ; DivisorFrequencia:inst4|inst2 ; bank_reg_32x32bit:BancoRegistradores|reg_pp_32bit:s7|08 ; DivisorFrequencia:inst4|inst2 ; DivisorFrequencia:inst4|inst2 ; 0.000        ; 1.615      ; 2.078      ;
; 0.274 ; DivisorFrequencia:inst4|inst2 ; bank_reg_32x32bit:BancoRegistradores|reg_pp_32bit:s7|10 ; DivisorFrequencia:inst4|inst2 ; DivisorFrequencia:inst4|inst2 ; 0.000        ; 1.615      ; 2.078      ;
; 0.274 ; DivisorFrequencia:inst4|inst2 ; bank_reg_32x32bit:BancoRegistradores|reg_pp_32bit:s7|11 ; DivisorFrequencia:inst4|inst2 ; DivisorFrequencia:inst4|inst2 ; 0.000        ; 1.615      ; 2.078      ;
; 0.276 ; DivisorFrequencia:inst4|inst2 ; bank_reg_32x32bit:BancoRegistradores|reg_pp_32bit:s7|13 ; DivisorFrequencia:inst4|inst2 ; DivisorFrequencia:inst4|inst2 ; 0.000        ; 1.616      ; 2.081      ;
; 0.276 ; DivisorFrequencia:inst4|inst2 ; bank_reg_32x32bit:BancoRegistradores|reg_pp_32bit:s7|00 ; DivisorFrequencia:inst4|inst2 ; DivisorFrequencia:inst4|inst2 ; 0.000        ; 1.616      ; 2.081      ;
; 0.276 ; DivisorFrequencia:inst4|inst2 ; bank_reg_32x32bit:BancoRegistradores|reg_pp_32bit:s7|01 ; DivisorFrequencia:inst4|inst2 ; DivisorFrequencia:inst4|inst2 ; 0.000        ; 1.616      ; 2.081      ;
; 0.276 ; DivisorFrequencia:inst4|inst2 ; bank_reg_32x32bit:BancoRegistradores|reg_pp_32bit:s7|02 ; DivisorFrequencia:inst4|inst2 ; DivisorFrequencia:inst4|inst2 ; 0.000        ; 1.616      ; 2.081      ;
; 0.276 ; DivisorFrequencia:inst4|inst2 ; bank_reg_32x32bit:BancoRegistradores|reg_pp_32bit:s7|03 ; DivisorFrequencia:inst4|inst2 ; DivisorFrequencia:inst4|inst2 ; 0.000        ; 1.616      ; 2.081      ;
; 0.276 ; DivisorFrequencia:inst4|inst2 ; bank_reg_32x32bit:BancoRegistradores|reg_pp_32bit:s7|04 ; DivisorFrequencia:inst4|inst2 ; DivisorFrequencia:inst4|inst2 ; 0.000        ; 1.616      ; 2.081      ;
; 0.276 ; DivisorFrequencia:inst4|inst2 ; bank_reg_32x32bit:BancoRegistradores|reg_pp_32bit:s7|06 ; DivisorFrequencia:inst4|inst2 ; DivisorFrequencia:inst4|inst2 ; 0.000        ; 1.616      ; 2.081      ;
; 0.276 ; DivisorFrequencia:inst4|inst2 ; bank_reg_32x32bit:BancoRegistradores|reg_pp_32bit:s7|07 ; DivisorFrequencia:inst4|inst2 ; DivisorFrequencia:inst4|inst2 ; 0.000        ; 1.616      ; 2.081      ;
; 0.276 ; DivisorFrequencia:inst4|inst2 ; bank_reg_32x32bit:BancoRegistradores|reg_pp_32bit:s7|09 ; DivisorFrequencia:inst4|inst2 ; DivisorFrequencia:inst4|inst2 ; 0.000        ; 1.616      ; 2.081      ;
; 0.276 ; DivisorFrequencia:inst4|inst2 ; bank_reg_32x32bit:BancoRegistradores|reg_pp_32bit:s7|12 ; DivisorFrequencia:inst4|inst2 ; DivisorFrequencia:inst4|inst2 ; 0.000        ; 1.616      ; 2.081      ;
; 0.276 ; DivisorFrequencia:inst4|inst2 ; bank_reg_32x32bit:BancoRegistradores|reg_pp_32bit:a2|00 ; DivisorFrequencia:inst4|inst2 ; DivisorFrequencia:inst4|inst2 ; 0.000        ; 1.623      ; 2.088      ;
; 0.276 ; DivisorFrequencia:inst4|inst2 ; bank_reg_32x32bit:BancoRegistradores|reg_pp_32bit:a2|05 ; DivisorFrequencia:inst4|inst2 ; DivisorFrequencia:inst4|inst2 ; 0.000        ; 1.623      ; 2.088      ;
; 0.276 ; DivisorFrequencia:inst4|inst2 ; bank_reg_32x32bit:BancoRegistradores|reg_pp_32bit:a2|06 ; DivisorFrequencia:inst4|inst2 ; DivisorFrequencia:inst4|inst2 ; 0.000        ; 1.623      ; 2.088      ;
; 0.276 ; DivisorFrequencia:inst4|inst2 ; bank_reg_32x32bit:BancoRegistradores|reg_pp_32bit:a2|08 ; DivisorFrequencia:inst4|inst2 ; DivisorFrequencia:inst4|inst2 ; 0.000        ; 1.623      ; 2.088      ;
; 0.276 ; DivisorFrequencia:inst4|inst2 ; bank_reg_32x32bit:BancoRegistradores|reg_pp_32bit:a2|07 ; DivisorFrequencia:inst4|inst2 ; DivisorFrequencia:inst4|inst2 ; 0.000        ; 1.623      ; 2.088      ;
; 0.276 ; DivisorFrequencia:inst4|inst2 ; bank_reg_32x32bit:BancoRegistradores|reg_pp_32bit:a2|10 ; DivisorFrequencia:inst4|inst2 ; DivisorFrequencia:inst4|inst2 ; 0.000        ; 1.623      ; 2.088      ;
; 0.276 ; DivisorFrequencia:inst4|inst2 ; bank_reg_32x32bit:BancoRegistradores|reg_pp_32bit:a2|14 ; DivisorFrequencia:inst4|inst2 ; DivisorFrequencia:inst4|inst2 ; 0.000        ; 1.623      ; 2.088      ;
; 0.276 ; DivisorFrequencia:inst4|inst2 ; bank_reg_32x32bit:BancoRegistradores|reg_pp_32bit:a2|19 ; DivisorFrequencia:inst4|inst2 ; DivisorFrequencia:inst4|inst2 ; 0.000        ; 1.623      ; 2.088      ;
; 0.277 ; DivisorFrequencia:inst4|inst2 ; bank_reg_32x32bit:BancoRegistradores|reg_pp_32bit:s2|14 ; DivisorFrequencia:inst4|inst2 ; DivisorFrequencia:inst4|inst2 ; 0.000        ; 1.621      ; 2.087      ;
; 0.277 ; DivisorFrequencia:inst4|inst2 ; bank_reg_32x32bit:BancoRegistradores|reg_pp_32bit:s2|28 ; DivisorFrequencia:inst4|inst2 ; DivisorFrequencia:inst4|inst2 ; 0.000        ; 1.621      ; 2.087      ;
; 0.281 ; DivisorFrequencia:inst4|inst2 ; bank_reg_32x32bit:BancoRegistradores|reg_pp_32bit:a3|11 ; DivisorFrequencia:inst4|inst2 ; DivisorFrequencia:inst4|inst2 ; 0.000        ; 1.621      ; 2.091      ;
; 0.281 ; DivisorFrequencia:inst4|inst2 ; bank_reg_32x32bit:BancoRegistradores|reg_pp_32bit:a3|16 ; DivisorFrequencia:inst4|inst2 ; DivisorFrequencia:inst4|inst2 ; 0.000        ; 1.621      ; 2.091      ;
; 0.283 ; DivisorFrequencia:inst4|inst2 ; bank_reg_32x32bit:BancoRegistradores|reg_pp_32bit:gp|00 ; DivisorFrequencia:inst4|inst2 ; DivisorFrequencia:inst4|inst2 ; 0.000        ; 1.621      ; 2.093      ;
; 0.283 ; DivisorFrequencia:inst4|inst2 ; bank_reg_32x32bit:BancoRegistradores|reg_pp_32bit:gp|01 ; DivisorFrequencia:inst4|inst2 ; DivisorFrequencia:inst4|inst2 ; 0.000        ; 1.621      ; 2.093      ;
; 0.283 ; DivisorFrequencia:inst4|inst2 ; bank_reg_32x32bit:BancoRegistradores|reg_pp_32bit:gp|24 ; DivisorFrequencia:inst4|inst2 ; DivisorFrequencia:inst4|inst2 ; 0.000        ; 1.621      ; 2.093      ;
; 0.283 ; DivisorFrequencia:inst4|inst2 ; bank_reg_32x32bit:BancoRegistradores|reg_pp_32bit:gp|25 ; DivisorFrequencia:inst4|inst2 ; DivisorFrequencia:inst4|inst2 ; 0.000        ; 1.621      ; 2.093      ;
; 0.286 ; DivisorFrequencia:inst4|inst2 ; bank_reg_32x32bit:BancoRegistradores|reg_pp_32bit:s0|10 ; DivisorFrequencia:inst4|inst2 ; DivisorFrequencia:inst4|inst2 ; 0.000        ; 1.626      ; 2.101      ;
; 0.286 ; DivisorFrequencia:inst4|inst2 ; bank_reg_32x32bit:BancoRegistradores|reg_pp_32bit:s0|16 ; DivisorFrequencia:inst4|inst2 ; DivisorFrequencia:inst4|inst2 ; 0.000        ; 1.626      ; 2.101      ;
; 0.287 ; DivisorFrequencia:inst4|inst2 ; bank_reg_32x32bit:BancoRegistradores|reg_pp_32bit:t1|24 ; DivisorFrequencia:inst4|inst2 ; DivisorFrequencia:inst4|inst2 ; 0.000        ; 1.618      ; 2.094      ;
; 0.287 ; DivisorFrequencia:inst4|inst2 ; bank_reg_32x32bit:BancoRegistradores|reg_pp_32bit:a2|26 ; DivisorFrequencia:inst4|inst2 ; DivisorFrequencia:inst4|inst2 ; 0.000        ; 1.624      ; 2.100      ;
; 0.287 ; DivisorFrequencia:inst4|inst2 ; bank_reg_32x32bit:BancoRegistradores|reg_pp_32bit:a2|28 ; DivisorFrequencia:inst4|inst2 ; DivisorFrequencia:inst4|inst2 ; 0.000        ; 1.624      ; 2.100      ;
; 0.294 ; DivisorFrequencia:inst4|inst2 ; bank_reg_32x32bit:BancoRegistradores|reg_pp_32bit:a3|10 ; DivisorFrequencia:inst4|inst2 ; DivisorFrequencia:inst4|inst2 ; 0.000        ; 1.623      ; 2.106      ;
; 0.294 ; DivisorFrequencia:inst4|inst2 ; bank_reg_32x32bit:BancoRegistradores|reg_pp_32bit:a3|14 ; DivisorFrequencia:inst4|inst2 ; DivisorFrequencia:inst4|inst2 ; 0.000        ; 1.623      ; 2.106      ;
; 0.294 ; DivisorFrequencia:inst4|inst2 ; bank_reg_32x32bit:BancoRegistradores|reg_pp_32bit:a3|15 ; DivisorFrequencia:inst4|inst2 ; DivisorFrequencia:inst4|inst2 ; 0.000        ; 1.623      ; 2.106      ;
; 0.294 ; DivisorFrequencia:inst4|inst2 ; bank_reg_32x32bit:BancoRegistradores|reg_pp_32bit:a3|24 ; DivisorFrequencia:inst4|inst2 ; DivisorFrequencia:inst4|inst2 ; 0.000        ; 1.623      ; 2.106      ;
; 0.298 ; DivisorFrequencia:inst4|inst2 ; bank_reg_32x32bit:BancoRegistradores|reg_pp_32bit:t8|13 ; DivisorFrequencia:inst4|inst2 ; DivisorFrequencia:inst4|inst2 ; 0.000        ; 1.619      ; 2.106      ;
; 0.298 ; DivisorFrequencia:inst4|inst2 ; bank_reg_32x32bit:BancoRegistradores|reg_pp_32bit:t8|00 ; DivisorFrequencia:inst4|inst2 ; DivisorFrequencia:inst4|inst2 ; 0.000        ; 1.619      ; 2.106      ;
; 0.298 ; DivisorFrequencia:inst4|inst2 ; bank_reg_32x32bit:BancoRegistradores|reg_pp_32bit:t8|14 ; DivisorFrequencia:inst4|inst2 ; DivisorFrequencia:inst4|inst2 ; 0.000        ; 1.619      ; 2.106      ;
; 0.298 ; DivisorFrequencia:inst4|inst2 ; bank_reg_32x32bit:BancoRegistradores|reg_pp_32bit:t8|15 ; DivisorFrequencia:inst4|inst2 ; DivisorFrequencia:inst4|inst2 ; 0.000        ; 1.619      ; 2.106      ;
; 0.298 ; DivisorFrequencia:inst4|inst2 ; bank_reg_32x32bit:BancoRegistradores|reg_pp_32bit:t8|17 ; DivisorFrequencia:inst4|inst2 ; DivisorFrequencia:inst4|inst2 ; 0.000        ; 1.619      ; 2.106      ;
; 0.298 ; DivisorFrequencia:inst4|inst2 ; bank_reg_32x32bit:BancoRegistradores|reg_pp_32bit:t8|16 ; DivisorFrequencia:inst4|inst2 ; DivisorFrequencia:inst4|inst2 ; 0.000        ; 1.619      ; 2.106      ;
; 0.298 ; DivisorFrequencia:inst4|inst2 ; bank_reg_32x32bit:BancoRegistradores|reg_pp_32bit:t8|20 ; DivisorFrequencia:inst4|inst2 ; DivisorFrequencia:inst4|inst2 ; 0.000        ; 1.619      ; 2.106      ;
; 0.298 ; DivisorFrequencia:inst4|inst2 ; bank_reg_32x32bit:BancoRegistradores|reg_pp_32bit:t8|18 ; DivisorFrequencia:inst4|inst2 ; DivisorFrequencia:inst4|inst2 ; 0.000        ; 1.619      ; 2.106      ;
; 0.299 ; DivisorFrequencia:inst4|inst2 ; bank_reg_32x32bit:BancoRegistradores|reg_pp_32bit:t0|01 ; DivisorFrequencia:inst4|inst2 ; DivisorFrequencia:inst4|inst2 ; 0.000        ; 1.625      ; 2.113      ;
; 0.299 ; DivisorFrequencia:inst4|inst2 ; bank_reg_32x32bit:BancoRegistradores|reg_pp_32bit:t0|03 ; DivisorFrequencia:inst4|inst2 ; DivisorFrequencia:inst4|inst2 ; 0.000        ; 1.625      ; 2.113      ;
; 0.299 ; DivisorFrequencia:inst4|inst2 ; bank_reg_32x32bit:BancoRegistradores|reg_pp_32bit:t0|05 ; DivisorFrequencia:inst4|inst2 ; DivisorFrequencia:inst4|inst2 ; 0.000        ; 1.625      ; 2.113      ;
; 0.299 ; DivisorFrequencia:inst4|inst2 ; bank_reg_32x32bit:BancoRegistradores|reg_pp_32bit:t0|07 ; DivisorFrequencia:inst4|inst2 ; DivisorFrequencia:inst4|inst2 ; 0.000        ; 1.625      ; 2.113      ;
; 0.299 ; DivisorFrequencia:inst4|inst2 ; bank_reg_32x32bit:BancoRegistradores|reg_pp_32bit:t0|14 ; DivisorFrequencia:inst4|inst2 ; DivisorFrequencia:inst4|inst2 ; 0.000        ; 1.625      ; 2.113      ;
; 0.299 ; DivisorFrequencia:inst4|inst2 ; bank_reg_32x32bit:BancoRegistradores|reg_pp_32bit:t0|12 ; DivisorFrequencia:inst4|inst2 ; DivisorFrequencia:inst4|inst2 ; 0.000        ; 1.625      ; 2.113      ;
; 0.299 ; DivisorFrequencia:inst4|inst2 ; bank_reg_32x32bit:BancoRegistradores|reg_pp_32bit:t0|20 ; DivisorFrequencia:inst4|inst2 ; DivisorFrequencia:inst4|inst2 ; 0.000        ; 1.625      ; 2.113      ;
; 0.300 ; DivisorFrequencia:inst4|inst2 ; bank_reg_32x32bit:BancoRegistradores|reg_pp_32bit:v1|31 ; DivisorFrequencia:inst4|inst2 ; DivisorFrequencia:inst4|inst2 ; 0.000        ; 1.633      ; 2.122      ;
; 0.300 ; DivisorFrequencia:inst4|inst2 ; bank_reg_32x32bit:BancoRegistradores|reg_pp_32bit:v1|04 ; DivisorFrequencia:inst4|inst2 ; DivisorFrequencia:inst4|inst2 ; 0.000        ; 1.633      ; 2.122      ;
; 0.300 ; DivisorFrequencia:inst4|inst2 ; bank_reg_32x32bit:BancoRegistradores|reg_pp_32bit:v1|30 ; DivisorFrequencia:inst4|inst2 ; DivisorFrequencia:inst4|inst2 ; 0.000        ; 1.633      ; 2.122      ;
; 0.301 ; DivisorFrequencia:inst4|inst2 ; bank_reg_32x32bit:BancoRegistradores|reg_pp_32bit:a3|04 ; DivisorFrequencia:inst4|inst2 ; DivisorFrequencia:inst4|inst2 ; 0.000        ; 1.618      ; 2.108      ;
; 0.301 ; DivisorFrequencia:inst4|inst2 ; bank_reg_32x32bit:BancoRegistradores|reg_pp_32bit:a3|05 ; DivisorFrequencia:inst4|inst2 ; DivisorFrequencia:inst4|inst2 ; 0.000        ; 1.618      ; 2.108      ;
; 0.301 ; DivisorFrequencia:inst4|inst2 ; bank_reg_32x32bit:BancoRegistradores|reg_pp_32bit:a3|30 ; DivisorFrequencia:inst4|inst2 ; DivisorFrequencia:inst4|inst2 ; 0.000        ; 1.618      ; 2.108      ;
+-------+-------------------------------+---------------------------------------------------------+-------------------------------+-------------------------------+--------------+------------+------------+


+-------------------------------------------------------------------------------------------------------------------------------------------------------------------------------------------------------------------------------------+
; Fast 1200mV 0C Model Minimum Pulse Width: 'clock'                                                                                                                                                                                   ;
+--------+--------------+----------------+------------------+-------+------------+----------------------------------------------------------------------------------------------------------------------------------------------------+
; Slack  ; Actual Width ; Required Width ; Type             ; Clock ; Clock Edge ; Target                                                                                                                                             ;
+--------+--------------+----------------+------------------+-------+------------+----------------------------------------------------------------------------------------------------------------------------------------------------+
; -3.000 ; 1.000        ; 4.000          ; Port Rate        ; clock ; Rise       ; clock                                                                                                                                              ;
; -1.000 ; 1.000        ; 2.000          ; Min Period       ; clock ; Fall       ; DivisorFrequencia:inst4|inst                                                                                                                       ;
; -1.000 ; 1.000        ; 2.000          ; Min Period       ; clock ; Fall       ; DivisorFrequencia:inst4|inst1                                                                                                                      ;
; -1.000 ; 1.000        ; 2.000          ; Min Period       ; clock ; Fall       ; DivisorFrequencia:inst4|inst2                                                                                                                      ;
; -1.000 ; 1.000        ; 2.000          ; Min Period       ; clock ; Fall       ; data_memory:DataMemory|ram:MemoriaRAM|altsyncram:altsyncram_component|altsyncram_vme1:auto_generated|ram_block1a0~porta_address_reg0               ;
; -1.000 ; 1.000        ; 2.000          ; Min Period       ; clock ; Fall       ; data_memory:DataMemory|ram:MemoriaRAM|altsyncram:altsyncram_component|altsyncram_vme1:auto_generated|ram_block1a0~porta_datain_reg0                ;
; -1.000 ; 1.000        ; 2.000          ; Min Period       ; clock ; Fall       ; data_memory:DataMemory|ram:MemoriaRAM|altsyncram:altsyncram_component|altsyncram_vme1:auto_generated|ram_block1a0~porta_we_reg                     ;
; -1.000 ; 1.000        ; 2.000          ; Min Period       ; clock ; Fall       ; data_memory:DataMemory|ram:MemoriaRAM|altsyncram:altsyncram_component|altsyncram_vme1:auto_generated|ram_block1a14~porta_address_reg0              ;
; -1.000 ; 1.000        ; 2.000          ; Min Period       ; clock ; Fall       ; data_memory:DataMemory|ram:MemoriaRAM|altsyncram:altsyncram_component|altsyncram_vme1:auto_generated|ram_block1a14~porta_datain_reg0               ;
; -1.000 ; 1.000        ; 2.000          ; Min Period       ; clock ; Fall       ; data_memory:DataMemory|ram:MemoriaRAM|altsyncram:altsyncram_component|altsyncram_vme1:auto_generated|ram_block1a14~porta_we_reg                    ;
; -1.000 ; 1.000        ; 2.000          ; Min Period       ; clock ; Fall       ; instruction_memory:InstructionMemory|rom:MemoriaRom|altsyncram:altsyncram_component|altsyncram_bk91:auto_generated|ram_block1a0~porta_address_reg0 ;
; -0.303 ; -0.087       ; 0.216          ; High Pulse Width ; clock ; Fall       ; DivisorFrequencia:inst4|inst                                                                                                                       ;
; -0.288 ; -0.058       ; 0.230          ; High Pulse Width ; clock ; Fall       ; data_memory:DataMemory|ram:MemoriaRAM|altsyncram:altsyncram_component|altsyncram_vme1:auto_generated|ram_block1a0~porta_address_reg0               ;
; -0.288 ; -0.058       ; 0.230          ; High Pulse Width ; clock ; Fall       ; data_memory:DataMemory|ram:MemoriaRAM|altsyncram:altsyncram_component|altsyncram_vme1:auto_generated|ram_block1a0~porta_datain_reg0                ;
; -0.288 ; -0.058       ; 0.230          ; High Pulse Width ; clock ; Fall       ; data_memory:DataMemory|ram:MemoriaRAM|altsyncram:altsyncram_component|altsyncram_vme1:auto_generated|ram_block1a0~porta_we_reg                     ;
; -0.288 ; -0.058       ; 0.230          ; High Pulse Width ; clock ; Fall       ; data_memory:DataMemory|ram:MemoriaRAM|altsyncram:altsyncram_component|altsyncram_vme1:auto_generated|ram_block1a14~porta_address_reg0              ;
; -0.288 ; -0.058       ; 0.230          ; High Pulse Width ; clock ; Fall       ; data_memory:DataMemory|ram:MemoriaRAM|altsyncram:altsyncram_component|altsyncram_vme1:auto_generated|ram_block1a14~porta_datain_reg0               ;
; -0.288 ; -0.058       ; 0.230          ; High Pulse Width ; clock ; Fall       ; data_memory:DataMemory|ram:MemoriaRAM|altsyncram:altsyncram_component|altsyncram_vme1:auto_generated|ram_block1a14~porta_we_reg                    ;
; -0.287 ; -0.057       ; 0.230          ; High Pulse Width ; clock ; Fall       ; instruction_memory:InstructionMemory|rom:MemoriaRom|altsyncram:altsyncram_component|altsyncram_bk91:auto_generated|ram_block1a0~porta_address_reg0 ;
; -0.276 ; -0.060       ; 0.216          ; High Pulse Width ; clock ; Fall       ; DivisorFrequencia:inst4|inst1                                                                                                                      ;
; -0.276 ; -0.060       ; 0.216          ; High Pulse Width ; clock ; Fall       ; DivisorFrequencia:inst4|inst2                                                                                                                      ;
; -0.082 ; -0.082       ; 0.000          ; Low Pulse Width  ; clock ; Rise       ; inst4|inst|clk                                                                                                                                     ;
; -0.059 ; -0.059       ; 0.000          ; Low Pulse Width  ; clock ; Rise       ; clock~input|o                                                                                                                                      ;
; -0.054 ; -0.054       ; 0.000          ; Low Pulse Width  ; clock ; Rise       ; DataMemory|MemoriaRAM|altsyncram_component|auto_generated|ram_block1a0|clk0                                                                        ;
; -0.054 ; -0.054       ; 0.000          ; Low Pulse Width  ; clock ; Rise       ; DataMemory|MemoriaRAM|altsyncram_component|auto_generated|ram_block1a14|clk0                                                                       ;
; -0.054 ; -0.054       ; 0.000          ; Low Pulse Width  ; clock ; Rise       ; inst4|inst1|clk                                                                                                                                    ;
; -0.054 ; -0.054       ; 0.000          ; Low Pulse Width  ; clock ; Rise       ; inst4|inst2|clk                                                                                                                                    ;
; -0.053 ; -0.053       ; 0.000          ; Low Pulse Width  ; clock ; Rise       ; InstructionMemory|MemoriaRom|altsyncram_component|auto_generated|ram_block1a0|clk0                                                                 ;
; -0.045 ; -0.045       ; 0.000          ; Low Pulse Width  ; clock ; Rise       ; clock~inputclkctrl|inclk[0]                                                                                                                        ;
; -0.045 ; -0.045       ; 0.000          ; Low Pulse Width  ; clock ; Rise       ; clock~inputclkctrl|outclk                                                                                                                          ;
; 0.500  ; 0.500        ; 0.000          ; High Pulse Width ; clock ; Rise       ; clock~input|i                                                                                                                                      ;
; 0.500  ; 0.500        ; 0.000          ; Low Pulse Width  ; clock ; Rise       ; clock~input|i                                                                                                                                      ;
; 0.822  ; 1.052        ; 0.230          ; Low Pulse Width  ; clock ; Fall       ; data_memory:DataMemory|ram:MemoriaRAM|altsyncram:altsyncram_component|altsyncram_vme1:auto_generated|ram_block1a0~porta_address_reg0               ;
; 0.822  ; 1.052        ; 0.230          ; Low Pulse Width  ; clock ; Fall       ; data_memory:DataMemory|ram:MemoriaRAM|altsyncram:altsyncram_component|altsyncram_vme1:auto_generated|ram_block1a0~porta_datain_reg0                ;
; 0.822  ; 1.052        ; 0.230          ; Low Pulse Width  ; clock ; Fall       ; data_memory:DataMemory|ram:MemoriaRAM|altsyncram:altsyncram_component|altsyncram_vme1:auto_generated|ram_block1a0~porta_we_reg                     ;
; 0.822  ; 1.052        ; 0.230          ; Low Pulse Width  ; clock ; Fall       ; data_memory:DataMemory|ram:MemoriaRAM|altsyncram:altsyncram_component|altsyncram_vme1:auto_generated|ram_block1a14~porta_address_reg0              ;
; 0.822  ; 1.052        ; 0.230          ; Low Pulse Width  ; clock ; Fall       ; data_memory:DataMemory|ram:MemoriaRAM|altsyncram:altsyncram_component|altsyncram_vme1:auto_generated|ram_block1a14~porta_datain_reg0               ;
; 0.822  ; 1.052        ; 0.230          ; Low Pulse Width  ; clock ; Fall       ; data_memory:DataMemory|ram:MemoriaRAM|altsyncram:altsyncram_component|altsyncram_vme1:auto_generated|ram_block1a14~porta_we_reg                    ;
; 0.822  ; 1.052        ; 0.230          ; Low Pulse Width  ; clock ; Fall       ; instruction_memory:InstructionMemory|rom:MemoriaRom|altsyncram:altsyncram_component|altsyncram_bk91:auto_generated|ram_block1a0~porta_address_reg0 ;
; 0.875  ; 1.059        ; 0.184          ; Low Pulse Width  ; clock ; Fall       ; DivisorFrequencia:inst4|inst1                                                                                                                      ;
; 0.875  ; 1.059        ; 0.184          ; Low Pulse Width  ; clock ; Fall       ; DivisorFrequencia:inst4|inst2                                                                                                                      ;
; 0.903  ; 1.087        ; 0.184          ; Low Pulse Width  ; clock ; Fall       ; DivisorFrequencia:inst4|inst                                                                                                                       ;
; 1.044  ; 1.044        ; 0.000          ; High Pulse Width ; clock ; Rise       ; clock~inputclkctrl|inclk[0]                                                                                                                        ;
; 1.044  ; 1.044        ; 0.000          ; High Pulse Width ; clock ; Rise       ; clock~inputclkctrl|outclk                                                                                                                          ;
; 1.053  ; 1.053        ; 0.000          ; High Pulse Width ; clock ; Rise       ; DataMemory|MemoriaRAM|altsyncram_component|auto_generated|ram_block1a0|clk0                                                                        ;
; 1.053  ; 1.053        ; 0.000          ; High Pulse Width ; clock ; Rise       ; DataMemory|MemoriaRAM|altsyncram_component|auto_generated|ram_block1a14|clk0                                                                       ;
; 1.053  ; 1.053        ; 0.000          ; High Pulse Width ; clock ; Rise       ; InstructionMemory|MemoriaRom|altsyncram_component|auto_generated|ram_block1a0|clk0                                                                 ;
; 1.054  ; 1.054        ; 0.000          ; High Pulse Width ; clock ; Rise       ; inst4|inst1|clk                                                                                                                                    ;
; 1.054  ; 1.054        ; 0.000          ; High Pulse Width ; clock ; Rise       ; inst4|inst2|clk                                                                                                                                    ;
; 1.059  ; 1.059        ; 0.000          ; High Pulse Width ; clock ; Rise       ; clock~input|o                                                                                                                                      ;
; 1.081  ; 1.081        ; 0.000          ; High Pulse Width ; clock ; Rise       ; inst4|inst|clk                                                                                                                                     ;
+--------+--------------+----------------+------------------+-------+------------+----------------------------------------------------------------------------------------------------------------------------------------------------+


+------------------------------------------------------------------------------------------------------------------------------------------------------------+
; Fast 1200mV 0C Model Minimum Pulse Width: 'DivisorFrequencia:inst4|inst2'                                                                                  ;
+--------+--------------+----------------+------------+-------------------------------+------------+---------------------------------------------------------+
; Slack  ; Actual Width ; Required Width ; Type       ; Clock                         ; Clock Edge ; Target                                                  ;
+--------+--------------+----------------+------------+-------------------------------+------------+---------------------------------------------------------+
; -1.000 ; 1.000        ; 2.000          ; Min Period ; DivisorFrequencia:inst4|inst2 ; Rise       ; bank_reg_32x32bit:BancoRegistradores|reg_pp_32bit:a0|00 ;
; -1.000 ; 1.000        ; 2.000          ; Min Period ; DivisorFrequencia:inst4|inst2 ; Rise       ; bank_reg_32x32bit:BancoRegistradores|reg_pp_32bit:a0|01 ;
; -1.000 ; 1.000        ; 2.000          ; Min Period ; DivisorFrequencia:inst4|inst2 ; Rise       ; bank_reg_32x32bit:BancoRegistradores|reg_pp_32bit:a0|02 ;
; -1.000 ; 1.000        ; 2.000          ; Min Period ; DivisorFrequencia:inst4|inst2 ; Rise       ; bank_reg_32x32bit:BancoRegistradores|reg_pp_32bit:a0|03 ;
; -1.000 ; 1.000        ; 2.000          ; Min Period ; DivisorFrequencia:inst4|inst2 ; Rise       ; bank_reg_32x32bit:BancoRegistradores|reg_pp_32bit:a0|04 ;
; -1.000 ; 1.000        ; 2.000          ; Min Period ; DivisorFrequencia:inst4|inst2 ; Rise       ; bank_reg_32x32bit:BancoRegistradores|reg_pp_32bit:a0|05 ;
; -1.000 ; 1.000        ; 2.000          ; Min Period ; DivisorFrequencia:inst4|inst2 ; Rise       ; bank_reg_32x32bit:BancoRegistradores|reg_pp_32bit:a0|06 ;
; -1.000 ; 1.000        ; 2.000          ; Min Period ; DivisorFrequencia:inst4|inst2 ; Rise       ; bank_reg_32x32bit:BancoRegistradores|reg_pp_32bit:a0|07 ;
; -1.000 ; 1.000        ; 2.000          ; Min Period ; DivisorFrequencia:inst4|inst2 ; Rise       ; bank_reg_32x32bit:BancoRegistradores|reg_pp_32bit:a0|08 ;
; -1.000 ; 1.000        ; 2.000          ; Min Period ; DivisorFrequencia:inst4|inst2 ; Rise       ; bank_reg_32x32bit:BancoRegistradores|reg_pp_32bit:a0|09 ;
; -1.000 ; 1.000        ; 2.000          ; Min Period ; DivisorFrequencia:inst4|inst2 ; Rise       ; bank_reg_32x32bit:BancoRegistradores|reg_pp_32bit:a0|10 ;
; -1.000 ; 1.000        ; 2.000          ; Min Period ; DivisorFrequencia:inst4|inst2 ; Rise       ; bank_reg_32x32bit:BancoRegistradores|reg_pp_32bit:a0|11 ;
; -1.000 ; 1.000        ; 2.000          ; Min Period ; DivisorFrequencia:inst4|inst2 ; Rise       ; bank_reg_32x32bit:BancoRegistradores|reg_pp_32bit:a0|12 ;
; -1.000 ; 1.000        ; 2.000          ; Min Period ; DivisorFrequencia:inst4|inst2 ; Rise       ; bank_reg_32x32bit:BancoRegistradores|reg_pp_32bit:a0|13 ;
; -1.000 ; 1.000        ; 2.000          ; Min Period ; DivisorFrequencia:inst4|inst2 ; Rise       ; bank_reg_32x32bit:BancoRegistradores|reg_pp_32bit:a0|14 ;
; -1.000 ; 1.000        ; 2.000          ; Min Period ; DivisorFrequencia:inst4|inst2 ; Rise       ; bank_reg_32x32bit:BancoRegistradores|reg_pp_32bit:a0|15 ;
; -1.000 ; 1.000        ; 2.000          ; Min Period ; DivisorFrequencia:inst4|inst2 ; Rise       ; bank_reg_32x32bit:BancoRegistradores|reg_pp_32bit:a0|16 ;
; -1.000 ; 1.000        ; 2.000          ; Min Period ; DivisorFrequencia:inst4|inst2 ; Rise       ; bank_reg_32x32bit:BancoRegistradores|reg_pp_32bit:a0|17 ;
; -1.000 ; 1.000        ; 2.000          ; Min Period ; DivisorFrequencia:inst4|inst2 ; Rise       ; bank_reg_32x32bit:BancoRegistradores|reg_pp_32bit:a0|18 ;
; -1.000 ; 1.000        ; 2.000          ; Min Period ; DivisorFrequencia:inst4|inst2 ; Rise       ; bank_reg_32x32bit:BancoRegistradores|reg_pp_32bit:a0|19 ;
; -1.000 ; 1.000        ; 2.000          ; Min Period ; DivisorFrequencia:inst4|inst2 ; Rise       ; bank_reg_32x32bit:BancoRegistradores|reg_pp_32bit:a0|20 ;
; -1.000 ; 1.000        ; 2.000          ; Min Period ; DivisorFrequencia:inst4|inst2 ; Rise       ; bank_reg_32x32bit:BancoRegistradores|reg_pp_32bit:a0|21 ;
; -1.000 ; 1.000        ; 2.000          ; Min Period ; DivisorFrequencia:inst4|inst2 ; Rise       ; bank_reg_32x32bit:BancoRegistradores|reg_pp_32bit:a0|22 ;
; -1.000 ; 1.000        ; 2.000          ; Min Period ; DivisorFrequencia:inst4|inst2 ; Rise       ; bank_reg_32x32bit:BancoRegistradores|reg_pp_32bit:a0|23 ;
; -1.000 ; 1.000        ; 2.000          ; Min Period ; DivisorFrequencia:inst4|inst2 ; Rise       ; bank_reg_32x32bit:BancoRegistradores|reg_pp_32bit:a0|24 ;
; -1.000 ; 1.000        ; 2.000          ; Min Period ; DivisorFrequencia:inst4|inst2 ; Rise       ; bank_reg_32x32bit:BancoRegistradores|reg_pp_32bit:a0|25 ;
; -1.000 ; 1.000        ; 2.000          ; Min Period ; DivisorFrequencia:inst4|inst2 ; Rise       ; bank_reg_32x32bit:BancoRegistradores|reg_pp_32bit:a0|26 ;
; -1.000 ; 1.000        ; 2.000          ; Min Period ; DivisorFrequencia:inst4|inst2 ; Rise       ; bank_reg_32x32bit:BancoRegistradores|reg_pp_32bit:a0|27 ;
; -1.000 ; 1.000        ; 2.000          ; Min Period ; DivisorFrequencia:inst4|inst2 ; Rise       ; bank_reg_32x32bit:BancoRegistradores|reg_pp_32bit:a0|28 ;
; -1.000 ; 1.000        ; 2.000          ; Min Period ; DivisorFrequencia:inst4|inst2 ; Rise       ; bank_reg_32x32bit:BancoRegistradores|reg_pp_32bit:a0|29 ;
; -1.000 ; 1.000        ; 2.000          ; Min Period ; DivisorFrequencia:inst4|inst2 ; Rise       ; bank_reg_32x32bit:BancoRegistradores|reg_pp_32bit:a0|30 ;
; -1.000 ; 1.000        ; 2.000          ; Min Period ; DivisorFrequencia:inst4|inst2 ; Rise       ; bank_reg_32x32bit:BancoRegistradores|reg_pp_32bit:a0|31 ;
; -1.000 ; 1.000        ; 2.000          ; Min Period ; DivisorFrequencia:inst4|inst2 ; Rise       ; bank_reg_32x32bit:BancoRegistradores|reg_pp_32bit:a1|00 ;
; -1.000 ; 1.000        ; 2.000          ; Min Period ; DivisorFrequencia:inst4|inst2 ; Rise       ; bank_reg_32x32bit:BancoRegistradores|reg_pp_32bit:a1|01 ;
; -1.000 ; 1.000        ; 2.000          ; Min Period ; DivisorFrequencia:inst4|inst2 ; Rise       ; bank_reg_32x32bit:BancoRegistradores|reg_pp_32bit:a1|02 ;
; -1.000 ; 1.000        ; 2.000          ; Min Period ; DivisorFrequencia:inst4|inst2 ; Rise       ; bank_reg_32x32bit:BancoRegistradores|reg_pp_32bit:a1|03 ;
; -1.000 ; 1.000        ; 2.000          ; Min Period ; DivisorFrequencia:inst4|inst2 ; Rise       ; bank_reg_32x32bit:BancoRegistradores|reg_pp_32bit:a1|04 ;
; -1.000 ; 1.000        ; 2.000          ; Min Period ; DivisorFrequencia:inst4|inst2 ; Rise       ; bank_reg_32x32bit:BancoRegistradores|reg_pp_32bit:a1|05 ;
; -1.000 ; 1.000        ; 2.000          ; Min Period ; DivisorFrequencia:inst4|inst2 ; Rise       ; bank_reg_32x32bit:BancoRegistradores|reg_pp_32bit:a1|06 ;
; -1.000 ; 1.000        ; 2.000          ; Min Period ; DivisorFrequencia:inst4|inst2 ; Rise       ; bank_reg_32x32bit:BancoRegistradores|reg_pp_32bit:a1|07 ;
; -1.000 ; 1.000        ; 2.000          ; Min Period ; DivisorFrequencia:inst4|inst2 ; Rise       ; bank_reg_32x32bit:BancoRegistradores|reg_pp_32bit:a1|08 ;
; -1.000 ; 1.000        ; 2.000          ; Min Period ; DivisorFrequencia:inst4|inst2 ; Rise       ; bank_reg_32x32bit:BancoRegistradores|reg_pp_32bit:a1|09 ;
; -1.000 ; 1.000        ; 2.000          ; Min Period ; DivisorFrequencia:inst4|inst2 ; Rise       ; bank_reg_32x32bit:BancoRegistradores|reg_pp_32bit:a1|10 ;
; -1.000 ; 1.000        ; 2.000          ; Min Period ; DivisorFrequencia:inst4|inst2 ; Rise       ; bank_reg_32x32bit:BancoRegistradores|reg_pp_32bit:a1|11 ;
; -1.000 ; 1.000        ; 2.000          ; Min Period ; DivisorFrequencia:inst4|inst2 ; Rise       ; bank_reg_32x32bit:BancoRegistradores|reg_pp_32bit:a1|12 ;
; -1.000 ; 1.000        ; 2.000          ; Min Period ; DivisorFrequencia:inst4|inst2 ; Rise       ; bank_reg_32x32bit:BancoRegistradores|reg_pp_32bit:a1|13 ;
; -1.000 ; 1.000        ; 2.000          ; Min Period ; DivisorFrequencia:inst4|inst2 ; Rise       ; bank_reg_32x32bit:BancoRegistradores|reg_pp_32bit:a1|14 ;
; -1.000 ; 1.000        ; 2.000          ; Min Period ; DivisorFrequencia:inst4|inst2 ; Rise       ; bank_reg_32x32bit:BancoRegistradores|reg_pp_32bit:a1|15 ;
; -1.000 ; 1.000        ; 2.000          ; Min Period ; DivisorFrequencia:inst4|inst2 ; Rise       ; bank_reg_32x32bit:BancoRegistradores|reg_pp_32bit:a1|16 ;
; -1.000 ; 1.000        ; 2.000          ; Min Period ; DivisorFrequencia:inst4|inst2 ; Rise       ; bank_reg_32x32bit:BancoRegistradores|reg_pp_32bit:a1|17 ;
; -1.000 ; 1.000        ; 2.000          ; Min Period ; DivisorFrequencia:inst4|inst2 ; Rise       ; bank_reg_32x32bit:BancoRegistradores|reg_pp_32bit:a1|18 ;
; -1.000 ; 1.000        ; 2.000          ; Min Period ; DivisorFrequencia:inst4|inst2 ; Rise       ; bank_reg_32x32bit:BancoRegistradores|reg_pp_32bit:a1|19 ;
; -1.000 ; 1.000        ; 2.000          ; Min Period ; DivisorFrequencia:inst4|inst2 ; Rise       ; bank_reg_32x32bit:BancoRegistradores|reg_pp_32bit:a1|20 ;
; -1.000 ; 1.000        ; 2.000          ; Min Period ; DivisorFrequencia:inst4|inst2 ; Rise       ; bank_reg_32x32bit:BancoRegistradores|reg_pp_32bit:a1|21 ;
; -1.000 ; 1.000        ; 2.000          ; Min Period ; DivisorFrequencia:inst4|inst2 ; Rise       ; bank_reg_32x32bit:BancoRegistradores|reg_pp_32bit:a1|22 ;
; -1.000 ; 1.000        ; 2.000          ; Min Period ; DivisorFrequencia:inst4|inst2 ; Rise       ; bank_reg_32x32bit:BancoRegistradores|reg_pp_32bit:a1|23 ;
; -1.000 ; 1.000        ; 2.000          ; Min Period ; DivisorFrequencia:inst4|inst2 ; Rise       ; bank_reg_32x32bit:BancoRegistradores|reg_pp_32bit:a1|24 ;
; -1.000 ; 1.000        ; 2.000          ; Min Period ; DivisorFrequencia:inst4|inst2 ; Rise       ; bank_reg_32x32bit:BancoRegistradores|reg_pp_32bit:a1|25 ;
; -1.000 ; 1.000        ; 2.000          ; Min Period ; DivisorFrequencia:inst4|inst2 ; Rise       ; bank_reg_32x32bit:BancoRegistradores|reg_pp_32bit:a1|26 ;
; -1.000 ; 1.000        ; 2.000          ; Min Period ; DivisorFrequencia:inst4|inst2 ; Rise       ; bank_reg_32x32bit:BancoRegistradores|reg_pp_32bit:a1|27 ;
; -1.000 ; 1.000        ; 2.000          ; Min Period ; DivisorFrequencia:inst4|inst2 ; Rise       ; bank_reg_32x32bit:BancoRegistradores|reg_pp_32bit:a1|28 ;
; -1.000 ; 1.000        ; 2.000          ; Min Period ; DivisorFrequencia:inst4|inst2 ; Rise       ; bank_reg_32x32bit:BancoRegistradores|reg_pp_32bit:a1|29 ;
; -1.000 ; 1.000        ; 2.000          ; Min Period ; DivisorFrequencia:inst4|inst2 ; Rise       ; bank_reg_32x32bit:BancoRegistradores|reg_pp_32bit:a1|30 ;
; -1.000 ; 1.000        ; 2.000          ; Min Period ; DivisorFrequencia:inst4|inst2 ; Rise       ; bank_reg_32x32bit:BancoRegistradores|reg_pp_32bit:a1|31 ;
; -1.000 ; 1.000        ; 2.000          ; Min Period ; DivisorFrequencia:inst4|inst2 ; Rise       ; bank_reg_32x32bit:BancoRegistradores|reg_pp_32bit:a2|00 ;
; -1.000 ; 1.000        ; 2.000          ; Min Period ; DivisorFrequencia:inst4|inst2 ; Rise       ; bank_reg_32x32bit:BancoRegistradores|reg_pp_32bit:a2|01 ;
; -1.000 ; 1.000        ; 2.000          ; Min Period ; DivisorFrequencia:inst4|inst2 ; Rise       ; bank_reg_32x32bit:BancoRegistradores|reg_pp_32bit:a2|02 ;
; -1.000 ; 1.000        ; 2.000          ; Min Period ; DivisorFrequencia:inst4|inst2 ; Rise       ; bank_reg_32x32bit:BancoRegistradores|reg_pp_32bit:a2|03 ;
; -1.000 ; 1.000        ; 2.000          ; Min Period ; DivisorFrequencia:inst4|inst2 ; Rise       ; bank_reg_32x32bit:BancoRegistradores|reg_pp_32bit:a2|04 ;
; -1.000 ; 1.000        ; 2.000          ; Min Period ; DivisorFrequencia:inst4|inst2 ; Rise       ; bank_reg_32x32bit:BancoRegistradores|reg_pp_32bit:a2|05 ;
; -1.000 ; 1.000        ; 2.000          ; Min Period ; DivisorFrequencia:inst4|inst2 ; Rise       ; bank_reg_32x32bit:BancoRegistradores|reg_pp_32bit:a2|06 ;
; -1.000 ; 1.000        ; 2.000          ; Min Period ; DivisorFrequencia:inst4|inst2 ; Rise       ; bank_reg_32x32bit:BancoRegistradores|reg_pp_32bit:a2|07 ;
; -1.000 ; 1.000        ; 2.000          ; Min Period ; DivisorFrequencia:inst4|inst2 ; Rise       ; bank_reg_32x32bit:BancoRegistradores|reg_pp_32bit:a2|08 ;
; -1.000 ; 1.000        ; 2.000          ; Min Period ; DivisorFrequencia:inst4|inst2 ; Rise       ; bank_reg_32x32bit:BancoRegistradores|reg_pp_32bit:a2|09 ;
; -1.000 ; 1.000        ; 2.000          ; Min Period ; DivisorFrequencia:inst4|inst2 ; Rise       ; bank_reg_32x32bit:BancoRegistradores|reg_pp_32bit:a2|10 ;
; -1.000 ; 1.000        ; 2.000          ; Min Period ; DivisorFrequencia:inst4|inst2 ; Rise       ; bank_reg_32x32bit:BancoRegistradores|reg_pp_32bit:a2|11 ;
; -1.000 ; 1.000        ; 2.000          ; Min Period ; DivisorFrequencia:inst4|inst2 ; Rise       ; bank_reg_32x32bit:BancoRegistradores|reg_pp_32bit:a2|12 ;
; -1.000 ; 1.000        ; 2.000          ; Min Period ; DivisorFrequencia:inst4|inst2 ; Rise       ; bank_reg_32x32bit:BancoRegistradores|reg_pp_32bit:a2|13 ;
; -1.000 ; 1.000        ; 2.000          ; Min Period ; DivisorFrequencia:inst4|inst2 ; Rise       ; bank_reg_32x32bit:BancoRegistradores|reg_pp_32bit:a2|14 ;
; -1.000 ; 1.000        ; 2.000          ; Min Period ; DivisorFrequencia:inst4|inst2 ; Rise       ; bank_reg_32x32bit:BancoRegistradores|reg_pp_32bit:a2|15 ;
; -1.000 ; 1.000        ; 2.000          ; Min Period ; DivisorFrequencia:inst4|inst2 ; Rise       ; bank_reg_32x32bit:BancoRegistradores|reg_pp_32bit:a2|16 ;
; -1.000 ; 1.000        ; 2.000          ; Min Period ; DivisorFrequencia:inst4|inst2 ; Rise       ; bank_reg_32x32bit:BancoRegistradores|reg_pp_32bit:a2|17 ;
; -1.000 ; 1.000        ; 2.000          ; Min Period ; DivisorFrequencia:inst4|inst2 ; Rise       ; bank_reg_32x32bit:BancoRegistradores|reg_pp_32bit:a2|18 ;
; -1.000 ; 1.000        ; 2.000          ; Min Period ; DivisorFrequencia:inst4|inst2 ; Rise       ; bank_reg_32x32bit:BancoRegistradores|reg_pp_32bit:a2|19 ;
; -1.000 ; 1.000        ; 2.000          ; Min Period ; DivisorFrequencia:inst4|inst2 ; Rise       ; bank_reg_32x32bit:BancoRegistradores|reg_pp_32bit:a2|20 ;
; -1.000 ; 1.000        ; 2.000          ; Min Period ; DivisorFrequencia:inst4|inst2 ; Rise       ; bank_reg_32x32bit:BancoRegistradores|reg_pp_32bit:a2|21 ;
; -1.000 ; 1.000        ; 2.000          ; Min Period ; DivisorFrequencia:inst4|inst2 ; Rise       ; bank_reg_32x32bit:BancoRegistradores|reg_pp_32bit:a2|22 ;
; -1.000 ; 1.000        ; 2.000          ; Min Period ; DivisorFrequencia:inst4|inst2 ; Rise       ; bank_reg_32x32bit:BancoRegistradores|reg_pp_32bit:a2|23 ;
; -1.000 ; 1.000        ; 2.000          ; Min Period ; DivisorFrequencia:inst4|inst2 ; Rise       ; bank_reg_32x32bit:BancoRegistradores|reg_pp_32bit:a2|24 ;
; -1.000 ; 1.000        ; 2.000          ; Min Period ; DivisorFrequencia:inst4|inst2 ; Rise       ; bank_reg_32x32bit:BancoRegistradores|reg_pp_32bit:a2|25 ;
; -1.000 ; 1.000        ; 2.000          ; Min Period ; DivisorFrequencia:inst4|inst2 ; Rise       ; bank_reg_32x32bit:BancoRegistradores|reg_pp_32bit:a2|26 ;
; -1.000 ; 1.000        ; 2.000          ; Min Period ; DivisorFrequencia:inst4|inst2 ; Rise       ; bank_reg_32x32bit:BancoRegistradores|reg_pp_32bit:a2|27 ;
; -1.000 ; 1.000        ; 2.000          ; Min Period ; DivisorFrequencia:inst4|inst2 ; Rise       ; bank_reg_32x32bit:BancoRegistradores|reg_pp_32bit:a2|28 ;
; -1.000 ; 1.000        ; 2.000          ; Min Period ; DivisorFrequencia:inst4|inst2 ; Rise       ; bank_reg_32x32bit:BancoRegistradores|reg_pp_32bit:a2|29 ;
; -1.000 ; 1.000        ; 2.000          ; Min Period ; DivisorFrequencia:inst4|inst2 ; Rise       ; bank_reg_32x32bit:BancoRegistradores|reg_pp_32bit:a2|30 ;
; -1.000 ; 1.000        ; 2.000          ; Min Period ; DivisorFrequencia:inst4|inst2 ; Rise       ; bank_reg_32x32bit:BancoRegistradores|reg_pp_32bit:a2|31 ;
; -1.000 ; 1.000        ; 2.000          ; Min Period ; DivisorFrequencia:inst4|inst2 ; Rise       ; bank_reg_32x32bit:BancoRegistradores|reg_pp_32bit:a3|00 ;
; -1.000 ; 1.000        ; 2.000          ; Min Period ; DivisorFrequencia:inst4|inst2 ; Rise       ; bank_reg_32x32bit:BancoRegistradores|reg_pp_32bit:a3|01 ;
; -1.000 ; 1.000        ; 2.000          ; Min Period ; DivisorFrequencia:inst4|inst2 ; Rise       ; bank_reg_32x32bit:BancoRegistradores|reg_pp_32bit:a3|02 ;
; -1.000 ; 1.000        ; 2.000          ; Min Period ; DivisorFrequencia:inst4|inst2 ; Rise       ; bank_reg_32x32bit:BancoRegistradores|reg_pp_32bit:a3|03 ;
+--------+--------------+----------------+------------+-------------------------------+------------+---------------------------------------------------------+


+-----------------------------------------------------------------------------------------------------------------+
; Clock to Output Times                                                                                           ;
+------------------+-------------------------------+--------+--------+------------+-------------------------------+
; Data Port        ; Clock Port                    ; Rise   ; Fall   ; Clock Edge ; Clock Reference               ;
+------------------+-------------------------------+--------+--------+------------+-------------------------------+
; MemWrite         ; DivisorFrequencia:inst4|inst2 ;        ; 2.691  ; Rise       ; DivisorFrequencia:inst4|inst2 ;
; PC[*]            ; DivisorFrequencia:inst4|inst2 ; 5.823  ; 5.705  ; Rise       ; DivisorFrequencia:inst4|inst2 ;
;  PC[0]           ; DivisorFrequencia:inst4|inst2 ; 4.141  ; 4.151  ; Rise       ; DivisorFrequencia:inst4|inst2 ;
;  PC[1]           ; DivisorFrequencia:inst4|inst2 ; 4.090  ; 4.125  ; Rise       ; DivisorFrequencia:inst4|inst2 ;
;  PC[2]           ; DivisorFrequencia:inst4|inst2 ; 4.293  ; 4.325  ; Rise       ; DivisorFrequencia:inst4|inst2 ;
;  PC[3]           ; DivisorFrequencia:inst4|inst2 ; 4.235  ; 4.299  ; Rise       ; DivisorFrequencia:inst4|inst2 ;
;  PC[4]           ; DivisorFrequencia:inst4|inst2 ; 4.843  ; 4.966  ; Rise       ; DivisorFrequencia:inst4|inst2 ;
;  PC[5]           ; DivisorFrequencia:inst4|inst2 ; 4.436  ; 4.495  ; Rise       ; DivisorFrequencia:inst4|inst2 ;
;  PC[6]           ; DivisorFrequencia:inst4|inst2 ; 4.915  ; 5.040  ; Rise       ; DivisorFrequencia:inst4|inst2 ;
;  PC[7]           ; DivisorFrequencia:inst4|inst2 ; 4.363  ; 4.397  ; Rise       ; DivisorFrequencia:inst4|inst2 ;
;  PC[8]           ; DivisorFrequencia:inst4|inst2 ; 4.095  ; 4.141  ; Rise       ; DivisorFrequencia:inst4|inst2 ;
;  PC[9]           ; DivisorFrequencia:inst4|inst2 ; 4.432  ; 4.507  ; Rise       ; DivisorFrequencia:inst4|inst2 ;
;  PC[10]          ; DivisorFrequencia:inst4|inst2 ; 4.361  ; 4.415  ; Rise       ; DivisorFrequencia:inst4|inst2 ;
;  PC[11]          ; DivisorFrequencia:inst4|inst2 ; 3.992  ; 4.003  ; Rise       ; DivisorFrequencia:inst4|inst2 ;
;  PC[12]          ; DivisorFrequencia:inst4|inst2 ; 3.960  ; 3.964  ; Rise       ; DivisorFrequencia:inst4|inst2 ;
;  PC[13]          ; DivisorFrequencia:inst4|inst2 ; 4.189  ; 4.227  ; Rise       ; DivisorFrequencia:inst4|inst2 ;
;  PC[14]          ; DivisorFrequencia:inst4|inst2 ; 4.251  ; 4.303  ; Rise       ; DivisorFrequencia:inst4|inst2 ;
;  PC[15]          ; DivisorFrequencia:inst4|inst2 ; 4.381  ; 4.419  ; Rise       ; DivisorFrequencia:inst4|inst2 ;
;  PC[16]          ; DivisorFrequencia:inst4|inst2 ; 4.632  ; 4.723  ; Rise       ; DivisorFrequencia:inst4|inst2 ;
;  PC[17]          ; DivisorFrequencia:inst4|inst2 ; 4.347  ; 4.404  ; Rise       ; DivisorFrequencia:inst4|inst2 ;
;  PC[18]          ; DivisorFrequencia:inst4|inst2 ; 5.792  ; 5.639  ; Rise       ; DivisorFrequencia:inst4|inst2 ;
;  PC[19]          ; DivisorFrequencia:inst4|inst2 ; 4.596  ; 4.655  ; Rise       ; DivisorFrequencia:inst4|inst2 ;
;  PC[20]          ; DivisorFrequencia:inst4|inst2 ; 3.931  ; 3.925  ; Rise       ; DivisorFrequencia:inst4|inst2 ;
;  PC[21]          ; DivisorFrequencia:inst4|inst2 ; 4.208  ; 4.254  ; Rise       ; DivisorFrequencia:inst4|inst2 ;
;  PC[22]          ; DivisorFrequencia:inst4|inst2 ; 4.448  ; 4.361  ; Rise       ; DivisorFrequencia:inst4|inst2 ;
;  PC[23]          ; DivisorFrequencia:inst4|inst2 ; 4.615  ; 4.673  ; Rise       ; DivisorFrequencia:inst4|inst2 ;
;  PC[24]          ; DivisorFrequencia:inst4|inst2 ; 4.006  ; 4.021  ; Rise       ; DivisorFrequencia:inst4|inst2 ;
;  PC[25]          ; DivisorFrequencia:inst4|inst2 ; 4.055  ; 4.108  ; Rise       ; DivisorFrequencia:inst4|inst2 ;
;  PC[26]          ; DivisorFrequencia:inst4|inst2 ; 3.958  ; 3.960  ; Rise       ; DivisorFrequencia:inst4|inst2 ;
;  PC[27]          ; DivisorFrequencia:inst4|inst2 ; 5.823  ; 5.705  ; Rise       ; DivisorFrequencia:inst4|inst2 ;
;  PC[28]          ; DivisorFrequencia:inst4|inst2 ; 4.093  ; 4.121  ; Rise       ; DivisorFrequencia:inst4|inst2 ;
;  PC[29]          ; DivisorFrequencia:inst4|inst2 ; 4.092  ; 4.132  ; Rise       ; DivisorFrequencia:inst4|inst2 ;
;  PC[30]          ; DivisorFrequencia:inst4|inst2 ; 4.182  ; 4.210  ; Rise       ; DivisorFrequencia:inst4|inst2 ;
;  PC[31]          ; DivisorFrequencia:inst4|inst2 ; 4.080  ; 4.115  ; Rise       ; DivisorFrequencia:inst4|inst2 ;
; RegWrite         ; DivisorFrequencia:inst4|inst2 ;        ; 2.060  ; Rise       ; DivisorFrequencia:inst4|inst2 ;
; clkSys           ; DivisorFrequencia:inst4|inst2 ; 4.108  ;        ; Rise       ; DivisorFrequencia:inst4|inst2 ;
; nextPC[*]        ; DivisorFrequencia:inst4|inst2 ; 15.631 ; 15.437 ; Rise       ; DivisorFrequencia:inst4|inst2 ;
;  nextPC[0]       ; DivisorFrequencia:inst4|inst2 ; 13.760 ; 13.759 ; Rise       ; DivisorFrequencia:inst4|inst2 ;
;  nextPC[1]       ; DivisorFrequencia:inst4|inst2 ; 14.401 ; 14.481 ; Rise       ; DivisorFrequencia:inst4|inst2 ;
;  nextPC[2]       ; DivisorFrequencia:inst4|inst2 ; 14.113 ; 14.120 ; Rise       ; DivisorFrequencia:inst4|inst2 ;
;  nextPC[3]       ; DivisorFrequencia:inst4|inst2 ; 14.015 ; 14.018 ; Rise       ; DivisorFrequencia:inst4|inst2 ;
;  nextPC[4]       ; DivisorFrequencia:inst4|inst2 ; 13.957 ; 13.979 ; Rise       ; DivisorFrequencia:inst4|inst2 ;
;  nextPC[5]       ; DivisorFrequencia:inst4|inst2 ; 13.805 ; 13.789 ; Rise       ; DivisorFrequencia:inst4|inst2 ;
;  nextPC[6]       ; DivisorFrequencia:inst4|inst2 ; 13.916 ; 13.915 ; Rise       ; DivisorFrequencia:inst4|inst2 ;
;  nextPC[7]       ; DivisorFrequencia:inst4|inst2 ; 14.036 ; 14.059 ; Rise       ; DivisorFrequencia:inst4|inst2 ;
;  nextPC[8]       ; DivisorFrequencia:inst4|inst2 ; 14.092 ; 14.108 ; Rise       ; DivisorFrequencia:inst4|inst2 ;
;  nextPC[9]       ; DivisorFrequencia:inst4|inst2 ; 13.873 ; 13.841 ; Rise       ; DivisorFrequencia:inst4|inst2 ;
;  nextPC[10]      ; DivisorFrequencia:inst4|inst2 ; 13.853 ; 13.828 ; Rise       ; DivisorFrequencia:inst4|inst2 ;
;  nextPC[11]      ; DivisorFrequencia:inst4|inst2 ; 14.351 ; 14.382 ; Rise       ; DivisorFrequencia:inst4|inst2 ;
;  nextPC[12]      ; DivisorFrequencia:inst4|inst2 ; 13.890 ; 13.862 ; Rise       ; DivisorFrequencia:inst4|inst2 ;
;  nextPC[13]      ; DivisorFrequencia:inst4|inst2 ; 14.202 ; 14.207 ; Rise       ; DivisorFrequencia:inst4|inst2 ;
;  nextPC[14]      ; DivisorFrequencia:inst4|inst2 ; 14.134 ; 14.176 ; Rise       ; DivisorFrequencia:inst4|inst2 ;
;  nextPC[15]      ; DivisorFrequencia:inst4|inst2 ; 14.466 ; 14.568 ; Rise       ; DivisorFrequencia:inst4|inst2 ;
;  nextPC[16]      ; DivisorFrequencia:inst4|inst2 ; 14.004 ; 14.019 ; Rise       ; DivisorFrequencia:inst4|inst2 ;
;  nextPC[17]      ; DivisorFrequencia:inst4|inst2 ; 15.631 ; 15.437 ; Rise       ; DivisorFrequencia:inst4|inst2 ;
;  nextPC[18]      ; DivisorFrequencia:inst4|inst2 ; 14.311 ; 14.322 ; Rise       ; DivisorFrequencia:inst4|inst2 ;
;  nextPC[19]      ; DivisorFrequencia:inst4|inst2 ; 14.030 ; 14.062 ; Rise       ; DivisorFrequencia:inst4|inst2 ;
;  nextPC[20]      ; DivisorFrequencia:inst4|inst2 ; 14.167 ; 14.179 ; Rise       ; DivisorFrequencia:inst4|inst2 ;
;  nextPC[21]      ; DivisorFrequencia:inst4|inst2 ; 13.744 ; 13.715 ; Rise       ; DivisorFrequencia:inst4|inst2 ;
;  nextPC[22]      ; DivisorFrequencia:inst4|inst2 ; 13.758 ; 13.771 ; Rise       ; DivisorFrequencia:inst4|inst2 ;
;  nextPC[23]      ; DivisorFrequencia:inst4|inst2 ; 13.859 ; 13.866 ; Rise       ; DivisorFrequencia:inst4|inst2 ;
;  nextPC[24]      ; DivisorFrequencia:inst4|inst2 ; 14.195 ; 14.222 ; Rise       ; DivisorFrequencia:inst4|inst2 ;
;  nextPC[25]      ; DivisorFrequencia:inst4|inst2 ; 14.284 ; 14.331 ; Rise       ; DivisorFrequencia:inst4|inst2 ;
;  nextPC[26]      ; DivisorFrequencia:inst4|inst2 ; 13.681 ; 13.661 ; Rise       ; DivisorFrequencia:inst4|inst2 ;
;  nextPC[27]      ; DivisorFrequencia:inst4|inst2 ; 14.008 ; 14.026 ; Rise       ; DivisorFrequencia:inst4|inst2 ;
;  nextPC[28]      ; DivisorFrequencia:inst4|inst2 ; 14.272 ; 14.335 ; Rise       ; DivisorFrequencia:inst4|inst2 ;
;  nextPC[29]      ; DivisorFrequencia:inst4|inst2 ; 13.742 ; 13.740 ; Rise       ; DivisorFrequencia:inst4|inst2 ;
;  nextPC[30]      ; DivisorFrequencia:inst4|inst2 ; 13.801 ; 13.807 ; Rise       ; DivisorFrequencia:inst4|inst2 ;
;  nextPC[31]      ; DivisorFrequencia:inst4|inst2 ; 13.793 ; 13.814 ; Rise       ; DivisorFrequencia:inst4|inst2 ;
; MemWrite         ; DivisorFrequencia:inst4|inst2 ; 2.795  ;        ; Fall       ; DivisorFrequencia:inst4|inst2 ;
; RegWrite         ; DivisorFrequencia:inst4|inst2 ; 2.144  ;        ; Fall       ; DivisorFrequencia:inst4|inst2 ;
; clkSys           ; DivisorFrequencia:inst4|inst2 ;        ; 3.982  ; Fall       ; DivisorFrequencia:inst4|inst2 ;
; ALUOp[*]         ; clock                         ; 8.909  ; 8.826  ; Fall       ; clock                         ;
;  ALUOp[0]        ; clock                         ; 6.665  ; 6.651  ; Fall       ; clock                         ;
;  ALUOp[1]        ; clock                         ; 8.909  ; 8.826  ; Fall       ; clock                         ;
; ALUSrc           ; clock                         ; 6.867  ; 6.919  ; Fall       ; clock                         ;
; Branch           ; clock                         ; 6.762  ; 6.752  ; Fall       ; clock                         ;
; Instruction[*]   ; clock                         ; 6.832  ; 6.992  ; Fall       ; clock                         ;
;  Instruction[0]  ; clock                         ; 5.327  ; 5.340  ; Fall       ; clock                         ;
;  Instruction[1]  ; clock                         ; 6.260  ; 6.338  ; Fall       ; clock                         ;
;  Instruction[2]  ; clock                         ; 6.053  ; 6.135  ; Fall       ; clock                         ;
;  Instruction[3]  ; clock                         ; 5.931  ; 5.981  ; Fall       ; clock                         ;
;  Instruction[4]  ; clock                         ; 5.755  ; 5.809  ; Fall       ; clock                         ;
;  Instruction[5]  ; clock                         ; 5.758  ; 5.827  ; Fall       ; clock                         ;
;  Instruction[6]  ; clock                         ; 6.139  ; 6.217  ; Fall       ; clock                         ;
;  Instruction[7]  ; clock                         ; 5.882  ; 5.947  ; Fall       ; clock                         ;
;  Instruction[8]  ; clock                         ; 6.297  ; 6.428  ; Fall       ; clock                         ;
;  Instruction[9]  ; clock                         ; 5.761  ; 5.836  ; Fall       ; clock                         ;
;  Instruction[10] ; clock                         ; 6.385  ; 6.515  ; Fall       ; clock                         ;
;  Instruction[11] ; clock                         ; 6.832  ; 6.992  ; Fall       ; clock                         ;
;  Instruction[12] ; clock                         ; 5.769  ; 5.827  ; Fall       ; clock                         ;
;  Instruction[13] ; clock                         ; 5.752  ; 5.785  ; Fall       ; clock                         ;
;  Instruction[14] ; clock                         ; 6.251  ; 6.316  ; Fall       ; clock                         ;
;  Instruction[15] ; clock                         ; 6.091  ; 6.171  ; Fall       ; clock                         ;
;  Instruction[16] ; clock                         ; 6.000  ; 6.063  ; Fall       ; clock                         ;
;  Instruction[17] ; clock                         ; 5.879  ; 5.935  ; Fall       ; clock                         ;
;  Instruction[18] ; clock                         ; 5.885  ; 5.974  ; Fall       ; clock                         ;
;  Instruction[19] ; clock                         ; 6.259  ; 6.388  ; Fall       ; clock                         ;
;  Instruction[20] ; clock                         ; 5.955  ; 6.052  ; Fall       ; clock                         ;
;  Instruction[21] ; clock                         ; 5.860  ; 5.903  ; Fall       ; clock                         ;
;  Instruction[22] ; clock                         ; 5.883  ; 5.937  ; Fall       ; clock                         ;
;  Instruction[23] ; clock                         ; 6.175  ; 6.285  ; Fall       ; clock                         ;
;  Instruction[24] ; clock                         ; 5.889  ; 5.936  ; Fall       ; clock                         ;
;  Instruction[25] ; clock                         ; 5.847  ; 5.892  ; Fall       ; clock                         ;
;  Instruction[26] ; clock                         ; 5.887  ; 5.945  ; Fall       ; clock                         ;
;  Instruction[27] ; clock                         ; 5.612  ; 5.620  ; Fall       ; clock                         ;
;  Instruction[28] ; clock                         ; 6.243  ; 6.375  ; Fall       ; clock                         ;
;  Instruction[29] ; clock                         ; 6.193  ; 6.279  ; Fall       ; clock                         ;
;  Instruction[30] ; clock                         ; 6.119  ; 6.208  ; Fall       ; clock                         ;
;  Instruction[31] ; clock                         ; 5.849  ; 5.893  ; Fall       ; clock                         ;
; MemToReg         ; clock                         ; 6.860  ; 6.677  ; Fall       ; clock                         ;
; MemWrite         ; clock                         ; 7.122  ; 7.156  ; Fall       ; clock                         ;
; Operation[*]     ; clock                         ; 7.409  ; 7.483  ; Fall       ; clock                         ;
;  Operation[0]    ; clock                         ; 7.409  ; 7.483  ; Fall       ; clock                         ;
;  Operation[1]    ; clock                         ; 7.206  ; 7.186  ; Fall       ; clock                         ;
;  Operation[2]    ; clock                         ; 6.407  ; 6.338  ; Fall       ; clock                         ;
; RegDst           ; clock                         ; 7.385  ; 7.501  ; Fall       ; clock                         ;
; RegWrite         ; clock                         ; 7.495  ; 7.373  ; Fall       ; clock                         ;
; function[*]      ; clock                         ; 6.065  ; 6.117  ; Fall       ; clock                         ;
;  function[0]     ; clock                         ; 5.514  ; 5.540  ; Fall       ; clock                         ;
;  function[1]     ; clock                         ; 6.056  ; 6.117  ; Fall       ; clock                         ;
;  function[2]     ; clock                         ; 6.065  ; 6.114  ; Fall       ; clock                         ;
;  function[3]     ; clock                         ; 5.793  ; 5.826  ; Fall       ; clock                         ;
;  function[4]     ; clock                         ; 5.765  ; 5.819  ; Fall       ; clock                         ;
;  function[5]     ; clock                         ; 5.888  ; 5.973  ; Fall       ; clock                         ;
; imed16[*]        ; clock                         ; 7.730  ; 7.653  ; Fall       ; clock                         ;
;  imed16[0]       ; clock                         ; 5.504  ; 5.518  ; Fall       ; clock                         ;
;  imed16[1]       ; clock                         ; 6.249  ; 6.323  ; Fall       ; clock                         ;
;  imed16[2]       ; clock                         ; 5.649  ; 5.674  ; Fall       ; clock                         ;
;  imed16[3]       ; clock                         ; 5.931  ; 5.981  ; Fall       ; clock                         ;
;  imed16[4]       ; clock                         ; 6.057  ; 6.153  ; Fall       ; clock                         ;
;  imed16[5]       ; clock                         ; 5.738  ; 5.807  ; Fall       ; clock                         ;
;  imed16[6]       ; clock                         ; 5.936  ; 6.006  ; Fall       ; clock                         ;
;  imed16[7]       ; clock                         ; 5.757  ; 5.810  ; Fall       ; clock                         ;
;  imed16[8]       ; clock                         ; 6.287  ; 6.418  ; Fall       ; clock                         ;
;  imed16[9]       ; clock                         ; 5.606  ; 5.657  ; Fall       ; clock                         ;
;  imed16[10]      ; clock                         ; 7.730  ; 7.653  ; Fall       ; clock                         ;
;  imed16[11]      ; clock                         ; 6.403  ; 6.524  ; Fall       ; clock                         ;
;  imed16[12]      ; clock                         ; 5.769  ; 5.827  ; Fall       ; clock                         ;
;  imed16[13]      ; clock                         ; 7.213  ; 7.044  ; Fall       ; clock                         ;
;  imed16[14]      ; clock                         ; 6.251  ; 6.316  ; Fall       ; clock                         ;
;  imed16[15]      ; clock                         ; 6.128  ; 6.207  ; Fall       ; clock                         ;
; nextPC[*]        ; clock                         ; 17.716 ; 17.522 ; Fall       ; clock                         ;
;  nextPC[0]       ; clock                         ; 15.845 ; 15.844 ; Fall       ; clock                         ;
;  nextPC[1]       ; clock                         ; 16.486 ; 16.566 ; Fall       ; clock                         ;
;  nextPC[2]       ; clock                         ; 16.198 ; 16.205 ; Fall       ; clock                         ;
;  nextPC[3]       ; clock                         ; 16.100 ; 16.103 ; Fall       ; clock                         ;
;  nextPC[4]       ; clock                         ; 16.042 ; 16.064 ; Fall       ; clock                         ;
;  nextPC[5]       ; clock                         ; 15.890 ; 15.874 ; Fall       ; clock                         ;
;  nextPC[6]       ; clock                         ; 16.001 ; 16.000 ; Fall       ; clock                         ;
;  nextPC[7]       ; clock                         ; 16.121 ; 16.144 ; Fall       ; clock                         ;
;  nextPC[8]       ; clock                         ; 16.177 ; 16.193 ; Fall       ; clock                         ;
;  nextPC[9]       ; clock                         ; 15.958 ; 15.926 ; Fall       ; clock                         ;
;  nextPC[10]      ; clock                         ; 15.938 ; 15.913 ; Fall       ; clock                         ;
;  nextPC[11]      ; clock                         ; 16.436 ; 16.467 ; Fall       ; clock                         ;
;  nextPC[12]      ; clock                         ; 15.975 ; 15.947 ; Fall       ; clock                         ;
;  nextPC[13]      ; clock                         ; 16.287 ; 16.292 ; Fall       ; clock                         ;
;  nextPC[14]      ; clock                         ; 16.219 ; 16.261 ; Fall       ; clock                         ;
;  nextPC[15]      ; clock                         ; 16.551 ; 16.653 ; Fall       ; clock                         ;
;  nextPC[16]      ; clock                         ; 16.089 ; 16.104 ; Fall       ; clock                         ;
;  nextPC[17]      ; clock                         ; 17.716 ; 17.522 ; Fall       ; clock                         ;
;  nextPC[18]      ; clock                         ; 16.396 ; 16.407 ; Fall       ; clock                         ;
;  nextPC[19]      ; clock                         ; 16.115 ; 16.147 ; Fall       ; clock                         ;
;  nextPC[20]      ; clock                         ; 16.252 ; 16.264 ; Fall       ; clock                         ;
;  nextPC[21]      ; clock                         ; 15.829 ; 15.800 ; Fall       ; clock                         ;
;  nextPC[22]      ; clock                         ; 15.843 ; 15.856 ; Fall       ; clock                         ;
;  nextPC[23]      ; clock                         ; 15.944 ; 15.951 ; Fall       ; clock                         ;
;  nextPC[24]      ; clock                         ; 16.280 ; 16.307 ; Fall       ; clock                         ;
;  nextPC[25]      ; clock                         ; 16.369 ; 16.416 ; Fall       ; clock                         ;
;  nextPC[26]      ; clock                         ; 15.766 ; 15.746 ; Fall       ; clock                         ;
;  nextPC[27]      ; clock                         ; 16.093 ; 16.111 ; Fall       ; clock                         ;
;  nextPC[28]      ; clock                         ; 16.357 ; 16.420 ; Fall       ; clock                         ;
;  nextPC[29]      ; clock                         ; 15.827 ; 15.825 ; Fall       ; clock                         ;
;  nextPC[30]      ; clock                         ; 15.886 ; 15.892 ; Fall       ; clock                         ;
;  nextPC[31]      ; clock                         ; 15.878 ; 15.899 ; Fall       ; clock                         ;
; op[*]            ; clock                         ; 6.183  ; 6.269  ; Fall       ; clock                         ;
;  op[26]          ; clock                         ; 6.088  ; 6.171  ; Fall       ; clock                         ;
;  op[27]          ; clock                         ; 5.632  ; 5.640  ; Fall       ; clock                         ;
;  op[28]          ; clock                         ; 6.001  ; 6.095  ; Fall       ; clock                         ;
;  op[29]          ; clock                         ; 6.183  ; 6.269  ; Fall       ; clock                         ;
;  op[30]          ; clock                         ; 6.113  ; 6.207  ; Fall       ; clock                         ;
;  op[31]          ; clock                         ; 5.712  ; 5.732  ; Fall       ; clock                         ;
; rd[*]            ; clock                         ; 7.596  ; 7.460  ; Fall       ; clock                         ;
;  rd[11]          ; clock                         ; 6.872  ; 7.032  ; Fall       ; clock                         ;
;  rd[12]          ; clock                         ; 5.768  ; 5.824  ; Fall       ; clock                         ;
;  rd[13]          ; clock                         ; 5.762  ; 5.784  ; Fall       ; clock                         ;
;  rd[14]          ; clock                         ; 7.596  ; 7.460  ; Fall       ; clock                         ;
;  rd[15]          ; clock                         ; 6.488  ; 6.609  ; Fall       ; clock                         ;
; rs[*]            ; clock                         ; 7.552  ; 7.424  ; Fall       ; clock                         ;
;  rs[21]          ; clock                         ; 5.866  ; 5.918  ; Fall       ; clock                         ;
;  rs[22]          ; clock                         ; 7.552  ; 7.424  ; Fall       ; clock                         ;
;  rs[23]          ; clock                         ; 6.404  ; 6.556  ; Fall       ; clock                         ;
;  rs[24]          ; clock                         ; 5.905  ; 5.957  ; Fall       ; clock                         ;
;  rs[25]          ; clock                         ; 5.987  ; 6.048  ; Fall       ; clock                         ;
; rt[*]            ; clock                         ; 6.248  ; 6.368  ; Fall       ; clock                         ;
;  rt[16]          ; clock                         ; 6.147  ; 6.225  ; Fall       ; clock                         ;
;  rt[17]          ; clock                         ; 6.062  ; 6.144  ; Fall       ; clock                         ;
;  rt[18]          ; clock                         ; 5.895  ; 5.984  ; Fall       ; clock                         ;
;  rt[19]          ; clock                         ; 6.248  ; 6.368  ; Fall       ; clock                         ;
;  rt[20]          ; clock                         ; 6.001  ; 6.098  ; Fall       ; clock                         ;
; shamt[*]         ; clock                         ; 6.322  ; 6.435  ; Fall       ; clock                         ;
;  shamt[6]        ; clock                         ; 6.149  ; 6.227  ; Fall       ; clock                         ;
;  shamt[7]        ; clock                         ; 5.899  ; 5.965  ; Fall       ; clock                         ;
;  shamt[8]        ; clock                         ; 6.322  ; 6.435  ; Fall       ; clock                         ;
;  shamt[9]        ; clock                         ; 5.801  ; 5.876  ; Fall       ; clock                         ;
;  shamt[10]       ; clock                         ; 6.182  ; 6.291  ; Fall       ; clock                         ;
+------------------+-------------------------------+--------+--------+------------+-------------------------------+


+---------------------------------------------------------------------------------------------------------------+
; Minimum Clock to Output Times                                                                                 ;
+------------------+-------------------------------+-------+-------+------------+-------------------------------+
; Data Port        ; Clock Port                    ; Rise  ; Fall  ; Clock Edge ; Clock Reference               ;
+------------------+-------------------------------+-------+-------+------------+-------------------------------+
; MemWrite         ; DivisorFrequencia:inst4|inst2 ;       ; 2.637 ; Rise       ; DivisorFrequencia:inst4|inst2 ;
; PC[*]            ; DivisorFrequencia:inst4|inst2 ; 3.823 ; 3.814 ; Rise       ; DivisorFrequencia:inst4|inst2 ;
;  PC[0]           ; DivisorFrequencia:inst4|inst2 ; 4.029 ; 4.036 ; Rise       ; DivisorFrequencia:inst4|inst2 ;
;  PC[1]           ; DivisorFrequencia:inst4|inst2 ; 3.976 ; 4.007 ; Rise       ; DivisorFrequencia:inst4|inst2 ;
;  PC[2]           ; DivisorFrequencia:inst4|inst2 ; 4.171 ; 4.199 ; Rise       ; DivisorFrequencia:inst4|inst2 ;
;  PC[3]           ; DivisorFrequencia:inst4|inst2 ; 4.115 ; 4.173 ; Rise       ; DivisorFrequencia:inst4|inst2 ;
;  PC[4]           ; DivisorFrequencia:inst4|inst2 ; 4.699 ; 4.814 ; Rise       ; DivisorFrequencia:inst4|inst2 ;
;  PC[5]           ; DivisorFrequencia:inst4|inst2 ; 4.307 ; 4.361 ; Rise       ; DivisorFrequencia:inst4|inst2 ;
;  PC[6]           ; DivisorFrequencia:inst4|inst2 ; 4.770 ; 4.886 ; Rise       ; DivisorFrequencia:inst4|inst2 ;
;  PC[7]           ; DivisorFrequencia:inst4|inst2 ; 4.243 ; 4.273 ; Rise       ; DivisorFrequencia:inst4|inst2 ;
;  PC[8]           ; DivisorFrequencia:inst4|inst2 ; 3.981 ; 4.022 ; Rise       ; DivisorFrequencia:inst4|inst2 ;
;  PC[9]           ; DivisorFrequencia:inst4|inst2 ; 4.306 ; 4.374 ; Rise       ; DivisorFrequencia:inst4|inst2 ;
;  PC[10]          ; DivisorFrequencia:inst4|inst2 ; 4.243 ; 4.292 ; Rise       ; DivisorFrequencia:inst4|inst2 ;
;  PC[11]          ; DivisorFrequencia:inst4|inst2 ; 3.881 ; 3.888 ; Rise       ; DivisorFrequencia:inst4|inst2 ;
;  PC[12]          ; DivisorFrequencia:inst4|inst2 ; 3.852 ; 3.852 ; Rise       ; DivisorFrequencia:inst4|inst2 ;
;  PC[13]          ; DivisorFrequencia:inst4|inst2 ; 4.070 ; 4.103 ; Rise       ; DivisorFrequencia:inst4|inst2 ;
;  PC[14]          ; DivisorFrequencia:inst4|inst2 ; 4.130 ; 4.177 ; Rise       ; DivisorFrequencia:inst4|inst2 ;
;  PC[15]          ; DivisorFrequencia:inst4|inst2 ; 4.261 ; 4.294 ; Rise       ; DivisorFrequencia:inst4|inst2 ;
;  PC[16]          ; DivisorFrequencia:inst4|inst2 ; 4.502 ; 4.586 ; Rise       ; DivisorFrequencia:inst4|inst2 ;
;  PC[17]          ; DivisorFrequencia:inst4|inst2 ; 4.228 ; 4.279 ; Rise       ; DivisorFrequencia:inst4|inst2 ;
;  PC[18]          ; DivisorFrequencia:inst4|inst2 ; 5.671 ; 5.513 ; Rise       ; DivisorFrequencia:inst4|inst2 ;
;  PC[19]          ; DivisorFrequencia:inst4|inst2 ; 4.466 ; 4.520 ; Rise       ; DivisorFrequencia:inst4|inst2 ;
;  PC[20]          ; DivisorFrequencia:inst4|inst2 ; 3.823 ; 3.814 ; Rise       ; DivisorFrequencia:inst4|inst2 ;
;  PC[21]          ; DivisorFrequencia:inst4|inst2 ; 4.089 ; 4.130 ; Rise       ; DivisorFrequencia:inst4|inst2 ;
;  PC[22]          ; DivisorFrequencia:inst4|inst2 ; 4.316 ; 4.235 ; Rise       ; DivisorFrequencia:inst4|inst2 ;
;  PC[23]          ; DivisorFrequencia:inst4|inst2 ; 4.485 ; 4.538 ; Rise       ; DivisorFrequencia:inst4|inst2 ;
;  PC[24]          ; DivisorFrequencia:inst4|inst2 ; 3.895 ; 3.907 ; Rise       ; DivisorFrequencia:inst4|inst2 ;
;  PC[25]          ; DivisorFrequencia:inst4|inst2 ; 3.941 ; 3.989 ; Rise       ; DivisorFrequencia:inst4|inst2 ;
;  PC[26]          ; DivisorFrequencia:inst4|inst2 ; 3.855 ; 3.854 ; Rise       ; DivisorFrequencia:inst4|inst2 ;
;  PC[27]          ; DivisorFrequencia:inst4|inst2 ; 5.703 ; 5.579 ; Rise       ; DivisorFrequencia:inst4|inst2 ;
;  PC[28]          ; DivisorFrequencia:inst4|inst2 ; 3.979 ; 4.003 ; Rise       ; DivisorFrequencia:inst4|inst2 ;
;  PC[29]          ; DivisorFrequencia:inst4|inst2 ; 3.978 ; 4.012 ; Rise       ; DivisorFrequencia:inst4|inst2 ;
;  PC[30]          ; DivisorFrequencia:inst4|inst2 ; 4.066 ; 4.089 ; Rise       ; DivisorFrequencia:inst4|inst2 ;
;  PC[31]          ; DivisorFrequencia:inst4|inst2 ; 3.966 ; 3.996 ; Rise       ; DivisorFrequencia:inst4|inst2 ;
; RegWrite         ; DivisorFrequencia:inst4|inst2 ;       ; 2.037 ; Rise       ; DivisorFrequencia:inst4|inst2 ;
; clkSys           ; DivisorFrequencia:inst4|inst2 ; 4.063 ;       ; Rise       ; DivisorFrequencia:inst4|inst2 ;
; nextPC[*]        ; DivisorFrequencia:inst4|inst2 ; 4.215 ; 4.218 ; Rise       ; DivisorFrequencia:inst4|inst2 ;
;  nextPC[0]       ; DivisorFrequencia:inst4|inst2 ; 4.215 ; 4.218 ; Rise       ; DivisorFrequencia:inst4|inst2 ;
;  nextPC[1]       ; DivisorFrequencia:inst4|inst2 ; 4.858 ; 4.965 ; Rise       ; DivisorFrequencia:inst4|inst2 ;
;  nextPC[2]       ; DivisorFrequencia:inst4|inst2 ; 4.701 ; 4.705 ; Rise       ; DivisorFrequencia:inst4|inst2 ;
;  nextPC[3]       ; DivisorFrequencia:inst4|inst2 ; 4.654 ; 4.692 ; Rise       ; DivisorFrequencia:inst4|inst2 ;
;  nextPC[4]       ; DivisorFrequencia:inst4|inst2 ; 4.850 ; 4.876 ; Rise       ; DivisorFrequencia:inst4|inst2 ;
;  nextPC[5]       ; DivisorFrequencia:inst4|inst2 ; 4.558 ; 4.547 ; Rise       ; DivisorFrequencia:inst4|inst2 ;
;  nextPC[6]       ; DivisorFrequencia:inst4|inst2 ; 4.431 ; 4.434 ; Rise       ; DivisorFrequencia:inst4|inst2 ;
;  nextPC[7]       ; DivisorFrequencia:inst4|inst2 ; 5.000 ; 5.026 ; Rise       ; DivisorFrequencia:inst4|inst2 ;
;  nextPC[8]       ; DivisorFrequencia:inst4|inst2 ; 5.543 ; 5.562 ; Rise       ; DivisorFrequencia:inst4|inst2 ;
;  nextPC[9]       ; DivisorFrequencia:inst4|inst2 ; 4.654 ; 4.628 ; Rise       ; DivisorFrequencia:inst4|inst2 ;
;  nextPC[10]      ; DivisorFrequencia:inst4|inst2 ; 4.417 ; 4.397 ; Rise       ; DivisorFrequencia:inst4|inst2 ;
;  nextPC[11]      ; DivisorFrequencia:inst4|inst2 ; 5.523 ; 5.557 ; Rise       ; DivisorFrequencia:inst4|inst2 ;
;  nextPC[12]      ; DivisorFrequencia:inst4|inst2 ; 4.395 ; 4.373 ; Rise       ; DivisorFrequencia:inst4|inst2 ;
;  nextPC[13]      ; DivisorFrequencia:inst4|inst2 ; 5.352 ; 5.392 ; Rise       ; DivisorFrequencia:inst4|inst2 ;
;  nextPC[14]      ; DivisorFrequencia:inst4|inst2 ; 4.831 ; 4.876 ; Rise       ; DivisorFrequencia:inst4|inst2 ;
;  nextPC[15]      ; DivisorFrequencia:inst4|inst2 ; 5.186 ; 5.288 ; Rise       ; DivisorFrequencia:inst4|inst2 ;
;  nextPC[16]      ; DivisorFrequencia:inst4|inst2 ; 4.685 ; 4.704 ; Rise       ; DivisorFrequencia:inst4|inst2 ;
;  nextPC[17]      ; DivisorFrequencia:inst4|inst2 ; 6.831 ; 6.641 ; Rise       ; DivisorFrequencia:inst4|inst2 ;
;  nextPC[18]      ; DivisorFrequencia:inst4|inst2 ; 4.697 ; 4.712 ; Rise       ; DivisorFrequencia:inst4|inst2 ;
;  nextPC[19]      ; DivisorFrequencia:inst4|inst2 ; 4.665 ; 4.703 ; Rise       ; DivisorFrequencia:inst4|inst2 ;
;  nextPC[20]      ; DivisorFrequencia:inst4|inst2 ; 4.764 ; 4.781 ; Rise       ; DivisorFrequencia:inst4|inst2 ;
;  nextPC[21]      ; DivisorFrequencia:inst4|inst2 ; 4.576 ; 4.552 ; Rise       ; DivisorFrequencia:inst4|inst2 ;
;  nextPC[22]      ; DivisorFrequencia:inst4|inst2 ; 5.461 ; 5.477 ; Rise       ; DivisorFrequencia:inst4|inst2 ;
;  nextPC[23]      ; DivisorFrequencia:inst4|inst2 ; 4.547 ; 4.532 ; Rise       ; DivisorFrequencia:inst4|inst2 ;
;  nextPC[24]      ; DivisorFrequencia:inst4|inst2 ; 4.751 ; 4.781 ; Rise       ; DivisorFrequencia:inst4|inst2 ;
;  nextPC[25]      ; DivisorFrequencia:inst4|inst2 ; 5.132 ; 5.181 ; Rise       ; DivisorFrequencia:inst4|inst2 ;
;  nextPC[26]      ; DivisorFrequencia:inst4|inst2 ; 4.948 ; 4.933 ; Rise       ; DivisorFrequencia:inst4|inst2 ;
;  nextPC[27]      ; DivisorFrequencia:inst4|inst2 ; 5.487 ; 5.533 ; Rise       ; DivisorFrequencia:inst4|inst2 ;
;  nextPC[28]      ; DivisorFrequencia:inst4|inst2 ; 4.792 ; 4.874 ; Rise       ; DivisorFrequencia:inst4|inst2 ;
;  nextPC[29]      ; DivisorFrequencia:inst4|inst2 ; 4.734 ; 4.784 ; Rise       ; DivisorFrequencia:inst4|inst2 ;
;  nextPC[30]      ; DivisorFrequencia:inst4|inst2 ; 4.521 ; 4.559 ; Rise       ; DivisorFrequencia:inst4|inst2 ;
;  nextPC[31]      ; DivisorFrequencia:inst4|inst2 ; 4.612 ; 4.636 ; Rise       ; DivisorFrequencia:inst4|inst2 ;
; MemWrite         ; DivisorFrequencia:inst4|inst2 ; 2.739 ;       ; Fall       ; DivisorFrequencia:inst4|inst2 ;
; RegWrite         ; DivisorFrequencia:inst4|inst2 ; 2.119 ;       ; Fall       ; DivisorFrequencia:inst4|inst2 ;
; clkSys           ; DivisorFrequencia:inst4|inst2 ;       ; 3.931 ; Fall       ; DivisorFrequencia:inst4|inst2 ;
; ALUOp[*]         ; clock                         ; 5.819 ; 5.904 ; Fall       ; clock                         ;
;  ALUOp[0]        ; clock                         ; 5.819 ; 5.904 ; Fall       ; clock                         ;
;  ALUOp[1]        ; clock                         ; 8.280 ; 8.046 ; Fall       ; clock                         ;
; ALUSrc           ; clock                         ; 6.090 ; 6.052 ; Fall       ; clock                         ;
; Branch           ; clock                         ; 5.916 ; 6.005 ; Fall       ; clock                         ;
; Instruction[*]   ; clock                         ; 5.161 ; 5.170 ; Fall       ; clock                         ;
;  Instruction[0]  ; clock                         ; 5.161 ; 5.170 ; Fall       ; clock                         ;
;  Instruction[1]  ; clock                         ; 6.064 ; 6.135 ; Fall       ; clock                         ;
;  Instruction[2]  ; clock                         ; 5.859 ; 5.935 ; Fall       ; clock                         ;
;  Instruction[3]  ; clock                         ; 5.742 ; 5.787 ; Fall       ; clock                         ;
;  Instruction[4]  ; clock                         ; 5.572 ; 5.621 ; Fall       ; clock                         ;
;  Instruction[5]  ; clock                         ; 5.582 ; 5.645 ; Fall       ; clock                         ;
;  Instruction[6]  ; clock                         ; 5.941 ; 6.012 ; Fall       ; clock                         ;
;  Instruction[7]  ; clock                         ; 5.694 ; 5.753 ; Fall       ; clock                         ;
;  Instruction[8]  ; clock                         ; 6.092 ; 6.215 ; Fall       ; clock                         ;
;  Instruction[9]  ; clock                         ; 5.578 ; 5.646 ; Fall       ; clock                         ;
;  Instruction[10] ; clock                         ; 6.182 ; 6.304 ; Fall       ; clock                         ;
;  Instruction[11] ; clock                         ; 6.605 ; 6.756 ; Fall       ; clock                         ;
;  Instruction[12] ; clock                         ; 5.586 ; 5.638 ; Fall       ; clock                         ;
;  Instruction[13] ; clock                         ; 5.575 ; 5.604 ; Fall       ; clock                         ;
;  Instruction[14] ; clock                         ; 6.054 ; 6.113 ; Fall       ; clock                         ;
;  Instruction[15] ; clock                         ; 5.900 ; 5.973 ; Fall       ; clock                         ;
;  Instruction[16] ; clock                         ; 5.813 ; 5.870 ; Fall       ; clock                         ;
;  Instruction[17] ; clock                         ; 5.697 ; 5.748 ; Fall       ; clock                         ;
;  Instruction[18] ; clock                         ; 5.702 ; 5.785 ; Fall       ; clock                         ;
;  Instruction[19] ; clock                         ; 6.056 ; 6.177 ; Fall       ; clock                         ;
;  Instruction[20] ; clock                         ; 5.764 ; 5.854 ; Fall       ; clock                         ;
;  Instruction[21] ; clock                         ; 5.678 ; 5.716 ; Fall       ; clock                         ;
;  Instruction[22] ; clock                         ; 5.696 ; 5.744 ; Fall       ; clock                         ;
;  Instruction[23] ; clock                         ; 5.975 ; 6.078 ; Fall       ; clock                         ;
;  Instruction[24] ; clock                         ; 5.700 ; 5.742 ; Fall       ; clock                         ;
;  Instruction[25] ; clock                         ; 5.660 ; 5.699 ; Fall       ; clock                         ;
;  Instruction[26] ; clock                         ; 5.699 ; 5.751 ; Fall       ; clock                         ;
;  Instruction[27] ; clock                         ; 5.440 ; 5.445 ; Fall       ; clock                         ;
;  Instruction[28] ; clock                         ; 6.041 ; 6.165 ; Fall       ; clock                         ;
;  Instruction[29] ; clock                         ; 5.998 ; 6.078 ; Fall       ; clock                         ;
;  Instruction[30] ; clock                         ; 5.921 ; 6.003 ; Fall       ; clock                         ;
;  Instruction[31] ; clock                         ; 5.669 ; 5.708 ; Fall       ; clock                         ;
; MemToReg         ; clock                         ; 6.129 ; 5.983 ; Fall       ; clock                         ;
; MemWrite         ; clock                         ; 6.201 ; 6.331 ; Fall       ; clock                         ;
; Operation[*]     ; clock                         ; 5.919 ; 5.850 ; Fall       ; clock                         ;
;  Operation[0]    ; clock                         ; 6.058 ; 6.156 ; Fall       ; clock                         ;
;  Operation[1]    ; clock                         ; 6.308 ; 6.220 ; Fall       ; clock                         ;
;  Operation[2]    ; clock                         ; 5.919 ; 5.850 ; Fall       ; clock                         ;
; RegDst           ; clock                         ; 6.757 ; 6.721 ; Fall       ; clock                         ;
; RegWrite         ; clock                         ; 6.214 ; 6.125 ; Fall       ; clock                         ;
; function[*]      ; clock                         ; 5.340 ; 5.362 ; Fall       ; clock                         ;
;  function[0]     ; clock                         ; 5.340 ; 5.362 ; Fall       ; clock                         ;
;  function[1]     ; clock                         ; 5.866 ; 5.922 ; Fall       ; clock                         ;
;  function[2]     ; clock                         ; 5.877 ; 5.921 ; Fall       ; clock                         ;
;  function[3]     ; clock                         ; 5.609 ; 5.638 ; Fall       ; clock                         ;
;  function[4]     ; clock                         ; 5.582 ; 5.631 ; Fall       ; clock                         ;
;  function[5]     ; clock                         ; 5.706 ; 5.784 ; Fall       ; clock                         ;
; imed16[*]        ; clock                         ; 5.330 ; 5.340 ; Fall       ; clock                         ;
;  imed16[0]       ; clock                         ; 5.330 ; 5.340 ; Fall       ; clock                         ;
;  imed16[1]       ; clock                         ; 6.052 ; 6.119 ; Fall       ; clock                         ;
;  imed16[2]       ; clock                         ; 5.469 ; 5.490 ; Fall       ; clock                         ;
;  imed16[3]       ; clock                         ; 5.742 ; 5.787 ; Fall       ; clock                         ;
;  imed16[4]       ; clock                         ; 5.862 ; 5.950 ; Fall       ; clock                         ;
;  imed16[5]       ; clock                         ; 5.562 ; 5.625 ; Fall       ; clock                         ;
;  imed16[6]       ; clock                         ; 5.745 ; 5.809 ; Fall       ; clock                         ;
;  imed16[7]       ; clock                         ; 5.574 ; 5.622 ; Fall       ; clock                         ;
;  imed16[8]       ; clock                         ; 6.082 ; 6.205 ; Fall       ; clock                         ;
;  imed16[9]       ; clock                         ; 5.430 ; 5.475 ; Fall       ; clock                         ;
;  imed16[10]      ; clock                         ; 7.532 ; 7.447 ; Fall       ; clock                         ;
;  imed16[11]      ; clock                         ; 6.193 ; 6.306 ; Fall       ; clock                         ;
;  imed16[12]      ; clock                         ; 5.586 ; 5.638 ; Fall       ; clock                         ;
;  imed16[13]      ; clock                         ; 7.035 ; 6.863 ; Fall       ; clock                         ;
;  imed16[14]      ; clock                         ; 6.054 ; 6.113 ; Fall       ; clock                         ;
;  imed16[15]      ; clock                         ; 5.937 ; 6.010 ; Fall       ; clock                         ;
; nextPC[*]        ; clock                         ; 5.989 ; 6.014 ; Fall       ; clock                         ;
;  nextPC[0]       ; clock                         ; 7.102 ; 7.148 ; Fall       ; clock                         ;
;  nextPC[1]       ; clock                         ; 7.356 ; 7.643 ; Fall       ; clock                         ;
;  nextPC[2]       ; clock                         ; 7.031 ; 7.215 ; Fall       ; clock                         ;
;  nextPC[3]       ; clock                         ; 6.535 ; 6.543 ; Fall       ; clock                         ;
;  nextPC[4]       ; clock                         ; 6.946 ; 7.187 ; Fall       ; clock                         ;
;  nextPC[5]       ; clock                         ; 6.307 ; 6.296 ; Fall       ; clock                         ;
;  nextPC[6]       ; clock                         ; 6.507 ; 6.641 ; Fall       ; clock                         ;
;  nextPC[7]       ; clock                         ; 7.292 ; 7.318 ; Fall       ; clock                         ;
;  nextPC[8]       ; clock                         ; 7.213 ; 7.249 ; Fall       ; clock                         ;
;  nextPC[9]       ; clock                         ; 6.040 ; 6.014 ; Fall       ; clock                         ;
;  nextPC[10]      ; clock                         ; 6.425 ; 6.579 ; Fall       ; clock                         ;
;  nextPC[11]      ; clock                         ; 6.454 ; 6.488 ; Fall       ; clock                         ;
;  nextPC[12]      ; clock                         ; 6.705 ; 6.843 ; Fall       ; clock                         ;
;  nextPC[13]      ; clock                         ; 7.358 ; 7.391 ; Fall       ; clock                         ;
;  nextPC[14]      ; clock                         ; 6.910 ; 7.118 ; Fall       ; clock                         ;
;  nextPC[15]      ; clock                         ; 7.437 ; 7.539 ; Fall       ; clock                         ;
;  nextPC[16]      ; clock                         ; 6.553 ; 6.722 ; Fall       ; clock                         ;
;  nextPC[17]      ; clock                         ; 8.009 ; 7.819 ; Fall       ; clock                         ;
;  nextPC[18]      ; clock                         ; 6.585 ; 6.762 ; Fall       ; clock                         ;
;  nextPC[19]      ; clock                         ; 6.636 ; 6.671 ; Fall       ; clock                         ;
;  nextPC[20]      ; clock                         ; 6.581 ; 6.753 ; Fall       ; clock                         ;
;  nextPC[21]      ; clock                         ; 6.475 ; 6.514 ; Fall       ; clock                         ;
;  nextPC[22]      ; clock                         ; 7.304 ; 7.403 ; Fall       ; clock                         ;
;  nextPC[23]      ; clock                         ; 6.855 ; 6.865 ; Fall       ; clock                         ;
;  nextPC[24]      ; clock                         ; 6.676 ; 6.864 ; Fall       ; clock                         ;
;  nextPC[25]      ; clock                         ; 7.288 ; 7.385 ; Fall       ; clock                         ;
;  nextPC[26]      ; clock                         ; 5.989 ; 6.095 ; Fall       ; clock                         ;
;  nextPC[27]      ; clock                         ; 7.027 ; 7.073 ; Fall       ; clock                         ;
;  nextPC[28]      ; clock                         ; 7.115 ; 7.181 ; Fall       ; clock                         ;
;  nextPC[29]      ; clock                         ; 6.875 ; 6.921 ; Fall       ; clock                         ;
;  nextPC[30]      ; clock                         ; 6.690 ; 6.712 ; Fall       ; clock                         ;
;  nextPC[31]      ; clock                         ; 7.122 ; 7.142 ; Fall       ; clock                         ;
; op[*]            ; clock                         ; 5.460 ; 5.465 ; Fall       ; clock                         ;
;  op[26]          ; clock                         ; 5.891 ; 5.968 ; Fall       ; clock                         ;
;  op[27]          ; clock                         ; 5.460 ; 5.465 ; Fall       ; clock                         ;
;  op[28]          ; clock                         ; 5.808 ; 5.895 ; Fall       ; clock                         ;
;  op[29]          ; clock                         ; 5.988 ; 6.068 ; Fall       ; clock                         ;
;  op[30]          ; clock                         ; 5.917 ; 6.003 ; Fall       ; clock                         ;
;  op[31]          ; clock                         ; 5.537 ; 5.552 ; Fall       ; clock                         ;
; rd[*]            ; clock                         ; 5.584 ; 5.602 ; Fall       ; clock                         ;
;  rd[11]          ; clock                         ; 6.645 ; 6.796 ; Fall       ; clock                         ;
;  rd[12]          ; clock                         ; 5.584 ; 5.635 ; Fall       ; clock                         ;
;  rd[13]          ; clock                         ; 5.584 ; 5.602 ; Fall       ; clock                         ;
;  rd[14]          ; clock                         ; 7.403 ; 7.262 ; Fall       ; clock                         ;
;  rd[15]          ; clock                         ; 6.281 ; 6.394 ; Fall       ; clock                         ;
; rs[*]            ; clock                         ; 5.684 ; 5.731 ; Fall       ; clock                         ;
;  rs[21]          ; clock                         ; 5.684 ; 5.731 ; Fall       ; clock                         ;
;  rs[22]          ; clock                         ; 7.358 ; 7.224 ; Fall       ; clock                         ;
;  rs[23]          ; clock                         ; 6.195 ; 6.338 ; Fall       ; clock                         ;
;  rs[24]          ; clock                         ; 5.717 ; 5.764 ; Fall       ; clock                         ;
;  rs[25]          ; clock                         ; 5.795 ; 5.850 ; Fall       ; clock                         ;
; rt[*]            ; clock                         ; 5.712 ; 5.795 ; Fall       ; clock                         ;
;  rt[16]          ; clock                         ; 5.955 ; 6.026 ; Fall       ; clock                         ;
;  rt[17]          ; clock                         ; 5.873 ; 5.948 ; Fall       ; clock                         ;
;  rt[18]          ; clock                         ; 5.712 ; 5.795 ; Fall       ; clock                         ;
;  rt[19]          ; clock                         ; 6.046 ; 6.158 ; Fall       ; clock                         ;
;  rt[20]          ; clock                         ; 5.808 ; 5.899 ; Fall       ; clock                         ;
; shamt[*]         ; clock                         ; 5.618 ; 5.687 ; Fall       ; clock                         ;
;  shamt[6]        ; clock                         ; 5.951 ; 6.022 ; Fall       ; clock                         ;
;  shamt[7]        ; clock                         ; 5.711 ; 5.770 ; Fall       ; clock                         ;
;  shamt[8]        ; clock                         ; 6.117 ; 6.222 ; Fall       ; clock                         ;
;  shamt[9]        ; clock                         ; 5.618 ; 5.687 ; Fall       ; clock                         ;
;  shamt[10]       ; clock                         ; 5.985 ; 6.085 ; Fall       ; clock                         ;
+------------------+-------------------------------+-------+-------+------------+-------------------------------+


---------------------------------------------
; Fast 1200mV 0C Model Metastability Report ;
---------------------------------------------
No synchronizer chains to report.


+-------------------------------------------------------------------------------------------------+
; Multicorner Timing Analysis Summary                                                             ;
+--------------------------------+------------+--------+----------+---------+---------------------+
; Clock                          ; Setup      ; Hold   ; Recovery ; Removal ; Minimum Pulse Width ;
+--------------------------------+------------+--------+----------+---------+---------------------+
; Worst-case Slack               ; -21.732    ; -0.185 ; N/A      ; N/A     ; -3.000              ;
;  DivisorFrequencia:inst4|inst2 ; -21.732    ; 0.064  ; N/A      ; N/A     ; -1.000              ;
;  clock                         ; -11.506    ; -0.185 ; N/A      ; N/A     ; -3.000              ;
; Design-wide TNS                ; -17570.841 ; -0.189 ; 0.0      ; 0.0     ; -1045.218           ;
;  DivisorFrequencia:inst4|inst2 ; -17513.378 ; 0.000  ; N/A      ; N/A     ; -1024.000           ;
;  clock                         ; -57.463    ; -0.189 ; N/A      ; N/A     ; -21.218             ;
+--------------------------------+------------+--------+----------+---------+---------------------+


+-----------------------------------------------------------------------------------------------------------------+
; Clock to Output Times                                                                                           ;
+------------------+-------------------------------+--------+--------+------------+-------------------------------+
; Data Port        ; Clock Port                    ; Rise   ; Fall   ; Clock Edge ; Clock Reference               ;
+------------------+-------------------------------+--------+--------+------------+-------------------------------+
; MemWrite         ; DivisorFrequencia:inst4|inst2 ;        ; 4.341  ; Rise       ; DivisorFrequencia:inst4|inst2 ;
; PC[*]            ; DivisorFrequencia:inst4|inst2 ; 9.225  ; 8.967  ; Rise       ; DivisorFrequencia:inst4|inst2 ;
;  PC[0]           ; DivisorFrequencia:inst4|inst2 ; 6.887  ; 6.837  ; Rise       ; DivisorFrequencia:inst4|inst2 ;
;  PC[1]           ; DivisorFrequencia:inst4|inst2 ; 6.777  ; 6.712  ; Rise       ; DivisorFrequencia:inst4|inst2 ;
;  PC[2]           ; DivisorFrequencia:inst4|inst2 ; 7.104  ; 7.088  ; Rise       ; DivisorFrequencia:inst4|inst2 ;
;  PC[3]           ; DivisorFrequencia:inst4|inst2 ; 7.040  ; 7.012  ; Rise       ; DivisorFrequencia:inst4|inst2 ;
;  PC[4]           ; DivisorFrequencia:inst4|inst2 ; 8.038  ; 8.007  ; Rise       ; DivisorFrequencia:inst4|inst2 ;
;  PC[5]           ; DivisorFrequencia:inst4|inst2 ; 7.371  ; 7.361  ; Rise       ; DivisorFrequencia:inst4|inst2 ;
;  PC[6]           ; DivisorFrequencia:inst4|inst2 ; 8.260  ; 8.115  ; Rise       ; DivisorFrequencia:inst4|inst2 ;
;  PC[7]           ; DivisorFrequencia:inst4|inst2 ; 7.349  ; 7.220  ; Rise       ; DivisorFrequencia:inst4|inst2 ;
;  PC[8]           ; DivisorFrequencia:inst4|inst2 ; 6.801  ; 6.785  ; Rise       ; DivisorFrequencia:inst4|inst2 ;
;  PC[9]           ; DivisorFrequencia:inst4|inst2 ; 7.352  ; 7.307  ; Rise       ; DivisorFrequencia:inst4|inst2 ;
;  PC[10]          ; DivisorFrequencia:inst4|inst2 ; 7.302  ; 7.261  ; Rise       ; DivisorFrequencia:inst4|inst2 ;
;  PC[11]          ; DivisorFrequencia:inst4|inst2 ; 6.584  ; 6.572  ; Rise       ; DivisorFrequencia:inst4|inst2 ;
;  PC[12]          ; DivisorFrequencia:inst4|inst2 ; 6.562  ; 6.513  ; Rise       ; DivisorFrequencia:inst4|inst2 ;
;  PC[13]          ; DivisorFrequencia:inst4|inst2 ; 7.013  ; 6.924  ; Rise       ; DivisorFrequencia:inst4|inst2 ;
;  PC[14]          ; DivisorFrequencia:inst4|inst2 ; 7.047  ; 7.033  ; Rise       ; DivisorFrequencia:inst4|inst2 ;
;  PC[15]          ; DivisorFrequencia:inst4|inst2 ; 7.356  ; 7.230  ; Rise       ; DivisorFrequencia:inst4|inst2 ;
;  PC[16]          ; DivisorFrequencia:inst4|inst2 ; 7.749  ; 7.676  ; Rise       ; DivisorFrequencia:inst4|inst2 ;
;  PC[17]          ; DivisorFrequencia:inst4|inst2 ; 7.293  ; 7.251  ; Rise       ; DivisorFrequencia:inst4|inst2 ;
;  PC[18]          ; DivisorFrequencia:inst4|inst2 ; 9.125  ; 8.910  ; Rise       ; DivisorFrequencia:inst4|inst2 ;
;  PC[19]          ; DivisorFrequencia:inst4|inst2 ; 7.759  ; 7.643  ; Rise       ; DivisorFrequencia:inst4|inst2 ;
;  PC[20]          ; DivisorFrequencia:inst4|inst2 ; 6.504  ; 6.454  ; Rise       ; DivisorFrequencia:inst4|inst2 ;
;  PC[21]          ; DivisorFrequencia:inst4|inst2 ; 6.976  ; 6.916  ; Rise       ; DivisorFrequencia:inst4|inst2 ;
;  PC[22]          ; DivisorFrequencia:inst4|inst2 ; 7.239  ; 7.300  ; Rise       ; DivisorFrequencia:inst4|inst2 ;
;  PC[23]          ; DivisorFrequencia:inst4|inst2 ; 7.789  ; 7.675  ; Rise       ; DivisorFrequencia:inst4|inst2 ;
;  PC[24]          ; DivisorFrequencia:inst4|inst2 ; 6.717  ; 6.608  ; Rise       ; DivisorFrequencia:inst4|inst2 ;
;  PC[25]          ; DivisorFrequencia:inst4|inst2 ; 6.745  ; 6.662  ; Rise       ; DivisorFrequencia:inst4|inst2 ;
;  PC[26]          ; DivisorFrequencia:inst4|inst2 ; 6.597  ; 6.521  ; Rise       ; DivisorFrequencia:inst4|inst2 ;
;  PC[27]          ; DivisorFrequencia:inst4|inst2 ; 9.225  ; 8.967  ; Rise       ; DivisorFrequencia:inst4|inst2 ;
;  PC[28]          ; DivisorFrequencia:inst4|inst2 ; 6.835  ; 6.750  ; Rise       ; DivisorFrequencia:inst4|inst2 ;
;  PC[29]          ; DivisorFrequencia:inst4|inst2 ; 6.786  ; 6.747  ; Rise       ; DivisorFrequencia:inst4|inst2 ;
;  PC[30]          ; DivisorFrequencia:inst4|inst2 ; 7.029  ; 6.954  ; Rise       ; DivisorFrequencia:inst4|inst2 ;
;  PC[31]          ; DivisorFrequencia:inst4|inst2 ; 6.778  ; 6.730  ; Rise       ; DivisorFrequencia:inst4|inst2 ;
; RegWrite         ; DivisorFrequencia:inst4|inst2 ;        ; 3.211  ; Rise       ; DivisorFrequencia:inst4|inst2 ;
; clkSys           ; DivisorFrequencia:inst4|inst2 ; 6.138  ;        ; Rise       ; DivisorFrequencia:inst4|inst2 ;
; nextPC[*]        ; DivisorFrequencia:inst4|inst2 ; 26.578 ; 26.268 ; Rise       ; DivisorFrequencia:inst4|inst2 ;
;  nextPC[0]       ; DivisorFrequencia:inst4|inst2 ; 24.030 ; 23.887 ; Rise       ; DivisorFrequencia:inst4|inst2 ;
;  nextPC[1]       ; DivisorFrequencia:inst4|inst2 ; 25.081 ; 25.012 ; Rise       ; DivisorFrequencia:inst4|inst2 ;
;  nextPC[2]       ; DivisorFrequencia:inst4|inst2 ; 24.600 ; 24.439 ; Rise       ; DivisorFrequencia:inst4|inst2 ;
;  nextPC[3]       ; DivisorFrequencia:inst4|inst2 ; 24.499 ; 24.371 ; Rise       ; DivisorFrequencia:inst4|inst2 ;
;  nextPC[4]       ; DivisorFrequencia:inst4|inst2 ; 24.276 ; 24.177 ; Rise       ; DivisorFrequencia:inst4|inst2 ;
;  nextPC[5]       ; DivisorFrequencia:inst4|inst2 ; 24.034 ; 23.941 ; Rise       ; DivisorFrequencia:inst4|inst2 ;
;  nextPC[6]       ; DivisorFrequencia:inst4|inst2 ; 24.247 ; 24.155 ; Rise       ; DivisorFrequencia:inst4|inst2 ;
;  nextPC[7]       ; DivisorFrequencia:inst4|inst2 ; 24.465 ; 24.356 ; Rise       ; DivisorFrequencia:inst4|inst2 ;
;  nextPC[8]       ; DivisorFrequencia:inst4|inst2 ; 24.544 ; 24.427 ; Rise       ; DivisorFrequencia:inst4|inst2 ;
;  nextPC[9]       ; DivisorFrequencia:inst4|inst2 ; 24.212 ; 24.069 ; Rise       ; DivisorFrequencia:inst4|inst2 ;
;  nextPC[10]      ; DivisorFrequencia:inst4|inst2 ; 24.193 ; 24.049 ; Rise       ; DivisorFrequencia:inst4|inst2 ;
;  nextPC[11]      ; DivisorFrequencia:inst4|inst2 ; 25.018 ; 24.904 ; Rise       ; DivisorFrequencia:inst4|inst2 ;
;  nextPC[12]      ; DivisorFrequencia:inst4|inst2 ; 24.198 ; 24.093 ; Rise       ; DivisorFrequencia:inst4|inst2 ;
;  nextPC[13]      ; DivisorFrequencia:inst4|inst2 ; 24.742 ; 24.604 ; Rise       ; DivisorFrequencia:inst4|inst2 ;
;  nextPC[14]      ; DivisorFrequencia:inst4|inst2 ; 24.642 ; 24.517 ; Rise       ; DivisorFrequencia:inst4|inst2 ;
;  nextPC[15]      ; DivisorFrequencia:inst4|inst2 ; 25.172 ; 25.163 ; Rise       ; DivisorFrequencia:inst4|inst2 ;
;  nextPC[16]      ; DivisorFrequencia:inst4|inst2 ; 24.388 ; 24.279 ; Rise       ; DivisorFrequencia:inst4|inst2 ;
;  nextPC[17]      ; DivisorFrequencia:inst4|inst2 ; 26.578 ; 26.268 ; Rise       ; DivisorFrequencia:inst4|inst2 ;
;  nextPC[18]      ; DivisorFrequencia:inst4|inst2 ; 24.959 ; 24.828 ; Rise       ; DivisorFrequencia:inst4|inst2 ;
;  nextPC[19]      ; DivisorFrequencia:inst4|inst2 ; 24.529 ; 24.384 ; Rise       ; DivisorFrequencia:inst4|inst2 ;
;  nextPC[20]      ; DivisorFrequencia:inst4|inst2 ; 24.672 ; 24.498 ; Rise       ; DivisorFrequencia:inst4|inst2 ;
;  nextPC[21]      ; DivisorFrequencia:inst4|inst2 ; 23.981 ; 23.893 ; Rise       ; DivisorFrequencia:inst4|inst2 ;
;  nextPC[22]      ; DivisorFrequencia:inst4|inst2 ; 23.997 ; 23.870 ; Rise       ; DivisorFrequencia:inst4|inst2 ;
;  nextPC[23]      ; DivisorFrequencia:inst4|inst2 ; 24.143 ; 24.073 ; Rise       ; DivisorFrequencia:inst4|inst2 ;
;  nextPC[24]      ; DivisorFrequencia:inst4|inst2 ; 24.762 ; 24.629 ; Rise       ; DivisorFrequencia:inst4|inst2 ;
;  nextPC[25]      ; DivisorFrequencia:inst4|inst2 ; 24.884 ; 24.804 ; Rise       ; DivisorFrequencia:inst4|inst2 ;
;  nextPC[26]      ; DivisorFrequencia:inst4|inst2 ; 23.796 ; 23.685 ; Rise       ; DivisorFrequencia:inst4|inst2 ;
;  nextPC[27]      ; DivisorFrequencia:inst4|inst2 ; 24.381 ; 24.267 ; Rise       ; DivisorFrequencia:inst4|inst2 ;
;  nextPC[28]      ; DivisorFrequencia:inst4|inst2 ; 24.667 ; 24.653 ; Rise       ; DivisorFrequencia:inst4|inst2 ;
;  nextPC[29]      ; DivisorFrequencia:inst4|inst2 ; 23.933 ; 23.823 ; Rise       ; DivisorFrequencia:inst4|inst2 ;
;  nextPC[30]      ; DivisorFrequencia:inst4|inst2 ; 24.060 ; 23.946 ; Rise       ; DivisorFrequencia:inst4|inst2 ;
;  nextPC[31]      ; DivisorFrequencia:inst4|inst2 ; 24.059 ; 23.911 ; Rise       ; DivisorFrequencia:inst4|inst2 ;
; MemWrite         ; DivisorFrequencia:inst4|inst2 ; 4.502  ;        ; Fall       ; DivisorFrequencia:inst4|inst2 ;
; RegWrite         ; DivisorFrequencia:inst4|inst2 ; 3.431  ;        ; Fall       ; DivisorFrequencia:inst4|inst2 ;
; clkSys           ; DivisorFrequencia:inst4|inst2 ;        ; 5.894  ; Fall       ; DivisorFrequencia:inst4|inst2 ;
; ALUOp[*]         ; clock                         ; 14.363 ; 14.181 ; Fall       ; clock                         ;
;  ALUOp[0]        ; clock                         ; 11.157 ; 11.065 ; Fall       ; clock                         ;
;  ALUOp[1]        ; clock                         ; 14.363 ; 14.181 ; Fall       ; clock                         ;
; ALUSrc           ; clock                         ; 11.417 ; 11.334 ; Fall       ; clock                         ;
; Branch           ; clock                         ; 11.306 ; 11.184 ; Fall       ; clock                         ;
; Instruction[*]   ; clock                         ; 11.507 ; 11.300 ; Fall       ; clock                         ;
;  Instruction[0]  ; clock                         ; 8.782  ; 8.690  ; Fall       ; clock                         ;
;  Instruction[1]  ; clock                         ; 10.370 ; 10.265 ; Fall       ; clock                         ;
;  Instruction[2]  ; clock                         ; 10.017 ; 9.951  ; Fall       ; clock                         ;
;  Instruction[3]  ; clock                         ; 9.785  ; 9.669  ; Fall       ; clock                         ;
;  Instruction[4]  ; clock                         ; 9.506  ; 9.394  ; Fall       ; clock                         ;
;  Instruction[5]  ; clock                         ; 9.490  ; 9.450  ; Fall       ; clock                         ;
;  Instruction[6]  ; clock                         ; 10.167 ; 10.076 ; Fall       ; clock                         ;
;  Instruction[7]  ; clock                         ; 9.831  ; 9.673  ; Fall       ; clock                         ;
;  Instruction[8]  ; clock                         ; 10.340 ; 10.335 ; Fall       ; clock                         ;
;  Instruction[9]  ; clock                         ; 9.463  ; 9.451  ; Fall       ; clock                         ;
;  Instruction[10] ; clock                         ; 10.667 ; 10.565 ; Fall       ; clock                         ;
;  Instruction[11] ; clock                         ; 11.507 ; 11.300 ; Fall       ; clock                         ;
;  Instruction[12] ; clock                         ; 9.533  ; 9.473  ; Fall       ; clock                         ;
;  Instruction[13] ; clock                         ; 9.531  ; 9.416  ; Fall       ; clock                         ;
;  Instruction[14] ; clock                         ; 10.358 ; 10.235 ; Fall       ; clock                         ;
;  Instruction[15] ; clock                         ; 10.128 ; 10.033 ; Fall       ; clock                         ;
;  Instruction[16] ; clock                         ; 9.977  ; 9.826  ; Fall       ; clock                         ;
;  Instruction[17] ; clock                         ; 9.747  ; 9.627  ; Fall       ; clock                         ;
;  Instruction[18] ; clock                         ; 9.725  ; 9.662  ; Fall       ; clock                         ;
;  Instruction[19] ; clock                         ; 10.352 ; 10.293 ; Fall       ; clock                         ;
;  Instruction[20] ; clock                         ; 9.864  ; 9.795  ; Fall       ; clock                         ;
;  Instruction[21] ; clock                         ; 9.734  ; 9.577  ; Fall       ; clock                         ;
;  Instruction[22] ; clock                         ; 9.634  ; 9.586  ; Fall       ; clock                         ;
;  Instruction[23] ; clock                         ; 10.218 ; 10.153 ; Fall       ; clock                         ;
;  Instruction[24] ; clock                         ; 9.648  ; 9.626  ; Fall       ; clock                         ;
;  Instruction[25] ; clock                         ; 9.597  ; 9.522  ; Fall       ; clock                         ;
;  Instruction[26] ; clock                         ; 9.761  ; 9.614  ; Fall       ; clock                         ;
;  Instruction[27] ; clock                         ; 9.274  ; 9.175  ; Fall       ; clock                         ;
;  Instruction[28] ; clock                         ; 10.403 ; 10.242 ; Fall       ; clock                         ;
;  Instruction[29] ; clock                         ; 10.251 ; 10.133 ; Fall       ; clock                         ;
;  Instruction[30] ; clock                         ; 10.084 ; 10.051 ; Fall       ; clock                         ;
;  Instruction[31] ; clock                         ; 9.672  ; 9.524  ; Fall       ; clock                         ;
; MemToReg         ; clock                         ; 11.288 ; 11.093 ; Fall       ; clock                         ;
; MemWrite         ; clock                         ; 11.921 ; 11.794 ; Fall       ; clock                         ;
; Operation[*]     ; clock                         ; 12.505 ; 12.408 ; Fall       ; clock                         ;
;  Operation[0]    ; clock                         ; 12.505 ; 12.408 ; Fall       ; clock                         ;
;  Operation[1]    ; clock                         ; 11.916 ; 11.994 ; Fall       ; clock                         ;
;  Operation[2]    ; clock                         ; 10.616 ; 10.463 ; Fall       ; clock                         ;
; RegDst           ; clock                         ; 12.349 ; 12.386 ; Fall       ; clock                         ;
; RegWrite         ; clock                         ; 12.460 ; 12.304 ; Fall       ; clock                         ;
; function[*]      ; clock                         ; 10.048 ; 9.941  ; Fall       ; clock                         ;
;  function[0]     ; clock                         ; 9.126  ; 9.014  ; Fall       ; clock                         ;
;  function[1]     ; clock                         ; 10.048 ; 9.941  ; Fall       ; clock                         ;
;  function[2]     ; clock                         ; 10.005 ; 9.878  ; Fall       ; clock                         ;
;  function[3]     ; clock                         ; 9.521  ; 9.408  ; Fall       ; clock                         ;
;  function[4]     ; clock                         ; 9.516  ; 9.404  ; Fall       ; clock                         ;
;  function[5]     ; clock                         ; 9.737  ; 9.686  ; Fall       ; clock                         ;
; imed16[*]        ; clock                         ; 12.363 ; 12.080 ; Fall       ; clock                         ;
;  imed16[0]       ; clock                         ; 9.114  ; 9.003  ; Fall       ; clock                         ;
;  imed16[1]       ; clock                         ; 10.354 ; 10.265 ; Fall       ; clock                         ;
;  imed16[2]       ; clock                         ; 9.355  ; 9.235  ; Fall       ; clock                         ;
;  imed16[3]       ; clock                         ; 9.785  ; 9.669  ; Fall       ; clock                         ;
;  imed16[4]       ; clock                         ; 10.118 ; 9.985  ; Fall       ; clock                         ;
;  imed16[5]       ; clock                         ; 9.470  ; 9.430  ; Fall       ; clock                         ;
;  imed16[6]       ; clock                         ; 9.794  ; 9.720  ; Fall       ; clock                         ;
;  imed16[7]       ; clock                         ; 9.598  ; 9.425  ; Fall       ; clock                         ;
;  imed16[8]       ; clock                         ; 10.330 ; 10.325 ; Fall       ; clock                         ;
;  imed16[9]       ; clock                         ; 9.204  ; 9.194  ; Fall       ; clock                         ;
;  imed16[10]      ; clock                         ; 12.363 ; 12.080 ; Fall       ; clock                         ;
;  imed16[11]      ; clock                         ; 10.698 ; 10.548 ; Fall       ; clock                         ;
;  imed16[12]      ; clock                         ; 9.533  ; 9.473  ; Fall       ; clock                         ;
;  imed16[13]      ; clock                         ; 11.386 ; 11.105 ; Fall       ; clock                         ;
;  imed16[14]      ; clock                         ; 10.358 ; 10.235 ; Fall       ; clock                         ;
;  imed16[15]      ; clock                         ; 10.160 ; 10.071 ; Fall       ; clock                         ;
; nextPC[*]        ; clock                         ; 29.984 ; 29.674 ; Fall       ; clock                         ;
;  nextPC[0]       ; clock                         ; 27.436 ; 27.293 ; Fall       ; clock                         ;
;  nextPC[1]       ; clock                         ; 28.487 ; 28.418 ; Fall       ; clock                         ;
;  nextPC[2]       ; clock                         ; 28.006 ; 27.845 ; Fall       ; clock                         ;
;  nextPC[3]       ; clock                         ; 27.905 ; 27.777 ; Fall       ; clock                         ;
;  nextPC[4]       ; clock                         ; 27.682 ; 27.583 ; Fall       ; clock                         ;
;  nextPC[5]       ; clock                         ; 27.440 ; 27.347 ; Fall       ; clock                         ;
;  nextPC[6]       ; clock                         ; 27.653 ; 27.561 ; Fall       ; clock                         ;
;  nextPC[7]       ; clock                         ; 27.871 ; 27.762 ; Fall       ; clock                         ;
;  nextPC[8]       ; clock                         ; 27.950 ; 27.833 ; Fall       ; clock                         ;
;  nextPC[9]       ; clock                         ; 27.618 ; 27.475 ; Fall       ; clock                         ;
;  nextPC[10]      ; clock                         ; 27.599 ; 27.455 ; Fall       ; clock                         ;
;  nextPC[11]      ; clock                         ; 28.424 ; 28.310 ; Fall       ; clock                         ;
;  nextPC[12]      ; clock                         ; 27.604 ; 27.499 ; Fall       ; clock                         ;
;  nextPC[13]      ; clock                         ; 28.148 ; 28.010 ; Fall       ; clock                         ;
;  nextPC[14]      ; clock                         ; 28.048 ; 27.923 ; Fall       ; clock                         ;
;  nextPC[15]      ; clock                         ; 28.578 ; 28.569 ; Fall       ; clock                         ;
;  nextPC[16]      ; clock                         ; 27.794 ; 27.685 ; Fall       ; clock                         ;
;  nextPC[17]      ; clock                         ; 29.984 ; 29.674 ; Fall       ; clock                         ;
;  nextPC[18]      ; clock                         ; 28.365 ; 28.234 ; Fall       ; clock                         ;
;  nextPC[19]      ; clock                         ; 27.935 ; 27.790 ; Fall       ; clock                         ;
;  nextPC[20]      ; clock                         ; 28.078 ; 27.904 ; Fall       ; clock                         ;
;  nextPC[21]      ; clock                         ; 27.387 ; 27.299 ; Fall       ; clock                         ;
;  nextPC[22]      ; clock                         ; 27.403 ; 27.276 ; Fall       ; clock                         ;
;  nextPC[23]      ; clock                         ; 27.549 ; 27.479 ; Fall       ; clock                         ;
;  nextPC[24]      ; clock                         ; 28.168 ; 28.035 ; Fall       ; clock                         ;
;  nextPC[25]      ; clock                         ; 28.290 ; 28.210 ; Fall       ; clock                         ;
;  nextPC[26]      ; clock                         ; 27.202 ; 27.091 ; Fall       ; clock                         ;
;  nextPC[27]      ; clock                         ; 27.787 ; 27.673 ; Fall       ; clock                         ;
;  nextPC[28]      ; clock                         ; 28.073 ; 28.059 ; Fall       ; clock                         ;
;  nextPC[29]      ; clock                         ; 27.339 ; 27.229 ; Fall       ; clock                         ;
;  nextPC[30]      ; clock                         ; 27.466 ; 27.352 ; Fall       ; clock                         ;
;  nextPC[31]      ; clock                         ; 27.465 ; 27.317 ; Fall       ; clock                         ;
; op[*]            ; clock                         ; 10.241 ; 10.123 ; Fall       ; clock                         ;
;  op[26]          ; clock                         ; 10.157 ; 9.989  ; Fall       ; clock                         ;
;  op[27]          ; clock                         ; 9.294  ; 9.195  ; Fall       ; clock                         ;
;  op[28]          ; clock                         ; 9.965  ; 9.807  ; Fall       ; clock                         ;
;  op[29]          ; clock                         ; 10.241 ; 10.123 ; Fall       ; clock                         ;
;  op[30]          ; clock                         ; 10.001 ; 9.973  ; Fall       ; clock                         ;
;  op[31]          ; clock                         ; 9.421  ; 9.293  ; Fall       ; clock                         ;
; rd[*]            ; clock                         ; 12.002 ; 11.730 ; Fall       ; clock                         ;
;  rd[11]          ; clock                         ; 11.547 ; 11.340 ; Fall       ; clock                         ;
;  rd[12]          ; clock                         ; 9.532  ; 9.470  ; Fall       ; clock                         ;
;  rd[13]          ; clock                         ; 9.528  ; 9.412  ; Fall       ; clock                         ;
;  rd[14]          ; clock                         ; 12.002 ; 11.730 ; Fall       ; clock                         ;
;  rd[15]          ; clock                         ; 10.738 ; 10.727 ; Fall       ; clock                         ;
; rs[*]            ; clock                         ; 11.855 ; 11.626 ; Fall       ; clock                         ;
;  rs[21]          ; clock                         ; 9.737  ; 9.613  ; Fall       ; clock                         ;
;  rs[22]          ; clock                         ; 11.855 ; 11.626 ; Fall       ; clock                         ;
;  rs[23]          ; clock                         ; 10.669 ; 10.569 ; Fall       ; clock                         ;
;  rs[24]          ; clock                         ; 9.677  ; 9.650  ; Fall       ; clock                         ;
;  rs[25]          ; clock                         ; 9.827  ; 9.775  ; Fall       ; clock                         ;
; rt[*]            ; clock                         ; 10.316 ; 10.273 ; Fall       ; clock                         ;
;  rt[16]          ; clock                         ; 10.237 ; 10.079 ; Fall       ; clock                         ;
;  rt[17]          ; clock                         ; 10.044 ; 9.936  ; Fall       ; clock                         ;
;  rt[18]          ; clock                         ; 9.735  ; 9.672  ; Fall       ; clock                         ;
;  rt[19]          ; clock                         ; 10.316 ; 10.273 ; Fall       ; clock                         ;
;  rt[20]          ; clock                         ; 9.923  ; 9.858  ; Fall       ; clock                         ;
; shamt[*]         ; clock                         ; 10.356 ; 10.353 ; Fall       ; clock                         ;
;  shamt[6]        ; clock                         ; 10.177 ; 10.086 ; Fall       ; clock                         ;
;  shamt[7]        ; clock                         ; 9.854  ; 9.694  ; Fall       ; clock                         ;
;  shamt[8]        ; clock                         ; 10.356 ; 10.353 ; Fall       ; clock                         ;
;  shamt[9]        ; clock                         ; 9.504  ; 9.494  ; Fall       ; clock                         ;
;  shamt[10]       ; clock                         ; 10.356 ; 10.267 ; Fall       ; clock                         ;
+------------------+-------------------------------+--------+--------+------------+-------------------------------+


+---------------------------------------------------------------------------------------------------------------+
; Minimum Clock to Output Times                                                                                 ;
+------------------+-------------------------------+-------+-------+------------+-------------------------------+
; Data Port        ; Clock Port                    ; Rise  ; Fall  ; Clock Edge ; Clock Reference               ;
+------------------+-------------------------------+-------+-------+------------+-------------------------------+
; MemWrite         ; DivisorFrequencia:inst4|inst2 ;       ; 2.637 ; Rise       ; DivisorFrequencia:inst4|inst2 ;
; PC[*]            ; DivisorFrequencia:inst4|inst2 ; 3.823 ; 3.814 ; Rise       ; DivisorFrequencia:inst4|inst2 ;
;  PC[0]           ; DivisorFrequencia:inst4|inst2 ; 4.029 ; 4.036 ; Rise       ; DivisorFrequencia:inst4|inst2 ;
;  PC[1]           ; DivisorFrequencia:inst4|inst2 ; 3.976 ; 4.007 ; Rise       ; DivisorFrequencia:inst4|inst2 ;
;  PC[2]           ; DivisorFrequencia:inst4|inst2 ; 4.171 ; 4.199 ; Rise       ; DivisorFrequencia:inst4|inst2 ;
;  PC[3]           ; DivisorFrequencia:inst4|inst2 ; 4.115 ; 4.173 ; Rise       ; DivisorFrequencia:inst4|inst2 ;
;  PC[4]           ; DivisorFrequencia:inst4|inst2 ; 4.699 ; 4.814 ; Rise       ; DivisorFrequencia:inst4|inst2 ;
;  PC[5]           ; DivisorFrequencia:inst4|inst2 ; 4.307 ; 4.361 ; Rise       ; DivisorFrequencia:inst4|inst2 ;
;  PC[6]           ; DivisorFrequencia:inst4|inst2 ; 4.770 ; 4.886 ; Rise       ; DivisorFrequencia:inst4|inst2 ;
;  PC[7]           ; DivisorFrequencia:inst4|inst2 ; 4.243 ; 4.273 ; Rise       ; DivisorFrequencia:inst4|inst2 ;
;  PC[8]           ; DivisorFrequencia:inst4|inst2 ; 3.981 ; 4.022 ; Rise       ; DivisorFrequencia:inst4|inst2 ;
;  PC[9]           ; DivisorFrequencia:inst4|inst2 ; 4.306 ; 4.374 ; Rise       ; DivisorFrequencia:inst4|inst2 ;
;  PC[10]          ; DivisorFrequencia:inst4|inst2 ; 4.243 ; 4.292 ; Rise       ; DivisorFrequencia:inst4|inst2 ;
;  PC[11]          ; DivisorFrequencia:inst4|inst2 ; 3.881 ; 3.888 ; Rise       ; DivisorFrequencia:inst4|inst2 ;
;  PC[12]          ; DivisorFrequencia:inst4|inst2 ; 3.852 ; 3.852 ; Rise       ; DivisorFrequencia:inst4|inst2 ;
;  PC[13]          ; DivisorFrequencia:inst4|inst2 ; 4.070 ; 4.103 ; Rise       ; DivisorFrequencia:inst4|inst2 ;
;  PC[14]          ; DivisorFrequencia:inst4|inst2 ; 4.130 ; 4.177 ; Rise       ; DivisorFrequencia:inst4|inst2 ;
;  PC[15]          ; DivisorFrequencia:inst4|inst2 ; 4.261 ; 4.294 ; Rise       ; DivisorFrequencia:inst4|inst2 ;
;  PC[16]          ; DivisorFrequencia:inst4|inst2 ; 4.502 ; 4.586 ; Rise       ; DivisorFrequencia:inst4|inst2 ;
;  PC[17]          ; DivisorFrequencia:inst4|inst2 ; 4.228 ; 4.279 ; Rise       ; DivisorFrequencia:inst4|inst2 ;
;  PC[18]          ; DivisorFrequencia:inst4|inst2 ; 5.671 ; 5.513 ; Rise       ; DivisorFrequencia:inst4|inst2 ;
;  PC[19]          ; DivisorFrequencia:inst4|inst2 ; 4.466 ; 4.520 ; Rise       ; DivisorFrequencia:inst4|inst2 ;
;  PC[20]          ; DivisorFrequencia:inst4|inst2 ; 3.823 ; 3.814 ; Rise       ; DivisorFrequencia:inst4|inst2 ;
;  PC[21]          ; DivisorFrequencia:inst4|inst2 ; 4.089 ; 4.130 ; Rise       ; DivisorFrequencia:inst4|inst2 ;
;  PC[22]          ; DivisorFrequencia:inst4|inst2 ; 4.316 ; 4.235 ; Rise       ; DivisorFrequencia:inst4|inst2 ;
;  PC[23]          ; DivisorFrequencia:inst4|inst2 ; 4.485 ; 4.538 ; Rise       ; DivisorFrequencia:inst4|inst2 ;
;  PC[24]          ; DivisorFrequencia:inst4|inst2 ; 3.895 ; 3.907 ; Rise       ; DivisorFrequencia:inst4|inst2 ;
;  PC[25]          ; DivisorFrequencia:inst4|inst2 ; 3.941 ; 3.989 ; Rise       ; DivisorFrequencia:inst4|inst2 ;
;  PC[26]          ; DivisorFrequencia:inst4|inst2 ; 3.855 ; 3.854 ; Rise       ; DivisorFrequencia:inst4|inst2 ;
;  PC[27]          ; DivisorFrequencia:inst4|inst2 ; 5.703 ; 5.579 ; Rise       ; DivisorFrequencia:inst4|inst2 ;
;  PC[28]          ; DivisorFrequencia:inst4|inst2 ; 3.979 ; 4.003 ; Rise       ; DivisorFrequencia:inst4|inst2 ;
;  PC[29]          ; DivisorFrequencia:inst4|inst2 ; 3.978 ; 4.012 ; Rise       ; DivisorFrequencia:inst4|inst2 ;
;  PC[30]          ; DivisorFrequencia:inst4|inst2 ; 4.066 ; 4.089 ; Rise       ; DivisorFrequencia:inst4|inst2 ;
;  PC[31]          ; DivisorFrequencia:inst4|inst2 ; 3.966 ; 3.996 ; Rise       ; DivisorFrequencia:inst4|inst2 ;
; RegWrite         ; DivisorFrequencia:inst4|inst2 ;       ; 2.037 ; Rise       ; DivisorFrequencia:inst4|inst2 ;
; clkSys           ; DivisorFrequencia:inst4|inst2 ; 4.063 ;       ; Rise       ; DivisorFrequencia:inst4|inst2 ;
; nextPC[*]        ; DivisorFrequencia:inst4|inst2 ; 4.215 ; 4.218 ; Rise       ; DivisorFrequencia:inst4|inst2 ;
;  nextPC[0]       ; DivisorFrequencia:inst4|inst2 ; 4.215 ; 4.218 ; Rise       ; DivisorFrequencia:inst4|inst2 ;
;  nextPC[1]       ; DivisorFrequencia:inst4|inst2 ; 4.858 ; 4.965 ; Rise       ; DivisorFrequencia:inst4|inst2 ;
;  nextPC[2]       ; DivisorFrequencia:inst4|inst2 ; 4.701 ; 4.705 ; Rise       ; DivisorFrequencia:inst4|inst2 ;
;  nextPC[3]       ; DivisorFrequencia:inst4|inst2 ; 4.654 ; 4.692 ; Rise       ; DivisorFrequencia:inst4|inst2 ;
;  nextPC[4]       ; DivisorFrequencia:inst4|inst2 ; 4.850 ; 4.876 ; Rise       ; DivisorFrequencia:inst4|inst2 ;
;  nextPC[5]       ; DivisorFrequencia:inst4|inst2 ; 4.558 ; 4.547 ; Rise       ; DivisorFrequencia:inst4|inst2 ;
;  nextPC[6]       ; DivisorFrequencia:inst4|inst2 ; 4.431 ; 4.434 ; Rise       ; DivisorFrequencia:inst4|inst2 ;
;  nextPC[7]       ; DivisorFrequencia:inst4|inst2 ; 5.000 ; 5.026 ; Rise       ; DivisorFrequencia:inst4|inst2 ;
;  nextPC[8]       ; DivisorFrequencia:inst4|inst2 ; 5.543 ; 5.562 ; Rise       ; DivisorFrequencia:inst4|inst2 ;
;  nextPC[9]       ; DivisorFrequencia:inst4|inst2 ; 4.654 ; 4.628 ; Rise       ; DivisorFrequencia:inst4|inst2 ;
;  nextPC[10]      ; DivisorFrequencia:inst4|inst2 ; 4.417 ; 4.397 ; Rise       ; DivisorFrequencia:inst4|inst2 ;
;  nextPC[11]      ; DivisorFrequencia:inst4|inst2 ; 5.523 ; 5.557 ; Rise       ; DivisorFrequencia:inst4|inst2 ;
;  nextPC[12]      ; DivisorFrequencia:inst4|inst2 ; 4.395 ; 4.373 ; Rise       ; DivisorFrequencia:inst4|inst2 ;
;  nextPC[13]      ; DivisorFrequencia:inst4|inst2 ; 5.352 ; 5.392 ; Rise       ; DivisorFrequencia:inst4|inst2 ;
;  nextPC[14]      ; DivisorFrequencia:inst4|inst2 ; 4.831 ; 4.876 ; Rise       ; DivisorFrequencia:inst4|inst2 ;
;  nextPC[15]      ; DivisorFrequencia:inst4|inst2 ; 5.186 ; 5.288 ; Rise       ; DivisorFrequencia:inst4|inst2 ;
;  nextPC[16]      ; DivisorFrequencia:inst4|inst2 ; 4.685 ; 4.704 ; Rise       ; DivisorFrequencia:inst4|inst2 ;
;  nextPC[17]      ; DivisorFrequencia:inst4|inst2 ; 6.831 ; 6.641 ; Rise       ; DivisorFrequencia:inst4|inst2 ;
;  nextPC[18]      ; DivisorFrequencia:inst4|inst2 ; 4.697 ; 4.712 ; Rise       ; DivisorFrequencia:inst4|inst2 ;
;  nextPC[19]      ; DivisorFrequencia:inst4|inst2 ; 4.665 ; 4.703 ; Rise       ; DivisorFrequencia:inst4|inst2 ;
;  nextPC[20]      ; DivisorFrequencia:inst4|inst2 ; 4.764 ; 4.781 ; Rise       ; DivisorFrequencia:inst4|inst2 ;
;  nextPC[21]      ; DivisorFrequencia:inst4|inst2 ; 4.576 ; 4.552 ; Rise       ; DivisorFrequencia:inst4|inst2 ;
;  nextPC[22]      ; DivisorFrequencia:inst4|inst2 ; 5.461 ; 5.477 ; Rise       ; DivisorFrequencia:inst4|inst2 ;
;  nextPC[23]      ; DivisorFrequencia:inst4|inst2 ; 4.547 ; 4.532 ; Rise       ; DivisorFrequencia:inst4|inst2 ;
;  nextPC[24]      ; DivisorFrequencia:inst4|inst2 ; 4.751 ; 4.781 ; Rise       ; DivisorFrequencia:inst4|inst2 ;
;  nextPC[25]      ; DivisorFrequencia:inst4|inst2 ; 5.132 ; 5.181 ; Rise       ; DivisorFrequencia:inst4|inst2 ;
;  nextPC[26]      ; DivisorFrequencia:inst4|inst2 ; 4.948 ; 4.933 ; Rise       ; DivisorFrequencia:inst4|inst2 ;
;  nextPC[27]      ; DivisorFrequencia:inst4|inst2 ; 5.487 ; 5.533 ; Rise       ; DivisorFrequencia:inst4|inst2 ;
;  nextPC[28]      ; DivisorFrequencia:inst4|inst2 ; 4.792 ; 4.874 ; Rise       ; DivisorFrequencia:inst4|inst2 ;
;  nextPC[29]      ; DivisorFrequencia:inst4|inst2 ; 4.734 ; 4.784 ; Rise       ; DivisorFrequencia:inst4|inst2 ;
;  nextPC[30]      ; DivisorFrequencia:inst4|inst2 ; 4.521 ; 4.559 ; Rise       ; DivisorFrequencia:inst4|inst2 ;
;  nextPC[31]      ; DivisorFrequencia:inst4|inst2 ; 4.612 ; 4.636 ; Rise       ; DivisorFrequencia:inst4|inst2 ;
; MemWrite         ; DivisorFrequencia:inst4|inst2 ; 2.739 ;       ; Fall       ; DivisorFrequencia:inst4|inst2 ;
; RegWrite         ; DivisorFrequencia:inst4|inst2 ; 2.119 ;       ; Fall       ; DivisorFrequencia:inst4|inst2 ;
; clkSys           ; DivisorFrequencia:inst4|inst2 ;       ; 3.931 ; Fall       ; DivisorFrequencia:inst4|inst2 ;
; ALUOp[*]         ; clock                         ; 5.819 ; 5.904 ; Fall       ; clock                         ;
;  ALUOp[0]        ; clock                         ; 5.819 ; 5.904 ; Fall       ; clock                         ;
;  ALUOp[1]        ; clock                         ; 8.280 ; 8.046 ; Fall       ; clock                         ;
; ALUSrc           ; clock                         ; 6.090 ; 6.052 ; Fall       ; clock                         ;
; Branch           ; clock                         ; 5.916 ; 6.005 ; Fall       ; clock                         ;
; Instruction[*]   ; clock                         ; 5.161 ; 5.170 ; Fall       ; clock                         ;
;  Instruction[0]  ; clock                         ; 5.161 ; 5.170 ; Fall       ; clock                         ;
;  Instruction[1]  ; clock                         ; 6.064 ; 6.135 ; Fall       ; clock                         ;
;  Instruction[2]  ; clock                         ; 5.859 ; 5.935 ; Fall       ; clock                         ;
;  Instruction[3]  ; clock                         ; 5.742 ; 5.787 ; Fall       ; clock                         ;
;  Instruction[4]  ; clock                         ; 5.572 ; 5.621 ; Fall       ; clock                         ;
;  Instruction[5]  ; clock                         ; 5.582 ; 5.645 ; Fall       ; clock                         ;
;  Instruction[6]  ; clock                         ; 5.941 ; 6.012 ; Fall       ; clock                         ;
;  Instruction[7]  ; clock                         ; 5.694 ; 5.753 ; Fall       ; clock                         ;
;  Instruction[8]  ; clock                         ; 6.092 ; 6.215 ; Fall       ; clock                         ;
;  Instruction[9]  ; clock                         ; 5.578 ; 5.646 ; Fall       ; clock                         ;
;  Instruction[10] ; clock                         ; 6.182 ; 6.304 ; Fall       ; clock                         ;
;  Instruction[11] ; clock                         ; 6.605 ; 6.756 ; Fall       ; clock                         ;
;  Instruction[12] ; clock                         ; 5.586 ; 5.638 ; Fall       ; clock                         ;
;  Instruction[13] ; clock                         ; 5.575 ; 5.604 ; Fall       ; clock                         ;
;  Instruction[14] ; clock                         ; 6.054 ; 6.113 ; Fall       ; clock                         ;
;  Instruction[15] ; clock                         ; 5.900 ; 5.973 ; Fall       ; clock                         ;
;  Instruction[16] ; clock                         ; 5.813 ; 5.870 ; Fall       ; clock                         ;
;  Instruction[17] ; clock                         ; 5.697 ; 5.748 ; Fall       ; clock                         ;
;  Instruction[18] ; clock                         ; 5.702 ; 5.785 ; Fall       ; clock                         ;
;  Instruction[19] ; clock                         ; 6.056 ; 6.177 ; Fall       ; clock                         ;
;  Instruction[20] ; clock                         ; 5.764 ; 5.854 ; Fall       ; clock                         ;
;  Instruction[21] ; clock                         ; 5.678 ; 5.716 ; Fall       ; clock                         ;
;  Instruction[22] ; clock                         ; 5.696 ; 5.744 ; Fall       ; clock                         ;
;  Instruction[23] ; clock                         ; 5.975 ; 6.078 ; Fall       ; clock                         ;
;  Instruction[24] ; clock                         ; 5.700 ; 5.742 ; Fall       ; clock                         ;
;  Instruction[25] ; clock                         ; 5.660 ; 5.699 ; Fall       ; clock                         ;
;  Instruction[26] ; clock                         ; 5.699 ; 5.751 ; Fall       ; clock                         ;
;  Instruction[27] ; clock                         ; 5.440 ; 5.445 ; Fall       ; clock                         ;
;  Instruction[28] ; clock                         ; 6.041 ; 6.165 ; Fall       ; clock                         ;
;  Instruction[29] ; clock                         ; 5.998 ; 6.078 ; Fall       ; clock                         ;
;  Instruction[30] ; clock                         ; 5.921 ; 6.003 ; Fall       ; clock                         ;
;  Instruction[31] ; clock                         ; 5.669 ; 5.708 ; Fall       ; clock                         ;
; MemToReg         ; clock                         ; 6.129 ; 5.983 ; Fall       ; clock                         ;
; MemWrite         ; clock                         ; 6.201 ; 6.331 ; Fall       ; clock                         ;
; Operation[*]     ; clock                         ; 5.919 ; 5.850 ; Fall       ; clock                         ;
;  Operation[0]    ; clock                         ; 6.058 ; 6.156 ; Fall       ; clock                         ;
;  Operation[1]    ; clock                         ; 6.308 ; 6.220 ; Fall       ; clock                         ;
;  Operation[2]    ; clock                         ; 5.919 ; 5.850 ; Fall       ; clock                         ;
; RegDst           ; clock                         ; 6.757 ; 6.721 ; Fall       ; clock                         ;
; RegWrite         ; clock                         ; 6.214 ; 6.125 ; Fall       ; clock                         ;
; function[*]      ; clock                         ; 5.340 ; 5.362 ; Fall       ; clock                         ;
;  function[0]     ; clock                         ; 5.340 ; 5.362 ; Fall       ; clock                         ;
;  function[1]     ; clock                         ; 5.866 ; 5.922 ; Fall       ; clock                         ;
;  function[2]     ; clock                         ; 5.877 ; 5.921 ; Fall       ; clock                         ;
;  function[3]     ; clock                         ; 5.609 ; 5.638 ; Fall       ; clock                         ;
;  function[4]     ; clock                         ; 5.582 ; 5.631 ; Fall       ; clock                         ;
;  function[5]     ; clock                         ; 5.706 ; 5.784 ; Fall       ; clock                         ;
; imed16[*]        ; clock                         ; 5.330 ; 5.340 ; Fall       ; clock                         ;
;  imed16[0]       ; clock                         ; 5.330 ; 5.340 ; Fall       ; clock                         ;
;  imed16[1]       ; clock                         ; 6.052 ; 6.119 ; Fall       ; clock                         ;
;  imed16[2]       ; clock                         ; 5.469 ; 5.490 ; Fall       ; clock                         ;
;  imed16[3]       ; clock                         ; 5.742 ; 5.787 ; Fall       ; clock                         ;
;  imed16[4]       ; clock                         ; 5.862 ; 5.950 ; Fall       ; clock                         ;
;  imed16[5]       ; clock                         ; 5.562 ; 5.625 ; Fall       ; clock                         ;
;  imed16[6]       ; clock                         ; 5.745 ; 5.809 ; Fall       ; clock                         ;
;  imed16[7]       ; clock                         ; 5.574 ; 5.622 ; Fall       ; clock                         ;
;  imed16[8]       ; clock                         ; 6.082 ; 6.205 ; Fall       ; clock                         ;
;  imed16[9]       ; clock                         ; 5.430 ; 5.475 ; Fall       ; clock                         ;
;  imed16[10]      ; clock                         ; 7.532 ; 7.447 ; Fall       ; clock                         ;
;  imed16[11]      ; clock                         ; 6.193 ; 6.306 ; Fall       ; clock                         ;
;  imed16[12]      ; clock                         ; 5.586 ; 5.638 ; Fall       ; clock                         ;
;  imed16[13]      ; clock                         ; 7.035 ; 6.863 ; Fall       ; clock                         ;
;  imed16[14]      ; clock                         ; 6.054 ; 6.113 ; Fall       ; clock                         ;
;  imed16[15]      ; clock                         ; 5.937 ; 6.010 ; Fall       ; clock                         ;
; nextPC[*]        ; clock                         ; 5.989 ; 6.014 ; Fall       ; clock                         ;
;  nextPC[0]       ; clock                         ; 7.102 ; 7.148 ; Fall       ; clock                         ;
;  nextPC[1]       ; clock                         ; 7.356 ; 7.643 ; Fall       ; clock                         ;
;  nextPC[2]       ; clock                         ; 7.031 ; 7.215 ; Fall       ; clock                         ;
;  nextPC[3]       ; clock                         ; 6.535 ; 6.543 ; Fall       ; clock                         ;
;  nextPC[4]       ; clock                         ; 6.946 ; 7.187 ; Fall       ; clock                         ;
;  nextPC[5]       ; clock                         ; 6.307 ; 6.296 ; Fall       ; clock                         ;
;  nextPC[6]       ; clock                         ; 6.507 ; 6.641 ; Fall       ; clock                         ;
;  nextPC[7]       ; clock                         ; 7.292 ; 7.318 ; Fall       ; clock                         ;
;  nextPC[8]       ; clock                         ; 7.213 ; 7.249 ; Fall       ; clock                         ;
;  nextPC[9]       ; clock                         ; 6.040 ; 6.014 ; Fall       ; clock                         ;
;  nextPC[10]      ; clock                         ; 6.425 ; 6.579 ; Fall       ; clock                         ;
;  nextPC[11]      ; clock                         ; 6.454 ; 6.488 ; Fall       ; clock                         ;
;  nextPC[12]      ; clock                         ; 6.705 ; 6.843 ; Fall       ; clock                         ;
;  nextPC[13]      ; clock                         ; 7.358 ; 7.391 ; Fall       ; clock                         ;
;  nextPC[14]      ; clock                         ; 6.910 ; 7.118 ; Fall       ; clock                         ;
;  nextPC[15]      ; clock                         ; 7.437 ; 7.539 ; Fall       ; clock                         ;
;  nextPC[16]      ; clock                         ; 6.553 ; 6.722 ; Fall       ; clock                         ;
;  nextPC[17]      ; clock                         ; 8.009 ; 7.819 ; Fall       ; clock                         ;
;  nextPC[18]      ; clock                         ; 6.585 ; 6.762 ; Fall       ; clock                         ;
;  nextPC[19]      ; clock                         ; 6.636 ; 6.671 ; Fall       ; clock                         ;
;  nextPC[20]      ; clock                         ; 6.581 ; 6.753 ; Fall       ; clock                         ;
;  nextPC[21]      ; clock                         ; 6.475 ; 6.514 ; Fall       ; clock                         ;
;  nextPC[22]      ; clock                         ; 7.304 ; 7.403 ; Fall       ; clock                         ;
;  nextPC[23]      ; clock                         ; 6.855 ; 6.865 ; Fall       ; clock                         ;
;  nextPC[24]      ; clock                         ; 6.676 ; 6.864 ; Fall       ; clock                         ;
;  nextPC[25]      ; clock                         ; 7.288 ; 7.385 ; Fall       ; clock                         ;
;  nextPC[26]      ; clock                         ; 5.989 ; 6.095 ; Fall       ; clock                         ;
;  nextPC[27]      ; clock                         ; 7.027 ; 7.073 ; Fall       ; clock                         ;
;  nextPC[28]      ; clock                         ; 7.115 ; 7.181 ; Fall       ; clock                         ;
;  nextPC[29]      ; clock                         ; 6.875 ; 6.921 ; Fall       ; clock                         ;
;  nextPC[30]      ; clock                         ; 6.690 ; 6.712 ; Fall       ; clock                         ;
;  nextPC[31]      ; clock                         ; 7.122 ; 7.142 ; Fall       ; clock                         ;
; op[*]            ; clock                         ; 5.460 ; 5.465 ; Fall       ; clock                         ;
;  op[26]          ; clock                         ; 5.891 ; 5.968 ; Fall       ; clock                         ;
;  op[27]          ; clock                         ; 5.460 ; 5.465 ; Fall       ; clock                         ;
;  op[28]          ; clock                         ; 5.808 ; 5.895 ; Fall       ; clock                         ;
;  op[29]          ; clock                         ; 5.988 ; 6.068 ; Fall       ; clock                         ;
;  op[30]          ; clock                         ; 5.917 ; 6.003 ; Fall       ; clock                         ;
;  op[31]          ; clock                         ; 5.537 ; 5.552 ; Fall       ; clock                         ;
; rd[*]            ; clock                         ; 5.584 ; 5.602 ; Fall       ; clock                         ;
;  rd[11]          ; clock                         ; 6.645 ; 6.796 ; Fall       ; clock                         ;
;  rd[12]          ; clock                         ; 5.584 ; 5.635 ; Fall       ; clock                         ;
;  rd[13]          ; clock                         ; 5.584 ; 5.602 ; Fall       ; clock                         ;
;  rd[14]          ; clock                         ; 7.403 ; 7.262 ; Fall       ; clock                         ;
;  rd[15]          ; clock                         ; 6.281 ; 6.394 ; Fall       ; clock                         ;
; rs[*]            ; clock                         ; 5.684 ; 5.731 ; Fall       ; clock                         ;
;  rs[21]          ; clock                         ; 5.684 ; 5.731 ; Fall       ; clock                         ;
;  rs[22]          ; clock                         ; 7.358 ; 7.224 ; Fall       ; clock                         ;
;  rs[23]          ; clock                         ; 6.195 ; 6.338 ; Fall       ; clock                         ;
;  rs[24]          ; clock                         ; 5.717 ; 5.764 ; Fall       ; clock                         ;
;  rs[25]          ; clock                         ; 5.795 ; 5.850 ; Fall       ; clock                         ;
; rt[*]            ; clock                         ; 5.712 ; 5.795 ; Fall       ; clock                         ;
;  rt[16]          ; clock                         ; 5.955 ; 6.026 ; Fall       ; clock                         ;
;  rt[17]          ; clock                         ; 5.873 ; 5.948 ; Fall       ; clock                         ;
;  rt[18]          ; clock                         ; 5.712 ; 5.795 ; Fall       ; clock                         ;
;  rt[19]          ; clock                         ; 6.046 ; 6.158 ; Fall       ; clock                         ;
;  rt[20]          ; clock                         ; 5.808 ; 5.899 ; Fall       ; clock                         ;
; shamt[*]         ; clock                         ; 5.618 ; 5.687 ; Fall       ; clock                         ;
;  shamt[6]        ; clock                         ; 5.951 ; 6.022 ; Fall       ; clock                         ;
;  shamt[7]        ; clock                         ; 5.711 ; 5.770 ; Fall       ; clock                         ;
;  shamt[8]        ; clock                         ; 6.117 ; 6.222 ; Fall       ; clock                         ;
;  shamt[9]        ; clock                         ; 5.618 ; 5.687 ; Fall       ; clock                         ;
;  shamt[10]       ; clock                         ; 5.985 ; 6.085 ; Fall       ; clock                         ;
+------------------+-------------------------------+-------+-------+------------+-------------------------------+


+--------------------------------------------------------------------------------------------------------------------------------------------------------------------------------------------------------------------------------------------------------------------------------------------------------------------------------------------------------------------------------------------------------------------+
; Board Trace Model Assignments                                                                                                                                                                                                                                                                                                                                                                                      ;
+-----------------+--------------+-------------------+-------------------------+-------------------------+---------------+---------------------+----------------+------------------+--------+------------------+------------------------+------------------------+--------------+---------------+-----------------+-------+---------------------+--------------------+---------------+-----------------+-------------+
; Pin             ; I/O Standard ; Near Tline Length ; Near Tline L per Length ; Near Tline C per Length ; Near Series R ; Near Differential R ; Near Pull-up R ; Near Pull-down R ; Near C ; Far Tline Length ; Far Tline L per Length ; Far Tline C per Length ; Far Series R ; Far Pull-up R ; Far Pull-down R ; Far C ; Termination Voltage ; Far Differential R ; EBD File Name ; EBD Signal Name ; EBD Far-end ;
+-----------------+--------------+-------------------+-------------------------+-------------------------+---------------+---------------------+----------------+------------------+--------+------------------+------------------------+------------------------+--------------+---------------+-----------------+-------+---------------------+--------------------+---------------+-----------------+-------------+
; Branch          ; 3.3-V LVTTL  ; 0 in              ; 0 H/in                  ; 0 F/in                  ; short         ; -                   ; open           ; open             ; open   ; 0 in             ; 0 H/in                 ; 0 F/in                 ; short        ; open          ; open            ; open  ; 0 V                 ; -                  ; n/a           ; n/a             ; n/a         ;
; Instruction[31] ; 3.3-V LVTTL  ; 0 in              ; 0 H/in                  ; 0 F/in                  ; short         ; -                   ; open           ; open             ; open   ; 0 in             ; 0 H/in                 ; 0 F/in                 ; short        ; open          ; open            ; open  ; 0 V                 ; -                  ; n/a           ; n/a             ; n/a         ;
; Instruction[30] ; 3.3-V LVTTL  ; 0 in              ; 0 H/in                  ; 0 F/in                  ; short         ; -                   ; open           ; open             ; open   ; 0 in             ; 0 H/in                 ; 0 F/in                 ; short        ; open          ; open            ; open  ; 0 V                 ; -                  ; n/a           ; n/a             ; n/a         ;
; Instruction[29] ; 3.3-V LVTTL  ; 0 in              ; 0 H/in                  ; 0 F/in                  ; short         ; -                   ; open           ; open             ; open   ; 0 in             ; 0 H/in                 ; 0 F/in                 ; short        ; open          ; open            ; open  ; 0 V                 ; -                  ; n/a           ; n/a             ; n/a         ;
; Instruction[28] ; 3.3-V LVTTL  ; 0 in              ; 0 H/in                  ; 0 F/in                  ; short         ; -                   ; open           ; open             ; open   ; 0 in             ; 0 H/in                 ; 0 F/in                 ; short        ; open          ; open            ; open  ; 0 V                 ; -                  ; n/a           ; n/a             ; n/a         ;
; Instruction[27] ; 3.3-V LVTTL  ; 0 in              ; 0 H/in                  ; 0 F/in                  ; short         ; -                   ; open           ; open             ; open   ; 0 in             ; 0 H/in                 ; 0 F/in                 ; short        ; open          ; open            ; open  ; 0 V                 ; -                  ; n/a           ; n/a             ; n/a         ;
; Instruction[26] ; 3.3-V LVTTL  ; 0 in              ; 0 H/in                  ; 0 F/in                  ; short         ; -                   ; open           ; open             ; open   ; 0 in             ; 0 H/in                 ; 0 F/in                 ; short        ; open          ; open            ; open  ; 0 V                 ; -                  ; n/a           ; n/a             ; n/a         ;
; Instruction[25] ; 3.3-V LVTTL  ; 0 in              ; 0 H/in                  ; 0 F/in                  ; short         ; -                   ; open           ; open             ; open   ; 0 in             ; 0 H/in                 ; 0 F/in                 ; short        ; open          ; open            ; open  ; 0 V                 ; -                  ; n/a           ; n/a             ; n/a         ;
; Instruction[24] ; 3.3-V LVTTL  ; 0 in              ; 0 H/in                  ; 0 F/in                  ; short         ; -                   ; open           ; open             ; open   ; 0 in             ; 0 H/in                 ; 0 F/in                 ; short        ; open          ; open            ; open  ; 0 V                 ; -                  ; n/a           ; n/a             ; n/a         ;
; Instruction[23] ; 3.3-V LVTTL  ; 0 in              ; 0 H/in                  ; 0 F/in                  ; short         ; -                   ; open           ; open             ; open   ; 0 in             ; 0 H/in                 ; 0 F/in                 ; short        ; open          ; open            ; open  ; 0 V                 ; -                  ; n/a           ; n/a             ; n/a         ;
; Instruction[22] ; 3.3-V LVTTL  ; 0 in              ; 0 H/in                  ; 0 F/in                  ; short         ; -                   ; open           ; open             ; open   ; 0 in             ; 0 H/in                 ; 0 F/in                 ; short        ; open          ; open            ; open  ; 0 V                 ; -                  ; n/a           ; n/a             ; n/a         ;
; Instruction[21] ; 3.3-V LVTTL  ; 0 in              ; 0 H/in                  ; 0 F/in                  ; short         ; -                   ; open           ; open             ; open   ; 0 in             ; 0 H/in                 ; 0 F/in                 ; short        ; open          ; open            ; open  ; 0 V                 ; -                  ; n/a           ; n/a             ; n/a         ;
; Instruction[20] ; 3.3-V LVTTL  ; 0 in              ; 0 H/in                  ; 0 F/in                  ; short         ; -                   ; open           ; open             ; open   ; 0 in             ; 0 H/in                 ; 0 F/in                 ; short        ; open          ; open            ; open  ; 0 V                 ; -                  ; n/a           ; n/a             ; n/a         ;
; Instruction[19] ; 3.3-V LVTTL  ; 0 in              ; 0 H/in                  ; 0 F/in                  ; short         ; -                   ; open           ; open             ; open   ; 0 in             ; 0 H/in                 ; 0 F/in                 ; short        ; open          ; open            ; open  ; 0 V                 ; -                  ; n/a           ; n/a             ; n/a         ;
; Instruction[18] ; 3.3-V LVTTL  ; 0 in              ; 0 H/in                  ; 0 F/in                  ; short         ; -                   ; open           ; open             ; open   ; 0 in             ; 0 H/in                 ; 0 F/in                 ; short        ; open          ; open            ; open  ; 0 V                 ; -                  ; n/a           ; n/a             ; n/a         ;
; Instruction[17] ; 3.3-V LVTTL  ; 0 in              ; 0 H/in                  ; 0 F/in                  ; short         ; -                   ; open           ; open             ; open   ; 0 in             ; 0 H/in                 ; 0 F/in                 ; short        ; open          ; open            ; open  ; 0 V                 ; -                  ; n/a           ; n/a             ; n/a         ;
; Instruction[16] ; 3.3-V LVTTL  ; 0 in              ; 0 H/in                  ; 0 F/in                  ; short         ; -                   ; open           ; open             ; open   ; 0 in             ; 0 H/in                 ; 0 F/in                 ; short        ; open          ; open            ; open  ; 0 V                 ; -                  ; n/a           ; n/a             ; n/a         ;
; Instruction[15] ; 3.3-V LVTTL  ; 0 in              ; 0 H/in                  ; 0 F/in                  ; short         ; -                   ; open           ; open             ; open   ; 0 in             ; 0 H/in                 ; 0 F/in                 ; short        ; open          ; open            ; open  ; 0 V                 ; -                  ; n/a           ; n/a             ; n/a         ;
; Instruction[14] ; 3.3-V LVTTL  ; 0 in              ; 0 H/in                  ; 0 F/in                  ; short         ; -                   ; open           ; open             ; open   ; 0 in             ; 0 H/in                 ; 0 F/in                 ; short        ; open          ; open            ; open  ; 0 V                 ; -                  ; n/a           ; n/a             ; n/a         ;
; Instruction[13] ; 3.3-V LVTTL  ; 0 in              ; 0 H/in                  ; 0 F/in                  ; short         ; -                   ; open           ; open             ; open   ; 0 in             ; 0 H/in                 ; 0 F/in                 ; short        ; open          ; open            ; open  ; 0 V                 ; -                  ; n/a           ; n/a             ; n/a         ;
; Instruction[12] ; 3.3-V LVTTL  ; 0 in              ; 0 H/in                  ; 0 F/in                  ; short         ; -                   ; open           ; open             ; open   ; 0 in             ; 0 H/in                 ; 0 F/in                 ; short        ; open          ; open            ; open  ; 0 V                 ; -                  ; n/a           ; n/a             ; n/a         ;
; Instruction[11] ; 3.3-V LVTTL  ; 0 in              ; 0 H/in                  ; 0 F/in                  ; short         ; -                   ; open           ; open             ; open   ; 0 in             ; 0 H/in                 ; 0 F/in                 ; short        ; open          ; open            ; open  ; 0 V                 ; -                  ; n/a           ; n/a             ; n/a         ;
; Instruction[10] ; 3.3-V LVTTL  ; 0 in              ; 0 H/in                  ; 0 F/in                  ; short         ; -                   ; open           ; open             ; open   ; 0 in             ; 0 H/in                 ; 0 F/in                 ; short        ; open          ; open            ; open  ; 0 V                 ; -                  ; n/a           ; n/a             ; n/a         ;
; Instruction[9]  ; 3.3-V LVTTL  ; 0 in              ; 0 H/in                  ; 0 F/in                  ; short         ; -                   ; open           ; open             ; open   ; 0 in             ; 0 H/in                 ; 0 F/in                 ; short        ; open          ; open            ; open  ; 0 V                 ; -                  ; n/a           ; n/a             ; n/a         ;
; Instruction[8]  ; 3.3-V LVTTL  ; 0 in              ; 0 H/in                  ; 0 F/in                  ; short         ; -                   ; open           ; open             ; open   ; 0 in             ; 0 H/in                 ; 0 F/in                 ; short        ; open          ; open            ; open  ; 0 V                 ; -                  ; n/a           ; n/a             ; n/a         ;
; Instruction[7]  ; 3.3-V LVTTL  ; 0 in              ; 0 H/in                  ; 0 F/in                  ; short         ; -                   ; open           ; open             ; open   ; 0 in             ; 0 H/in                 ; 0 F/in                 ; short        ; open          ; open            ; open  ; 0 V                 ; -                  ; n/a           ; n/a             ; n/a         ;
; Instruction[6]  ; 3.3-V LVTTL  ; 0 in              ; 0 H/in                  ; 0 F/in                  ; short         ; -                   ; open           ; open             ; open   ; 0 in             ; 0 H/in                 ; 0 F/in                 ; short        ; open          ; open            ; open  ; 0 V                 ; -                  ; n/a           ; n/a             ; n/a         ;
; Instruction[5]  ; 3.3-V LVTTL  ; 0 in              ; 0 H/in                  ; 0 F/in                  ; short         ; -                   ; open           ; open             ; open   ; 0 in             ; 0 H/in                 ; 0 F/in                 ; short        ; open          ; open            ; open  ; 0 V                 ; -                  ; n/a           ; n/a             ; n/a         ;
; Instruction[4]  ; 3.3-V LVTTL  ; 0 in              ; 0 H/in                  ; 0 F/in                  ; short         ; -                   ; open           ; open             ; open   ; 0 in             ; 0 H/in                 ; 0 F/in                 ; short        ; open          ; open            ; open  ; 0 V                 ; -                  ; n/a           ; n/a             ; n/a         ;
; Instruction[3]  ; 3.3-V LVTTL  ; 0 in              ; 0 H/in                  ; 0 F/in                  ; short         ; -                   ; open           ; open             ; open   ; 0 in             ; 0 H/in                 ; 0 F/in                 ; short        ; open          ; open            ; open  ; 0 V                 ; -                  ; n/a           ; n/a             ; n/a         ;
; Instruction[2]  ; 3.3-V LVTTL  ; 0 in              ; 0 H/in                  ; 0 F/in                  ; short         ; -                   ; open           ; open             ; open   ; 0 in             ; 0 H/in                 ; 0 F/in                 ; short        ; open          ; open            ; open  ; 0 V                 ; -                  ; n/a           ; n/a             ; n/a         ;
; Instruction[1]  ; 3.3-V LVTTL  ; 0 in              ; 0 H/in                  ; 0 F/in                  ; short         ; -                   ; open           ; open             ; open   ; 0 in             ; 0 H/in                 ; 0 F/in                 ; short        ; open          ; open            ; open  ; 0 V                 ; -                  ; n/a           ; n/a             ; n/a         ;
; Instruction[0]  ; 3.3-V LVTTL  ; 0 in              ; 0 H/in                  ; 0 F/in                  ; short         ; -                   ; open           ; open             ; open   ; 0 in             ; 0 H/in                 ; 0 F/in                 ; short        ; open          ; open            ; open  ; 0 V                 ; -                  ; n/a           ; n/a             ; n/a         ;
; PC[31]          ; 3.3-V LVTTL  ; 0 in              ; 0 H/in                  ; 0 F/in                  ; short         ; -                   ; open           ; open             ; open   ; 0 in             ; 0 H/in                 ; 0 F/in                 ; short        ; open          ; open            ; open  ; 0 V                 ; -                  ; n/a           ; n/a             ; n/a         ;
; PC[30]          ; 3.3-V LVTTL  ; 0 in              ; 0 H/in                  ; 0 F/in                  ; short         ; -                   ; open           ; open             ; open   ; 0 in             ; 0 H/in                 ; 0 F/in                 ; short        ; open          ; open            ; open  ; 0 V                 ; -                  ; n/a           ; n/a             ; n/a         ;
; PC[29]          ; 3.3-V LVTTL  ; 0 in              ; 0 H/in                  ; 0 F/in                  ; short         ; -                   ; open           ; open             ; open   ; 0 in             ; 0 H/in                 ; 0 F/in                 ; short        ; open          ; open            ; open  ; 0 V                 ; -                  ; n/a           ; n/a             ; n/a         ;
; PC[28]          ; 3.3-V LVTTL  ; 0 in              ; 0 H/in                  ; 0 F/in                  ; short         ; -                   ; open           ; open             ; open   ; 0 in             ; 0 H/in                 ; 0 F/in                 ; short        ; open          ; open            ; open  ; 0 V                 ; -                  ; n/a           ; n/a             ; n/a         ;
; PC[27]          ; 3.3-V LVTTL  ; 0 in              ; 0 H/in                  ; 0 F/in                  ; short         ; -                   ; open           ; open             ; open   ; 0 in             ; 0 H/in                 ; 0 F/in                 ; short        ; open          ; open            ; open  ; 0 V                 ; -                  ; n/a           ; n/a             ; n/a         ;
; PC[26]          ; 3.3-V LVTTL  ; 0 in              ; 0 H/in                  ; 0 F/in                  ; short         ; -                   ; open           ; open             ; open   ; 0 in             ; 0 H/in                 ; 0 F/in                 ; short        ; open          ; open            ; open  ; 0 V                 ; -                  ; n/a           ; n/a             ; n/a         ;
; PC[25]          ; 3.3-V LVTTL  ; 0 in              ; 0 H/in                  ; 0 F/in                  ; short         ; -                   ; open           ; open             ; open   ; 0 in             ; 0 H/in                 ; 0 F/in                 ; short        ; open          ; open            ; open  ; 0 V                 ; -                  ; n/a           ; n/a             ; n/a         ;
; PC[24]          ; 3.3-V LVTTL  ; 0 in              ; 0 H/in                  ; 0 F/in                  ; short         ; -                   ; open           ; open             ; open   ; 0 in             ; 0 H/in                 ; 0 F/in                 ; short        ; open          ; open            ; open  ; 0 V                 ; -                  ; n/a           ; n/a             ; n/a         ;
; PC[23]          ; 3.3-V LVTTL  ; 0 in              ; 0 H/in                  ; 0 F/in                  ; short         ; -                   ; open           ; open             ; open   ; 0 in             ; 0 H/in                 ; 0 F/in                 ; short        ; open          ; open            ; open  ; 0 V                 ; -                  ; n/a           ; n/a             ; n/a         ;
; PC[22]          ; 3.3-V LVTTL  ; 0 in              ; 0 H/in                  ; 0 F/in                  ; short         ; -                   ; open           ; open             ; open   ; 0 in             ; 0 H/in                 ; 0 F/in                 ; short        ; open          ; open            ; open  ; 0 V                 ; -                  ; n/a           ; n/a             ; n/a         ;
; PC[21]          ; 3.3-V LVTTL  ; 0 in              ; 0 H/in                  ; 0 F/in                  ; short         ; -                   ; open           ; open             ; open   ; 0 in             ; 0 H/in                 ; 0 F/in                 ; short        ; open          ; open            ; open  ; 0 V                 ; -                  ; n/a           ; n/a             ; n/a         ;
; PC[20]          ; 3.3-V LVTTL  ; 0 in              ; 0 H/in                  ; 0 F/in                  ; short         ; -                   ; open           ; open             ; open   ; 0 in             ; 0 H/in                 ; 0 F/in                 ; short        ; open          ; open            ; open  ; 0 V                 ; -                  ; n/a           ; n/a             ; n/a         ;
; PC[19]          ; 3.3-V LVTTL  ; 0 in              ; 0 H/in                  ; 0 F/in                  ; short         ; -                   ; open           ; open             ; open   ; 0 in             ; 0 H/in                 ; 0 F/in                 ; short        ; open          ; open            ; open  ; 0 V                 ; -                  ; n/a           ; n/a             ; n/a         ;
; PC[18]          ; 3.3-V LVTTL  ; 0 in              ; 0 H/in                  ; 0 F/in                  ; short         ; -                   ; open           ; open             ; open   ; 0 in             ; 0 H/in                 ; 0 F/in                 ; short        ; open          ; open            ; open  ; 0 V                 ; -                  ; n/a           ; n/a             ; n/a         ;
; PC[17]          ; 3.3-V LVTTL  ; 0 in              ; 0 H/in                  ; 0 F/in                  ; short         ; -                   ; open           ; open             ; open   ; 0 in             ; 0 H/in                 ; 0 F/in                 ; short        ; open          ; open            ; open  ; 0 V                 ; -                  ; n/a           ; n/a             ; n/a         ;
; PC[16]          ; 3.3-V LVTTL  ; 0 in              ; 0 H/in                  ; 0 F/in                  ; short         ; -                   ; open           ; open             ; open   ; 0 in             ; 0 H/in                 ; 0 F/in                 ; short        ; open          ; open            ; open  ; 0 V                 ; -                  ; n/a           ; n/a             ; n/a         ;
; PC[15]          ; 3.3-V LVTTL  ; 0 in              ; 0 H/in                  ; 0 F/in                  ; short         ; -                   ; open           ; open             ; open   ; 0 in             ; 0 H/in                 ; 0 F/in                 ; short        ; open          ; open            ; open  ; 0 V                 ; -                  ; n/a           ; n/a             ; n/a         ;
; PC[14]          ; 3.3-V LVTTL  ; 0 in              ; 0 H/in                  ; 0 F/in                  ; short         ; -                   ; open           ; open             ; open   ; 0 in             ; 0 H/in                 ; 0 F/in                 ; short        ; open          ; open            ; open  ; 0 V                 ; -                  ; n/a           ; n/a             ; n/a         ;
; PC[13]          ; 3.3-V LVTTL  ; 0 in              ; 0 H/in                  ; 0 F/in                  ; short         ; -                   ; open           ; open             ; open   ; 0 in             ; 0 H/in                 ; 0 F/in                 ; short        ; open          ; open            ; open  ; 0 V                 ; -                  ; n/a           ; n/a             ; n/a         ;
; PC[12]          ; 3.3-V LVTTL  ; 0 in              ; 0 H/in                  ; 0 F/in                  ; short         ; -                   ; open           ; open             ; open   ; 0 in             ; 0 H/in                 ; 0 F/in                 ; short        ; open          ; open            ; open  ; 0 V                 ; -                  ; n/a           ; n/a             ; n/a         ;
; PC[11]          ; 3.3-V LVTTL  ; 0 in              ; 0 H/in                  ; 0 F/in                  ; short         ; -                   ; open           ; open             ; open   ; 0 in             ; 0 H/in                 ; 0 F/in                 ; short        ; open          ; open            ; open  ; 0 V                 ; -                  ; n/a           ; n/a             ; n/a         ;
; PC[10]          ; 3.3-V LVTTL  ; 0 in              ; 0 H/in                  ; 0 F/in                  ; short         ; -                   ; open           ; open             ; open   ; 0 in             ; 0 H/in                 ; 0 F/in                 ; short        ; open          ; open            ; open  ; 0 V                 ; -                  ; n/a           ; n/a             ; n/a         ;
; PC[9]           ; 3.3-V LVTTL  ; 0 in              ; 0 H/in                  ; 0 F/in                  ; short         ; -                   ; open           ; open             ; open   ; 0 in             ; 0 H/in                 ; 0 F/in                 ; short        ; open          ; open            ; open  ; 0 V                 ; -                  ; n/a           ; n/a             ; n/a         ;
; PC[8]           ; 3.3-V LVTTL  ; 0 in              ; 0 H/in                  ; 0 F/in                  ; short         ; -                   ; open           ; open             ; open   ; 0 in             ; 0 H/in                 ; 0 F/in                 ; short        ; open          ; open            ; open  ; 0 V                 ; -                  ; n/a           ; n/a             ; n/a         ;
; PC[7]           ; 3.3-V LVTTL  ; 0 in              ; 0 H/in                  ; 0 F/in                  ; short         ; -                   ; open           ; open             ; open   ; 0 in             ; 0 H/in                 ; 0 F/in                 ; short        ; open          ; open            ; open  ; 0 V                 ; -                  ; n/a           ; n/a             ; n/a         ;
; PC[6]           ; 3.3-V LVTTL  ; 0 in              ; 0 H/in                  ; 0 F/in                  ; short         ; -                   ; open           ; open             ; open   ; 0 in             ; 0 H/in                 ; 0 F/in                 ; short        ; open          ; open            ; open  ; 0 V                 ; -                  ; n/a           ; n/a             ; n/a         ;
; PC[5]           ; 3.3-V LVTTL  ; 0 in              ; 0 H/in                  ; 0 F/in                  ; short         ; -                   ; open           ; open             ; open   ; 0 in             ; 0 H/in                 ; 0 F/in                 ; short        ; open          ; open            ; open  ; 0 V                 ; -                  ; n/a           ; n/a             ; n/a         ;
; PC[4]           ; 3.3-V LVTTL  ; 0 in              ; 0 H/in                  ; 0 F/in                  ; short         ; -                   ; open           ; open             ; open   ; 0 in             ; 0 H/in                 ; 0 F/in                 ; short        ; open          ; open            ; open  ; 0 V                 ; -                  ; n/a           ; n/a             ; n/a         ;
; PC[3]           ; 3.3-V LVTTL  ; 0 in              ; 0 H/in                  ; 0 F/in                  ; short         ; -                   ; open           ; open             ; open   ; 0 in             ; 0 H/in                 ; 0 F/in                 ; short        ; open          ; open            ; open  ; 0 V                 ; -                  ; n/a           ; n/a             ; n/a         ;
; PC[2]           ; 3.3-V LVTTL  ; 0 in              ; 0 H/in                  ; 0 F/in                  ; short         ; -                   ; open           ; open             ; open   ; 0 in             ; 0 H/in                 ; 0 F/in                 ; short        ; open          ; open            ; open  ; 0 V                 ; -                  ; n/a           ; n/a             ; n/a         ;
; PC[1]           ; 3.3-V LVTTL  ; 0 in              ; 0 H/in                  ; 0 F/in                  ; short         ; -                   ; open           ; open             ; open   ; 0 in             ; 0 H/in                 ; 0 F/in                 ; short        ; open          ; open            ; open  ; 0 V                 ; -                  ; n/a           ; n/a             ; n/a         ;
; PC[0]           ; 3.3-V LVTTL  ; 0 in              ; 0 H/in                  ; 0 F/in                  ; short         ; -                   ; open           ; open             ; open   ; 0 in             ; 0 H/in                 ; 0 F/in                 ; short        ; open          ; open            ; open  ; 0 V                 ; -                  ; n/a           ; n/a             ; n/a         ;
; RegDst          ; 3.3-V LVTTL  ; 0 in              ; 0 H/in                  ; 0 F/in                  ; short         ; -                   ; open           ; open             ; open   ; 0 in             ; 0 H/in                 ; 0 F/in                 ; short        ; open          ; open            ; open  ; 0 V                 ; -                  ; n/a           ; n/a             ; n/a         ;
; Operation[2]    ; 3.3-V LVTTL  ; 0 in              ; 0 H/in                  ; 0 F/in                  ; short         ; -                   ; open           ; open             ; open   ; 0 in             ; 0 H/in                 ; 0 F/in                 ; short        ; open          ; open            ; open  ; 0 V                 ; -                  ; n/a           ; n/a             ; n/a         ;
; Operation[1]    ; 3.3-V LVTTL  ; 0 in              ; 0 H/in                  ; 0 F/in                  ; short         ; -                   ; open           ; open             ; open   ; 0 in             ; 0 H/in                 ; 0 F/in                 ; short        ; open          ; open            ; open  ; 0 V                 ; -                  ; n/a           ; n/a             ; n/a         ;
; Operation[0]    ; 3.3-V LVTTL  ; 0 in              ; 0 H/in                  ; 0 F/in                  ; short         ; -                   ; open           ; open             ; open   ; 0 in             ; 0 H/in                 ; 0 F/in                 ; short        ; open          ; open            ; open  ; 0 V                 ; -                  ; n/a           ; n/a             ; n/a         ;
; ALUOp[1]        ; 3.3-V LVTTL  ; 0 in              ; 0 H/in                  ; 0 F/in                  ; short         ; -                   ; open           ; open             ; open   ; 0 in             ; 0 H/in                 ; 0 F/in                 ; short        ; open          ; open            ; open  ; 0 V                 ; -                  ; n/a           ; n/a             ; n/a         ;
; ALUOp[0]        ; 3.3-V LVTTL  ; 0 in              ; 0 H/in                  ; 0 F/in                  ; short         ; -                   ; open           ; open             ; open   ; 0 in             ; 0 H/in                 ; 0 F/in                 ; short        ; open          ; open            ; open  ; 0 V                 ; -                  ; n/a           ; n/a             ; n/a         ;
; RegWrite        ; 3.3-V LVTTL  ; 0 in              ; 0 H/in                  ; 0 F/in                  ; short         ; -                   ; open           ; open             ; open   ; 0 in             ; 0 H/in                 ; 0 F/in                 ; short        ; open          ; open            ; open  ; 0 V                 ; -                  ; n/a           ; n/a             ; n/a         ;
; MemToReg        ; 3.3-V LVTTL  ; 0 in              ; 0 H/in                  ; 0 F/in                  ; short         ; -                   ; open           ; open             ; open   ; 0 in             ; 0 H/in                 ; 0 F/in                 ; short        ; open          ; open            ; open  ; 0 V                 ; -                  ; n/a           ; n/a             ; n/a         ;
; MemWrite        ; 3.3-V LVTTL  ; 0 in              ; 0 H/in                  ; 0 F/in                  ; short         ; -                   ; open           ; open             ; open   ; 0 in             ; 0 H/in                 ; 0 F/in                 ; short        ; open          ; open            ; open  ; 0 V                 ; -                  ; n/a           ; n/a             ; n/a         ;
; ALUSrc          ; 3.3-V LVTTL  ; 0 in              ; 0 H/in                  ; 0 F/in                  ; short         ; -                   ; open           ; open             ; open   ; 0 in             ; 0 H/in                 ; 0 F/in                 ; short        ; open          ; open            ; open  ; 0 V                 ; -                  ; n/a           ; n/a             ; n/a         ;
; clkSys          ; 3.3-V LVTTL  ; 0 in              ; 0 H/in                  ; 0 F/in                  ; short         ; -                   ; open           ; open             ; open   ; 0 in             ; 0 H/in                 ; 0 F/in                 ; short        ; open          ; open            ; open  ; 0 V                 ; -                  ; n/a           ; n/a             ; n/a         ;
; function[5]     ; 3.3-V LVTTL  ; 0 in              ; 0 H/in                  ; 0 F/in                  ; short         ; -                   ; open           ; open             ; open   ; 0 in             ; 0 H/in                 ; 0 F/in                 ; short        ; open          ; open            ; open  ; 0 V                 ; -                  ; n/a           ; n/a             ; n/a         ;
; function[4]     ; 3.3-V LVTTL  ; 0 in              ; 0 H/in                  ; 0 F/in                  ; short         ; -                   ; open           ; open             ; open   ; 0 in             ; 0 H/in                 ; 0 F/in                 ; short        ; open          ; open            ; open  ; 0 V                 ; -                  ; n/a           ; n/a             ; n/a         ;
; function[3]     ; 3.3-V LVTTL  ; 0 in              ; 0 H/in                  ; 0 F/in                  ; short         ; -                   ; open           ; open             ; open   ; 0 in             ; 0 H/in                 ; 0 F/in                 ; short        ; open          ; open            ; open  ; 0 V                 ; -                  ; n/a           ; n/a             ; n/a         ;
; function[2]     ; 3.3-V LVTTL  ; 0 in              ; 0 H/in                  ; 0 F/in                  ; short         ; -                   ; open           ; open             ; open   ; 0 in             ; 0 H/in                 ; 0 F/in                 ; short        ; open          ; open            ; open  ; 0 V                 ; -                  ; n/a           ; n/a             ; n/a         ;
; function[1]     ; 3.3-V LVTTL  ; 0 in              ; 0 H/in                  ; 0 F/in                  ; short         ; -                   ; open           ; open             ; open   ; 0 in             ; 0 H/in                 ; 0 F/in                 ; short        ; open          ; open            ; open  ; 0 V                 ; -                  ; n/a           ; n/a             ; n/a         ;
; function[0]     ; 3.3-V LVTTL  ; 0 in              ; 0 H/in                  ; 0 F/in                  ; short         ; -                   ; open           ; open             ; open   ; 0 in             ; 0 H/in                 ; 0 F/in                 ; short        ; open          ; open            ; open  ; 0 V                 ; -                  ; n/a           ; n/a             ; n/a         ;
; imed16[15]      ; 3.3-V LVTTL  ; 0 in              ; 0 H/in                  ; 0 F/in                  ; short         ; -                   ; open           ; open             ; open   ; 0 in             ; 0 H/in                 ; 0 F/in                 ; short        ; open          ; open            ; open  ; 0 V                 ; -                  ; n/a           ; n/a             ; n/a         ;
; imed16[14]      ; 3.3-V LVTTL  ; 0 in              ; 0 H/in                  ; 0 F/in                  ; short         ; -                   ; open           ; open             ; open   ; 0 in             ; 0 H/in                 ; 0 F/in                 ; short        ; open          ; open            ; open  ; 0 V                 ; -                  ; n/a           ; n/a             ; n/a         ;
; imed16[13]      ; 3.3-V LVTTL  ; 0 in              ; 0 H/in                  ; 0 F/in                  ; short         ; -                   ; open           ; open             ; open   ; 0 in             ; 0 H/in                 ; 0 F/in                 ; short        ; open          ; open            ; open  ; 0 V                 ; -                  ; n/a           ; n/a             ; n/a         ;
; imed16[12]      ; 3.3-V LVTTL  ; 0 in              ; 0 H/in                  ; 0 F/in                  ; short         ; -                   ; open           ; open             ; open   ; 0 in             ; 0 H/in                 ; 0 F/in                 ; short        ; open          ; open            ; open  ; 0 V                 ; -                  ; n/a           ; n/a             ; n/a         ;
; imed16[11]      ; 3.3-V LVTTL  ; 0 in              ; 0 H/in                  ; 0 F/in                  ; short         ; -                   ; open           ; open             ; open   ; 0 in             ; 0 H/in                 ; 0 F/in                 ; short        ; open          ; open            ; open  ; 0 V                 ; -                  ; n/a           ; n/a             ; n/a         ;
; imed16[10]      ; 3.3-V LVTTL  ; 0 in              ; 0 H/in                  ; 0 F/in                  ; short         ; -                   ; open           ; open             ; open   ; 0 in             ; 0 H/in                 ; 0 F/in                 ; short        ; open          ; open            ; open  ; 0 V                 ; -                  ; n/a           ; n/a             ; n/a         ;
; imed16[9]       ; 3.3-V LVTTL  ; 0 in              ; 0 H/in                  ; 0 F/in                  ; short         ; -                   ; open           ; open             ; open   ; 0 in             ; 0 H/in                 ; 0 F/in                 ; short        ; open          ; open            ; open  ; 0 V                 ; -                  ; n/a           ; n/a             ; n/a         ;
; imed16[8]       ; 3.3-V LVTTL  ; 0 in              ; 0 H/in                  ; 0 F/in                  ; short         ; -                   ; open           ; open             ; open   ; 0 in             ; 0 H/in                 ; 0 F/in                 ; short        ; open          ; open            ; open  ; 0 V                 ; -                  ; n/a           ; n/a             ; n/a         ;
; imed16[7]       ; 3.3-V LVTTL  ; 0 in              ; 0 H/in                  ; 0 F/in                  ; short         ; -                   ; open           ; open             ; open   ; 0 in             ; 0 H/in                 ; 0 F/in                 ; short        ; open          ; open            ; open  ; 0 V                 ; -                  ; n/a           ; n/a             ; n/a         ;
; imed16[6]       ; 3.3-V LVTTL  ; 0 in              ; 0 H/in                  ; 0 F/in                  ; short         ; -                   ; open           ; open             ; open   ; 0 in             ; 0 H/in                 ; 0 F/in                 ; short        ; open          ; open            ; open  ; 0 V                 ; -                  ; n/a           ; n/a             ; n/a         ;
; imed16[5]       ; 3.3-V LVTTL  ; 0 in              ; 0 H/in                  ; 0 F/in                  ; short         ; -                   ; open           ; open             ; open   ; 0 in             ; 0 H/in                 ; 0 F/in                 ; short        ; open          ; open            ; open  ; 0 V                 ; -                  ; n/a           ; n/a             ; n/a         ;
; imed16[4]       ; 3.3-V LVTTL  ; 0 in              ; 0 H/in                  ; 0 F/in                  ; short         ; -                   ; open           ; open             ; open   ; 0 in             ; 0 H/in                 ; 0 F/in                 ; short        ; open          ; open            ; open  ; 0 V                 ; -                  ; n/a           ; n/a             ; n/a         ;
; imed16[3]       ; 3.3-V LVTTL  ; 0 in              ; 0 H/in                  ; 0 F/in                  ; short         ; -                   ; open           ; open             ; open   ; 0 in             ; 0 H/in                 ; 0 F/in                 ; short        ; open          ; open            ; open  ; 0 V                 ; -                  ; n/a           ; n/a             ; n/a         ;
; imed16[2]       ; 3.3-V LVTTL  ; 0 in              ; 0 H/in                  ; 0 F/in                  ; short         ; -                   ; open           ; open             ; open   ; 0 in             ; 0 H/in                 ; 0 F/in                 ; short        ; open          ; open            ; open  ; 0 V                 ; -                  ; n/a           ; n/a             ; n/a         ;
; imed16[1]       ; 3.3-V LVTTL  ; 0 in              ; 0 H/in                  ; 0 F/in                  ; short         ; -                   ; open           ; open             ; open   ; 0 in             ; 0 H/in                 ; 0 F/in                 ; short        ; open          ; open            ; open  ; 0 V                 ; -                  ; n/a           ; n/a             ; n/a         ;
; imed16[0]       ; 3.3-V LVTTL  ; 0 in              ; 0 H/in                  ; 0 F/in                  ; short         ; -                   ; open           ; open             ; open   ; 0 in             ; 0 H/in                 ; 0 F/in                 ; short        ; open          ; open            ; open  ; 0 V                 ; -                  ; n/a           ; n/a             ; n/a         ;
; nextPC[31]      ; 3.3-V LVTTL  ; 0 in              ; 0 H/in                  ; 0 F/in                  ; short         ; -                   ; open           ; open             ; open   ; 0 in             ; 0 H/in                 ; 0 F/in                 ; short        ; open          ; open            ; open  ; 0 V                 ; -                  ; n/a           ; n/a             ; n/a         ;
; nextPC[30]      ; 3.3-V LVTTL  ; 0 in              ; 0 H/in                  ; 0 F/in                  ; short         ; -                   ; open           ; open             ; open   ; 0 in             ; 0 H/in                 ; 0 F/in                 ; short        ; open          ; open            ; open  ; 0 V                 ; -                  ; n/a           ; n/a             ; n/a         ;
; nextPC[29]      ; 3.3-V LVTTL  ; 0 in              ; 0 H/in                  ; 0 F/in                  ; short         ; -                   ; open           ; open             ; open   ; 0 in             ; 0 H/in                 ; 0 F/in                 ; short        ; open          ; open            ; open  ; 0 V                 ; -                  ; n/a           ; n/a             ; n/a         ;
; nextPC[28]      ; 3.3-V LVTTL  ; 0 in              ; 0 H/in                  ; 0 F/in                  ; short         ; -                   ; open           ; open             ; open   ; 0 in             ; 0 H/in                 ; 0 F/in                 ; short        ; open          ; open            ; open  ; 0 V                 ; -                  ; n/a           ; n/a             ; n/a         ;
; nextPC[27]      ; 3.3-V LVTTL  ; 0 in              ; 0 H/in                  ; 0 F/in                  ; short         ; -                   ; open           ; open             ; open   ; 0 in             ; 0 H/in                 ; 0 F/in                 ; short        ; open          ; open            ; open  ; 0 V                 ; -                  ; n/a           ; n/a             ; n/a         ;
; nextPC[26]      ; 3.3-V LVTTL  ; 0 in              ; 0 H/in                  ; 0 F/in                  ; short         ; -                   ; open           ; open             ; open   ; 0 in             ; 0 H/in                 ; 0 F/in                 ; short        ; open          ; open            ; open  ; 0 V                 ; -                  ; n/a           ; n/a             ; n/a         ;
; nextPC[25]      ; 3.3-V LVTTL  ; 0 in              ; 0 H/in                  ; 0 F/in                  ; short         ; -                   ; open           ; open             ; open   ; 0 in             ; 0 H/in                 ; 0 F/in                 ; short        ; open          ; open            ; open  ; 0 V                 ; -                  ; n/a           ; n/a             ; n/a         ;
; nextPC[24]      ; 3.3-V LVTTL  ; 0 in              ; 0 H/in                  ; 0 F/in                  ; short         ; -                   ; open           ; open             ; open   ; 0 in             ; 0 H/in                 ; 0 F/in                 ; short        ; open          ; open            ; open  ; 0 V                 ; -                  ; n/a           ; n/a             ; n/a         ;
; nextPC[23]      ; 3.3-V LVTTL  ; 0 in              ; 0 H/in                  ; 0 F/in                  ; short         ; -                   ; open           ; open             ; open   ; 0 in             ; 0 H/in                 ; 0 F/in                 ; short        ; open          ; open            ; open  ; 0 V                 ; -                  ; n/a           ; n/a             ; n/a         ;
; nextPC[22]      ; 3.3-V LVTTL  ; 0 in              ; 0 H/in                  ; 0 F/in                  ; short         ; -                   ; open           ; open             ; open   ; 0 in             ; 0 H/in                 ; 0 F/in                 ; short        ; open          ; open            ; open  ; 0 V                 ; -                  ; n/a           ; n/a             ; n/a         ;
; nextPC[21]      ; 3.3-V LVTTL  ; 0 in              ; 0 H/in                  ; 0 F/in                  ; short         ; -                   ; open           ; open             ; open   ; 0 in             ; 0 H/in                 ; 0 F/in                 ; short        ; open          ; open            ; open  ; 0 V                 ; -                  ; n/a           ; n/a             ; n/a         ;
; nextPC[20]      ; 3.3-V LVTTL  ; 0 in              ; 0 H/in                  ; 0 F/in                  ; short         ; -                   ; open           ; open             ; open   ; 0 in             ; 0 H/in                 ; 0 F/in                 ; short        ; open          ; open            ; open  ; 0 V                 ; -                  ; n/a           ; n/a             ; n/a         ;
; nextPC[19]      ; 3.3-V LVTTL  ; 0 in              ; 0 H/in                  ; 0 F/in                  ; short         ; -                   ; open           ; open             ; open   ; 0 in             ; 0 H/in                 ; 0 F/in                 ; short        ; open          ; open            ; open  ; 0 V                 ; -                  ; n/a           ; n/a             ; n/a         ;
; nextPC[18]      ; 3.3-V LVTTL  ; 0 in              ; 0 H/in                  ; 0 F/in                  ; short         ; -                   ; open           ; open             ; open   ; 0 in             ; 0 H/in                 ; 0 F/in                 ; short        ; open          ; open            ; open  ; 0 V                 ; -                  ; n/a           ; n/a             ; n/a         ;
; nextPC[17]      ; 3.3-V LVTTL  ; 0 in              ; 0 H/in                  ; 0 F/in                  ; short         ; -                   ; open           ; open             ; open   ; 0 in             ; 0 H/in                 ; 0 F/in                 ; short        ; open          ; open            ; open  ; 0 V                 ; -                  ; n/a           ; n/a             ; n/a         ;
; nextPC[16]      ; 3.3-V LVTTL  ; 0 in              ; 0 H/in                  ; 0 F/in                  ; short         ; -                   ; open           ; open             ; open   ; 0 in             ; 0 H/in                 ; 0 F/in                 ; short        ; open          ; open            ; open  ; 0 V                 ; -                  ; n/a           ; n/a             ; n/a         ;
; nextPC[15]      ; 3.3-V LVTTL  ; 0 in              ; 0 H/in                  ; 0 F/in                  ; short         ; -                   ; open           ; open             ; open   ; 0 in             ; 0 H/in                 ; 0 F/in                 ; short        ; open          ; open            ; open  ; 0 V                 ; -                  ; n/a           ; n/a             ; n/a         ;
; nextPC[14]      ; 3.3-V LVTTL  ; 0 in              ; 0 H/in                  ; 0 F/in                  ; short         ; -                   ; open           ; open             ; open   ; 0 in             ; 0 H/in                 ; 0 F/in                 ; short        ; open          ; open            ; open  ; 0 V                 ; -                  ; n/a           ; n/a             ; n/a         ;
; nextPC[13]      ; 3.3-V LVTTL  ; 0 in              ; 0 H/in                  ; 0 F/in                  ; short         ; -                   ; open           ; open             ; open   ; 0 in             ; 0 H/in                 ; 0 F/in                 ; short        ; open          ; open            ; open  ; 0 V                 ; -                  ; n/a           ; n/a             ; n/a         ;
; nextPC[12]      ; 3.3-V LVTTL  ; 0 in              ; 0 H/in                  ; 0 F/in                  ; short         ; -                   ; open           ; open             ; open   ; 0 in             ; 0 H/in                 ; 0 F/in                 ; short        ; open          ; open            ; open  ; 0 V                 ; -                  ; n/a           ; n/a             ; n/a         ;
; nextPC[11]      ; 3.3-V LVTTL  ; 0 in              ; 0 H/in                  ; 0 F/in                  ; short         ; -                   ; open           ; open             ; open   ; 0 in             ; 0 H/in                 ; 0 F/in                 ; short        ; open          ; open            ; open  ; 0 V                 ; -                  ; n/a           ; n/a             ; n/a         ;
; nextPC[10]      ; 3.3-V LVTTL  ; 0 in              ; 0 H/in                  ; 0 F/in                  ; short         ; -                   ; open           ; open             ; open   ; 0 in             ; 0 H/in                 ; 0 F/in                 ; short        ; open          ; open            ; open  ; 0 V                 ; -                  ; n/a           ; n/a             ; n/a         ;
; nextPC[9]       ; 3.3-V LVTTL  ; 0 in              ; 0 H/in                  ; 0 F/in                  ; short         ; -                   ; open           ; open             ; open   ; 0 in             ; 0 H/in                 ; 0 F/in                 ; short        ; open          ; open            ; open  ; 0 V                 ; -                  ; n/a           ; n/a             ; n/a         ;
; nextPC[8]       ; 3.3-V LVTTL  ; 0 in              ; 0 H/in                  ; 0 F/in                  ; short         ; -                   ; open           ; open             ; open   ; 0 in             ; 0 H/in                 ; 0 F/in                 ; short        ; open          ; open            ; open  ; 0 V                 ; -                  ; n/a           ; n/a             ; n/a         ;
; nextPC[7]       ; 3.3-V LVTTL  ; 0 in              ; 0 H/in                  ; 0 F/in                  ; short         ; -                   ; open           ; open             ; open   ; 0 in             ; 0 H/in                 ; 0 F/in                 ; short        ; open          ; open            ; open  ; 0 V                 ; -                  ; n/a           ; n/a             ; n/a         ;
; nextPC[6]       ; 3.3-V LVTTL  ; 0 in              ; 0 H/in                  ; 0 F/in                  ; short         ; -                   ; open           ; open             ; open   ; 0 in             ; 0 H/in                 ; 0 F/in                 ; short        ; open          ; open            ; open  ; 0 V                 ; -                  ; n/a           ; n/a             ; n/a         ;
; nextPC[5]       ; 3.3-V LVTTL  ; 0 in              ; 0 H/in                  ; 0 F/in                  ; short         ; -                   ; open           ; open             ; open   ; 0 in             ; 0 H/in                 ; 0 F/in                 ; short        ; open          ; open            ; open  ; 0 V                 ; -                  ; n/a           ; n/a             ; n/a         ;
; nextPC[4]       ; 3.3-V LVTTL  ; 0 in              ; 0 H/in                  ; 0 F/in                  ; short         ; -                   ; open           ; open             ; open   ; 0 in             ; 0 H/in                 ; 0 F/in                 ; short        ; open          ; open            ; open  ; 0 V                 ; -                  ; n/a           ; n/a             ; n/a         ;
; nextPC[3]       ; 3.3-V LVTTL  ; 0 in              ; 0 H/in                  ; 0 F/in                  ; short         ; -                   ; open           ; open             ; open   ; 0 in             ; 0 H/in                 ; 0 F/in                 ; short        ; open          ; open            ; open  ; 0 V                 ; -                  ; n/a           ; n/a             ; n/a         ;
; nextPC[2]       ; 3.3-V LVTTL  ; 0 in              ; 0 H/in                  ; 0 F/in                  ; short         ; -                   ; open           ; open             ; open   ; 0 in             ; 0 H/in                 ; 0 F/in                 ; short        ; open          ; open            ; open  ; 0 V                 ; -                  ; n/a           ; n/a             ; n/a         ;
; nextPC[1]       ; 3.3-V LVTTL  ; 0 in              ; 0 H/in                  ; 0 F/in                  ; short         ; -                   ; open           ; open             ; open   ; 0 in             ; 0 H/in                 ; 0 F/in                 ; short        ; open          ; open            ; open  ; 0 V                 ; -                  ; n/a           ; n/a             ; n/a         ;
; nextPC[0]       ; 3.3-V LVTTL  ; 0 in              ; 0 H/in                  ; 0 F/in                  ; short         ; -                   ; open           ; open             ; open   ; 0 in             ; 0 H/in                 ; 0 F/in                 ; short        ; open          ; open            ; open  ; 0 V                 ; -                  ; n/a           ; n/a             ; n/a         ;
; op[31]          ; 3.3-V LVTTL  ; 0 in              ; 0 H/in                  ; 0 F/in                  ; short         ; -                   ; open           ; open             ; open   ; 0 in             ; 0 H/in                 ; 0 F/in                 ; short        ; open          ; open            ; open  ; 0 V                 ; -                  ; n/a           ; n/a             ; n/a         ;
; op[30]          ; 3.3-V LVTTL  ; 0 in              ; 0 H/in                  ; 0 F/in                  ; short         ; -                   ; open           ; open             ; open   ; 0 in             ; 0 H/in                 ; 0 F/in                 ; short        ; open          ; open            ; open  ; 0 V                 ; -                  ; n/a           ; n/a             ; n/a         ;
; op[29]          ; 3.3-V LVTTL  ; 0 in              ; 0 H/in                  ; 0 F/in                  ; short         ; -                   ; open           ; open             ; open   ; 0 in             ; 0 H/in                 ; 0 F/in                 ; short        ; open          ; open            ; open  ; 0 V                 ; -                  ; n/a           ; n/a             ; n/a         ;
; op[28]          ; 3.3-V LVTTL  ; 0 in              ; 0 H/in                  ; 0 F/in                  ; short         ; -                   ; open           ; open             ; open   ; 0 in             ; 0 H/in                 ; 0 F/in                 ; short        ; open          ; open            ; open  ; 0 V                 ; -                  ; n/a           ; n/a             ; n/a         ;
; op[27]          ; 3.3-V LVTTL  ; 0 in              ; 0 H/in                  ; 0 F/in                  ; short         ; -                   ; open           ; open             ; open   ; 0 in             ; 0 H/in                 ; 0 F/in                 ; short        ; open          ; open            ; open  ; 0 V                 ; -                  ; n/a           ; n/a             ; n/a         ;
; op[26]          ; 3.3-V LVTTL  ; 0 in              ; 0 H/in                  ; 0 F/in                  ; short         ; -                   ; open           ; open             ; open   ; 0 in             ; 0 H/in                 ; 0 F/in                 ; short        ; open          ; open            ; open  ; 0 V                 ; -                  ; n/a           ; n/a             ; n/a         ;
; rd[15]          ; 3.3-V LVTTL  ; 0 in              ; 0 H/in                  ; 0 F/in                  ; short         ; -                   ; open           ; open             ; open   ; 0 in             ; 0 H/in                 ; 0 F/in                 ; short        ; open          ; open            ; open  ; 0 V                 ; -                  ; n/a           ; n/a             ; n/a         ;
; rd[14]          ; 3.3-V LVTTL  ; 0 in              ; 0 H/in                  ; 0 F/in                  ; short         ; -                   ; open           ; open             ; open   ; 0 in             ; 0 H/in                 ; 0 F/in                 ; short        ; open          ; open            ; open  ; 0 V                 ; -                  ; n/a           ; n/a             ; n/a         ;
; rd[13]          ; 3.3-V LVTTL  ; 0 in              ; 0 H/in                  ; 0 F/in                  ; short         ; -                   ; open           ; open             ; open   ; 0 in             ; 0 H/in                 ; 0 F/in                 ; short        ; open          ; open            ; open  ; 0 V                 ; -                  ; n/a           ; n/a             ; n/a         ;
; rd[12]          ; 3.3-V LVTTL  ; 0 in              ; 0 H/in                  ; 0 F/in                  ; short         ; -                   ; open           ; open             ; open   ; 0 in             ; 0 H/in                 ; 0 F/in                 ; short        ; open          ; open            ; open  ; 0 V                 ; -                  ; n/a           ; n/a             ; n/a         ;
; rd[11]          ; 3.3-V LVTTL  ; 0 in              ; 0 H/in                  ; 0 F/in                  ; short         ; -                   ; open           ; open             ; open   ; 0 in             ; 0 H/in                 ; 0 F/in                 ; short        ; open          ; open            ; open  ; 0 V                 ; -                  ; n/a           ; n/a             ; n/a         ;
; rs[25]          ; 3.3-V LVTTL  ; 0 in              ; 0 H/in                  ; 0 F/in                  ; short         ; -                   ; open           ; open             ; open   ; 0 in             ; 0 H/in                 ; 0 F/in                 ; short        ; open          ; open            ; open  ; 0 V                 ; -                  ; n/a           ; n/a             ; n/a         ;
; rs[24]          ; 3.3-V LVTTL  ; 0 in              ; 0 H/in                  ; 0 F/in                  ; short         ; -                   ; open           ; open             ; open   ; 0 in             ; 0 H/in                 ; 0 F/in                 ; short        ; open          ; open            ; open  ; 0 V                 ; -                  ; n/a           ; n/a             ; n/a         ;
; rs[23]          ; 3.3-V LVTTL  ; 0 in              ; 0 H/in                  ; 0 F/in                  ; short         ; -                   ; open           ; open             ; open   ; 0 in             ; 0 H/in                 ; 0 F/in                 ; short        ; open          ; open            ; open  ; 0 V                 ; -                  ; n/a           ; n/a             ; n/a         ;
; rs[22]          ; 3.3-V LVTTL  ; 0 in              ; 0 H/in                  ; 0 F/in                  ; short         ; -                   ; open           ; open             ; open   ; 0 in             ; 0 H/in                 ; 0 F/in                 ; short        ; open          ; open            ; open  ; 0 V                 ; -                  ; n/a           ; n/a             ; n/a         ;
; rs[21]          ; 3.3-V LVTTL  ; 0 in              ; 0 H/in                  ; 0 F/in                  ; short         ; -                   ; open           ; open             ; open   ; 0 in             ; 0 H/in                 ; 0 F/in                 ; short        ; open          ; open            ; open  ; 0 V                 ; -                  ; n/a           ; n/a             ; n/a         ;
; rt[20]          ; 3.3-V LVTTL  ; 0 in              ; 0 H/in                  ; 0 F/in                  ; short         ; -                   ; open           ; open             ; open   ; 0 in             ; 0 H/in                 ; 0 F/in                 ; short        ; open          ; open            ; open  ; 0 V                 ; -                  ; n/a           ; n/a             ; n/a         ;
; rt[19]          ; 3.3-V LVTTL  ; 0 in              ; 0 H/in                  ; 0 F/in                  ; short         ; -                   ; open           ; open             ; open   ; 0 in             ; 0 H/in                 ; 0 F/in                 ; short        ; open          ; open            ; open  ; 0 V                 ; -                  ; n/a           ; n/a             ; n/a         ;
; rt[18]          ; 3.3-V LVTTL  ; 0 in              ; 0 H/in                  ; 0 F/in                  ; short         ; -                   ; open           ; open             ; open   ; 0 in             ; 0 H/in                 ; 0 F/in                 ; short        ; open          ; open            ; open  ; 0 V                 ; -                  ; n/a           ; n/a             ; n/a         ;
; rt[17]          ; 3.3-V LVTTL  ; 0 in              ; 0 H/in                  ; 0 F/in                  ; short         ; -                   ; open           ; open             ; open   ; 0 in             ; 0 H/in                 ; 0 F/in                 ; short        ; open          ; open            ; open  ; 0 V                 ; -                  ; n/a           ; n/a             ; n/a         ;
; rt[16]          ; 3.3-V LVTTL  ; 0 in              ; 0 H/in                  ; 0 F/in                  ; short         ; -                   ; open           ; open             ; open   ; 0 in             ; 0 H/in                 ; 0 F/in                 ; short        ; open          ; open            ; open  ; 0 V                 ; -                  ; n/a           ; n/a             ; n/a         ;
; shamt[10]       ; 3.3-V LVTTL  ; 0 in              ; 0 H/in                  ; 0 F/in                  ; short         ; -                   ; open           ; open             ; open   ; 0 in             ; 0 H/in                 ; 0 F/in                 ; short        ; open          ; open            ; open  ; 0 V                 ; -                  ; n/a           ; n/a             ; n/a         ;
; shamt[9]        ; 3.3-V LVTTL  ; 0 in              ; 0 H/in                  ; 0 F/in                  ; short         ; -                   ; open           ; open             ; open   ; 0 in             ; 0 H/in                 ; 0 F/in                 ; short        ; open          ; open            ; open  ; 0 V                 ; -                  ; n/a           ; n/a             ; n/a         ;
; shamt[8]        ; 3.3-V LVTTL  ; 0 in              ; 0 H/in                  ; 0 F/in                  ; short         ; -                   ; open           ; open             ; open   ; 0 in             ; 0 H/in                 ; 0 F/in                 ; short        ; open          ; open            ; open  ; 0 V                 ; -                  ; n/a           ; n/a             ; n/a         ;
; shamt[7]        ; 3.3-V LVTTL  ; 0 in              ; 0 H/in                  ; 0 F/in                  ; short         ; -                   ; open           ; open             ; open   ; 0 in             ; 0 H/in                 ; 0 F/in                 ; short        ; open          ; open            ; open  ; 0 V                 ; -                  ; n/a           ; n/a             ; n/a         ;
; shamt[6]        ; 3.3-V LVTTL  ; 0 in              ; 0 H/in                  ; 0 F/in                  ; short         ; -                   ; open           ; open             ; open   ; 0 in             ; 0 H/in                 ; 0 F/in                 ; short        ; open          ; open            ; open  ; 0 V                 ; -                  ; n/a           ; n/a             ; n/a         ;
; ~ALTERA_DCLK~   ; 3.3-V LVTTL  ; 0 in              ; 0 H/in                  ; 0 F/in                  ; short         ; -                   ; open           ; open             ; open   ; 0 in             ; 0 H/in                 ; 0 F/in                 ; short        ; open          ; open            ; open  ; 0 V                 ; -                  ; n/a           ; n/a             ; n/a         ;
; ~ALTERA_nCEO~   ; 3.3-V LVTTL  ; 0 in              ; 0 H/in                  ; 0 F/in                  ; short         ; -                   ; open           ; open             ; open   ; 0 in             ; 0 H/in                 ; 0 F/in                 ; short        ; open          ; open            ; open  ; 0 V                 ; -                  ; n/a           ; n/a             ; n/a         ;
+-----------------+--------------+-------------------+-------------------------+-------------------------+---------------+---------------------+----------------+------------------+--------+------------------+------------------------+------------------------+--------------+---------------+-----------------+-------+---------------------+--------------------+---------------+-----------------+-------------+


+----------------------------------------------------------------------------+
; Input Transition Times                                                     ;
+-------------------------+--------------+-----------------+-----------------+
; Pin                     ; I/O Standard ; 10-90 Rise Time ; 90-10 Fall Time ;
+-------------------------+--------------+-----------------+-----------------+
; clock                   ; 3.3-V LVTTL  ; 2640 ps         ; 2640 ps         ;
; reset                   ; 3.3-V LVTTL  ; 2640 ps         ; 2640 ps         ;
; ~ALTERA_ASDO_DATA1~     ; 3.3-V LVTTL  ; 2640 ps         ; 2640 ps         ;
; ~ALTERA_FLASH_nCE_nCSO~ ; 3.3-V LVTTL  ; 2640 ps         ; 2640 ps         ;
; ~ALTERA_DATA0~          ; 3.3-V LVTTL  ; 2640 ps         ; 2640 ps         ;
+-------------------------+--------------+-----------------+-----------------+


+----------------------------------------------------------------------------------------------------------------------------------------------------------------------------------------------------------------------------------------------------------------------------------------------------------------------------------------------------------------------------------------------------------------------------------------------------------------------------------------------------------------------------------------------------------------------------------------------------------------------------------------------------------------------------------------------+
; Slow Corner Signal Integrity Metrics                                                                                                                                                                                                                                                                                                                                                                                                                                                                                                                                                                                                                                                         ;
+-----------------+--------------+---------------------+---------------------+------------------------------+------------------------------+---------------------+---------------------+--------------------------------------+--------------------------------------+-----------------------------+-----------------------------+----------------------------+----------------------------+-----------------------------+-----------------------------+--------------------+--------------------+-------------------------------------+-------------------------------------+----------------------------+----------------------------+---------------------------+---------------------------+
; Pin             ; I/O Standard ; Board Delay on Rise ; Board Delay on Fall ; Steady State Voh at FPGA Pin ; Steady State Vol at FPGA Pin ; Voh Max at FPGA Pin ; Vol Min at FPGA Pin ; Ringback Voltage on Rise at FPGA Pin ; Ringback Voltage on Fall at FPGA Pin ; 10-90 Rise Time at FPGA Pin ; 90-10 Fall Time at FPGA Pin ; Monotonic Rise at FPGA Pin ; Monotonic Fall at FPGA Pin ; Steady State Voh at Far-end ; Steady State Vol at Far-end ; Voh Max at Far-end ; Vol Min at Far-end ; Ringback Voltage on Rise at Far-end ; Ringback Voltage on Fall at Far-end ; 10-90 Rise Time at Far-end ; 90-10 Fall Time at Far-end ; Monotonic Rise at Far-end ; Monotonic Fall at Far-end ;
+-----------------+--------------+---------------------+---------------------+------------------------------+------------------------------+---------------------+---------------------+--------------------------------------+--------------------------------------+-----------------------------+-----------------------------+----------------------------+----------------------------+-----------------------------+-----------------------------+--------------------+--------------------+-------------------------------------+-------------------------------------+----------------------------+----------------------------+---------------------------+---------------------------+
; Branch          ; 3.3-V LVTTL  ; 0 s                 ; 0 s                 ; 3.08 V                       ; 2.06e-06 V                   ; 3.12 V              ; -0.0308 V           ; 0.224 V                              ; 0.218 V                              ; 1.32e-09 s                  ; 1.07e-09 s                  ; No                         ; Yes                        ; 3.08 V                      ; 2.06e-06 V                  ; 3.12 V             ; -0.0308 V          ; 0.224 V                             ; 0.218 V                             ; 1.32e-09 s                 ; 1.07e-09 s                 ; No                        ; Yes                       ;
; Instruction[31] ; 3.3-V LVTTL  ; 0 s                 ; 0 s                 ; 3.08 V                       ; 2.06e-06 V                   ; 3.12 V              ; -0.0308 V           ; 0.224 V                              ; 0.218 V                              ; 1.32e-09 s                  ; 1.07e-09 s                  ; No                         ; Yes                        ; 3.08 V                      ; 2.06e-06 V                  ; 3.12 V             ; -0.0308 V          ; 0.224 V                             ; 0.218 V                             ; 1.32e-09 s                 ; 1.07e-09 s                 ; No                        ; Yes                       ;
; Instruction[30] ; 3.3-V LVTTL  ; 0 s                 ; 0 s                 ; 3.08 V                       ; 3.08e-06 V                   ; 3.13 V              ; -0.0523 V           ; 0.237 V                              ; 0.168 V                              ; 6.67e-10 s                  ; 6.11e-10 s                  ; No                         ; No                         ; 3.08 V                      ; 3.08e-06 V                  ; 3.13 V             ; -0.0523 V          ; 0.237 V                             ; 0.168 V                             ; 6.67e-10 s                 ; 6.11e-10 s                 ; No                        ; No                        ;
; Instruction[29] ; 3.3-V LVTTL  ; 0 s                 ; 0 s                 ; 3.08 V                       ; 2.06e-06 V                   ; 3.12 V              ; -0.0308 V           ; 0.224 V                              ; 0.218 V                              ; 1.32e-09 s                  ; 1.07e-09 s                  ; No                         ; Yes                        ; 3.08 V                      ; 2.06e-06 V                  ; 3.12 V             ; -0.0308 V          ; 0.224 V                             ; 0.218 V                             ; 1.32e-09 s                 ; 1.07e-09 s                 ; No                        ; Yes                       ;
; Instruction[28] ; 3.3-V LVTTL  ; 0 s                 ; 0 s                 ; 3.08 V                       ; 3.08e-06 V                   ; 3.13 V              ; -0.0523 V           ; 0.237 V                              ; 0.168 V                              ; 6.67e-10 s                  ; 6.11e-10 s                  ; No                         ; No                         ; 3.08 V                      ; 3.08e-06 V                  ; 3.13 V             ; -0.0523 V          ; 0.237 V                             ; 0.168 V                             ; 6.67e-10 s                 ; 6.11e-10 s                 ; No                        ; No                        ;
; Instruction[27] ; 3.3-V LVTTL  ; 0 s                 ; 0 s                 ; 3.08 V                       ; 2.06e-06 V                   ; 3.12 V              ; -0.0308 V           ; 0.224 V                              ; 0.218 V                              ; 1.32e-09 s                  ; 1.07e-09 s                  ; No                         ; Yes                        ; 3.08 V                      ; 2.06e-06 V                  ; 3.12 V             ; -0.0308 V          ; 0.224 V                             ; 0.218 V                             ; 1.32e-09 s                 ; 1.07e-09 s                 ; No                        ; Yes                       ;
; Instruction[26] ; 3.3-V LVTTL  ; 0 s                 ; 0 s                 ; 3.08 V                       ; 3.08e-06 V                   ; 3.13 V              ; -0.0523 V           ; 0.237 V                              ; 0.168 V                              ; 6.67e-10 s                  ; 6.11e-10 s                  ; No                         ; No                         ; 3.08 V                      ; 3.08e-06 V                  ; 3.13 V             ; -0.0523 V          ; 0.237 V                             ; 0.168 V                             ; 6.67e-10 s                 ; 6.11e-10 s                 ; No                        ; No                        ;
; Instruction[25] ; 3.3-V LVTTL  ; 0 s                 ; 0 s                 ; 3.08 V                       ; 3.08e-06 V                   ; 3.13 V              ; -0.0523 V           ; 0.237 V                              ; 0.168 V                              ; 6.67e-10 s                  ; 6.11e-10 s                  ; No                         ; No                         ; 3.08 V                      ; 3.08e-06 V                  ; 3.13 V             ; -0.0523 V          ; 0.237 V                             ; 0.168 V                             ; 6.67e-10 s                 ; 6.11e-10 s                 ; No                        ; No                        ;
; Instruction[24] ; 3.3-V LVTTL  ; 0 s                 ; 0 s                 ; 3.08 V                       ; 3.08e-06 V                   ; 3.13 V              ; -0.0523 V           ; 0.237 V                              ; 0.168 V                              ; 6.67e-10 s                  ; 6.11e-10 s                  ; No                         ; No                         ; 3.08 V                      ; 3.08e-06 V                  ; 3.13 V             ; -0.0523 V          ; 0.237 V                             ; 0.168 V                             ; 6.67e-10 s                 ; 6.11e-10 s                 ; No                        ; No                        ;
; Instruction[23] ; 3.3-V LVTTL  ; 0 s                 ; 0 s                 ; 3.08 V                       ; 3.08e-06 V                   ; 3.13 V              ; -0.0523 V           ; 0.237 V                              ; 0.168 V                              ; 6.67e-10 s                  ; 6.11e-10 s                  ; No                         ; No                         ; 3.08 V                      ; 3.08e-06 V                  ; 3.13 V             ; -0.0523 V          ; 0.237 V                             ; 0.168 V                             ; 6.67e-10 s                 ; 6.11e-10 s                 ; No                        ; No                        ;
; Instruction[22] ; 3.3-V LVTTL  ; 0 s                 ; 0 s                 ; 3.08 V                       ; 3.08e-06 V                   ; 3.13 V              ; -0.0523 V           ; 0.237 V                              ; 0.168 V                              ; 6.67e-10 s                  ; 6.11e-10 s                  ; No                         ; No                         ; 3.08 V                      ; 3.08e-06 V                  ; 3.13 V             ; -0.0523 V          ; 0.237 V                             ; 0.168 V                             ; 6.67e-10 s                 ; 6.11e-10 s                 ; No                        ; No                        ;
; Instruction[21] ; 3.3-V LVTTL  ; 0 s                 ; 0 s                 ; 3.08 V                       ; 2.06e-06 V                   ; 3.12 V              ; -0.0308 V           ; 0.224 V                              ; 0.218 V                              ; 1.32e-09 s                  ; 1.07e-09 s                  ; No                         ; Yes                        ; 3.08 V                      ; 2.06e-06 V                  ; 3.12 V             ; -0.0308 V          ; 0.224 V                             ; 0.218 V                             ; 1.32e-09 s                 ; 1.07e-09 s                 ; No                        ; Yes                       ;
; Instruction[20] ; 3.3-V LVTTL  ; 0 s                 ; 0 s                 ; 3.08 V                       ; 3.08e-06 V                   ; 3.13 V              ; -0.0523 V           ; 0.237 V                              ; 0.168 V                              ; 6.67e-10 s                  ; 6.11e-10 s                  ; No                         ; No                         ; 3.08 V                      ; 3.08e-06 V                  ; 3.13 V             ; -0.0523 V          ; 0.237 V                             ; 0.168 V                             ; 6.67e-10 s                 ; 6.11e-10 s                 ; No                        ; No                        ;
; Instruction[19] ; 3.3-V LVTTL  ; 0 s                 ; 0 s                 ; 3.08 V                       ; 3.08e-06 V                   ; 3.13 V              ; -0.0523 V           ; 0.237 V                              ; 0.168 V                              ; 6.67e-10 s                  ; 6.11e-10 s                  ; No                         ; No                         ; 3.08 V                      ; 3.08e-06 V                  ; 3.13 V             ; -0.0523 V          ; 0.237 V                             ; 0.168 V                             ; 6.67e-10 s                 ; 6.11e-10 s                 ; No                        ; No                        ;
; Instruction[18] ; 3.3-V LVTTL  ; 0 s                 ; 0 s                 ; 3.08 V                       ; 2.06e-06 V                   ; 3.12 V              ; -0.0308 V           ; 0.224 V                              ; 0.218 V                              ; 1.32e-09 s                  ; 1.07e-09 s                  ; No                         ; Yes                        ; 3.08 V                      ; 2.06e-06 V                  ; 3.12 V             ; -0.0308 V          ; 0.224 V                             ; 0.218 V                             ; 1.32e-09 s                 ; 1.07e-09 s                 ; No                        ; Yes                       ;
; Instruction[17] ; 3.3-V LVTTL  ; 0 s                 ; 0 s                 ; 3.08 V                       ; 2.06e-06 V                   ; 3.12 V              ; -0.0308 V           ; 0.224 V                              ; 0.218 V                              ; 1.32e-09 s                  ; 1.07e-09 s                  ; No                         ; Yes                        ; 3.08 V                      ; 2.06e-06 V                  ; 3.12 V             ; -0.0308 V          ; 0.224 V                             ; 0.218 V                             ; 1.32e-09 s                 ; 1.07e-09 s                 ; No                        ; Yes                       ;
; Instruction[16] ; 3.3-V LVTTL  ; 0 s                 ; 0 s                 ; 3.08 V                       ; 2.06e-06 V                   ; 3.12 V              ; -0.0308 V           ; 0.224 V                              ; 0.218 V                              ; 1.32e-09 s                  ; 1.07e-09 s                  ; No                         ; Yes                        ; 3.08 V                      ; 2.06e-06 V                  ; 3.12 V             ; -0.0308 V          ; 0.224 V                             ; 0.218 V                             ; 1.32e-09 s                 ; 1.07e-09 s                 ; No                        ; Yes                       ;
; Instruction[15] ; 3.3-V LVTTL  ; 0 s                 ; 0 s                 ; 3.08 V                       ; 2.06e-06 V                   ; 3.12 V              ; -0.0308 V           ; 0.224 V                              ; 0.218 V                              ; 1.32e-09 s                  ; 1.07e-09 s                  ; No                         ; Yes                        ; 3.08 V                      ; 2.06e-06 V                  ; 3.12 V             ; -0.0308 V          ; 0.224 V                             ; 0.218 V                             ; 1.32e-09 s                 ; 1.07e-09 s                 ; No                        ; Yes                       ;
; Instruction[14] ; 3.3-V LVTTL  ; 0 s                 ; 0 s                 ; 3.08 V                       ; 2.06e-06 V                   ; 3.12 V              ; -0.0308 V           ; 0.224 V                              ; 0.218 V                              ; 1.32e-09 s                  ; 1.07e-09 s                  ; No                         ; Yes                        ; 3.08 V                      ; 2.06e-06 V                  ; 3.12 V             ; -0.0308 V          ; 0.224 V                             ; 0.218 V                             ; 1.32e-09 s                 ; 1.07e-09 s                 ; No                        ; Yes                       ;
; Instruction[13] ; 3.3-V LVTTL  ; 0 s                 ; 0 s                 ; 3.08 V                       ; 2.06e-06 V                   ; 3.12 V              ; -0.0308 V           ; 0.224 V                              ; 0.218 V                              ; 1.32e-09 s                  ; 1.07e-09 s                  ; No                         ; Yes                        ; 3.08 V                      ; 2.06e-06 V                  ; 3.12 V             ; -0.0308 V          ; 0.224 V                             ; 0.218 V                             ; 1.32e-09 s                 ; 1.07e-09 s                 ; No                        ; Yes                       ;
; Instruction[12] ; 3.3-V LVTTL  ; 0 s                 ; 0 s                 ; 3.08 V                       ; 3.08e-06 V                   ; 3.13 V              ; -0.0523 V           ; 0.237 V                              ; 0.168 V                              ; 6.67e-10 s                  ; 6.11e-10 s                  ; No                         ; No                         ; 3.08 V                      ; 3.08e-06 V                  ; 3.13 V             ; -0.0523 V          ; 0.237 V                             ; 0.168 V                             ; 6.67e-10 s                 ; 6.11e-10 s                 ; No                        ; No                        ;
; Instruction[11] ; 3.3-V LVTTL  ; 0 s                 ; 0 s                 ; 3.08 V                       ; 3.08e-06 V                   ; 3.13 V              ; -0.0523 V           ; 0.237 V                              ; 0.168 V                              ; 6.67e-10 s                  ; 6.11e-10 s                  ; No                         ; No                         ; 3.08 V                      ; 3.08e-06 V                  ; 3.13 V             ; -0.0523 V          ; 0.237 V                             ; 0.168 V                             ; 6.67e-10 s                 ; 6.11e-10 s                 ; No                        ; No                        ;
; Instruction[10] ; 3.3-V LVTTL  ; 0 s                 ; 0 s                 ; 3.08 V                       ; 2.06e-06 V                   ; 3.12 V              ; -0.0308 V           ; 0.224 V                              ; 0.218 V                              ; 1.32e-09 s                  ; 1.07e-09 s                  ; No                         ; Yes                        ; 3.08 V                      ; 2.06e-06 V                  ; 3.12 V             ; -0.0308 V          ; 0.224 V                             ; 0.218 V                             ; 1.32e-09 s                 ; 1.07e-09 s                 ; No                        ; Yes                       ;
; Instruction[9]  ; 3.3-V LVTTL  ; 0 s                 ; 0 s                 ; 3.08 V                       ; 3.08e-06 V                   ; 3.13 V              ; -0.0523 V           ; 0.237 V                              ; 0.168 V                              ; 6.67e-10 s                  ; 6.11e-10 s                  ; No                         ; No                         ; 3.08 V                      ; 3.08e-06 V                  ; 3.13 V             ; -0.0523 V          ; 0.237 V                             ; 0.168 V                             ; 6.67e-10 s                 ; 6.11e-10 s                 ; No                        ; No                        ;
; Instruction[8]  ; 3.3-V LVTTL  ; 0 s                 ; 0 s                 ; 3.08 V                       ; 3.08e-06 V                   ; 3.13 V              ; -0.0523 V           ; 0.237 V                              ; 0.168 V                              ; 6.67e-10 s                  ; 6.11e-10 s                  ; No                         ; No                         ; 3.08 V                      ; 3.08e-06 V                  ; 3.13 V             ; -0.0523 V          ; 0.237 V                             ; 0.168 V                             ; 6.67e-10 s                 ; 6.11e-10 s                 ; No                        ; No                        ;
; Instruction[7]  ; 3.3-V LVTTL  ; 0 s                 ; 0 s                 ; 3.08 V                       ; 3.08e-06 V                   ; 3.13 V              ; -0.0523 V           ; 0.237 V                              ; 0.168 V                              ; 6.67e-10 s                  ; 6.11e-10 s                  ; No                         ; No                         ; 3.08 V                      ; 3.08e-06 V                  ; 3.13 V             ; -0.0523 V          ; 0.237 V                             ; 0.168 V                             ; 6.67e-10 s                 ; 6.11e-10 s                 ; No                        ; No                        ;
; Instruction[6]  ; 3.3-V LVTTL  ; 0 s                 ; 0 s                 ; 3.08 V                       ; 3.08e-06 V                   ; 3.13 V              ; -0.0523 V           ; 0.237 V                              ; 0.168 V                              ; 6.67e-10 s                  ; 6.11e-10 s                  ; No                         ; No                         ; 3.08 V                      ; 3.08e-06 V                  ; 3.13 V             ; -0.0523 V          ; 0.237 V                             ; 0.168 V                             ; 6.67e-10 s                 ; 6.11e-10 s                 ; No                        ; No                        ;
; Instruction[5]  ; 3.3-V LVTTL  ; 0 s                 ; 0 s                 ; 3.08 V                       ; 2.06e-06 V                   ; 3.12 V              ; -0.0308 V           ; 0.224 V                              ; 0.218 V                              ; 1.32e-09 s                  ; 1.07e-09 s                  ; No                         ; Yes                        ; 3.08 V                      ; 2.06e-06 V                  ; 3.12 V             ; -0.0308 V          ; 0.224 V                             ; 0.218 V                             ; 1.32e-09 s                 ; 1.07e-09 s                 ; No                        ; Yes                       ;
; Instruction[4]  ; 3.3-V LVTTL  ; 0 s                 ; 0 s                 ; 3.08 V                       ; 3.08e-06 V                   ; 3.13 V              ; -0.0523 V           ; 0.237 V                              ; 0.168 V                              ; 6.67e-10 s                  ; 6.11e-10 s                  ; No                         ; No                         ; 3.08 V                      ; 3.08e-06 V                  ; 3.13 V             ; -0.0523 V          ; 0.237 V                             ; 0.168 V                             ; 6.67e-10 s                 ; 6.11e-10 s                 ; No                        ; No                        ;
; Instruction[3]  ; 3.3-V LVTTL  ; 0 s                 ; 0 s                 ; 3.08 V                       ; 3.08e-06 V                   ; 3.13 V              ; -0.0523 V           ; 0.237 V                              ; 0.168 V                              ; 6.67e-10 s                  ; 6.11e-10 s                  ; No                         ; No                         ; 3.08 V                      ; 3.08e-06 V                  ; 3.13 V             ; -0.0523 V          ; 0.237 V                             ; 0.168 V                             ; 6.67e-10 s                 ; 6.11e-10 s                 ; No                        ; No                        ;
; Instruction[2]  ; 3.3-V LVTTL  ; 0 s                 ; 0 s                 ; 3.08 V                       ; 3.08e-06 V                   ; 3.13 V              ; -0.0523 V           ; 0.237 V                              ; 0.168 V                              ; 6.67e-10 s                  ; 6.11e-10 s                  ; No                         ; No                         ; 3.08 V                      ; 3.08e-06 V                  ; 3.13 V             ; -0.0523 V          ; 0.237 V                             ; 0.168 V                             ; 6.67e-10 s                 ; 6.11e-10 s                 ; No                        ; No                        ;
; Instruction[1]  ; 3.3-V LVTTL  ; 0 s                 ; 0 s                 ; 3.08 V                       ; 2.06e-06 V                   ; 3.12 V              ; -0.0308 V           ; 0.224 V                              ; 0.218 V                              ; 1.32e-09 s                  ; 1.07e-09 s                  ; No                         ; Yes                        ; 3.08 V                      ; 2.06e-06 V                  ; 3.12 V             ; -0.0308 V          ; 0.224 V                             ; 0.218 V                             ; 1.32e-09 s                 ; 1.07e-09 s                 ; No                        ; Yes                       ;
; Instruction[0]  ; 3.3-V LVTTL  ; 0 s                 ; 0 s                 ; 3.08 V                       ; 3.08e-06 V                   ; 3.13 V              ; -0.0523 V           ; 0.237 V                              ; 0.168 V                              ; 6.67e-10 s                  ; 6.11e-10 s                  ; No                         ; No                         ; 3.08 V                      ; 3.08e-06 V                  ; 3.13 V             ; -0.0523 V          ; 0.237 V                             ; 0.168 V                             ; 6.67e-10 s                 ; 6.11e-10 s                 ; No                        ; No                        ;
; PC[31]          ; 3.3-V LVTTL  ; 0 s                 ; 0 s                 ; 3.08 V                       ; 3.08e-06 V                   ; 3.13 V              ; -0.0523 V           ; 0.237 V                              ; 0.168 V                              ; 6.67e-10 s                  ; 6.11e-10 s                  ; No                         ; No                         ; 3.08 V                      ; 3.08e-06 V                  ; 3.13 V             ; -0.0523 V          ; 0.237 V                             ; 0.168 V                             ; 6.67e-10 s                 ; 6.11e-10 s                 ; No                        ; No                        ;
; PC[30]          ; 3.3-V LVTTL  ; 0 s                 ; 0 s                 ; 3.08 V                       ; 2.06e-06 V                   ; 3.12 V              ; -0.0394 V           ; 0.292 V                              ; 0.189 V                              ; 9.15e-10 s                  ; 8.34e-10 s                  ; No                         ; Yes                        ; 3.08 V                      ; 2.06e-06 V                  ; 3.12 V             ; -0.0394 V          ; 0.292 V                             ; 0.189 V                             ; 9.15e-10 s                 ; 8.34e-10 s                 ; No                        ; Yes                       ;
; PC[29]          ; 3.3-V LVTTL  ; 0 s                 ; 0 s                 ; 3.08 V                       ; 3.08e-06 V                   ; 3.13 V              ; -0.0523 V           ; 0.237 V                              ; 0.168 V                              ; 6.67e-10 s                  ; 6.11e-10 s                  ; No                         ; No                         ; 3.08 V                      ; 3.08e-06 V                  ; 3.13 V             ; -0.0523 V          ; 0.237 V                             ; 0.168 V                             ; 6.67e-10 s                 ; 6.11e-10 s                 ; No                        ; No                        ;
; PC[28]          ; 3.3-V LVTTL  ; 0 s                 ; 0 s                 ; 3.08 V                       ; 3.08e-06 V                   ; 3.13 V              ; -0.0523 V           ; 0.237 V                              ; 0.168 V                              ; 6.67e-10 s                  ; 6.11e-10 s                  ; No                         ; No                         ; 3.08 V                      ; 3.08e-06 V                  ; 3.13 V             ; -0.0523 V          ; 0.237 V                             ; 0.168 V                             ; 6.67e-10 s                 ; 6.11e-10 s                 ; No                        ; No                        ;
; PC[27]          ; 3.3-V LVTTL  ; 0 s                 ; 0 s                 ; 3.08 V                       ; 2.06e-06 V                   ; 3.08 V              ; -0.00513 V          ; 0.274 V                              ; 0.267 V                              ; 5.67e-09 s                  ; 4.62e-09 s                  ; No                         ; Yes                        ; 3.08 V                      ; 2.06e-06 V                  ; 3.08 V             ; -0.00513 V         ; 0.274 V                             ; 0.267 V                             ; 5.67e-09 s                 ; 4.62e-09 s                 ; No                        ; Yes                       ;
; PC[26]          ; 3.3-V LVTTL  ; 0 s                 ; 0 s                 ; 3.08 V                       ; 2.06e-06 V                   ; 3.12 V              ; -0.0308 V           ; 0.224 V                              ; 0.218 V                              ; 1.32e-09 s                  ; 1.07e-09 s                  ; No                         ; Yes                        ; 3.08 V                      ; 2.06e-06 V                  ; 3.12 V             ; -0.0308 V          ; 0.224 V                             ; 0.218 V                             ; 1.32e-09 s                 ; 1.07e-09 s                 ; No                        ; Yes                       ;
; PC[25]          ; 3.3-V LVTTL  ; 0 s                 ; 0 s                 ; 3.08 V                       ; 3.08e-06 V                   ; 3.13 V              ; -0.0523 V           ; 0.237 V                              ; 0.168 V                              ; 6.67e-10 s                  ; 6.11e-10 s                  ; No                         ; No                         ; 3.08 V                      ; 3.08e-06 V                  ; 3.13 V             ; -0.0523 V          ; 0.237 V                             ; 0.168 V                             ; 6.67e-10 s                 ; 6.11e-10 s                 ; No                        ; No                        ;
; PC[24]          ; 3.3-V LVTTL  ; 0 s                 ; 0 s                 ; 3.08 V                       ; 3.08e-06 V                   ; 3.13 V              ; -0.0523 V           ; 0.237 V                              ; 0.168 V                              ; 6.67e-10 s                  ; 6.11e-10 s                  ; No                         ; No                         ; 3.08 V                      ; 3.08e-06 V                  ; 3.13 V             ; -0.0523 V          ; 0.237 V                             ; 0.168 V                             ; 6.67e-10 s                 ; 6.11e-10 s                 ; No                        ; No                        ;
; PC[23]          ; 3.3-V LVTTL  ; 0 s                 ; 0 s                 ; 3.08 V                       ; 2.06e-06 V                   ; 3.12 V              ; -0.0308 V           ; 0.224 V                              ; 0.218 V                              ; 1.32e-09 s                  ; 1.07e-09 s                  ; No                         ; Yes                        ; 3.08 V                      ; 2.06e-06 V                  ; 3.12 V             ; -0.0308 V          ; 0.224 V                             ; 0.218 V                             ; 1.32e-09 s                 ; 1.07e-09 s                 ; No                        ; Yes                       ;
; PC[22]          ; 3.3-V LVTTL  ; 0 s                 ; 0 s                 ; 3.08 V                       ; 3.08e-06 V                   ; 3.13 V              ; -0.0523 V           ; 0.237 V                              ; 0.168 V                              ; 6.67e-10 s                  ; 6.11e-10 s                  ; No                         ; No                         ; 3.08 V                      ; 3.08e-06 V                  ; 3.13 V             ; -0.0523 V          ; 0.237 V                             ; 0.168 V                             ; 6.67e-10 s                 ; 6.11e-10 s                 ; No                        ; No                        ;
; PC[21]          ; 3.3-V LVTTL  ; 0 s                 ; 0 s                 ; 3.08 V                       ; 3.08e-06 V                   ; 3.13 V              ; -0.0523 V           ; 0.237 V                              ; 0.168 V                              ; 6.67e-10 s                  ; 6.11e-10 s                  ; No                         ; No                         ; 3.08 V                      ; 3.08e-06 V                  ; 3.13 V             ; -0.0523 V          ; 0.237 V                             ; 0.168 V                             ; 6.67e-10 s                 ; 6.11e-10 s                 ; No                        ; No                        ;
; PC[20]          ; 3.3-V LVTTL  ; 0 s                 ; 0 s                 ; 3.08 V                       ; 3.08e-06 V                   ; 3.13 V              ; -0.0523 V           ; 0.237 V                              ; 0.168 V                              ; 6.67e-10 s                  ; 6.11e-10 s                  ; No                         ; No                         ; 3.08 V                      ; 3.08e-06 V                  ; 3.13 V             ; -0.0523 V          ; 0.237 V                             ; 0.168 V                             ; 6.67e-10 s                 ; 6.11e-10 s                 ; No                        ; No                        ;
; PC[19]          ; 3.3-V LVTTL  ; 0 s                 ; 0 s                 ; 3.08 V                       ; 2.06e-06 V                   ; 3.12 V              ; -0.0308 V           ; 0.224 V                              ; 0.218 V                              ; 1.32e-09 s                  ; 1.07e-09 s                  ; No                         ; Yes                        ; 3.08 V                      ; 2.06e-06 V                  ; 3.12 V             ; -0.0308 V          ; 0.224 V                             ; 0.218 V                             ; 1.32e-09 s                 ; 1.07e-09 s                 ; No                        ; Yes                       ;
; PC[18]          ; 3.3-V LVTTL  ; 0 s                 ; 0 s                 ; 3.08 V                       ; 3.08e-06 V                   ; 3.08 V              ; -0.00596 V          ; 0.305 V                              ; 0.266 V                              ; 5.3e-09 s                   ; 4.39e-09 s                  ; Yes                        ; Yes                        ; 3.08 V                      ; 3.08e-06 V                  ; 3.08 V             ; -0.00596 V         ; 0.305 V                             ; 0.266 V                             ; 5.3e-09 s                  ; 4.39e-09 s                 ; Yes                       ; Yes                       ;
; PC[17]          ; 3.3-V LVTTL  ; 0 s                 ; 0 s                 ; 3.08 V                       ; 2.06e-06 V                   ; 3.12 V              ; -0.0308 V           ; 0.224 V                              ; 0.218 V                              ; 1.32e-09 s                  ; 1.07e-09 s                  ; No                         ; Yes                        ; 3.08 V                      ; 2.06e-06 V                  ; 3.12 V             ; -0.0308 V          ; 0.224 V                             ; 0.218 V                             ; 1.32e-09 s                 ; 1.07e-09 s                 ; No                        ; Yes                       ;
; PC[16]          ; 3.3-V LVTTL  ; 0 s                 ; 0 s                 ; 3.08 V                       ; 2.06e-06 V                   ; 3.12 V              ; -0.0308 V           ; 0.224 V                              ; 0.218 V                              ; 1.32e-09 s                  ; 1.07e-09 s                  ; No                         ; Yes                        ; 3.08 V                      ; 2.06e-06 V                  ; 3.12 V             ; -0.0308 V          ; 0.224 V                             ; 0.218 V                             ; 1.32e-09 s                 ; 1.07e-09 s                 ; No                        ; Yes                       ;
; PC[15]          ; 3.3-V LVTTL  ; 0 s                 ; 0 s                 ; 3.08 V                       ; 2.06e-06 V                   ; 3.12 V              ; -0.0308 V           ; 0.224 V                              ; 0.218 V                              ; 1.32e-09 s                  ; 1.07e-09 s                  ; No                         ; Yes                        ; 3.08 V                      ; 2.06e-06 V                  ; 3.12 V             ; -0.0308 V          ; 0.224 V                             ; 0.218 V                             ; 1.32e-09 s                 ; 1.07e-09 s                 ; No                        ; Yes                       ;
; PC[14]          ; 3.3-V LVTTL  ; 0 s                 ; 0 s                 ; 3.08 V                       ; 3.08e-06 V                   ; 3.13 V              ; -0.0523 V           ; 0.237 V                              ; 0.168 V                              ; 6.67e-10 s                  ; 6.11e-10 s                  ; No                         ; No                         ; 3.08 V                      ; 3.08e-06 V                  ; 3.13 V             ; -0.0523 V          ; 0.237 V                             ; 0.168 V                             ; 6.67e-10 s                 ; 6.11e-10 s                 ; No                        ; No                        ;
; PC[13]          ; 3.3-V LVTTL  ; 0 s                 ; 0 s                 ; 3.08 V                       ; 3.08e-06 V                   ; 3.13 V              ; -0.0523 V           ; 0.237 V                              ; 0.168 V                              ; 6.67e-10 s                  ; 6.11e-10 s                  ; No                         ; No                         ; 3.08 V                      ; 3.08e-06 V                  ; 3.13 V             ; -0.0523 V          ; 0.237 V                             ; 0.168 V                             ; 6.67e-10 s                 ; 6.11e-10 s                 ; No                        ; No                        ;
; PC[12]          ; 3.3-V LVTTL  ; 0 s                 ; 0 s                 ; 3.08 V                       ; 3.08e-06 V                   ; 3.13 V              ; -0.0523 V           ; 0.237 V                              ; 0.168 V                              ; 6.67e-10 s                  ; 6.11e-10 s                  ; No                         ; No                         ; 3.08 V                      ; 3.08e-06 V                  ; 3.13 V             ; -0.0523 V          ; 0.237 V                             ; 0.168 V                             ; 6.67e-10 s                 ; 6.11e-10 s                 ; No                        ; No                        ;
; PC[11]          ; 3.3-V LVTTL  ; 0 s                 ; 0 s                 ; 3.08 V                       ; 3.08e-06 V                   ; 3.13 V              ; -0.0523 V           ; 0.237 V                              ; 0.168 V                              ; 6.67e-10 s                  ; 6.11e-10 s                  ; No                         ; No                         ; 3.08 V                      ; 3.08e-06 V                  ; 3.13 V             ; -0.0523 V          ; 0.237 V                             ; 0.168 V                             ; 6.67e-10 s                 ; 6.11e-10 s                 ; No                        ; No                        ;
; PC[10]          ; 3.3-V LVTTL  ; 0 s                 ; 0 s                 ; 3.08 V                       ; 2.06e-06 V                   ; 3.12 V              ; -0.0308 V           ; 0.224 V                              ; 0.218 V                              ; 1.32e-09 s                  ; 1.07e-09 s                  ; No                         ; Yes                        ; 3.08 V                      ; 2.06e-06 V                  ; 3.12 V             ; -0.0308 V          ; 0.224 V                             ; 0.218 V                             ; 1.32e-09 s                 ; 1.07e-09 s                 ; No                        ; Yes                       ;
; PC[9]           ; 3.3-V LVTTL  ; 0 s                 ; 0 s                 ; 3.08 V                       ; 3.08e-06 V                   ; 3.13 V              ; -0.0523 V           ; 0.237 V                              ; 0.168 V                              ; 6.67e-10 s                  ; 6.11e-10 s                  ; No                         ; No                         ; 3.08 V                      ; 3.08e-06 V                  ; 3.13 V             ; -0.0523 V          ; 0.237 V                             ; 0.168 V                             ; 6.67e-10 s                 ; 6.11e-10 s                 ; No                        ; No                        ;
; PC[8]           ; 3.3-V LVTTL  ; 0 s                 ; 0 s                 ; 3.08 V                       ; 3.08e-06 V                   ; 3.13 V              ; -0.0523 V           ; 0.237 V                              ; 0.168 V                              ; 6.67e-10 s                  ; 6.11e-10 s                  ; No                         ; No                         ; 3.08 V                      ; 3.08e-06 V                  ; 3.13 V             ; -0.0523 V          ; 0.237 V                             ; 0.168 V                             ; 6.67e-10 s                 ; 6.11e-10 s                 ; No                        ; No                        ;
; PC[7]           ; 3.3-V LVTTL  ; 0 s                 ; 0 s                 ; 3.08 V                       ; 2.06e-06 V                   ; 3.12 V              ; -0.0308 V           ; 0.224 V                              ; 0.218 V                              ; 1.32e-09 s                  ; 1.07e-09 s                  ; No                         ; Yes                        ; 3.08 V                      ; 2.06e-06 V                  ; 3.12 V             ; -0.0308 V          ; 0.224 V                             ; 0.218 V                             ; 1.32e-09 s                 ; 1.07e-09 s                 ; No                        ; Yes                       ;
; PC[6]           ; 3.3-V LVTTL  ; 0 s                 ; 0 s                 ; 3.08 V                       ; 3.08e-06 V                   ; 3.13 V              ; -0.0523 V           ; 0.237 V                              ; 0.168 V                              ; 6.67e-10 s                  ; 6.11e-10 s                  ; No                         ; No                         ; 3.08 V                      ; 3.08e-06 V                  ; 3.13 V             ; -0.0523 V          ; 0.237 V                             ; 0.168 V                             ; 6.67e-10 s                 ; 6.11e-10 s                 ; No                        ; No                        ;
; PC[5]           ; 3.3-V LVTTL  ; 0 s                 ; 0 s                 ; 3.08 V                       ; 3.08e-06 V                   ; 3.13 V              ; -0.0523 V           ; 0.237 V                              ; 0.168 V                              ; 6.67e-10 s                  ; 6.11e-10 s                  ; No                         ; No                         ; 3.08 V                      ; 3.08e-06 V                  ; 3.13 V             ; -0.0523 V          ; 0.237 V                             ; 0.168 V                             ; 6.67e-10 s                 ; 6.11e-10 s                 ; No                        ; No                        ;
; PC[4]           ; 3.3-V LVTTL  ; 0 s                 ; 0 s                 ; 3.08 V                       ; 3.08e-06 V                   ; 3.13 V              ; -0.0523 V           ; 0.237 V                              ; 0.168 V                              ; 6.67e-10 s                  ; 6.11e-10 s                  ; No                         ; No                         ; 3.08 V                      ; 3.08e-06 V                  ; 3.13 V             ; -0.0523 V          ; 0.237 V                             ; 0.168 V                             ; 6.67e-10 s                 ; 6.11e-10 s                 ; No                        ; No                        ;
; PC[3]           ; 3.3-V LVTTL  ; 0 s                 ; 0 s                 ; 3.08 V                       ; 3.08e-06 V                   ; 3.13 V              ; -0.0523 V           ; 0.237 V                              ; 0.168 V                              ; 6.67e-10 s                  ; 6.11e-10 s                  ; No                         ; No                         ; 3.08 V                      ; 3.08e-06 V                  ; 3.13 V             ; -0.0523 V          ; 0.237 V                             ; 0.168 V                             ; 6.67e-10 s                 ; 6.11e-10 s                 ; No                        ; No                        ;
; PC[2]           ; 3.3-V LVTTL  ; 0 s                 ; 0 s                 ; 3.08 V                       ; 3.08e-06 V                   ; 3.13 V              ; -0.0523 V           ; 0.237 V                              ; 0.168 V                              ; 6.67e-10 s                  ; 6.11e-10 s                  ; No                         ; No                         ; 3.08 V                      ; 3.08e-06 V                  ; 3.13 V             ; -0.0523 V          ; 0.237 V                             ; 0.168 V                             ; 6.67e-10 s                 ; 6.11e-10 s                 ; No                        ; No                        ;
; PC[1]           ; 3.3-V LVTTL  ; 0 s                 ; 0 s                 ; 3.08 V                       ; 3.08e-06 V                   ; 3.13 V              ; -0.0523 V           ; 0.237 V                              ; 0.168 V                              ; 6.67e-10 s                  ; 6.11e-10 s                  ; No                         ; No                         ; 3.08 V                      ; 3.08e-06 V                  ; 3.13 V             ; -0.0523 V          ; 0.237 V                             ; 0.168 V                             ; 6.67e-10 s                 ; 6.11e-10 s                 ; No                        ; No                        ;
; PC[0]           ; 3.3-V LVTTL  ; 0 s                 ; 0 s                 ; 3.08 V                       ; 2.06e-06 V                   ; 3.12 V              ; -0.0308 V           ; 0.224 V                              ; 0.218 V                              ; 1.32e-09 s                  ; 1.07e-09 s                  ; No                         ; Yes                        ; 3.08 V                      ; 2.06e-06 V                  ; 3.12 V             ; -0.0308 V          ; 0.224 V                             ; 0.218 V                             ; 1.32e-09 s                 ; 1.07e-09 s                 ; No                        ; Yes                       ;
; RegDst          ; 3.3-V LVTTL  ; 0 s                 ; 0 s                 ; 3.08 V                       ; 3.08e-06 V                   ; 3.13 V              ; -0.0523 V           ; 0.237 V                              ; 0.168 V                              ; 6.67e-10 s                  ; 6.11e-10 s                  ; No                         ; No                         ; 3.08 V                      ; 3.08e-06 V                  ; 3.13 V             ; -0.0523 V          ; 0.237 V                             ; 0.168 V                             ; 6.67e-10 s                 ; 6.11e-10 s                 ; No                        ; No                        ;
; Operation[2]    ; 3.3-V LVTTL  ; 0 s                 ; 0 s                 ; 3.08 V                       ; 2.06e-06 V                   ; 3.12 V              ; -0.0308 V           ; 0.224 V                              ; 0.218 V                              ; 1.32e-09 s                  ; 1.07e-09 s                  ; No                         ; Yes                        ; 3.08 V                      ; 2.06e-06 V                  ; 3.12 V             ; -0.0308 V          ; 0.224 V                             ; 0.218 V                             ; 1.32e-09 s                 ; 1.07e-09 s                 ; No                        ; Yes                       ;
; Operation[1]    ; 3.3-V LVTTL  ; 0 s                 ; 0 s                 ; 3.08 V                       ; 2.06e-06 V                   ; 3.12 V              ; -0.0308 V           ; 0.224 V                              ; 0.218 V                              ; 1.32e-09 s                  ; 1.07e-09 s                  ; No                         ; Yes                        ; 3.08 V                      ; 2.06e-06 V                  ; 3.12 V             ; -0.0308 V          ; 0.224 V                             ; 0.218 V                             ; 1.32e-09 s                 ; 1.07e-09 s                 ; No                        ; Yes                       ;
; Operation[0]    ; 3.3-V LVTTL  ; 0 s                 ; 0 s                 ; 3.08 V                       ; 2.06e-06 V                   ; 3.12 V              ; -0.0308 V           ; 0.224 V                              ; 0.218 V                              ; 1.32e-09 s                  ; 1.07e-09 s                  ; No                         ; Yes                        ; 3.08 V                      ; 2.06e-06 V                  ; 3.12 V             ; -0.0308 V          ; 0.224 V                             ; 0.218 V                             ; 1.32e-09 s                 ; 1.07e-09 s                 ; No                        ; Yes                       ;
; ALUOp[1]        ; 3.3-V LVTTL  ; 0 s                 ; 0 s                 ; 3.08 V                       ; 3.08e-06 V                   ; 3.08 V              ; -0.00596 V          ; 0.305 V                              ; 0.266 V                              ; 5.3e-09 s                   ; 4.39e-09 s                  ; Yes                        ; Yes                        ; 3.08 V                      ; 3.08e-06 V                  ; 3.08 V             ; -0.00596 V         ; 0.305 V                             ; 0.266 V                             ; 5.3e-09 s                  ; 4.39e-09 s                 ; Yes                       ; Yes                       ;
; ALUOp[0]        ; 3.3-V LVTTL  ; 0 s                 ; 0 s                 ; 3.08 V                       ; 2.06e-06 V                   ; 3.12 V              ; -0.0394 V           ; 0.292 V                              ; 0.189 V                              ; 9.15e-10 s                  ; 8.34e-10 s                  ; No                         ; Yes                        ; 3.08 V                      ; 2.06e-06 V                  ; 3.12 V             ; -0.0394 V          ; 0.292 V                             ; 0.189 V                             ; 9.15e-10 s                 ; 8.34e-10 s                 ; No                        ; Yes                       ;
; RegWrite        ; 3.3-V LVTTL  ; 0 s                 ; 0 s                 ; 3.08 V                       ; 2.06e-06 V                   ; 3.12 V              ; -0.0308 V           ; 0.224 V                              ; 0.218 V                              ; 1.32e-09 s                  ; 1.07e-09 s                  ; No                         ; Yes                        ; 3.08 V                      ; 2.06e-06 V                  ; 3.12 V             ; -0.0308 V          ; 0.224 V                             ; 0.218 V                             ; 1.32e-09 s                 ; 1.07e-09 s                 ; No                        ; Yes                       ;
; MemToReg        ; 3.3-V LVTTL  ; 0 s                 ; 0 s                 ; 3.08 V                       ; 2.06e-06 V                   ; 3.12 V              ; -0.0394 V           ; 0.292 V                              ; 0.189 V                              ; 9.15e-10 s                  ; 8.34e-10 s                  ; No                         ; Yes                        ; 3.08 V                      ; 2.06e-06 V                  ; 3.12 V             ; -0.0394 V          ; 0.292 V                             ; 0.189 V                             ; 9.15e-10 s                 ; 8.34e-10 s                 ; No                        ; Yes                       ;
; MemWrite        ; 3.3-V LVTTL  ; 0 s                 ; 0 s                 ; 3.08 V                       ; 2.06e-06 V                   ; 3.12 V              ; -0.0394 V           ; 0.292 V                              ; 0.189 V                              ; 9.15e-10 s                  ; 8.34e-10 s                  ; No                         ; Yes                        ; 3.08 V                      ; 2.06e-06 V                  ; 3.12 V             ; -0.0394 V          ; 0.292 V                             ; 0.189 V                             ; 9.15e-10 s                 ; 8.34e-10 s                 ; No                        ; Yes                       ;
; ALUSrc          ; 3.3-V LVTTL  ; 0 s                 ; 0 s                 ; 3.08 V                       ; 2.06e-06 V                   ; 3.12 V              ; -0.0308 V           ; 0.224 V                              ; 0.218 V                              ; 1.32e-09 s                  ; 1.07e-09 s                  ; No                         ; Yes                        ; 3.08 V                      ; 2.06e-06 V                  ; 3.12 V             ; -0.0308 V          ; 0.224 V                             ; 0.218 V                             ; 1.32e-09 s                 ; 1.07e-09 s                 ; No                        ; Yes                       ;
; clkSys          ; 3.3-V LVTTL  ; 0 s                 ; 0 s                 ; 3.08 V                       ; 2.06e-06 V                   ; 3.08 V              ; -0.00513 V          ; 0.274 V                              ; 0.267 V                              ; 5.67e-09 s                  ; 4.62e-09 s                  ; No                         ; Yes                        ; 3.08 V                      ; 2.06e-06 V                  ; 3.08 V             ; -0.00513 V         ; 0.274 V                             ; 0.267 V                             ; 5.67e-09 s                 ; 4.62e-09 s                 ; No                        ; Yes                       ;
; function[5]     ; 3.3-V LVTTL  ; 0 s                 ; 0 s                 ; 3.08 V                       ; 2.06e-06 V                   ; 3.12 V              ; -0.0308 V           ; 0.224 V                              ; 0.218 V                              ; 1.32e-09 s                  ; 1.07e-09 s                  ; No                         ; Yes                        ; 3.08 V                      ; 2.06e-06 V                  ; 3.12 V             ; -0.0308 V          ; 0.224 V                             ; 0.218 V                             ; 1.32e-09 s                 ; 1.07e-09 s                 ; No                        ; Yes                       ;
; function[4]     ; 3.3-V LVTTL  ; 0 s                 ; 0 s                 ; 3.08 V                       ; 3.08e-06 V                   ; 3.13 V              ; -0.0523 V           ; 0.237 V                              ; 0.168 V                              ; 6.67e-10 s                  ; 6.11e-10 s                  ; No                         ; No                         ; 3.08 V                      ; 3.08e-06 V                  ; 3.13 V             ; -0.0523 V          ; 0.237 V                             ; 0.168 V                             ; 6.67e-10 s                 ; 6.11e-10 s                 ; No                        ; No                        ;
; function[3]     ; 3.3-V LVTTL  ; 0 s                 ; 0 s                 ; 3.08 V                       ; 3.08e-06 V                   ; 3.13 V              ; -0.0523 V           ; 0.237 V                              ; 0.168 V                              ; 6.67e-10 s                  ; 6.11e-10 s                  ; No                         ; No                         ; 3.08 V                      ; 3.08e-06 V                  ; 3.13 V             ; -0.0523 V          ; 0.237 V                             ; 0.168 V                             ; 6.67e-10 s                 ; 6.11e-10 s                 ; No                        ; No                        ;
; function[2]     ; 3.3-V LVTTL  ; 0 s                 ; 0 s                 ; 3.08 V                       ; 2.06e-06 V                   ; 3.12 V              ; -0.0308 V           ; 0.224 V                              ; 0.218 V                              ; 1.32e-09 s                  ; 1.07e-09 s                  ; No                         ; Yes                        ; 3.08 V                      ; 2.06e-06 V                  ; 3.12 V             ; -0.0308 V          ; 0.224 V                             ; 0.218 V                             ; 1.32e-09 s                 ; 1.07e-09 s                 ; No                        ; Yes                       ;
; function[1]     ; 3.3-V LVTTL  ; 0 s                 ; 0 s                 ; 3.08 V                       ; 2.06e-06 V                   ; 3.12 V              ; -0.0308 V           ; 0.224 V                              ; 0.218 V                              ; 1.32e-09 s                  ; 1.07e-09 s                  ; No                         ; Yes                        ; 3.08 V                      ; 2.06e-06 V                  ; 3.12 V             ; -0.0308 V          ; 0.224 V                             ; 0.218 V                             ; 1.32e-09 s                 ; 1.07e-09 s                 ; No                        ; Yes                       ;
; function[0]     ; 3.3-V LVTTL  ; 0 s                 ; 0 s                 ; 3.08 V                       ; 3.08e-06 V                   ; 3.13 V              ; -0.0523 V           ; 0.237 V                              ; 0.168 V                              ; 6.67e-10 s                  ; 6.11e-10 s                  ; No                         ; No                         ; 3.08 V                      ; 3.08e-06 V                  ; 3.13 V             ; -0.0523 V          ; 0.237 V                             ; 0.168 V                             ; 6.67e-10 s                 ; 6.11e-10 s                 ; No                        ; No                        ;
; imed16[15]      ; 3.3-V LVTTL  ; 0 s                 ; 0 s                 ; 3.08 V                       ; 2.06e-06 V                   ; 3.12 V              ; -0.0308 V           ; 0.224 V                              ; 0.218 V                              ; 1.32e-09 s                  ; 1.07e-09 s                  ; No                         ; Yes                        ; 3.08 V                      ; 2.06e-06 V                  ; 3.12 V             ; -0.0308 V          ; 0.224 V                             ; 0.218 V                             ; 1.32e-09 s                 ; 1.07e-09 s                 ; No                        ; Yes                       ;
; imed16[14]      ; 3.3-V LVTTL  ; 0 s                 ; 0 s                 ; 3.08 V                       ; 2.06e-06 V                   ; 3.12 V              ; -0.0308 V           ; 0.224 V                              ; 0.218 V                              ; 1.32e-09 s                  ; 1.07e-09 s                  ; No                         ; Yes                        ; 3.08 V                      ; 2.06e-06 V                  ; 3.12 V             ; -0.0308 V          ; 0.224 V                             ; 0.218 V                             ; 1.32e-09 s                 ; 1.07e-09 s                 ; No                        ; Yes                       ;
; imed16[13]      ; 3.3-V LVTTL  ; 0 s                 ; 0 s                 ; 3.08 V                       ; 2.06e-06 V                   ; 3.08 V              ; -0.00513 V          ; 0.274 V                              ; 0.267 V                              ; 5.67e-09 s                  ; 4.62e-09 s                  ; No                         ; Yes                        ; 3.08 V                      ; 2.06e-06 V                  ; 3.08 V             ; -0.00513 V         ; 0.274 V                             ; 0.267 V                             ; 5.67e-09 s                 ; 4.62e-09 s                 ; No                        ; Yes                       ;
; imed16[12]      ; 3.3-V LVTTL  ; 0 s                 ; 0 s                 ; 3.08 V                       ; 3.08e-06 V                   ; 3.13 V              ; -0.0523 V           ; 0.237 V                              ; 0.168 V                              ; 6.67e-10 s                  ; 6.11e-10 s                  ; No                         ; No                         ; 3.08 V                      ; 3.08e-06 V                  ; 3.13 V             ; -0.0523 V          ; 0.237 V                             ; 0.168 V                             ; 6.67e-10 s                 ; 6.11e-10 s                 ; No                        ; No                        ;
; imed16[11]      ; 3.3-V LVTTL  ; 0 s                 ; 0 s                 ; 3.08 V                       ; 3.08e-06 V                   ; 3.13 V              ; -0.0523 V           ; 0.237 V                              ; 0.168 V                              ; 6.67e-10 s                  ; 6.11e-10 s                  ; No                         ; No                         ; 3.08 V                      ; 3.08e-06 V                  ; 3.13 V             ; -0.0523 V          ; 0.237 V                             ; 0.168 V                             ; 6.67e-10 s                 ; 6.11e-10 s                 ; No                        ; No                        ;
; imed16[10]      ; 3.3-V LVTTL  ; 0 s                 ; 0 s                 ; 3.08 V                       ; 2.06e-06 V                   ; 3.08 V              ; -0.00513 V          ; 0.274 V                              ; 0.267 V                              ; 5.67e-09 s                  ; 4.62e-09 s                  ; No                         ; Yes                        ; 3.08 V                      ; 2.06e-06 V                  ; 3.08 V             ; -0.00513 V         ; 0.274 V                             ; 0.267 V                             ; 5.67e-09 s                 ; 4.62e-09 s                 ; No                        ; Yes                       ;
; imed16[9]       ; 3.3-V LVTTL  ; 0 s                 ; 0 s                 ; 3.08 V                       ; 3.08e-06 V                   ; 3.13 V              ; -0.0523 V           ; 0.237 V                              ; 0.168 V                              ; 6.67e-10 s                  ; 6.11e-10 s                  ; No                         ; No                         ; 3.08 V                      ; 3.08e-06 V                  ; 3.13 V             ; -0.0523 V          ; 0.237 V                             ; 0.168 V                             ; 6.67e-10 s                 ; 6.11e-10 s                 ; No                        ; No                        ;
; imed16[8]       ; 3.3-V LVTTL  ; 0 s                 ; 0 s                 ; 3.08 V                       ; 3.08e-06 V                   ; 3.13 V              ; -0.0523 V           ; 0.237 V                              ; 0.168 V                              ; 6.67e-10 s                  ; 6.11e-10 s                  ; No                         ; No                         ; 3.08 V                      ; 3.08e-06 V                  ; 3.13 V             ; -0.0523 V          ; 0.237 V                             ; 0.168 V                             ; 6.67e-10 s                 ; 6.11e-10 s                 ; No                        ; No                        ;
; imed16[7]       ; 3.3-V LVTTL  ; 0 s                 ; 0 s                 ; 3.08 V                       ; 3.08e-06 V                   ; 3.13 V              ; -0.0523 V           ; 0.237 V                              ; 0.168 V                              ; 6.67e-10 s                  ; 6.11e-10 s                  ; No                         ; No                         ; 3.08 V                      ; 3.08e-06 V                  ; 3.13 V             ; -0.0523 V          ; 0.237 V                             ; 0.168 V                             ; 6.67e-10 s                 ; 6.11e-10 s                 ; No                        ; No                        ;
; imed16[6]       ; 3.3-V LVTTL  ; 0 s                 ; 0 s                 ; 3.08 V                       ; 3.08e-06 V                   ; 3.13 V              ; -0.0523 V           ; 0.237 V                              ; 0.168 V                              ; 6.67e-10 s                  ; 6.11e-10 s                  ; No                         ; No                         ; 3.08 V                      ; 3.08e-06 V                  ; 3.13 V             ; -0.0523 V          ; 0.237 V                             ; 0.168 V                             ; 6.67e-10 s                 ; 6.11e-10 s                 ; No                        ; No                        ;
; imed16[5]       ; 3.3-V LVTTL  ; 0 s                 ; 0 s                 ; 3.08 V                       ; 2.06e-06 V                   ; 3.12 V              ; -0.0308 V           ; 0.224 V                              ; 0.218 V                              ; 1.32e-09 s                  ; 1.07e-09 s                  ; No                         ; Yes                        ; 3.08 V                      ; 2.06e-06 V                  ; 3.12 V             ; -0.0308 V          ; 0.224 V                             ; 0.218 V                             ; 1.32e-09 s                 ; 1.07e-09 s                 ; No                        ; Yes                       ;
; imed16[4]       ; 3.3-V LVTTL  ; 0 s                 ; 0 s                 ; 3.08 V                       ; 3.08e-06 V                   ; 3.13 V              ; -0.0523 V           ; 0.237 V                              ; 0.168 V                              ; 6.67e-10 s                  ; 6.11e-10 s                  ; No                         ; No                         ; 3.08 V                      ; 3.08e-06 V                  ; 3.13 V             ; -0.0523 V          ; 0.237 V                             ; 0.168 V                             ; 6.67e-10 s                 ; 6.11e-10 s                 ; No                        ; No                        ;
; imed16[3]       ; 3.3-V LVTTL  ; 0 s                 ; 0 s                 ; 3.08 V                       ; 3.08e-06 V                   ; 3.13 V              ; -0.0523 V           ; 0.237 V                              ; 0.168 V                              ; 6.67e-10 s                  ; 6.11e-10 s                  ; No                         ; No                         ; 3.08 V                      ; 3.08e-06 V                  ; 3.13 V             ; -0.0523 V          ; 0.237 V                             ; 0.168 V                             ; 6.67e-10 s                 ; 6.11e-10 s                 ; No                        ; No                        ;
; imed16[2]       ; 3.3-V LVTTL  ; 0 s                 ; 0 s                 ; 3.08 V                       ; 3.08e-06 V                   ; 3.13 V              ; -0.0523 V           ; 0.237 V                              ; 0.168 V                              ; 6.67e-10 s                  ; 6.11e-10 s                  ; No                         ; No                         ; 3.08 V                      ; 3.08e-06 V                  ; 3.13 V             ; -0.0523 V          ; 0.237 V                             ; 0.168 V                             ; 6.67e-10 s                 ; 6.11e-10 s                 ; No                        ; No                        ;
; imed16[1]       ; 3.3-V LVTTL  ; 0 s                 ; 0 s                 ; 3.08 V                       ; 2.06e-06 V                   ; 3.12 V              ; -0.0308 V           ; 0.224 V                              ; 0.218 V                              ; 1.32e-09 s                  ; 1.07e-09 s                  ; No                         ; Yes                        ; 3.08 V                      ; 2.06e-06 V                  ; 3.12 V             ; -0.0308 V          ; 0.224 V                             ; 0.218 V                             ; 1.32e-09 s                 ; 1.07e-09 s                 ; No                        ; Yes                       ;
; imed16[0]       ; 3.3-V LVTTL  ; 0 s                 ; 0 s                 ; 3.08 V                       ; 3.08e-06 V                   ; 3.13 V              ; -0.0523 V           ; 0.237 V                              ; 0.168 V                              ; 6.67e-10 s                  ; 6.11e-10 s                  ; No                         ; No                         ; 3.08 V                      ; 3.08e-06 V                  ; 3.13 V             ; -0.0523 V          ; 0.237 V                             ; 0.168 V                             ; 6.67e-10 s                 ; 6.11e-10 s                 ; No                        ; No                        ;
; nextPC[31]      ; 3.3-V LVTTL  ; 0 s                 ; 0 s                 ; 3.08 V                       ; 2.06e-06 V                   ; 3.12 V              ; -0.0308 V           ; 0.224 V                              ; 0.218 V                              ; 1.32e-09 s                  ; 1.07e-09 s                  ; No                         ; Yes                        ; 3.08 V                      ; 2.06e-06 V                  ; 3.12 V             ; -0.0308 V          ; 0.224 V                             ; 0.218 V                             ; 1.32e-09 s                 ; 1.07e-09 s                 ; No                        ; Yes                       ;
; nextPC[30]      ; 3.3-V LVTTL  ; 0 s                 ; 0 s                 ; 3.08 V                       ; 3.08e-06 V                   ; 3.13 V              ; -0.0523 V           ; 0.237 V                              ; 0.168 V                              ; 6.67e-10 s                  ; 6.11e-10 s                  ; No                         ; No                         ; 3.08 V                      ; 3.08e-06 V                  ; 3.13 V             ; -0.0523 V          ; 0.237 V                             ; 0.168 V                             ; 6.67e-10 s                 ; 6.11e-10 s                 ; No                        ; No                        ;
; nextPC[29]      ; 3.3-V LVTTL  ; 0 s                 ; 0 s                 ; 3.08 V                       ; 2.06e-06 V                   ; 3.12 V              ; -0.0308 V           ; 0.224 V                              ; 0.218 V                              ; 1.32e-09 s                  ; 1.07e-09 s                  ; No                         ; Yes                        ; 3.08 V                      ; 2.06e-06 V                  ; 3.12 V             ; -0.0308 V          ; 0.224 V                             ; 0.218 V                             ; 1.32e-09 s                 ; 1.07e-09 s                 ; No                        ; Yes                       ;
; nextPC[28]      ; 3.3-V LVTTL  ; 0 s                 ; 0 s                 ; 3.08 V                       ; 3.08e-06 V                   ; 3.13 V              ; -0.0523 V           ; 0.237 V                              ; 0.168 V                              ; 6.67e-10 s                  ; 6.11e-10 s                  ; No                         ; No                         ; 3.08 V                      ; 3.08e-06 V                  ; 3.13 V             ; -0.0523 V          ; 0.237 V                             ; 0.168 V                             ; 6.67e-10 s                 ; 6.11e-10 s                 ; No                        ; No                        ;
; nextPC[27]      ; 3.3-V LVTTL  ; 0 s                 ; 0 s                 ; 3.08 V                       ; 3.08e-06 V                   ; 3.13 V              ; -0.0523 V           ; 0.237 V                              ; 0.168 V                              ; 6.67e-10 s                  ; 6.11e-10 s                  ; No                         ; No                         ; 3.08 V                      ; 3.08e-06 V                  ; 3.13 V             ; -0.0523 V          ; 0.237 V                             ; 0.168 V                             ; 6.67e-10 s                 ; 6.11e-10 s                 ; No                        ; No                        ;
; nextPC[26]      ; 3.3-V LVTTL  ; 0 s                 ; 0 s                 ; 3.08 V                       ; 3.08e-06 V                   ; 3.13 V              ; -0.0523 V           ; 0.237 V                              ; 0.168 V                              ; 6.67e-10 s                  ; 6.11e-10 s                  ; No                         ; No                         ; 3.08 V                      ; 3.08e-06 V                  ; 3.13 V             ; -0.0523 V          ; 0.237 V                             ; 0.168 V                             ; 6.67e-10 s                 ; 6.11e-10 s                 ; No                        ; No                        ;
; nextPC[25]      ; 3.3-V LVTTL  ; 0 s                 ; 0 s                 ; 3.08 V                       ; 3.08e-06 V                   ; 3.13 V              ; -0.0523 V           ; 0.237 V                              ; 0.168 V                              ; 6.67e-10 s                  ; 6.11e-10 s                  ; No                         ; No                         ; 3.08 V                      ; 3.08e-06 V                  ; 3.13 V             ; -0.0523 V          ; 0.237 V                             ; 0.168 V                             ; 6.67e-10 s                 ; 6.11e-10 s                 ; No                        ; No                        ;
; nextPC[24]      ; 3.3-V LVTTL  ; 0 s                 ; 0 s                 ; 3.08 V                       ; 3.08e-06 V                   ; 3.13 V              ; -0.0523 V           ; 0.237 V                              ; 0.168 V                              ; 6.67e-10 s                  ; 6.11e-10 s                  ; No                         ; No                         ; 3.08 V                      ; 3.08e-06 V                  ; 3.13 V             ; -0.0523 V          ; 0.237 V                             ; 0.168 V                             ; 6.67e-10 s                 ; 6.11e-10 s                 ; No                        ; No                        ;
; nextPC[23]      ; 3.3-V LVTTL  ; 0 s                 ; 0 s                 ; 3.08 V                       ; 3.08e-06 V                   ; 3.13 V              ; -0.0523 V           ; 0.237 V                              ; 0.168 V                              ; 6.67e-10 s                  ; 6.11e-10 s                  ; No                         ; No                         ; 3.08 V                      ; 3.08e-06 V                  ; 3.13 V             ; -0.0523 V          ; 0.237 V                             ; 0.168 V                             ; 6.67e-10 s                 ; 6.11e-10 s                 ; No                        ; No                        ;
; nextPC[22]      ; 3.3-V LVTTL  ; 0 s                 ; 0 s                 ; 3.08 V                       ; 3.08e-06 V                   ; 3.13 V              ; -0.0523 V           ; 0.237 V                              ; 0.168 V                              ; 6.67e-10 s                  ; 6.11e-10 s                  ; No                         ; No                         ; 3.08 V                      ; 3.08e-06 V                  ; 3.13 V             ; -0.0523 V          ; 0.237 V                             ; 0.168 V                             ; 6.67e-10 s                 ; 6.11e-10 s                 ; No                        ; No                        ;
; nextPC[21]      ; 3.3-V LVTTL  ; 0 s                 ; 0 s                 ; 3.08 V                       ; 3.08e-06 V                   ; 3.13 V              ; -0.0523 V           ; 0.237 V                              ; 0.168 V                              ; 6.67e-10 s                  ; 6.11e-10 s                  ; No                         ; No                         ; 3.08 V                      ; 3.08e-06 V                  ; 3.13 V             ; -0.0523 V          ; 0.237 V                             ; 0.168 V                             ; 6.67e-10 s                 ; 6.11e-10 s                 ; No                        ; No                        ;
; nextPC[20]      ; 3.3-V LVTTL  ; 0 s                 ; 0 s                 ; 3.08 V                       ; 2.06e-06 V                   ; 3.12 V              ; -0.0308 V           ; 0.224 V                              ; 0.218 V                              ; 1.32e-09 s                  ; 1.07e-09 s                  ; No                         ; Yes                        ; 3.08 V                      ; 2.06e-06 V                  ; 3.12 V             ; -0.0308 V          ; 0.224 V                             ; 0.218 V                             ; 1.32e-09 s                 ; 1.07e-09 s                 ; No                        ; Yes                       ;
; nextPC[19]      ; 3.3-V LVTTL  ; 0 s                 ; 0 s                 ; 3.08 V                       ; 3.08e-06 V                   ; 3.13 V              ; -0.0523 V           ; 0.237 V                              ; 0.168 V                              ; 6.67e-10 s                  ; 6.11e-10 s                  ; No                         ; No                         ; 3.08 V                      ; 3.08e-06 V                  ; 3.13 V             ; -0.0523 V          ; 0.237 V                             ; 0.168 V                             ; 6.67e-10 s                 ; 6.11e-10 s                 ; No                        ; No                        ;
; nextPC[18]      ; 3.3-V LVTTL  ; 0 s                 ; 0 s                 ; 3.08 V                       ; 3.08e-06 V                   ; 3.13 V              ; -0.0523 V           ; 0.237 V                              ; 0.168 V                              ; 6.67e-10 s                  ; 6.11e-10 s                  ; No                         ; No                         ; 3.08 V                      ; 3.08e-06 V                  ; 3.13 V             ; -0.0523 V          ; 0.237 V                             ; 0.168 V                             ; 6.67e-10 s                 ; 6.11e-10 s                 ; No                        ; No                        ;
; nextPC[17]      ; 3.3-V LVTTL  ; 0 s                 ; 0 s                 ; 3.08 V                       ; 3.08e-06 V                   ; 3.08 V              ; -0.00596 V          ; 0.305 V                              ; 0.266 V                              ; 5.3e-09 s                   ; 4.39e-09 s                  ; Yes                        ; Yes                        ; 3.08 V                      ; 3.08e-06 V                  ; 3.08 V             ; -0.00596 V         ; 0.305 V                             ; 0.266 V                             ; 5.3e-09 s                  ; 4.39e-09 s                 ; Yes                       ; Yes                       ;
; nextPC[16]      ; 3.3-V LVTTL  ; 0 s                 ; 0 s                 ; 3.08 V                       ; 3.08e-06 V                   ; 3.13 V              ; -0.0523 V           ; 0.237 V                              ; 0.168 V                              ; 6.67e-10 s                  ; 6.11e-10 s                  ; No                         ; No                         ; 3.08 V                      ; 3.08e-06 V                  ; 3.13 V             ; -0.0523 V          ; 0.237 V                             ; 0.168 V                             ; 6.67e-10 s                 ; 6.11e-10 s                 ; No                        ; No                        ;
; nextPC[15]      ; 3.3-V LVTTL  ; 0 s                 ; 0 s                 ; 3.08 V                       ; 3.08e-06 V                   ; 3.13 V              ; -0.0523 V           ; 0.237 V                              ; 0.168 V                              ; 6.67e-10 s                  ; 6.11e-10 s                  ; No                         ; No                         ; 3.08 V                      ; 3.08e-06 V                  ; 3.13 V             ; -0.0523 V          ; 0.237 V                             ; 0.168 V                             ; 6.67e-10 s                 ; 6.11e-10 s                 ; No                        ; No                        ;
; nextPC[14]      ; 3.3-V LVTTL  ; 0 s                 ; 0 s                 ; 3.08 V                       ; 3.08e-06 V                   ; 3.13 V              ; -0.0523 V           ; 0.237 V                              ; 0.168 V                              ; 6.67e-10 s                  ; 6.11e-10 s                  ; No                         ; No                         ; 3.08 V                      ; 3.08e-06 V                  ; 3.13 V             ; -0.0523 V          ; 0.237 V                             ; 0.168 V                             ; 6.67e-10 s                 ; 6.11e-10 s                 ; No                        ; No                        ;
; nextPC[13]      ; 3.3-V LVTTL  ; 0 s                 ; 0 s                 ; 3.08 V                       ; 2.06e-06 V                   ; 3.12 V              ; -0.0308 V           ; 0.224 V                              ; 0.218 V                              ; 1.32e-09 s                  ; 1.07e-09 s                  ; No                         ; Yes                        ; 3.08 V                      ; 2.06e-06 V                  ; 3.12 V             ; -0.0308 V          ; 0.224 V                             ; 0.218 V                             ; 1.32e-09 s                 ; 1.07e-09 s                 ; No                        ; Yes                       ;
; nextPC[12]      ; 3.3-V LVTTL  ; 0 s                 ; 0 s                 ; 3.08 V                       ; 3.08e-06 V                   ; 3.13 V              ; -0.0523 V           ; 0.237 V                              ; 0.168 V                              ; 6.67e-10 s                  ; 6.11e-10 s                  ; No                         ; No                         ; 3.08 V                      ; 3.08e-06 V                  ; 3.13 V             ; -0.0523 V          ; 0.237 V                             ; 0.168 V                             ; 6.67e-10 s                 ; 6.11e-10 s                 ; No                        ; No                        ;
; nextPC[11]      ; 3.3-V LVTTL  ; 0 s                 ; 0 s                 ; 3.08 V                       ; 3.08e-06 V                   ; 3.13 V              ; -0.0523 V           ; 0.237 V                              ; 0.168 V                              ; 6.67e-10 s                  ; 6.11e-10 s                  ; No                         ; No                         ; 3.08 V                      ; 3.08e-06 V                  ; 3.13 V             ; -0.0523 V          ; 0.237 V                             ; 0.168 V                             ; 6.67e-10 s                 ; 6.11e-10 s                 ; No                        ; No                        ;
; nextPC[10]      ; 3.3-V LVTTL  ; 0 s                 ; 0 s                 ; 3.08 V                       ; 2.06e-06 V                   ; 3.12 V              ; -0.0394 V           ; 0.292 V                              ; 0.189 V                              ; 9.15e-10 s                  ; 8.34e-10 s                  ; No                         ; Yes                        ; 3.08 V                      ; 2.06e-06 V                  ; 3.12 V             ; -0.0394 V          ; 0.292 V                             ; 0.189 V                             ; 9.15e-10 s                 ; 8.34e-10 s                 ; No                        ; Yes                       ;
; nextPC[9]       ; 3.3-V LVTTL  ; 0 s                 ; 0 s                 ; 3.08 V                       ; 2.06e-06 V                   ; 3.12 V              ; -0.0308 V           ; 0.224 V                              ; 0.218 V                              ; 1.32e-09 s                  ; 1.07e-09 s                  ; No                         ; Yes                        ; 3.08 V                      ; 2.06e-06 V                  ; 3.12 V             ; -0.0308 V          ; 0.224 V                             ; 0.218 V                             ; 1.32e-09 s                 ; 1.07e-09 s                 ; No                        ; Yes                       ;
; nextPC[8]       ; 3.3-V LVTTL  ; 0 s                 ; 0 s                 ; 3.08 V                       ; 3.08e-06 V                   ; 3.13 V              ; -0.0523 V           ; 0.237 V                              ; 0.168 V                              ; 6.67e-10 s                  ; 6.11e-10 s                  ; No                         ; No                         ; 3.08 V                      ; 3.08e-06 V                  ; 3.13 V             ; -0.0523 V          ; 0.237 V                             ; 0.168 V                             ; 6.67e-10 s                 ; 6.11e-10 s                 ; No                        ; No                        ;
; nextPC[7]       ; 3.3-V LVTTL  ; 0 s                 ; 0 s                 ; 3.08 V                       ; 3.08e-06 V                   ; 3.13 V              ; -0.0523 V           ; 0.237 V                              ; 0.168 V                              ; 6.67e-10 s                  ; 6.11e-10 s                  ; No                         ; No                         ; 3.08 V                      ; 3.08e-06 V                  ; 3.13 V             ; -0.0523 V          ; 0.237 V                             ; 0.168 V                             ; 6.67e-10 s                 ; 6.11e-10 s                 ; No                        ; No                        ;
; nextPC[6]       ; 3.3-V LVTTL  ; 0 s                 ; 0 s                 ; 3.08 V                       ; 3.08e-06 V                   ; 3.13 V              ; -0.0523 V           ; 0.237 V                              ; 0.168 V                              ; 6.67e-10 s                  ; 6.11e-10 s                  ; No                         ; No                         ; 3.08 V                      ; 3.08e-06 V                  ; 3.13 V             ; -0.0523 V          ; 0.237 V                             ; 0.168 V                             ; 6.67e-10 s                 ; 6.11e-10 s                 ; No                        ; No                        ;
; nextPC[5]       ; 3.3-V LVTTL  ; 0 s                 ; 0 s                 ; 3.08 V                       ; 3.08e-06 V                   ; 3.13 V              ; -0.0523 V           ; 0.237 V                              ; 0.168 V                              ; 6.67e-10 s                  ; 6.11e-10 s                  ; No                         ; No                         ; 3.08 V                      ; 3.08e-06 V                  ; 3.13 V             ; -0.0523 V          ; 0.237 V                             ; 0.168 V                             ; 6.67e-10 s                 ; 6.11e-10 s                 ; No                        ; No                        ;
; nextPC[4]       ; 3.3-V LVTTL  ; 0 s                 ; 0 s                 ; 3.08 V                       ; 3.08e-06 V                   ; 3.13 V              ; -0.0523 V           ; 0.237 V                              ; 0.168 V                              ; 6.67e-10 s                  ; 6.11e-10 s                  ; No                         ; No                         ; 3.08 V                      ; 3.08e-06 V                  ; 3.13 V             ; -0.0523 V          ; 0.237 V                             ; 0.168 V                             ; 6.67e-10 s                 ; 6.11e-10 s                 ; No                        ; No                        ;
; nextPC[3]       ; 3.3-V LVTTL  ; 0 s                 ; 0 s                 ; 3.08 V                       ; 2.06e-06 V                   ; 3.12 V              ; -0.0308 V           ; 0.224 V                              ; 0.218 V                              ; 1.32e-09 s                  ; 1.07e-09 s                  ; No                         ; Yes                        ; 3.08 V                      ; 2.06e-06 V                  ; 3.12 V             ; -0.0308 V          ; 0.224 V                             ; 0.218 V                             ; 1.32e-09 s                 ; 1.07e-09 s                 ; No                        ; Yes                       ;
; nextPC[2]       ; 3.3-V LVTTL  ; 0 s                 ; 0 s                 ; 3.08 V                       ; 2.06e-06 V                   ; 3.12 V              ; -0.0308 V           ; 0.224 V                              ; 0.218 V                              ; 1.32e-09 s                  ; 1.07e-09 s                  ; No                         ; Yes                        ; 3.08 V                      ; 2.06e-06 V                  ; 3.12 V             ; -0.0308 V          ; 0.224 V                             ; 0.218 V                             ; 1.32e-09 s                 ; 1.07e-09 s                 ; No                        ; Yes                       ;
; nextPC[1]       ; 3.3-V LVTTL  ; 0 s                 ; 0 s                 ; 3.08 V                       ; 2.06e-06 V                   ; 3.12 V              ; -0.0308 V           ; 0.224 V                              ; 0.218 V                              ; 1.32e-09 s                  ; 1.07e-09 s                  ; No                         ; Yes                        ; 3.08 V                      ; 2.06e-06 V                  ; 3.12 V             ; -0.0308 V          ; 0.224 V                             ; 0.218 V                             ; 1.32e-09 s                 ; 1.07e-09 s                 ; No                        ; Yes                       ;
; nextPC[0]       ; 3.3-V LVTTL  ; 0 s                 ; 0 s                 ; 3.08 V                       ; 3.08e-06 V                   ; 3.13 V              ; -0.0523 V           ; 0.237 V                              ; 0.168 V                              ; 6.67e-10 s                  ; 6.11e-10 s                  ; No                         ; No                         ; 3.08 V                      ; 3.08e-06 V                  ; 3.13 V             ; -0.0523 V          ; 0.237 V                             ; 0.168 V                             ; 6.67e-10 s                 ; 6.11e-10 s                 ; No                        ; No                        ;
; op[31]          ; 3.3-V LVTTL  ; 0 s                 ; 0 s                 ; 3.08 V                       ; 2.06e-06 V                   ; 3.12 V              ; -0.0308 V           ; 0.224 V                              ; 0.218 V                              ; 1.32e-09 s                  ; 1.07e-09 s                  ; No                         ; Yes                        ; 3.08 V                      ; 2.06e-06 V                  ; 3.12 V             ; -0.0308 V          ; 0.224 V                             ; 0.218 V                             ; 1.32e-09 s                 ; 1.07e-09 s                 ; No                        ; Yes                       ;
; op[30]          ; 3.3-V LVTTL  ; 0 s                 ; 0 s                 ; 3.08 V                       ; 3.08e-06 V                   ; 3.13 V              ; -0.0523 V           ; 0.237 V                              ; 0.168 V                              ; 6.67e-10 s                  ; 6.11e-10 s                  ; No                         ; No                         ; 3.08 V                      ; 3.08e-06 V                  ; 3.13 V             ; -0.0523 V          ; 0.237 V                             ; 0.168 V                             ; 6.67e-10 s                 ; 6.11e-10 s                 ; No                        ; No                        ;
; op[29]          ; 3.3-V LVTTL  ; 0 s                 ; 0 s                 ; 3.08 V                       ; 2.06e-06 V                   ; 3.12 V              ; -0.0308 V           ; 0.224 V                              ; 0.218 V                              ; 1.32e-09 s                  ; 1.07e-09 s                  ; No                         ; Yes                        ; 3.08 V                      ; 2.06e-06 V                  ; 3.12 V             ; -0.0308 V          ; 0.224 V                             ; 0.218 V                             ; 1.32e-09 s                 ; 1.07e-09 s                 ; No                        ; Yes                       ;
; op[28]          ; 3.3-V LVTTL  ; 0 s                 ; 0 s                 ; 3.08 V                       ; 3.08e-06 V                   ; 3.13 V              ; -0.0523 V           ; 0.237 V                              ; 0.168 V                              ; 6.67e-10 s                  ; 6.11e-10 s                  ; No                         ; No                         ; 3.08 V                      ; 3.08e-06 V                  ; 3.13 V             ; -0.0523 V          ; 0.237 V                             ; 0.168 V                             ; 6.67e-10 s                 ; 6.11e-10 s                 ; No                        ; No                        ;
; op[27]          ; 3.3-V LVTTL  ; 0 s                 ; 0 s                 ; 3.08 V                       ; 2.06e-06 V                   ; 3.12 V              ; -0.0308 V           ; 0.224 V                              ; 0.218 V                              ; 1.32e-09 s                  ; 1.07e-09 s                  ; No                         ; Yes                        ; 3.08 V                      ; 2.06e-06 V                  ; 3.12 V             ; -0.0308 V          ; 0.224 V                             ; 0.218 V                             ; 1.32e-09 s                 ; 1.07e-09 s                 ; No                        ; Yes                       ;
; op[26]          ; 3.3-V LVTTL  ; 0 s                 ; 0 s                 ; 3.08 V                       ; 3.08e-06 V                   ; 3.13 V              ; -0.0523 V           ; 0.237 V                              ; 0.168 V                              ; 6.67e-10 s                  ; 6.11e-10 s                  ; No                         ; No                         ; 3.08 V                      ; 3.08e-06 V                  ; 3.13 V             ; -0.0523 V          ; 0.237 V                             ; 0.168 V                             ; 6.67e-10 s                 ; 6.11e-10 s                 ; No                        ; No                        ;
; rd[15]          ; 3.3-V LVTTL  ; 0 s                 ; 0 s                 ; 3.08 V                       ; 2.06e-06 V                   ; 3.12 V              ; -0.0308 V           ; 0.224 V                              ; 0.218 V                              ; 1.32e-09 s                  ; 1.07e-09 s                  ; No                         ; Yes                        ; 3.08 V                      ; 2.06e-06 V                  ; 3.12 V             ; -0.0308 V          ; 0.224 V                             ; 0.218 V                             ; 1.32e-09 s                 ; 1.07e-09 s                 ; No                        ; Yes                       ;
; rd[14]          ; 3.3-V LVTTL  ; 0 s                 ; 0 s                 ; 3.08 V                       ; 2.06e-06 V                   ; 3.08 V              ; -0.00513 V          ; 0.274 V                              ; 0.267 V                              ; 5.67e-09 s                  ; 4.62e-09 s                  ; No                         ; Yes                        ; 3.08 V                      ; 2.06e-06 V                  ; 3.08 V             ; -0.00513 V         ; 0.274 V                             ; 0.267 V                             ; 5.67e-09 s                 ; 4.62e-09 s                 ; No                        ; Yes                       ;
; rd[13]          ; 3.3-V LVTTL  ; 0 s                 ; 0 s                 ; 3.08 V                       ; 2.06e-06 V                   ; 3.12 V              ; -0.0308 V           ; 0.224 V                              ; 0.218 V                              ; 1.32e-09 s                  ; 1.07e-09 s                  ; No                         ; Yes                        ; 3.08 V                      ; 2.06e-06 V                  ; 3.12 V             ; -0.0308 V          ; 0.224 V                             ; 0.218 V                             ; 1.32e-09 s                 ; 1.07e-09 s                 ; No                        ; Yes                       ;
; rd[12]          ; 3.3-V LVTTL  ; 0 s                 ; 0 s                 ; 3.08 V                       ; 3.08e-06 V                   ; 3.13 V              ; -0.0523 V           ; 0.237 V                              ; 0.168 V                              ; 6.67e-10 s                  ; 6.11e-10 s                  ; No                         ; No                         ; 3.08 V                      ; 3.08e-06 V                  ; 3.13 V             ; -0.0523 V          ; 0.237 V                             ; 0.168 V                             ; 6.67e-10 s                 ; 6.11e-10 s                 ; No                        ; No                        ;
; rd[11]          ; 3.3-V LVTTL  ; 0 s                 ; 0 s                 ; 3.08 V                       ; 3.08e-06 V                   ; 3.13 V              ; -0.0523 V           ; 0.237 V                              ; 0.168 V                              ; 6.67e-10 s                  ; 6.11e-10 s                  ; No                         ; No                         ; 3.08 V                      ; 3.08e-06 V                  ; 3.13 V             ; -0.0523 V          ; 0.237 V                             ; 0.168 V                             ; 6.67e-10 s                 ; 6.11e-10 s                 ; No                        ; No                        ;
; rs[25]          ; 3.3-V LVTTL  ; 0 s                 ; 0 s                 ; 3.08 V                       ; 3.08e-06 V                   ; 3.13 V              ; -0.0523 V           ; 0.237 V                              ; 0.168 V                              ; 6.67e-10 s                  ; 6.11e-10 s                  ; No                         ; No                         ; 3.08 V                      ; 3.08e-06 V                  ; 3.13 V             ; -0.0523 V          ; 0.237 V                             ; 0.168 V                             ; 6.67e-10 s                 ; 6.11e-10 s                 ; No                        ; No                        ;
; rs[24]          ; 3.3-V LVTTL  ; 0 s                 ; 0 s                 ; 3.08 V                       ; 3.08e-06 V                   ; 3.13 V              ; -0.0523 V           ; 0.237 V                              ; 0.168 V                              ; 6.67e-10 s                  ; 6.11e-10 s                  ; No                         ; No                         ; 3.08 V                      ; 3.08e-06 V                  ; 3.13 V             ; -0.0523 V          ; 0.237 V                             ; 0.168 V                             ; 6.67e-10 s                 ; 6.11e-10 s                 ; No                        ; No                        ;
; rs[23]          ; 3.3-V LVTTL  ; 0 s                 ; 0 s                 ; 3.08 V                       ; 3.08e-06 V                   ; 3.13 V              ; -0.0523 V           ; 0.237 V                              ; 0.168 V                              ; 6.67e-10 s                  ; 6.11e-10 s                  ; No                         ; No                         ; 3.08 V                      ; 3.08e-06 V                  ; 3.13 V             ; -0.0523 V          ; 0.237 V                             ; 0.168 V                             ; 6.67e-10 s                 ; 6.11e-10 s                 ; No                        ; No                        ;
; rs[22]          ; 3.3-V LVTTL  ; 0 s                 ; 0 s                 ; 3.08 V                       ; 3.08e-06 V                   ; 3.08 V              ; -0.00596 V          ; 0.305 V                              ; 0.266 V                              ; 5.3e-09 s                   ; 4.39e-09 s                  ; Yes                        ; Yes                        ; 3.08 V                      ; 3.08e-06 V                  ; 3.08 V             ; -0.00596 V         ; 0.305 V                             ; 0.266 V                             ; 5.3e-09 s                  ; 4.39e-09 s                 ; Yes                       ; Yes                       ;
; rs[21]          ; 3.3-V LVTTL  ; 0 s                 ; 0 s                 ; 3.08 V                       ; 2.06e-06 V                   ; 3.12 V              ; -0.0308 V           ; 0.224 V                              ; 0.218 V                              ; 1.32e-09 s                  ; 1.07e-09 s                  ; No                         ; Yes                        ; 3.08 V                      ; 2.06e-06 V                  ; 3.12 V             ; -0.0308 V          ; 0.224 V                             ; 0.218 V                             ; 1.32e-09 s                 ; 1.07e-09 s                 ; No                        ; Yes                       ;
; rt[20]          ; 3.3-V LVTTL  ; 0 s                 ; 0 s                 ; 3.08 V                       ; 3.08e-06 V                   ; 3.13 V              ; -0.0523 V           ; 0.237 V                              ; 0.168 V                              ; 6.67e-10 s                  ; 6.11e-10 s                  ; No                         ; No                         ; 3.08 V                      ; 3.08e-06 V                  ; 3.13 V             ; -0.0523 V          ; 0.237 V                             ; 0.168 V                             ; 6.67e-10 s                 ; 6.11e-10 s                 ; No                        ; No                        ;
; rt[19]          ; 3.3-V LVTTL  ; 0 s                 ; 0 s                 ; 3.08 V                       ; 3.08e-06 V                   ; 3.13 V              ; -0.0523 V           ; 0.237 V                              ; 0.168 V                              ; 6.67e-10 s                  ; 6.11e-10 s                  ; No                         ; No                         ; 3.08 V                      ; 3.08e-06 V                  ; 3.13 V             ; -0.0523 V          ; 0.237 V                             ; 0.168 V                             ; 6.67e-10 s                 ; 6.11e-10 s                 ; No                        ; No                        ;
; rt[18]          ; 3.3-V LVTTL  ; 0 s                 ; 0 s                 ; 3.08 V                       ; 2.06e-06 V                   ; 3.12 V              ; -0.0308 V           ; 0.224 V                              ; 0.218 V                              ; 1.32e-09 s                  ; 1.07e-09 s                  ; No                         ; Yes                        ; 3.08 V                      ; 2.06e-06 V                  ; 3.12 V             ; -0.0308 V          ; 0.224 V                             ; 0.218 V                             ; 1.32e-09 s                 ; 1.07e-09 s                 ; No                        ; Yes                       ;
; rt[17]          ; 3.3-V LVTTL  ; 0 s                 ; 0 s                 ; 3.08 V                       ; 2.06e-06 V                   ; 3.12 V              ; -0.0308 V           ; 0.224 V                              ; 0.218 V                              ; 1.32e-09 s                  ; 1.07e-09 s                  ; No                         ; Yes                        ; 3.08 V                      ; 2.06e-06 V                  ; 3.12 V             ; -0.0308 V          ; 0.224 V                             ; 0.218 V                             ; 1.32e-09 s                 ; 1.07e-09 s                 ; No                        ; Yes                       ;
; rt[16]          ; 3.3-V LVTTL  ; 0 s                 ; 0 s                 ; 3.08 V                       ; 2.06e-06 V                   ; 3.12 V              ; -0.0308 V           ; 0.224 V                              ; 0.218 V                              ; 1.32e-09 s                  ; 1.07e-09 s                  ; No                         ; Yes                        ; 3.08 V                      ; 2.06e-06 V                  ; 3.12 V             ; -0.0308 V          ; 0.224 V                             ; 0.218 V                             ; 1.32e-09 s                 ; 1.07e-09 s                 ; No                        ; Yes                       ;
; shamt[10]       ; 3.3-V LVTTL  ; 0 s                 ; 0 s                 ; 3.08 V                       ; 2.06e-06 V                   ; 3.12 V              ; -0.0394 V           ; 0.292 V                              ; 0.189 V                              ; 9.15e-10 s                  ; 8.34e-10 s                  ; No                         ; Yes                        ; 3.08 V                      ; 2.06e-06 V                  ; 3.12 V             ; -0.0394 V          ; 0.292 V                             ; 0.189 V                             ; 9.15e-10 s                 ; 8.34e-10 s                 ; No                        ; Yes                       ;
; shamt[9]        ; 3.3-V LVTTL  ; 0 s                 ; 0 s                 ; 3.08 V                       ; 3.08e-06 V                   ; 3.13 V              ; -0.0523 V           ; 0.237 V                              ; 0.168 V                              ; 6.67e-10 s                  ; 6.11e-10 s                  ; No                         ; No                         ; 3.08 V                      ; 3.08e-06 V                  ; 3.13 V             ; -0.0523 V          ; 0.237 V                             ; 0.168 V                             ; 6.67e-10 s                 ; 6.11e-10 s                 ; No                        ; No                        ;
; shamt[8]        ; 3.3-V LVTTL  ; 0 s                 ; 0 s                 ; 3.08 V                       ; 3.08e-06 V                   ; 3.13 V              ; -0.0523 V           ; 0.237 V                              ; 0.168 V                              ; 6.67e-10 s                  ; 6.11e-10 s                  ; No                         ; No                         ; 3.08 V                      ; 3.08e-06 V                  ; 3.13 V             ; -0.0523 V          ; 0.237 V                             ; 0.168 V                             ; 6.67e-10 s                 ; 6.11e-10 s                 ; No                        ; No                        ;
; shamt[7]        ; 3.3-V LVTTL  ; 0 s                 ; 0 s                 ; 3.08 V                       ; 3.08e-06 V                   ; 3.13 V              ; -0.0523 V           ; 0.237 V                              ; 0.168 V                              ; 6.67e-10 s                  ; 6.11e-10 s                  ; No                         ; No                         ; 3.08 V                      ; 3.08e-06 V                  ; 3.13 V             ; -0.0523 V          ; 0.237 V                             ; 0.168 V                             ; 6.67e-10 s                 ; 6.11e-10 s                 ; No                        ; No                        ;
; shamt[6]        ; 3.3-V LVTTL  ; 0 s                 ; 0 s                 ; 3.08 V                       ; 3.08e-06 V                   ; 3.13 V              ; -0.0523 V           ; 0.237 V                              ; 0.168 V                              ; 6.67e-10 s                  ; 6.11e-10 s                  ; No                         ; No                         ; 3.08 V                      ; 3.08e-06 V                  ; 3.13 V             ; -0.0523 V          ; 0.237 V                             ; 0.168 V                             ; 6.67e-10 s                 ; 6.11e-10 s                 ; No                        ; No                        ;
; ~ALTERA_DCLK~   ; 3.3-V LVTTL  ; 0 s                 ; 0 s                 ; 3.08 V                       ; 1.02e-06 V                   ; 3.14 V              ; -0.0402 V           ; 0.146 V                              ; 0.156 V                              ; 4.62e-10 s                  ; 4.36e-10 s                  ; Yes                        ; Yes                        ; 3.08 V                      ; 1.02e-06 V                  ; 3.14 V             ; -0.0402 V          ; 0.146 V                             ; 0.156 V                             ; 4.62e-10 s                 ; 4.36e-10 s                 ; Yes                       ; Yes                       ;
; ~ALTERA_nCEO~   ; 3.3-V LVTTL  ; 0 s                 ; 0 s                 ; 3.08 V                       ; 2.06e-06 V                   ; 3.12 V              ; -0.0308 V           ; 0.224 V                              ; 0.218 V                              ; 1.32e-09 s                  ; 1.07e-09 s                  ; No                         ; Yes                        ; 3.08 V                      ; 2.06e-06 V                  ; 3.12 V             ; -0.0308 V          ; 0.224 V                             ; 0.218 V                             ; 1.32e-09 s                 ; 1.07e-09 s                 ; No                        ; Yes                       ;
+-----------------+--------------+---------------------+---------------------+------------------------------+------------------------------+---------------------+---------------------+--------------------------------------+--------------------------------------+-----------------------------+-----------------------------+----------------------------+----------------------------+-----------------------------+-----------------------------+--------------------+--------------------+-------------------------------------+-------------------------------------+----------------------------+----------------------------+---------------------------+---------------------------+


+----------------------------------------------------------------------------------------------------------------------------------------------------------------------------------------------------------------------------------------------------------------------------------------------------------------------------------------------------------------------------------------------------------------------------------------------------------------------------------------------------------------------------------------------------------------------------------------------------------------------------------------------------------------------------------------------+
; Fast Corner Signal Integrity Metrics                                                                                                                                                                                                                                                                                                                                                                                                                                                                                                                                                                                                                                                         ;
+-----------------+--------------+---------------------+---------------------+------------------------------+------------------------------+---------------------+---------------------+--------------------------------------+--------------------------------------+-----------------------------+-----------------------------+----------------------------+----------------------------+-----------------------------+-----------------------------+--------------------+--------------------+-------------------------------------+-------------------------------------+----------------------------+----------------------------+---------------------------+---------------------------+
; Pin             ; I/O Standard ; Board Delay on Rise ; Board Delay on Fall ; Steady State Voh at FPGA Pin ; Steady State Vol at FPGA Pin ; Voh Max at FPGA Pin ; Vol Min at FPGA Pin ; Ringback Voltage on Rise at FPGA Pin ; Ringback Voltage on Fall at FPGA Pin ; 10-90 Rise Time at FPGA Pin ; 90-10 Fall Time at FPGA Pin ; Monotonic Rise at FPGA Pin ; Monotonic Fall at FPGA Pin ; Steady State Voh at Far-end ; Steady State Vol at Far-end ; Voh Max at Far-end ; Vol Min at Far-end ; Ringback Voltage on Rise at Far-end ; Ringback Voltage on Fall at Far-end ; 10-90 Rise Time at Far-end ; 90-10 Fall Time at Far-end ; Monotonic Rise at Far-end ; Monotonic Fall at Far-end ;
+-----------------+--------------+---------------------+---------------------+------------------------------+------------------------------+---------------------+---------------------+--------------------------------------+--------------------------------------+-----------------------------+-----------------------------+----------------------------+----------------------------+-----------------------------+-----------------------------+--------------------+--------------------+-------------------------------------+-------------------------------------+----------------------------+----------------------------+---------------------------+---------------------------+
; Branch          ; 3.3-V LVTTL  ; 0 s                 ; 0 s                 ; 3.46 V                       ; 1.29e-07 V                   ; 3.55 V              ; -0.053 V            ; 0.341 V                              ; 0.35 V                               ; 9.04e-10 s                  ; 7.28e-10 s                  ; No                         ; No                         ; 3.46 V                      ; 1.29e-07 V                  ; 3.55 V             ; -0.053 V           ; 0.341 V                             ; 0.35 V                              ; 9.04e-10 s                 ; 7.28e-10 s                 ; No                        ; No                        ;
; Instruction[31] ; 3.3-V LVTTL  ; 0 s                 ; 0 s                 ; 3.46 V                       ; 1.29e-07 V                   ; 3.55 V              ; -0.053 V            ; 0.341 V                              ; 0.35 V                               ; 9.04e-10 s                  ; 7.28e-10 s                  ; No                         ; No                         ; 3.46 V                      ; 1.29e-07 V                  ; 3.55 V             ; -0.053 V           ; 0.341 V                             ; 0.35 V                              ; 9.04e-10 s                 ; 7.28e-10 s                 ; No                        ; No                        ;
; Instruction[30] ; 3.3-V LVTTL  ; 0 s                 ; 0 s                 ; 3.46 V                       ; 1.9e-07 V                    ; 3.59 V              ; -0.0873 V           ; 0.332 V                              ; 0.189 V                              ; 4.6e-10 s                   ; 4.2e-10 s                   ; No                         ; Yes                        ; 3.46 V                      ; 1.9e-07 V                   ; 3.59 V             ; -0.0873 V          ; 0.332 V                             ; 0.189 V                             ; 4.6e-10 s                  ; 4.2e-10 s                  ; No                        ; Yes                       ;
; Instruction[29] ; 3.3-V LVTTL  ; 0 s                 ; 0 s                 ; 3.46 V                       ; 1.29e-07 V                   ; 3.55 V              ; -0.053 V            ; 0.341 V                              ; 0.35 V                               ; 9.04e-10 s                  ; 7.28e-10 s                  ; No                         ; No                         ; 3.46 V                      ; 1.29e-07 V                  ; 3.55 V             ; -0.053 V           ; 0.341 V                             ; 0.35 V                              ; 9.04e-10 s                 ; 7.28e-10 s                 ; No                        ; No                        ;
; Instruction[28] ; 3.3-V LVTTL  ; 0 s                 ; 0 s                 ; 3.46 V                       ; 1.9e-07 V                    ; 3.59 V              ; -0.0873 V           ; 0.332 V                              ; 0.189 V                              ; 4.6e-10 s                   ; 4.2e-10 s                   ; No                         ; Yes                        ; 3.46 V                      ; 1.9e-07 V                   ; 3.59 V             ; -0.0873 V          ; 0.332 V                             ; 0.189 V                             ; 4.6e-10 s                  ; 4.2e-10 s                  ; No                        ; Yes                       ;
; Instruction[27] ; 3.3-V LVTTL  ; 0 s                 ; 0 s                 ; 3.46 V                       ; 1.29e-07 V                   ; 3.55 V              ; -0.053 V            ; 0.341 V                              ; 0.35 V                               ; 9.04e-10 s                  ; 7.28e-10 s                  ; No                         ; No                         ; 3.46 V                      ; 1.29e-07 V                  ; 3.55 V             ; -0.053 V           ; 0.341 V                             ; 0.35 V                              ; 9.04e-10 s                 ; 7.28e-10 s                 ; No                        ; No                        ;
; Instruction[26] ; 3.3-V LVTTL  ; 0 s                 ; 0 s                 ; 3.46 V                       ; 1.9e-07 V                    ; 3.59 V              ; -0.0873 V           ; 0.332 V                              ; 0.189 V                              ; 4.6e-10 s                   ; 4.2e-10 s                   ; No                         ; Yes                        ; 3.46 V                      ; 1.9e-07 V                   ; 3.59 V             ; -0.0873 V          ; 0.332 V                             ; 0.189 V                             ; 4.6e-10 s                  ; 4.2e-10 s                  ; No                        ; Yes                       ;
; Instruction[25] ; 3.3-V LVTTL  ; 0 s                 ; 0 s                 ; 3.46 V                       ; 1.9e-07 V                    ; 3.59 V              ; -0.0873 V           ; 0.332 V                              ; 0.189 V                              ; 4.6e-10 s                   ; 4.2e-10 s                   ; No                         ; Yes                        ; 3.46 V                      ; 1.9e-07 V                   ; 3.59 V             ; -0.0873 V          ; 0.332 V                             ; 0.189 V                             ; 4.6e-10 s                  ; 4.2e-10 s                  ; No                        ; Yes                       ;
; Instruction[24] ; 3.3-V LVTTL  ; 0 s                 ; 0 s                 ; 3.46 V                       ; 1.9e-07 V                    ; 3.59 V              ; -0.0873 V           ; 0.332 V                              ; 0.189 V                              ; 4.6e-10 s                   ; 4.2e-10 s                   ; No                         ; Yes                        ; 3.46 V                      ; 1.9e-07 V                   ; 3.59 V             ; -0.0873 V          ; 0.332 V                             ; 0.189 V                             ; 4.6e-10 s                  ; 4.2e-10 s                  ; No                        ; Yes                       ;
; Instruction[23] ; 3.3-V LVTTL  ; 0 s                 ; 0 s                 ; 3.46 V                       ; 1.9e-07 V                    ; 3.59 V              ; -0.0873 V           ; 0.332 V                              ; 0.189 V                              ; 4.6e-10 s                   ; 4.2e-10 s                   ; No                         ; Yes                        ; 3.46 V                      ; 1.9e-07 V                   ; 3.59 V             ; -0.0873 V          ; 0.332 V                             ; 0.189 V                             ; 4.6e-10 s                  ; 4.2e-10 s                  ; No                        ; Yes                       ;
; Instruction[22] ; 3.3-V LVTTL  ; 0 s                 ; 0 s                 ; 3.46 V                       ; 1.9e-07 V                    ; 3.59 V              ; -0.0873 V           ; 0.332 V                              ; 0.189 V                              ; 4.6e-10 s                   ; 4.2e-10 s                   ; No                         ; Yes                        ; 3.46 V                      ; 1.9e-07 V                   ; 3.59 V             ; -0.0873 V          ; 0.332 V                             ; 0.189 V                             ; 4.6e-10 s                  ; 4.2e-10 s                  ; No                        ; Yes                       ;
; Instruction[21] ; 3.3-V LVTTL  ; 0 s                 ; 0 s                 ; 3.46 V                       ; 1.29e-07 V                   ; 3.55 V              ; -0.053 V            ; 0.341 V                              ; 0.35 V                               ; 9.04e-10 s                  ; 7.28e-10 s                  ; No                         ; No                         ; 3.46 V                      ; 1.29e-07 V                  ; 3.55 V             ; -0.053 V           ; 0.341 V                             ; 0.35 V                              ; 9.04e-10 s                 ; 7.28e-10 s                 ; No                        ; No                        ;
; Instruction[20] ; 3.3-V LVTTL  ; 0 s                 ; 0 s                 ; 3.46 V                       ; 1.9e-07 V                    ; 3.59 V              ; -0.0873 V           ; 0.332 V                              ; 0.189 V                              ; 4.6e-10 s                   ; 4.2e-10 s                   ; No                         ; Yes                        ; 3.46 V                      ; 1.9e-07 V                   ; 3.59 V             ; -0.0873 V          ; 0.332 V                             ; 0.189 V                             ; 4.6e-10 s                  ; 4.2e-10 s                  ; No                        ; Yes                       ;
; Instruction[19] ; 3.3-V LVTTL  ; 0 s                 ; 0 s                 ; 3.46 V                       ; 1.9e-07 V                    ; 3.59 V              ; -0.0873 V           ; 0.332 V                              ; 0.189 V                              ; 4.6e-10 s                   ; 4.2e-10 s                   ; No                         ; Yes                        ; 3.46 V                      ; 1.9e-07 V                   ; 3.59 V             ; -0.0873 V          ; 0.332 V                             ; 0.189 V                             ; 4.6e-10 s                  ; 4.2e-10 s                  ; No                        ; Yes                       ;
; Instruction[18] ; 3.3-V LVTTL  ; 0 s                 ; 0 s                 ; 3.46 V                       ; 1.29e-07 V                   ; 3.55 V              ; -0.053 V            ; 0.341 V                              ; 0.35 V                               ; 9.04e-10 s                  ; 7.28e-10 s                  ; No                         ; No                         ; 3.46 V                      ; 1.29e-07 V                  ; 3.55 V             ; -0.053 V           ; 0.341 V                             ; 0.35 V                              ; 9.04e-10 s                 ; 7.28e-10 s                 ; No                        ; No                        ;
; Instruction[17] ; 3.3-V LVTTL  ; 0 s                 ; 0 s                 ; 3.46 V                       ; 1.29e-07 V                   ; 3.55 V              ; -0.053 V            ; 0.341 V                              ; 0.35 V                               ; 9.04e-10 s                  ; 7.28e-10 s                  ; No                         ; No                         ; 3.46 V                      ; 1.29e-07 V                  ; 3.55 V             ; -0.053 V           ; 0.341 V                             ; 0.35 V                              ; 9.04e-10 s                 ; 7.28e-10 s                 ; No                        ; No                        ;
; Instruction[16] ; 3.3-V LVTTL  ; 0 s                 ; 0 s                 ; 3.46 V                       ; 1.29e-07 V                   ; 3.55 V              ; -0.053 V            ; 0.341 V                              ; 0.35 V                               ; 9.04e-10 s                  ; 7.28e-10 s                  ; No                         ; No                         ; 3.46 V                      ; 1.29e-07 V                  ; 3.55 V             ; -0.053 V           ; 0.341 V                             ; 0.35 V                              ; 9.04e-10 s                 ; 7.28e-10 s                 ; No                        ; No                        ;
; Instruction[15] ; 3.3-V LVTTL  ; 0 s                 ; 0 s                 ; 3.46 V                       ; 1.29e-07 V                   ; 3.55 V              ; -0.053 V            ; 0.341 V                              ; 0.35 V                               ; 9.04e-10 s                  ; 7.28e-10 s                  ; No                         ; No                         ; 3.46 V                      ; 1.29e-07 V                  ; 3.55 V             ; -0.053 V           ; 0.341 V                             ; 0.35 V                              ; 9.04e-10 s                 ; 7.28e-10 s                 ; No                        ; No                        ;
; Instruction[14] ; 3.3-V LVTTL  ; 0 s                 ; 0 s                 ; 3.46 V                       ; 1.29e-07 V                   ; 3.55 V              ; -0.053 V            ; 0.341 V                              ; 0.35 V                               ; 9.04e-10 s                  ; 7.28e-10 s                  ; No                         ; No                         ; 3.46 V                      ; 1.29e-07 V                  ; 3.55 V             ; -0.053 V           ; 0.341 V                             ; 0.35 V                              ; 9.04e-10 s                 ; 7.28e-10 s                 ; No                        ; No                        ;
; Instruction[13] ; 3.3-V LVTTL  ; 0 s                 ; 0 s                 ; 3.46 V                       ; 1.29e-07 V                   ; 3.55 V              ; -0.053 V            ; 0.341 V                              ; 0.35 V                               ; 9.04e-10 s                  ; 7.28e-10 s                  ; No                         ; No                         ; 3.46 V                      ; 1.29e-07 V                  ; 3.55 V             ; -0.053 V           ; 0.341 V                             ; 0.35 V                              ; 9.04e-10 s                 ; 7.28e-10 s                 ; No                        ; No                        ;
; Instruction[12] ; 3.3-V LVTTL  ; 0 s                 ; 0 s                 ; 3.46 V                       ; 1.9e-07 V                    ; 3.59 V              ; -0.0873 V           ; 0.332 V                              ; 0.189 V                              ; 4.6e-10 s                   ; 4.2e-10 s                   ; No                         ; Yes                        ; 3.46 V                      ; 1.9e-07 V                   ; 3.59 V             ; -0.0873 V          ; 0.332 V                             ; 0.189 V                             ; 4.6e-10 s                  ; 4.2e-10 s                  ; No                        ; Yes                       ;
; Instruction[11] ; 3.3-V LVTTL  ; 0 s                 ; 0 s                 ; 3.46 V                       ; 1.9e-07 V                    ; 3.59 V              ; -0.0873 V           ; 0.332 V                              ; 0.189 V                              ; 4.6e-10 s                   ; 4.2e-10 s                   ; No                         ; Yes                        ; 3.46 V                      ; 1.9e-07 V                   ; 3.59 V             ; -0.0873 V          ; 0.332 V                             ; 0.189 V                             ; 4.6e-10 s                  ; 4.2e-10 s                  ; No                        ; Yes                       ;
; Instruction[10] ; 3.3-V LVTTL  ; 0 s                 ; 0 s                 ; 3.46 V                       ; 1.29e-07 V                   ; 3.55 V              ; -0.053 V            ; 0.341 V                              ; 0.35 V                               ; 9.04e-10 s                  ; 7.28e-10 s                  ; No                         ; No                         ; 3.46 V                      ; 1.29e-07 V                  ; 3.55 V             ; -0.053 V           ; 0.341 V                             ; 0.35 V                              ; 9.04e-10 s                 ; 7.28e-10 s                 ; No                        ; No                        ;
; Instruction[9]  ; 3.3-V LVTTL  ; 0 s                 ; 0 s                 ; 3.46 V                       ; 1.9e-07 V                    ; 3.59 V              ; -0.0873 V           ; 0.332 V                              ; 0.189 V                              ; 4.6e-10 s                   ; 4.2e-10 s                   ; No                         ; Yes                        ; 3.46 V                      ; 1.9e-07 V                   ; 3.59 V             ; -0.0873 V          ; 0.332 V                             ; 0.189 V                             ; 4.6e-10 s                  ; 4.2e-10 s                  ; No                        ; Yes                       ;
; Instruction[8]  ; 3.3-V LVTTL  ; 0 s                 ; 0 s                 ; 3.46 V                       ; 1.9e-07 V                    ; 3.59 V              ; -0.0873 V           ; 0.332 V                              ; 0.189 V                              ; 4.6e-10 s                   ; 4.2e-10 s                   ; No                         ; Yes                        ; 3.46 V                      ; 1.9e-07 V                   ; 3.59 V             ; -0.0873 V          ; 0.332 V                             ; 0.189 V                             ; 4.6e-10 s                  ; 4.2e-10 s                  ; No                        ; Yes                       ;
; Instruction[7]  ; 3.3-V LVTTL  ; 0 s                 ; 0 s                 ; 3.46 V                       ; 1.9e-07 V                    ; 3.59 V              ; -0.0873 V           ; 0.332 V                              ; 0.189 V                              ; 4.6e-10 s                   ; 4.2e-10 s                   ; No                         ; Yes                        ; 3.46 V                      ; 1.9e-07 V                   ; 3.59 V             ; -0.0873 V          ; 0.332 V                             ; 0.189 V                             ; 4.6e-10 s                  ; 4.2e-10 s                  ; No                        ; Yes                       ;
; Instruction[6]  ; 3.3-V LVTTL  ; 0 s                 ; 0 s                 ; 3.46 V                       ; 1.9e-07 V                    ; 3.59 V              ; -0.0873 V           ; 0.332 V                              ; 0.189 V                              ; 4.6e-10 s                   ; 4.2e-10 s                   ; No                         ; Yes                        ; 3.46 V                      ; 1.9e-07 V                   ; 3.59 V             ; -0.0873 V          ; 0.332 V                             ; 0.189 V                             ; 4.6e-10 s                  ; 4.2e-10 s                  ; No                        ; Yes                       ;
; Instruction[5]  ; 3.3-V LVTTL  ; 0 s                 ; 0 s                 ; 3.46 V                       ; 1.29e-07 V                   ; 3.55 V              ; -0.053 V            ; 0.341 V                              ; 0.35 V                               ; 9.04e-10 s                  ; 7.28e-10 s                  ; No                         ; No                         ; 3.46 V                      ; 1.29e-07 V                  ; 3.55 V             ; -0.053 V           ; 0.341 V                             ; 0.35 V                              ; 9.04e-10 s                 ; 7.28e-10 s                 ; No                        ; No                        ;
; Instruction[4]  ; 3.3-V LVTTL  ; 0 s                 ; 0 s                 ; 3.46 V                       ; 1.9e-07 V                    ; 3.59 V              ; -0.0873 V           ; 0.332 V                              ; 0.189 V                              ; 4.6e-10 s                   ; 4.2e-10 s                   ; No                         ; Yes                        ; 3.46 V                      ; 1.9e-07 V                   ; 3.59 V             ; -0.0873 V          ; 0.332 V                             ; 0.189 V                             ; 4.6e-10 s                  ; 4.2e-10 s                  ; No                        ; Yes                       ;
; Instruction[3]  ; 3.3-V LVTTL  ; 0 s                 ; 0 s                 ; 3.46 V                       ; 1.9e-07 V                    ; 3.59 V              ; -0.0873 V           ; 0.332 V                              ; 0.189 V                              ; 4.6e-10 s                   ; 4.2e-10 s                   ; No                         ; Yes                        ; 3.46 V                      ; 1.9e-07 V                   ; 3.59 V             ; -0.0873 V          ; 0.332 V                             ; 0.189 V                             ; 4.6e-10 s                  ; 4.2e-10 s                  ; No                        ; Yes                       ;
; Instruction[2]  ; 3.3-V LVTTL  ; 0 s                 ; 0 s                 ; 3.46 V                       ; 1.9e-07 V                    ; 3.59 V              ; -0.0873 V           ; 0.332 V                              ; 0.189 V                              ; 4.6e-10 s                   ; 4.2e-10 s                   ; No                         ; Yes                        ; 3.46 V                      ; 1.9e-07 V                   ; 3.59 V             ; -0.0873 V          ; 0.332 V                             ; 0.189 V                             ; 4.6e-10 s                  ; 4.2e-10 s                  ; No                        ; Yes                       ;
; Instruction[1]  ; 3.3-V LVTTL  ; 0 s                 ; 0 s                 ; 3.46 V                       ; 1.29e-07 V                   ; 3.55 V              ; -0.053 V            ; 0.341 V                              ; 0.35 V                               ; 9.04e-10 s                  ; 7.28e-10 s                  ; No                         ; No                         ; 3.46 V                      ; 1.29e-07 V                  ; 3.55 V             ; -0.053 V           ; 0.341 V                             ; 0.35 V                              ; 9.04e-10 s                 ; 7.28e-10 s                 ; No                        ; No                        ;
; Instruction[0]  ; 3.3-V LVTTL  ; 0 s                 ; 0 s                 ; 3.46 V                       ; 1.9e-07 V                    ; 3.59 V              ; -0.0873 V           ; 0.332 V                              ; 0.189 V                              ; 4.6e-10 s                   ; 4.2e-10 s                   ; No                         ; Yes                        ; 3.46 V                      ; 1.9e-07 V                   ; 3.59 V             ; -0.0873 V          ; 0.332 V                             ; 0.189 V                             ; 4.6e-10 s                  ; 4.2e-10 s                  ; No                        ; Yes                       ;
; PC[31]          ; 3.3-V LVTTL  ; 0 s                 ; 0 s                 ; 3.46 V                       ; 1.9e-07 V                    ; 3.59 V              ; -0.0873 V           ; 0.332 V                              ; 0.189 V                              ; 4.6e-10 s                   ; 4.2e-10 s                   ; No                         ; Yes                        ; 3.46 V                      ; 1.9e-07 V                   ; 3.59 V             ; -0.0873 V          ; 0.332 V                             ; 0.189 V                             ; 4.6e-10 s                  ; 4.2e-10 s                  ; No                        ; Yes                       ;
; PC[30]          ; 3.3-V LVTTL  ; 0 s                 ; 0 s                 ; 3.46 V                       ; 1.29e-07 V                   ; 3.57 V              ; -0.0645 V           ; 0.332 V                              ; 0.165 V                              ; 6.78e-10 s                  ; 6.19e-10 s                  ; No                         ; Yes                        ; 3.46 V                      ; 1.29e-07 V                  ; 3.57 V             ; -0.0645 V          ; 0.332 V                             ; 0.165 V                             ; 6.78e-10 s                 ; 6.19e-10 s                 ; No                        ; Yes                       ;
; PC[29]          ; 3.3-V LVTTL  ; 0 s                 ; 0 s                 ; 3.46 V                       ; 1.9e-07 V                    ; 3.59 V              ; -0.0873 V           ; 0.332 V                              ; 0.189 V                              ; 4.6e-10 s                   ; 4.2e-10 s                   ; No                         ; Yes                        ; 3.46 V                      ; 1.9e-07 V                   ; 3.59 V             ; -0.0873 V          ; 0.332 V                             ; 0.189 V                             ; 4.6e-10 s                  ; 4.2e-10 s                  ; No                        ; Yes                       ;
; PC[28]          ; 3.3-V LVTTL  ; 0 s                 ; 0 s                 ; 3.46 V                       ; 1.9e-07 V                    ; 3.59 V              ; -0.0873 V           ; 0.332 V                              ; 0.189 V                              ; 4.6e-10 s                   ; 4.2e-10 s                   ; No                         ; Yes                        ; 3.46 V                      ; 1.9e-07 V                   ; 3.59 V             ; -0.0873 V          ; 0.332 V                             ; 0.189 V                             ; 4.6e-10 s                  ; 4.2e-10 s                  ; No                        ; Yes                       ;
; PC[27]          ; 3.3-V LVTTL  ; 0 s                 ; 0 s                 ; 3.46 V                       ; 1.29e-07 V                   ; 3.48 V              ; -0.0136 V           ; 0.352 V                              ; 0.346 V                              ; 4.12e-09 s                  ; 3.34e-09 s                  ; No                         ; Yes                        ; 3.46 V                      ; 1.29e-07 V                  ; 3.48 V             ; -0.0136 V          ; 0.352 V                             ; 0.346 V                             ; 4.12e-09 s                 ; 3.34e-09 s                 ; No                        ; Yes                       ;
; PC[26]          ; 3.3-V LVTTL  ; 0 s                 ; 0 s                 ; 3.46 V                       ; 1.29e-07 V                   ; 3.55 V              ; -0.053 V            ; 0.341 V                              ; 0.35 V                               ; 9.04e-10 s                  ; 7.28e-10 s                  ; No                         ; No                         ; 3.46 V                      ; 1.29e-07 V                  ; 3.55 V             ; -0.053 V           ; 0.341 V                             ; 0.35 V                              ; 9.04e-10 s                 ; 7.28e-10 s                 ; No                        ; No                        ;
; PC[25]          ; 3.3-V LVTTL  ; 0 s                 ; 0 s                 ; 3.46 V                       ; 1.9e-07 V                    ; 3.59 V              ; -0.0873 V           ; 0.332 V                              ; 0.189 V                              ; 4.6e-10 s                   ; 4.2e-10 s                   ; No                         ; Yes                        ; 3.46 V                      ; 1.9e-07 V                   ; 3.59 V             ; -0.0873 V          ; 0.332 V                             ; 0.189 V                             ; 4.6e-10 s                  ; 4.2e-10 s                  ; No                        ; Yes                       ;
; PC[24]          ; 3.3-V LVTTL  ; 0 s                 ; 0 s                 ; 3.46 V                       ; 1.9e-07 V                    ; 3.59 V              ; -0.0873 V           ; 0.332 V                              ; 0.189 V                              ; 4.6e-10 s                   ; 4.2e-10 s                   ; No                         ; Yes                        ; 3.46 V                      ; 1.9e-07 V                   ; 3.59 V             ; -0.0873 V          ; 0.332 V                             ; 0.189 V                             ; 4.6e-10 s                  ; 4.2e-10 s                  ; No                        ; Yes                       ;
; PC[23]          ; 3.3-V LVTTL  ; 0 s                 ; 0 s                 ; 3.46 V                       ; 1.29e-07 V                   ; 3.55 V              ; -0.053 V            ; 0.341 V                              ; 0.35 V                               ; 9.04e-10 s                  ; 7.28e-10 s                  ; No                         ; No                         ; 3.46 V                      ; 1.29e-07 V                  ; 3.55 V             ; -0.053 V           ; 0.341 V                             ; 0.35 V                              ; 9.04e-10 s                 ; 7.28e-10 s                 ; No                        ; No                        ;
; PC[22]          ; 3.3-V LVTTL  ; 0 s                 ; 0 s                 ; 3.46 V                       ; 1.9e-07 V                    ; 3.59 V              ; -0.0873 V           ; 0.332 V                              ; 0.189 V                              ; 4.6e-10 s                   ; 4.2e-10 s                   ; No                         ; Yes                        ; 3.46 V                      ; 1.9e-07 V                   ; 3.59 V             ; -0.0873 V          ; 0.332 V                             ; 0.189 V                             ; 4.6e-10 s                  ; 4.2e-10 s                  ; No                        ; Yes                       ;
; PC[21]          ; 3.3-V LVTTL  ; 0 s                 ; 0 s                 ; 3.46 V                       ; 1.9e-07 V                    ; 3.59 V              ; -0.0873 V           ; 0.332 V                              ; 0.189 V                              ; 4.6e-10 s                   ; 4.2e-10 s                   ; No                         ; Yes                        ; 3.46 V                      ; 1.9e-07 V                   ; 3.59 V             ; -0.0873 V          ; 0.332 V                             ; 0.189 V                             ; 4.6e-10 s                  ; 4.2e-10 s                  ; No                        ; Yes                       ;
; PC[20]          ; 3.3-V LVTTL  ; 0 s                 ; 0 s                 ; 3.46 V                       ; 1.9e-07 V                    ; 3.59 V              ; -0.0873 V           ; 0.332 V                              ; 0.189 V                              ; 4.6e-10 s                   ; 4.2e-10 s                   ; No                         ; Yes                        ; 3.46 V                      ; 1.9e-07 V                   ; 3.59 V             ; -0.0873 V          ; 0.332 V                             ; 0.189 V                             ; 4.6e-10 s                  ; 4.2e-10 s                  ; No                        ; Yes                       ;
; PC[19]          ; 3.3-V LVTTL  ; 0 s                 ; 0 s                 ; 3.46 V                       ; 1.29e-07 V                   ; 3.55 V              ; -0.053 V            ; 0.341 V                              ; 0.35 V                               ; 9.04e-10 s                  ; 7.28e-10 s                  ; No                         ; No                         ; 3.46 V                      ; 1.29e-07 V                  ; 3.55 V             ; -0.053 V           ; 0.341 V                             ; 0.35 V                              ; 9.04e-10 s                 ; 7.28e-10 s                 ; No                        ; No                        ;
; PC[18]          ; 3.3-V LVTTL  ; 0 s                 ; 0 s                 ; 3.46 V                       ; 1.9e-07 V                    ; 3.48 V              ; -0.0142 V           ; 0.362 V                              ; 0.291 V                              ; 3.89e-09 s                  ; 3.25e-09 s                  ; No                         ; No                         ; 3.46 V                      ; 1.9e-07 V                   ; 3.48 V             ; -0.0142 V          ; 0.362 V                             ; 0.291 V                             ; 3.89e-09 s                 ; 3.25e-09 s                 ; No                        ; No                        ;
; PC[17]          ; 3.3-V LVTTL  ; 0 s                 ; 0 s                 ; 3.46 V                       ; 1.29e-07 V                   ; 3.55 V              ; -0.053 V            ; 0.341 V                              ; 0.35 V                               ; 9.04e-10 s                  ; 7.28e-10 s                  ; No                         ; No                         ; 3.46 V                      ; 1.29e-07 V                  ; 3.55 V             ; -0.053 V           ; 0.341 V                             ; 0.35 V                              ; 9.04e-10 s                 ; 7.28e-10 s                 ; No                        ; No                        ;
; PC[16]          ; 3.3-V LVTTL  ; 0 s                 ; 0 s                 ; 3.46 V                       ; 1.29e-07 V                   ; 3.55 V              ; -0.053 V            ; 0.341 V                              ; 0.35 V                               ; 9.04e-10 s                  ; 7.28e-10 s                  ; No                         ; No                         ; 3.46 V                      ; 1.29e-07 V                  ; 3.55 V             ; -0.053 V           ; 0.341 V                             ; 0.35 V                              ; 9.04e-10 s                 ; 7.28e-10 s                 ; No                        ; No                        ;
; PC[15]          ; 3.3-V LVTTL  ; 0 s                 ; 0 s                 ; 3.46 V                       ; 1.29e-07 V                   ; 3.55 V              ; -0.053 V            ; 0.341 V                              ; 0.35 V                               ; 9.04e-10 s                  ; 7.28e-10 s                  ; No                         ; No                         ; 3.46 V                      ; 1.29e-07 V                  ; 3.55 V             ; -0.053 V           ; 0.341 V                             ; 0.35 V                              ; 9.04e-10 s                 ; 7.28e-10 s                 ; No                        ; No                        ;
; PC[14]          ; 3.3-V LVTTL  ; 0 s                 ; 0 s                 ; 3.46 V                       ; 1.9e-07 V                    ; 3.59 V              ; -0.0873 V           ; 0.332 V                              ; 0.189 V                              ; 4.6e-10 s                   ; 4.2e-10 s                   ; No                         ; Yes                        ; 3.46 V                      ; 1.9e-07 V                   ; 3.59 V             ; -0.0873 V          ; 0.332 V                             ; 0.189 V                             ; 4.6e-10 s                  ; 4.2e-10 s                  ; No                        ; Yes                       ;
; PC[13]          ; 3.3-V LVTTL  ; 0 s                 ; 0 s                 ; 3.46 V                       ; 1.9e-07 V                    ; 3.59 V              ; -0.0873 V           ; 0.332 V                              ; 0.189 V                              ; 4.6e-10 s                   ; 4.2e-10 s                   ; No                         ; Yes                        ; 3.46 V                      ; 1.9e-07 V                   ; 3.59 V             ; -0.0873 V          ; 0.332 V                             ; 0.189 V                             ; 4.6e-10 s                  ; 4.2e-10 s                  ; No                        ; Yes                       ;
; PC[12]          ; 3.3-V LVTTL  ; 0 s                 ; 0 s                 ; 3.46 V                       ; 1.9e-07 V                    ; 3.59 V              ; -0.0873 V           ; 0.332 V                              ; 0.189 V                              ; 4.6e-10 s                   ; 4.2e-10 s                   ; No                         ; Yes                        ; 3.46 V                      ; 1.9e-07 V                   ; 3.59 V             ; -0.0873 V          ; 0.332 V                             ; 0.189 V                             ; 4.6e-10 s                  ; 4.2e-10 s                  ; No                        ; Yes                       ;
; PC[11]          ; 3.3-V LVTTL  ; 0 s                 ; 0 s                 ; 3.46 V                       ; 1.9e-07 V                    ; 3.59 V              ; -0.0873 V           ; 0.332 V                              ; 0.189 V                              ; 4.6e-10 s                   ; 4.2e-10 s                   ; No                         ; Yes                        ; 3.46 V                      ; 1.9e-07 V                   ; 3.59 V             ; -0.0873 V          ; 0.332 V                             ; 0.189 V                             ; 4.6e-10 s                  ; 4.2e-10 s                  ; No                        ; Yes                       ;
; PC[10]          ; 3.3-V LVTTL  ; 0 s                 ; 0 s                 ; 3.46 V                       ; 1.29e-07 V                   ; 3.55 V              ; -0.053 V            ; 0.341 V                              ; 0.35 V                               ; 9.04e-10 s                  ; 7.28e-10 s                  ; No                         ; No                         ; 3.46 V                      ; 1.29e-07 V                  ; 3.55 V             ; -0.053 V           ; 0.341 V                             ; 0.35 V                              ; 9.04e-10 s                 ; 7.28e-10 s                 ; No                        ; No                        ;
; PC[9]           ; 3.3-V LVTTL  ; 0 s                 ; 0 s                 ; 3.46 V                       ; 1.9e-07 V                    ; 3.59 V              ; -0.0873 V           ; 0.332 V                              ; 0.189 V                              ; 4.6e-10 s                   ; 4.2e-10 s                   ; No                         ; Yes                        ; 3.46 V                      ; 1.9e-07 V                   ; 3.59 V             ; -0.0873 V          ; 0.332 V                             ; 0.189 V                             ; 4.6e-10 s                  ; 4.2e-10 s                  ; No                        ; Yes                       ;
; PC[8]           ; 3.3-V LVTTL  ; 0 s                 ; 0 s                 ; 3.46 V                       ; 1.9e-07 V                    ; 3.59 V              ; -0.0873 V           ; 0.332 V                              ; 0.189 V                              ; 4.6e-10 s                   ; 4.2e-10 s                   ; No                         ; Yes                        ; 3.46 V                      ; 1.9e-07 V                   ; 3.59 V             ; -0.0873 V          ; 0.332 V                             ; 0.189 V                             ; 4.6e-10 s                  ; 4.2e-10 s                  ; No                        ; Yes                       ;
; PC[7]           ; 3.3-V LVTTL  ; 0 s                 ; 0 s                 ; 3.46 V                       ; 1.29e-07 V                   ; 3.55 V              ; -0.053 V            ; 0.341 V                              ; 0.35 V                               ; 9.04e-10 s                  ; 7.28e-10 s                  ; No                         ; No                         ; 3.46 V                      ; 1.29e-07 V                  ; 3.55 V             ; -0.053 V           ; 0.341 V                             ; 0.35 V                              ; 9.04e-10 s                 ; 7.28e-10 s                 ; No                        ; No                        ;
; PC[6]           ; 3.3-V LVTTL  ; 0 s                 ; 0 s                 ; 3.46 V                       ; 1.9e-07 V                    ; 3.59 V              ; -0.0873 V           ; 0.332 V                              ; 0.189 V                              ; 4.6e-10 s                   ; 4.2e-10 s                   ; No                         ; Yes                        ; 3.46 V                      ; 1.9e-07 V                   ; 3.59 V             ; -0.0873 V          ; 0.332 V                             ; 0.189 V                             ; 4.6e-10 s                  ; 4.2e-10 s                  ; No                        ; Yes                       ;
; PC[5]           ; 3.3-V LVTTL  ; 0 s                 ; 0 s                 ; 3.46 V                       ; 1.9e-07 V                    ; 3.59 V              ; -0.0873 V           ; 0.332 V                              ; 0.189 V                              ; 4.6e-10 s                   ; 4.2e-10 s                   ; No                         ; Yes                        ; 3.46 V                      ; 1.9e-07 V                   ; 3.59 V             ; -0.0873 V          ; 0.332 V                             ; 0.189 V                             ; 4.6e-10 s                  ; 4.2e-10 s                  ; No                        ; Yes                       ;
; PC[4]           ; 3.3-V LVTTL  ; 0 s                 ; 0 s                 ; 3.46 V                       ; 1.9e-07 V                    ; 3.59 V              ; -0.0873 V           ; 0.332 V                              ; 0.189 V                              ; 4.6e-10 s                   ; 4.2e-10 s                   ; No                         ; Yes                        ; 3.46 V                      ; 1.9e-07 V                   ; 3.59 V             ; -0.0873 V          ; 0.332 V                             ; 0.189 V                             ; 4.6e-10 s                  ; 4.2e-10 s                  ; No                        ; Yes                       ;
; PC[3]           ; 3.3-V LVTTL  ; 0 s                 ; 0 s                 ; 3.46 V                       ; 1.9e-07 V                    ; 3.59 V              ; -0.0873 V           ; 0.332 V                              ; 0.189 V                              ; 4.6e-10 s                   ; 4.2e-10 s                   ; No                         ; Yes                        ; 3.46 V                      ; 1.9e-07 V                   ; 3.59 V             ; -0.0873 V          ; 0.332 V                             ; 0.189 V                             ; 4.6e-10 s                  ; 4.2e-10 s                  ; No                        ; Yes                       ;
; PC[2]           ; 3.3-V LVTTL  ; 0 s                 ; 0 s                 ; 3.46 V                       ; 1.9e-07 V                    ; 3.59 V              ; -0.0873 V           ; 0.332 V                              ; 0.189 V                              ; 4.6e-10 s                   ; 4.2e-10 s                   ; No                         ; Yes                        ; 3.46 V                      ; 1.9e-07 V                   ; 3.59 V             ; -0.0873 V          ; 0.332 V                             ; 0.189 V                             ; 4.6e-10 s                  ; 4.2e-10 s                  ; No                        ; Yes                       ;
; PC[1]           ; 3.3-V LVTTL  ; 0 s                 ; 0 s                 ; 3.46 V                       ; 1.9e-07 V                    ; 3.59 V              ; -0.0873 V           ; 0.332 V                              ; 0.189 V                              ; 4.6e-10 s                   ; 4.2e-10 s                   ; No                         ; Yes                        ; 3.46 V                      ; 1.9e-07 V                   ; 3.59 V             ; -0.0873 V          ; 0.332 V                             ; 0.189 V                             ; 4.6e-10 s                  ; 4.2e-10 s                  ; No                        ; Yes                       ;
; PC[0]           ; 3.3-V LVTTL  ; 0 s                 ; 0 s                 ; 3.46 V                       ; 1.29e-07 V                   ; 3.55 V              ; -0.053 V            ; 0.341 V                              ; 0.35 V                               ; 9.04e-10 s                  ; 7.28e-10 s                  ; No                         ; No                         ; 3.46 V                      ; 1.29e-07 V                  ; 3.55 V             ; -0.053 V           ; 0.341 V                             ; 0.35 V                              ; 9.04e-10 s                 ; 7.28e-10 s                 ; No                        ; No                        ;
; RegDst          ; 3.3-V LVTTL  ; 0 s                 ; 0 s                 ; 3.46 V                       ; 1.9e-07 V                    ; 3.59 V              ; -0.0873 V           ; 0.332 V                              ; 0.189 V                              ; 4.6e-10 s                   ; 4.2e-10 s                   ; No                         ; Yes                        ; 3.46 V                      ; 1.9e-07 V                   ; 3.59 V             ; -0.0873 V          ; 0.332 V                             ; 0.189 V                             ; 4.6e-10 s                  ; 4.2e-10 s                  ; No                        ; Yes                       ;
; Operation[2]    ; 3.3-V LVTTL  ; 0 s                 ; 0 s                 ; 3.46 V                       ; 1.29e-07 V                   ; 3.55 V              ; -0.053 V            ; 0.341 V                              ; 0.35 V                               ; 9.04e-10 s                  ; 7.28e-10 s                  ; No                         ; No                         ; 3.46 V                      ; 1.29e-07 V                  ; 3.55 V             ; -0.053 V           ; 0.341 V                             ; 0.35 V                              ; 9.04e-10 s                 ; 7.28e-10 s                 ; No                        ; No                        ;
; Operation[1]    ; 3.3-V LVTTL  ; 0 s                 ; 0 s                 ; 3.46 V                       ; 1.29e-07 V                   ; 3.55 V              ; -0.053 V            ; 0.341 V                              ; 0.35 V                               ; 9.04e-10 s                  ; 7.28e-10 s                  ; No                         ; No                         ; 3.46 V                      ; 1.29e-07 V                  ; 3.55 V             ; -0.053 V           ; 0.341 V                             ; 0.35 V                              ; 9.04e-10 s                 ; 7.28e-10 s                 ; No                        ; No                        ;
; Operation[0]    ; 3.3-V LVTTL  ; 0 s                 ; 0 s                 ; 3.46 V                       ; 1.29e-07 V                   ; 3.55 V              ; -0.053 V            ; 0.341 V                              ; 0.35 V                               ; 9.04e-10 s                  ; 7.28e-10 s                  ; No                         ; No                         ; 3.46 V                      ; 1.29e-07 V                  ; 3.55 V             ; -0.053 V           ; 0.341 V                             ; 0.35 V                              ; 9.04e-10 s                 ; 7.28e-10 s                 ; No                        ; No                        ;
; ALUOp[1]        ; 3.3-V LVTTL  ; 0 s                 ; 0 s                 ; 3.46 V                       ; 1.9e-07 V                    ; 3.48 V              ; -0.0142 V           ; 0.362 V                              ; 0.291 V                              ; 3.89e-09 s                  ; 3.25e-09 s                  ; No                         ; No                         ; 3.46 V                      ; 1.9e-07 V                   ; 3.48 V             ; -0.0142 V          ; 0.362 V                             ; 0.291 V                             ; 3.89e-09 s                 ; 3.25e-09 s                 ; No                        ; No                        ;
; ALUOp[0]        ; 3.3-V LVTTL  ; 0 s                 ; 0 s                 ; 3.46 V                       ; 1.29e-07 V                   ; 3.57 V              ; -0.0645 V           ; 0.332 V                              ; 0.165 V                              ; 6.78e-10 s                  ; 6.19e-10 s                  ; No                         ; Yes                        ; 3.46 V                      ; 1.29e-07 V                  ; 3.57 V             ; -0.0645 V          ; 0.332 V                             ; 0.165 V                             ; 6.78e-10 s                 ; 6.19e-10 s                 ; No                        ; Yes                       ;
; RegWrite        ; 3.3-V LVTTL  ; 0 s                 ; 0 s                 ; 3.46 V                       ; 1.29e-07 V                   ; 3.55 V              ; -0.053 V            ; 0.341 V                              ; 0.35 V                               ; 9.04e-10 s                  ; 7.28e-10 s                  ; No                         ; No                         ; 3.46 V                      ; 1.29e-07 V                  ; 3.55 V             ; -0.053 V           ; 0.341 V                             ; 0.35 V                              ; 9.04e-10 s                 ; 7.28e-10 s                 ; No                        ; No                        ;
; MemToReg        ; 3.3-V LVTTL  ; 0 s                 ; 0 s                 ; 3.46 V                       ; 1.29e-07 V                   ; 3.57 V              ; -0.0645 V           ; 0.332 V                              ; 0.165 V                              ; 6.78e-10 s                  ; 6.19e-10 s                  ; No                         ; Yes                        ; 3.46 V                      ; 1.29e-07 V                  ; 3.57 V             ; -0.0645 V          ; 0.332 V                             ; 0.165 V                             ; 6.78e-10 s                 ; 6.19e-10 s                 ; No                        ; Yes                       ;
; MemWrite        ; 3.3-V LVTTL  ; 0 s                 ; 0 s                 ; 3.46 V                       ; 1.29e-07 V                   ; 3.57 V              ; -0.0645 V           ; 0.332 V                              ; 0.165 V                              ; 6.78e-10 s                  ; 6.19e-10 s                  ; No                         ; Yes                        ; 3.46 V                      ; 1.29e-07 V                  ; 3.57 V             ; -0.0645 V          ; 0.332 V                             ; 0.165 V                             ; 6.78e-10 s                 ; 6.19e-10 s                 ; No                        ; Yes                       ;
; ALUSrc          ; 3.3-V LVTTL  ; 0 s                 ; 0 s                 ; 3.46 V                       ; 1.29e-07 V                   ; 3.55 V              ; -0.053 V            ; 0.341 V                              ; 0.35 V                               ; 9.04e-10 s                  ; 7.28e-10 s                  ; No                         ; No                         ; 3.46 V                      ; 1.29e-07 V                  ; 3.55 V             ; -0.053 V           ; 0.341 V                             ; 0.35 V                              ; 9.04e-10 s                 ; 7.28e-10 s                 ; No                        ; No                        ;
; clkSys          ; 3.3-V LVTTL  ; 0 s                 ; 0 s                 ; 3.46 V                       ; 1.29e-07 V                   ; 3.48 V              ; -0.0136 V           ; 0.352 V                              ; 0.346 V                              ; 4.12e-09 s                  ; 3.34e-09 s                  ; No                         ; Yes                        ; 3.46 V                      ; 1.29e-07 V                  ; 3.48 V             ; -0.0136 V          ; 0.352 V                             ; 0.346 V                             ; 4.12e-09 s                 ; 3.34e-09 s                 ; No                        ; Yes                       ;
; function[5]     ; 3.3-V LVTTL  ; 0 s                 ; 0 s                 ; 3.46 V                       ; 1.29e-07 V                   ; 3.55 V              ; -0.053 V            ; 0.341 V                              ; 0.35 V                               ; 9.04e-10 s                  ; 7.28e-10 s                  ; No                         ; No                         ; 3.46 V                      ; 1.29e-07 V                  ; 3.55 V             ; -0.053 V           ; 0.341 V                             ; 0.35 V                              ; 9.04e-10 s                 ; 7.28e-10 s                 ; No                        ; No                        ;
; function[4]     ; 3.3-V LVTTL  ; 0 s                 ; 0 s                 ; 3.46 V                       ; 1.9e-07 V                    ; 3.59 V              ; -0.0873 V           ; 0.332 V                              ; 0.189 V                              ; 4.6e-10 s                   ; 4.2e-10 s                   ; No                         ; Yes                        ; 3.46 V                      ; 1.9e-07 V                   ; 3.59 V             ; -0.0873 V          ; 0.332 V                             ; 0.189 V                             ; 4.6e-10 s                  ; 4.2e-10 s                  ; No                        ; Yes                       ;
; function[3]     ; 3.3-V LVTTL  ; 0 s                 ; 0 s                 ; 3.46 V                       ; 1.9e-07 V                    ; 3.59 V              ; -0.0873 V           ; 0.332 V                              ; 0.189 V                              ; 4.6e-10 s                   ; 4.2e-10 s                   ; No                         ; Yes                        ; 3.46 V                      ; 1.9e-07 V                   ; 3.59 V             ; -0.0873 V          ; 0.332 V                             ; 0.189 V                             ; 4.6e-10 s                  ; 4.2e-10 s                  ; No                        ; Yes                       ;
; function[2]     ; 3.3-V LVTTL  ; 0 s                 ; 0 s                 ; 3.46 V                       ; 1.29e-07 V                   ; 3.55 V              ; -0.053 V            ; 0.341 V                              ; 0.35 V                               ; 9.04e-10 s                  ; 7.28e-10 s                  ; No                         ; No                         ; 3.46 V                      ; 1.29e-07 V                  ; 3.55 V             ; -0.053 V           ; 0.341 V                             ; 0.35 V                              ; 9.04e-10 s                 ; 7.28e-10 s                 ; No                        ; No                        ;
; function[1]     ; 3.3-V LVTTL  ; 0 s                 ; 0 s                 ; 3.46 V                       ; 1.29e-07 V                   ; 3.55 V              ; -0.053 V            ; 0.341 V                              ; 0.35 V                               ; 9.04e-10 s                  ; 7.28e-10 s                  ; No                         ; No                         ; 3.46 V                      ; 1.29e-07 V                  ; 3.55 V             ; -0.053 V           ; 0.341 V                             ; 0.35 V                              ; 9.04e-10 s                 ; 7.28e-10 s                 ; No                        ; No                        ;
; function[0]     ; 3.3-V LVTTL  ; 0 s                 ; 0 s                 ; 3.46 V                       ; 1.9e-07 V                    ; 3.59 V              ; -0.0873 V           ; 0.332 V                              ; 0.189 V                              ; 4.6e-10 s                   ; 4.2e-10 s                   ; No                         ; Yes                        ; 3.46 V                      ; 1.9e-07 V                   ; 3.59 V             ; -0.0873 V          ; 0.332 V                             ; 0.189 V                             ; 4.6e-10 s                  ; 4.2e-10 s                  ; No                        ; Yes                       ;
; imed16[15]      ; 3.3-V LVTTL  ; 0 s                 ; 0 s                 ; 3.46 V                       ; 1.29e-07 V                   ; 3.55 V              ; -0.053 V            ; 0.341 V                              ; 0.35 V                               ; 9.04e-10 s                  ; 7.28e-10 s                  ; No                         ; No                         ; 3.46 V                      ; 1.29e-07 V                  ; 3.55 V             ; -0.053 V           ; 0.341 V                             ; 0.35 V                              ; 9.04e-10 s                 ; 7.28e-10 s                 ; No                        ; No                        ;
; imed16[14]      ; 3.3-V LVTTL  ; 0 s                 ; 0 s                 ; 3.46 V                       ; 1.29e-07 V                   ; 3.55 V              ; -0.053 V            ; 0.341 V                              ; 0.35 V                               ; 9.04e-10 s                  ; 7.28e-10 s                  ; No                         ; No                         ; 3.46 V                      ; 1.29e-07 V                  ; 3.55 V             ; -0.053 V           ; 0.341 V                             ; 0.35 V                              ; 9.04e-10 s                 ; 7.28e-10 s                 ; No                        ; No                        ;
; imed16[13]      ; 3.3-V LVTTL  ; 0 s                 ; 0 s                 ; 3.46 V                       ; 1.29e-07 V                   ; 3.48 V              ; -0.0136 V           ; 0.352 V                              ; 0.346 V                              ; 4.12e-09 s                  ; 3.34e-09 s                  ; No                         ; Yes                        ; 3.46 V                      ; 1.29e-07 V                  ; 3.48 V             ; -0.0136 V          ; 0.352 V                             ; 0.346 V                             ; 4.12e-09 s                 ; 3.34e-09 s                 ; No                        ; Yes                       ;
; imed16[12]      ; 3.3-V LVTTL  ; 0 s                 ; 0 s                 ; 3.46 V                       ; 1.9e-07 V                    ; 3.59 V              ; -0.0873 V           ; 0.332 V                              ; 0.189 V                              ; 4.6e-10 s                   ; 4.2e-10 s                   ; No                         ; Yes                        ; 3.46 V                      ; 1.9e-07 V                   ; 3.59 V             ; -0.0873 V          ; 0.332 V                             ; 0.189 V                             ; 4.6e-10 s                  ; 4.2e-10 s                  ; No                        ; Yes                       ;
; imed16[11]      ; 3.3-V LVTTL  ; 0 s                 ; 0 s                 ; 3.46 V                       ; 1.9e-07 V                    ; 3.59 V              ; -0.0873 V           ; 0.332 V                              ; 0.189 V                              ; 4.6e-10 s                   ; 4.2e-10 s                   ; No                         ; Yes                        ; 3.46 V                      ; 1.9e-07 V                   ; 3.59 V             ; -0.0873 V          ; 0.332 V                             ; 0.189 V                             ; 4.6e-10 s                  ; 4.2e-10 s                  ; No                        ; Yes                       ;
; imed16[10]      ; 3.3-V LVTTL  ; 0 s                 ; 0 s                 ; 3.46 V                       ; 1.29e-07 V                   ; 3.48 V              ; -0.0136 V           ; 0.352 V                              ; 0.346 V                              ; 4.12e-09 s                  ; 3.34e-09 s                  ; No                         ; Yes                        ; 3.46 V                      ; 1.29e-07 V                  ; 3.48 V             ; -0.0136 V          ; 0.352 V                             ; 0.346 V                             ; 4.12e-09 s                 ; 3.34e-09 s                 ; No                        ; Yes                       ;
; imed16[9]       ; 3.3-V LVTTL  ; 0 s                 ; 0 s                 ; 3.46 V                       ; 1.9e-07 V                    ; 3.59 V              ; -0.0873 V           ; 0.332 V                              ; 0.189 V                              ; 4.6e-10 s                   ; 4.2e-10 s                   ; No                         ; Yes                        ; 3.46 V                      ; 1.9e-07 V                   ; 3.59 V             ; -0.0873 V          ; 0.332 V                             ; 0.189 V                             ; 4.6e-10 s                  ; 4.2e-10 s                  ; No                        ; Yes                       ;
; imed16[8]       ; 3.3-V LVTTL  ; 0 s                 ; 0 s                 ; 3.46 V                       ; 1.9e-07 V                    ; 3.59 V              ; -0.0873 V           ; 0.332 V                              ; 0.189 V                              ; 4.6e-10 s                   ; 4.2e-10 s                   ; No                         ; Yes                        ; 3.46 V                      ; 1.9e-07 V                   ; 3.59 V             ; -0.0873 V          ; 0.332 V                             ; 0.189 V                             ; 4.6e-10 s                  ; 4.2e-10 s                  ; No                        ; Yes                       ;
; imed16[7]       ; 3.3-V LVTTL  ; 0 s                 ; 0 s                 ; 3.46 V                       ; 1.9e-07 V                    ; 3.59 V              ; -0.0873 V           ; 0.332 V                              ; 0.189 V                              ; 4.6e-10 s                   ; 4.2e-10 s                   ; No                         ; Yes                        ; 3.46 V                      ; 1.9e-07 V                   ; 3.59 V             ; -0.0873 V          ; 0.332 V                             ; 0.189 V                             ; 4.6e-10 s                  ; 4.2e-10 s                  ; No                        ; Yes                       ;
; imed16[6]       ; 3.3-V LVTTL  ; 0 s                 ; 0 s                 ; 3.46 V                       ; 1.9e-07 V                    ; 3.59 V              ; -0.0873 V           ; 0.332 V                              ; 0.189 V                              ; 4.6e-10 s                   ; 4.2e-10 s                   ; No                         ; Yes                        ; 3.46 V                      ; 1.9e-07 V                   ; 3.59 V             ; -0.0873 V          ; 0.332 V                             ; 0.189 V                             ; 4.6e-10 s                  ; 4.2e-10 s                  ; No                        ; Yes                       ;
; imed16[5]       ; 3.3-V LVTTL  ; 0 s                 ; 0 s                 ; 3.46 V                       ; 1.29e-07 V                   ; 3.55 V              ; -0.053 V            ; 0.341 V                              ; 0.35 V                               ; 9.04e-10 s                  ; 7.28e-10 s                  ; No                         ; No                         ; 3.46 V                      ; 1.29e-07 V                  ; 3.55 V             ; -0.053 V           ; 0.341 V                             ; 0.35 V                              ; 9.04e-10 s                 ; 7.28e-10 s                 ; No                        ; No                        ;
; imed16[4]       ; 3.3-V LVTTL  ; 0 s                 ; 0 s                 ; 3.46 V                       ; 1.9e-07 V                    ; 3.59 V              ; -0.0873 V           ; 0.332 V                              ; 0.189 V                              ; 4.6e-10 s                   ; 4.2e-10 s                   ; No                         ; Yes                        ; 3.46 V                      ; 1.9e-07 V                   ; 3.59 V             ; -0.0873 V          ; 0.332 V                             ; 0.189 V                             ; 4.6e-10 s                  ; 4.2e-10 s                  ; No                        ; Yes                       ;
; imed16[3]       ; 3.3-V LVTTL  ; 0 s                 ; 0 s                 ; 3.46 V                       ; 1.9e-07 V                    ; 3.59 V              ; -0.0873 V           ; 0.332 V                              ; 0.189 V                              ; 4.6e-10 s                   ; 4.2e-10 s                   ; No                         ; Yes                        ; 3.46 V                      ; 1.9e-07 V                   ; 3.59 V             ; -0.0873 V          ; 0.332 V                             ; 0.189 V                             ; 4.6e-10 s                  ; 4.2e-10 s                  ; No                        ; Yes                       ;
; imed16[2]       ; 3.3-V LVTTL  ; 0 s                 ; 0 s                 ; 3.46 V                       ; 1.9e-07 V                    ; 3.59 V              ; -0.0873 V           ; 0.332 V                              ; 0.189 V                              ; 4.6e-10 s                   ; 4.2e-10 s                   ; No                         ; Yes                        ; 3.46 V                      ; 1.9e-07 V                   ; 3.59 V             ; -0.0873 V          ; 0.332 V                             ; 0.189 V                             ; 4.6e-10 s                  ; 4.2e-10 s                  ; No                        ; Yes                       ;
; imed16[1]       ; 3.3-V LVTTL  ; 0 s                 ; 0 s                 ; 3.46 V                       ; 1.29e-07 V                   ; 3.55 V              ; -0.053 V            ; 0.341 V                              ; 0.35 V                               ; 9.04e-10 s                  ; 7.28e-10 s                  ; No                         ; No                         ; 3.46 V                      ; 1.29e-07 V                  ; 3.55 V             ; -0.053 V           ; 0.341 V                             ; 0.35 V                              ; 9.04e-10 s                 ; 7.28e-10 s                 ; No                        ; No                        ;
; imed16[0]       ; 3.3-V LVTTL  ; 0 s                 ; 0 s                 ; 3.46 V                       ; 1.9e-07 V                    ; 3.59 V              ; -0.0873 V           ; 0.332 V                              ; 0.189 V                              ; 4.6e-10 s                   ; 4.2e-10 s                   ; No                         ; Yes                        ; 3.46 V                      ; 1.9e-07 V                   ; 3.59 V             ; -0.0873 V          ; 0.332 V                             ; 0.189 V                             ; 4.6e-10 s                  ; 4.2e-10 s                  ; No                        ; Yes                       ;
; nextPC[31]      ; 3.3-V LVTTL  ; 0 s                 ; 0 s                 ; 3.46 V                       ; 1.29e-07 V                   ; 3.55 V              ; -0.053 V            ; 0.341 V                              ; 0.35 V                               ; 9.04e-10 s                  ; 7.28e-10 s                  ; No                         ; No                         ; 3.46 V                      ; 1.29e-07 V                  ; 3.55 V             ; -0.053 V           ; 0.341 V                             ; 0.35 V                              ; 9.04e-10 s                 ; 7.28e-10 s                 ; No                        ; No                        ;
; nextPC[30]      ; 3.3-V LVTTL  ; 0 s                 ; 0 s                 ; 3.46 V                       ; 1.9e-07 V                    ; 3.59 V              ; -0.0873 V           ; 0.332 V                              ; 0.189 V                              ; 4.6e-10 s                   ; 4.2e-10 s                   ; No                         ; Yes                        ; 3.46 V                      ; 1.9e-07 V                   ; 3.59 V             ; -0.0873 V          ; 0.332 V                             ; 0.189 V                             ; 4.6e-10 s                  ; 4.2e-10 s                  ; No                        ; Yes                       ;
; nextPC[29]      ; 3.3-V LVTTL  ; 0 s                 ; 0 s                 ; 3.46 V                       ; 1.29e-07 V                   ; 3.55 V              ; -0.053 V            ; 0.341 V                              ; 0.35 V                               ; 9.04e-10 s                  ; 7.28e-10 s                  ; No                         ; No                         ; 3.46 V                      ; 1.29e-07 V                  ; 3.55 V             ; -0.053 V           ; 0.341 V                             ; 0.35 V                              ; 9.04e-10 s                 ; 7.28e-10 s                 ; No                        ; No                        ;
; nextPC[28]      ; 3.3-V LVTTL  ; 0 s                 ; 0 s                 ; 3.46 V                       ; 1.9e-07 V                    ; 3.59 V              ; -0.0873 V           ; 0.332 V                              ; 0.189 V                              ; 4.6e-10 s                   ; 4.2e-10 s                   ; No                         ; Yes                        ; 3.46 V                      ; 1.9e-07 V                   ; 3.59 V             ; -0.0873 V          ; 0.332 V                             ; 0.189 V                             ; 4.6e-10 s                  ; 4.2e-10 s                  ; No                        ; Yes                       ;
; nextPC[27]      ; 3.3-V LVTTL  ; 0 s                 ; 0 s                 ; 3.46 V                       ; 1.9e-07 V                    ; 3.59 V              ; -0.0873 V           ; 0.332 V                              ; 0.189 V                              ; 4.6e-10 s                   ; 4.2e-10 s                   ; No                         ; Yes                        ; 3.46 V                      ; 1.9e-07 V                   ; 3.59 V             ; -0.0873 V          ; 0.332 V                             ; 0.189 V                             ; 4.6e-10 s                  ; 4.2e-10 s                  ; No                        ; Yes                       ;
; nextPC[26]      ; 3.3-V LVTTL  ; 0 s                 ; 0 s                 ; 3.46 V                       ; 1.9e-07 V                    ; 3.59 V              ; -0.0873 V           ; 0.332 V                              ; 0.189 V                              ; 4.6e-10 s                   ; 4.2e-10 s                   ; No                         ; Yes                        ; 3.46 V                      ; 1.9e-07 V                   ; 3.59 V             ; -0.0873 V          ; 0.332 V                             ; 0.189 V                             ; 4.6e-10 s                  ; 4.2e-10 s                  ; No                        ; Yes                       ;
; nextPC[25]      ; 3.3-V LVTTL  ; 0 s                 ; 0 s                 ; 3.46 V                       ; 1.9e-07 V                    ; 3.59 V              ; -0.0873 V           ; 0.332 V                              ; 0.189 V                              ; 4.6e-10 s                   ; 4.2e-10 s                   ; No                         ; Yes                        ; 3.46 V                      ; 1.9e-07 V                   ; 3.59 V             ; -0.0873 V          ; 0.332 V                             ; 0.189 V                             ; 4.6e-10 s                  ; 4.2e-10 s                  ; No                        ; Yes                       ;
; nextPC[24]      ; 3.3-V LVTTL  ; 0 s                 ; 0 s                 ; 3.46 V                       ; 1.9e-07 V                    ; 3.59 V              ; -0.0873 V           ; 0.332 V                              ; 0.189 V                              ; 4.6e-10 s                   ; 4.2e-10 s                   ; No                         ; Yes                        ; 3.46 V                      ; 1.9e-07 V                   ; 3.59 V             ; -0.0873 V          ; 0.332 V                             ; 0.189 V                             ; 4.6e-10 s                  ; 4.2e-10 s                  ; No                        ; Yes                       ;
; nextPC[23]      ; 3.3-V LVTTL  ; 0 s                 ; 0 s                 ; 3.46 V                       ; 1.9e-07 V                    ; 3.59 V              ; -0.0873 V           ; 0.332 V                              ; 0.189 V                              ; 4.6e-10 s                   ; 4.2e-10 s                   ; No                         ; Yes                        ; 3.46 V                      ; 1.9e-07 V                   ; 3.59 V             ; -0.0873 V          ; 0.332 V                             ; 0.189 V                             ; 4.6e-10 s                  ; 4.2e-10 s                  ; No                        ; Yes                       ;
; nextPC[22]      ; 3.3-V LVTTL  ; 0 s                 ; 0 s                 ; 3.46 V                       ; 1.9e-07 V                    ; 3.59 V              ; -0.0873 V           ; 0.332 V                              ; 0.189 V                              ; 4.6e-10 s                   ; 4.2e-10 s                   ; No                         ; Yes                        ; 3.46 V                      ; 1.9e-07 V                   ; 3.59 V             ; -0.0873 V          ; 0.332 V                             ; 0.189 V                             ; 4.6e-10 s                  ; 4.2e-10 s                  ; No                        ; Yes                       ;
; nextPC[21]      ; 3.3-V LVTTL  ; 0 s                 ; 0 s                 ; 3.46 V                       ; 1.9e-07 V                    ; 3.59 V              ; -0.0873 V           ; 0.332 V                              ; 0.189 V                              ; 4.6e-10 s                   ; 4.2e-10 s                   ; No                         ; Yes                        ; 3.46 V                      ; 1.9e-07 V                   ; 3.59 V             ; -0.0873 V          ; 0.332 V                             ; 0.189 V                             ; 4.6e-10 s                  ; 4.2e-10 s                  ; No                        ; Yes                       ;
; nextPC[20]      ; 3.3-V LVTTL  ; 0 s                 ; 0 s                 ; 3.46 V                       ; 1.29e-07 V                   ; 3.55 V              ; -0.053 V            ; 0.341 V                              ; 0.35 V                               ; 9.04e-10 s                  ; 7.28e-10 s                  ; No                         ; No                         ; 3.46 V                      ; 1.29e-07 V                  ; 3.55 V             ; -0.053 V           ; 0.341 V                             ; 0.35 V                              ; 9.04e-10 s                 ; 7.28e-10 s                 ; No                        ; No                        ;
; nextPC[19]      ; 3.3-V LVTTL  ; 0 s                 ; 0 s                 ; 3.46 V                       ; 1.9e-07 V                    ; 3.59 V              ; -0.0873 V           ; 0.332 V                              ; 0.189 V                              ; 4.6e-10 s                   ; 4.2e-10 s                   ; No                         ; Yes                        ; 3.46 V                      ; 1.9e-07 V                   ; 3.59 V             ; -0.0873 V          ; 0.332 V                             ; 0.189 V                             ; 4.6e-10 s                  ; 4.2e-10 s                  ; No                        ; Yes                       ;
; nextPC[18]      ; 3.3-V LVTTL  ; 0 s                 ; 0 s                 ; 3.46 V                       ; 1.9e-07 V                    ; 3.59 V              ; -0.0873 V           ; 0.332 V                              ; 0.189 V                              ; 4.6e-10 s                   ; 4.2e-10 s                   ; No                         ; Yes                        ; 3.46 V                      ; 1.9e-07 V                   ; 3.59 V             ; -0.0873 V          ; 0.332 V                             ; 0.189 V                             ; 4.6e-10 s                  ; 4.2e-10 s                  ; No                        ; Yes                       ;
; nextPC[17]      ; 3.3-V LVTTL  ; 0 s                 ; 0 s                 ; 3.46 V                       ; 1.9e-07 V                    ; 3.48 V              ; -0.0142 V           ; 0.362 V                              ; 0.291 V                              ; 3.89e-09 s                  ; 3.25e-09 s                  ; No                         ; No                         ; 3.46 V                      ; 1.9e-07 V                   ; 3.48 V             ; -0.0142 V          ; 0.362 V                             ; 0.291 V                             ; 3.89e-09 s                 ; 3.25e-09 s                 ; No                        ; No                        ;
; nextPC[16]      ; 3.3-V LVTTL  ; 0 s                 ; 0 s                 ; 3.46 V                       ; 1.9e-07 V                    ; 3.59 V              ; -0.0873 V           ; 0.332 V                              ; 0.189 V                              ; 4.6e-10 s                   ; 4.2e-10 s                   ; No                         ; Yes                        ; 3.46 V                      ; 1.9e-07 V                   ; 3.59 V             ; -0.0873 V          ; 0.332 V                             ; 0.189 V                             ; 4.6e-10 s                  ; 4.2e-10 s                  ; No                        ; Yes                       ;
; nextPC[15]      ; 3.3-V LVTTL  ; 0 s                 ; 0 s                 ; 3.46 V                       ; 1.9e-07 V                    ; 3.59 V              ; -0.0873 V           ; 0.332 V                              ; 0.189 V                              ; 4.6e-10 s                   ; 4.2e-10 s                   ; No                         ; Yes                        ; 3.46 V                      ; 1.9e-07 V                   ; 3.59 V             ; -0.0873 V          ; 0.332 V                             ; 0.189 V                             ; 4.6e-10 s                  ; 4.2e-10 s                  ; No                        ; Yes                       ;
; nextPC[14]      ; 3.3-V LVTTL  ; 0 s                 ; 0 s                 ; 3.46 V                       ; 1.9e-07 V                    ; 3.59 V              ; -0.0873 V           ; 0.332 V                              ; 0.189 V                              ; 4.6e-10 s                   ; 4.2e-10 s                   ; No                         ; Yes                        ; 3.46 V                      ; 1.9e-07 V                   ; 3.59 V             ; -0.0873 V          ; 0.332 V                             ; 0.189 V                             ; 4.6e-10 s                  ; 4.2e-10 s                  ; No                        ; Yes                       ;
; nextPC[13]      ; 3.3-V LVTTL  ; 0 s                 ; 0 s                 ; 3.46 V                       ; 1.29e-07 V                   ; 3.55 V              ; -0.053 V            ; 0.341 V                              ; 0.35 V                               ; 9.04e-10 s                  ; 7.28e-10 s                  ; No                         ; No                         ; 3.46 V                      ; 1.29e-07 V                  ; 3.55 V             ; -0.053 V           ; 0.341 V                             ; 0.35 V                              ; 9.04e-10 s                 ; 7.28e-10 s                 ; No                        ; No                        ;
; nextPC[12]      ; 3.3-V LVTTL  ; 0 s                 ; 0 s                 ; 3.46 V                       ; 1.9e-07 V                    ; 3.59 V              ; -0.0873 V           ; 0.332 V                              ; 0.189 V                              ; 4.6e-10 s                   ; 4.2e-10 s                   ; No                         ; Yes                        ; 3.46 V                      ; 1.9e-07 V                   ; 3.59 V             ; -0.0873 V          ; 0.332 V                             ; 0.189 V                             ; 4.6e-10 s                  ; 4.2e-10 s                  ; No                        ; Yes                       ;
; nextPC[11]      ; 3.3-V LVTTL  ; 0 s                 ; 0 s                 ; 3.46 V                       ; 1.9e-07 V                    ; 3.59 V              ; -0.0873 V           ; 0.332 V                              ; 0.189 V                              ; 4.6e-10 s                   ; 4.2e-10 s                   ; No                         ; Yes                        ; 3.46 V                      ; 1.9e-07 V                   ; 3.59 V             ; -0.0873 V          ; 0.332 V                             ; 0.189 V                             ; 4.6e-10 s                  ; 4.2e-10 s                  ; No                        ; Yes                       ;
; nextPC[10]      ; 3.3-V LVTTL  ; 0 s                 ; 0 s                 ; 3.46 V                       ; 1.29e-07 V                   ; 3.57 V              ; -0.0645 V           ; 0.332 V                              ; 0.165 V                              ; 6.78e-10 s                  ; 6.19e-10 s                  ; No                         ; Yes                        ; 3.46 V                      ; 1.29e-07 V                  ; 3.57 V             ; -0.0645 V          ; 0.332 V                             ; 0.165 V                             ; 6.78e-10 s                 ; 6.19e-10 s                 ; No                        ; Yes                       ;
; nextPC[9]       ; 3.3-V LVTTL  ; 0 s                 ; 0 s                 ; 3.46 V                       ; 1.29e-07 V                   ; 3.55 V              ; -0.053 V            ; 0.341 V                              ; 0.35 V                               ; 9.04e-10 s                  ; 7.28e-10 s                  ; No                         ; No                         ; 3.46 V                      ; 1.29e-07 V                  ; 3.55 V             ; -0.053 V           ; 0.341 V                             ; 0.35 V                              ; 9.04e-10 s                 ; 7.28e-10 s                 ; No                        ; No                        ;
; nextPC[8]       ; 3.3-V LVTTL  ; 0 s                 ; 0 s                 ; 3.46 V                       ; 1.9e-07 V                    ; 3.59 V              ; -0.0873 V           ; 0.332 V                              ; 0.189 V                              ; 4.6e-10 s                   ; 4.2e-10 s                   ; No                         ; Yes                        ; 3.46 V                      ; 1.9e-07 V                   ; 3.59 V             ; -0.0873 V          ; 0.332 V                             ; 0.189 V                             ; 4.6e-10 s                  ; 4.2e-10 s                  ; No                        ; Yes                       ;
; nextPC[7]       ; 3.3-V LVTTL  ; 0 s                 ; 0 s                 ; 3.46 V                       ; 1.9e-07 V                    ; 3.59 V              ; -0.0873 V           ; 0.332 V                              ; 0.189 V                              ; 4.6e-10 s                   ; 4.2e-10 s                   ; No                         ; Yes                        ; 3.46 V                      ; 1.9e-07 V                   ; 3.59 V             ; -0.0873 V          ; 0.332 V                             ; 0.189 V                             ; 4.6e-10 s                  ; 4.2e-10 s                  ; No                        ; Yes                       ;
; nextPC[6]       ; 3.3-V LVTTL  ; 0 s                 ; 0 s                 ; 3.46 V                       ; 1.9e-07 V                    ; 3.59 V              ; -0.0873 V           ; 0.332 V                              ; 0.189 V                              ; 4.6e-10 s                   ; 4.2e-10 s                   ; No                         ; Yes                        ; 3.46 V                      ; 1.9e-07 V                   ; 3.59 V             ; -0.0873 V          ; 0.332 V                             ; 0.189 V                             ; 4.6e-10 s                  ; 4.2e-10 s                  ; No                        ; Yes                       ;
; nextPC[5]       ; 3.3-V LVTTL  ; 0 s                 ; 0 s                 ; 3.46 V                       ; 1.9e-07 V                    ; 3.59 V              ; -0.0873 V           ; 0.332 V                              ; 0.189 V                              ; 4.6e-10 s                   ; 4.2e-10 s                   ; No                         ; Yes                        ; 3.46 V                      ; 1.9e-07 V                   ; 3.59 V             ; -0.0873 V          ; 0.332 V                             ; 0.189 V                             ; 4.6e-10 s                  ; 4.2e-10 s                  ; No                        ; Yes                       ;
; nextPC[4]       ; 3.3-V LVTTL  ; 0 s                 ; 0 s                 ; 3.46 V                       ; 1.9e-07 V                    ; 3.59 V              ; -0.0873 V           ; 0.332 V                              ; 0.189 V                              ; 4.6e-10 s                   ; 4.2e-10 s                   ; No                         ; Yes                        ; 3.46 V                      ; 1.9e-07 V                   ; 3.59 V             ; -0.0873 V          ; 0.332 V                             ; 0.189 V                             ; 4.6e-10 s                  ; 4.2e-10 s                  ; No                        ; Yes                       ;
; nextPC[3]       ; 3.3-V LVTTL  ; 0 s                 ; 0 s                 ; 3.46 V                       ; 1.29e-07 V                   ; 3.55 V              ; -0.053 V            ; 0.341 V                              ; 0.35 V                               ; 9.04e-10 s                  ; 7.28e-10 s                  ; No                         ; No                         ; 3.46 V                      ; 1.29e-07 V                  ; 3.55 V             ; -0.053 V           ; 0.341 V                             ; 0.35 V                              ; 9.04e-10 s                 ; 7.28e-10 s                 ; No                        ; No                        ;
; nextPC[2]       ; 3.3-V LVTTL  ; 0 s                 ; 0 s                 ; 3.46 V                       ; 1.29e-07 V                   ; 3.55 V              ; -0.053 V            ; 0.341 V                              ; 0.35 V                               ; 9.04e-10 s                  ; 7.28e-10 s                  ; No                         ; No                         ; 3.46 V                      ; 1.29e-07 V                  ; 3.55 V             ; -0.053 V           ; 0.341 V                             ; 0.35 V                              ; 9.04e-10 s                 ; 7.28e-10 s                 ; No                        ; No                        ;
; nextPC[1]       ; 3.3-V LVTTL  ; 0 s                 ; 0 s                 ; 3.46 V                       ; 1.29e-07 V                   ; 3.55 V              ; -0.053 V            ; 0.341 V                              ; 0.35 V                               ; 9.04e-10 s                  ; 7.28e-10 s                  ; No                         ; No                         ; 3.46 V                      ; 1.29e-07 V                  ; 3.55 V             ; -0.053 V           ; 0.341 V                             ; 0.35 V                              ; 9.04e-10 s                 ; 7.28e-10 s                 ; No                        ; No                        ;
; nextPC[0]       ; 3.3-V LVTTL  ; 0 s                 ; 0 s                 ; 3.46 V                       ; 1.9e-07 V                    ; 3.59 V              ; -0.0873 V           ; 0.332 V                              ; 0.189 V                              ; 4.6e-10 s                   ; 4.2e-10 s                   ; No                         ; Yes                        ; 3.46 V                      ; 1.9e-07 V                   ; 3.59 V             ; -0.0873 V          ; 0.332 V                             ; 0.189 V                             ; 4.6e-10 s                  ; 4.2e-10 s                  ; No                        ; Yes                       ;
; op[31]          ; 3.3-V LVTTL  ; 0 s                 ; 0 s                 ; 3.46 V                       ; 1.29e-07 V                   ; 3.55 V              ; -0.053 V            ; 0.341 V                              ; 0.35 V                               ; 9.04e-10 s                  ; 7.28e-10 s                  ; No                         ; No                         ; 3.46 V                      ; 1.29e-07 V                  ; 3.55 V             ; -0.053 V           ; 0.341 V                             ; 0.35 V                              ; 9.04e-10 s                 ; 7.28e-10 s                 ; No                        ; No                        ;
; op[30]          ; 3.3-V LVTTL  ; 0 s                 ; 0 s                 ; 3.46 V                       ; 1.9e-07 V                    ; 3.59 V              ; -0.0873 V           ; 0.332 V                              ; 0.189 V                              ; 4.6e-10 s                   ; 4.2e-10 s                   ; No                         ; Yes                        ; 3.46 V                      ; 1.9e-07 V                   ; 3.59 V             ; -0.0873 V          ; 0.332 V                             ; 0.189 V                             ; 4.6e-10 s                  ; 4.2e-10 s                  ; No                        ; Yes                       ;
; op[29]          ; 3.3-V LVTTL  ; 0 s                 ; 0 s                 ; 3.46 V                       ; 1.29e-07 V                   ; 3.55 V              ; -0.053 V            ; 0.341 V                              ; 0.35 V                               ; 9.04e-10 s                  ; 7.28e-10 s                  ; No                         ; No                         ; 3.46 V                      ; 1.29e-07 V                  ; 3.55 V             ; -0.053 V           ; 0.341 V                             ; 0.35 V                              ; 9.04e-10 s                 ; 7.28e-10 s                 ; No                        ; No                        ;
; op[28]          ; 3.3-V LVTTL  ; 0 s                 ; 0 s                 ; 3.46 V                       ; 1.9e-07 V                    ; 3.59 V              ; -0.0873 V           ; 0.332 V                              ; 0.189 V                              ; 4.6e-10 s                   ; 4.2e-10 s                   ; No                         ; Yes                        ; 3.46 V                      ; 1.9e-07 V                   ; 3.59 V             ; -0.0873 V          ; 0.332 V                             ; 0.189 V                             ; 4.6e-10 s                  ; 4.2e-10 s                  ; No                        ; Yes                       ;
; op[27]          ; 3.3-V LVTTL  ; 0 s                 ; 0 s                 ; 3.46 V                       ; 1.29e-07 V                   ; 3.55 V              ; -0.053 V            ; 0.341 V                              ; 0.35 V                               ; 9.04e-10 s                  ; 7.28e-10 s                  ; No                         ; No                         ; 3.46 V                      ; 1.29e-07 V                  ; 3.55 V             ; -0.053 V           ; 0.341 V                             ; 0.35 V                              ; 9.04e-10 s                 ; 7.28e-10 s                 ; No                        ; No                        ;
; op[26]          ; 3.3-V LVTTL  ; 0 s                 ; 0 s                 ; 3.46 V                       ; 1.9e-07 V                    ; 3.59 V              ; -0.0873 V           ; 0.332 V                              ; 0.189 V                              ; 4.6e-10 s                   ; 4.2e-10 s                   ; No                         ; Yes                        ; 3.46 V                      ; 1.9e-07 V                   ; 3.59 V             ; -0.0873 V          ; 0.332 V                             ; 0.189 V                             ; 4.6e-10 s                  ; 4.2e-10 s                  ; No                        ; Yes                       ;
; rd[15]          ; 3.3-V LVTTL  ; 0 s                 ; 0 s                 ; 3.46 V                       ; 1.29e-07 V                   ; 3.55 V              ; -0.053 V            ; 0.341 V                              ; 0.35 V                               ; 9.04e-10 s                  ; 7.28e-10 s                  ; No                         ; No                         ; 3.46 V                      ; 1.29e-07 V                  ; 3.55 V             ; -0.053 V           ; 0.341 V                             ; 0.35 V                              ; 9.04e-10 s                 ; 7.28e-10 s                 ; No                        ; No                        ;
; rd[14]          ; 3.3-V LVTTL  ; 0 s                 ; 0 s                 ; 3.46 V                       ; 1.29e-07 V                   ; 3.48 V              ; -0.0136 V           ; 0.352 V                              ; 0.346 V                              ; 4.12e-09 s                  ; 3.34e-09 s                  ; No                         ; Yes                        ; 3.46 V                      ; 1.29e-07 V                  ; 3.48 V             ; -0.0136 V          ; 0.352 V                             ; 0.346 V                             ; 4.12e-09 s                 ; 3.34e-09 s                 ; No                        ; Yes                       ;
; rd[13]          ; 3.3-V LVTTL  ; 0 s                 ; 0 s                 ; 3.46 V                       ; 1.29e-07 V                   ; 3.55 V              ; -0.053 V            ; 0.341 V                              ; 0.35 V                               ; 9.04e-10 s                  ; 7.28e-10 s                  ; No                         ; No                         ; 3.46 V                      ; 1.29e-07 V                  ; 3.55 V             ; -0.053 V           ; 0.341 V                             ; 0.35 V                              ; 9.04e-10 s                 ; 7.28e-10 s                 ; No                        ; No                        ;
; rd[12]          ; 3.3-V LVTTL  ; 0 s                 ; 0 s                 ; 3.46 V                       ; 1.9e-07 V                    ; 3.59 V              ; -0.0873 V           ; 0.332 V                              ; 0.189 V                              ; 4.6e-10 s                   ; 4.2e-10 s                   ; No                         ; Yes                        ; 3.46 V                      ; 1.9e-07 V                   ; 3.59 V             ; -0.0873 V          ; 0.332 V                             ; 0.189 V                             ; 4.6e-10 s                  ; 4.2e-10 s                  ; No                        ; Yes                       ;
; rd[11]          ; 3.3-V LVTTL  ; 0 s                 ; 0 s                 ; 3.46 V                       ; 1.9e-07 V                    ; 3.59 V              ; -0.0873 V           ; 0.332 V                              ; 0.189 V                              ; 4.6e-10 s                   ; 4.2e-10 s                   ; No                         ; Yes                        ; 3.46 V                      ; 1.9e-07 V                   ; 3.59 V             ; -0.0873 V          ; 0.332 V                             ; 0.189 V                             ; 4.6e-10 s                  ; 4.2e-10 s                  ; No                        ; Yes                       ;
; rs[25]          ; 3.3-V LVTTL  ; 0 s                 ; 0 s                 ; 3.46 V                       ; 1.9e-07 V                    ; 3.59 V              ; -0.0873 V           ; 0.332 V                              ; 0.189 V                              ; 4.6e-10 s                   ; 4.2e-10 s                   ; No                         ; Yes                        ; 3.46 V                      ; 1.9e-07 V                   ; 3.59 V             ; -0.0873 V          ; 0.332 V                             ; 0.189 V                             ; 4.6e-10 s                  ; 4.2e-10 s                  ; No                        ; Yes                       ;
; rs[24]          ; 3.3-V LVTTL  ; 0 s                 ; 0 s                 ; 3.46 V                       ; 1.9e-07 V                    ; 3.59 V              ; -0.0873 V           ; 0.332 V                              ; 0.189 V                              ; 4.6e-10 s                   ; 4.2e-10 s                   ; No                         ; Yes                        ; 3.46 V                      ; 1.9e-07 V                   ; 3.59 V             ; -0.0873 V          ; 0.332 V                             ; 0.189 V                             ; 4.6e-10 s                  ; 4.2e-10 s                  ; No                        ; Yes                       ;
; rs[23]          ; 3.3-V LVTTL  ; 0 s                 ; 0 s                 ; 3.46 V                       ; 1.9e-07 V                    ; 3.59 V              ; -0.0873 V           ; 0.332 V                              ; 0.189 V                              ; 4.6e-10 s                   ; 4.2e-10 s                   ; No                         ; Yes                        ; 3.46 V                      ; 1.9e-07 V                   ; 3.59 V             ; -0.0873 V          ; 0.332 V                             ; 0.189 V                             ; 4.6e-10 s                  ; 4.2e-10 s                  ; No                        ; Yes                       ;
; rs[22]          ; 3.3-V LVTTL  ; 0 s                 ; 0 s                 ; 3.46 V                       ; 1.9e-07 V                    ; 3.48 V              ; -0.0142 V           ; 0.362 V                              ; 0.291 V                              ; 3.89e-09 s                  ; 3.25e-09 s                  ; No                         ; No                         ; 3.46 V                      ; 1.9e-07 V                   ; 3.48 V             ; -0.0142 V          ; 0.362 V                             ; 0.291 V                             ; 3.89e-09 s                 ; 3.25e-09 s                 ; No                        ; No                        ;
; rs[21]          ; 3.3-V LVTTL  ; 0 s                 ; 0 s                 ; 3.46 V                       ; 1.29e-07 V                   ; 3.55 V              ; -0.053 V            ; 0.341 V                              ; 0.35 V                               ; 9.04e-10 s                  ; 7.28e-10 s                  ; No                         ; No                         ; 3.46 V                      ; 1.29e-07 V                  ; 3.55 V             ; -0.053 V           ; 0.341 V                             ; 0.35 V                              ; 9.04e-10 s                 ; 7.28e-10 s                 ; No                        ; No                        ;
; rt[20]          ; 3.3-V LVTTL  ; 0 s                 ; 0 s                 ; 3.46 V                       ; 1.9e-07 V                    ; 3.59 V              ; -0.0873 V           ; 0.332 V                              ; 0.189 V                              ; 4.6e-10 s                   ; 4.2e-10 s                   ; No                         ; Yes                        ; 3.46 V                      ; 1.9e-07 V                   ; 3.59 V             ; -0.0873 V          ; 0.332 V                             ; 0.189 V                             ; 4.6e-10 s                  ; 4.2e-10 s                  ; No                        ; Yes                       ;
; rt[19]          ; 3.3-V LVTTL  ; 0 s                 ; 0 s                 ; 3.46 V                       ; 1.9e-07 V                    ; 3.59 V              ; -0.0873 V           ; 0.332 V                              ; 0.189 V                              ; 4.6e-10 s                   ; 4.2e-10 s                   ; No                         ; Yes                        ; 3.46 V                      ; 1.9e-07 V                   ; 3.59 V             ; -0.0873 V          ; 0.332 V                             ; 0.189 V                             ; 4.6e-10 s                  ; 4.2e-10 s                  ; No                        ; Yes                       ;
; rt[18]          ; 3.3-V LVTTL  ; 0 s                 ; 0 s                 ; 3.46 V                       ; 1.29e-07 V                   ; 3.55 V              ; -0.053 V            ; 0.341 V                              ; 0.35 V                               ; 9.04e-10 s                  ; 7.28e-10 s                  ; No                         ; No                         ; 3.46 V                      ; 1.29e-07 V                  ; 3.55 V             ; -0.053 V           ; 0.341 V                             ; 0.35 V                              ; 9.04e-10 s                 ; 7.28e-10 s                 ; No                        ; No                        ;
; rt[17]          ; 3.3-V LVTTL  ; 0 s                 ; 0 s                 ; 3.46 V                       ; 1.29e-07 V                   ; 3.55 V              ; -0.053 V            ; 0.341 V                              ; 0.35 V                               ; 9.04e-10 s                  ; 7.28e-10 s                  ; No                         ; No                         ; 3.46 V                      ; 1.29e-07 V                  ; 3.55 V             ; -0.053 V           ; 0.341 V                             ; 0.35 V                              ; 9.04e-10 s                 ; 7.28e-10 s                 ; No                        ; No                        ;
; rt[16]          ; 3.3-V LVTTL  ; 0 s                 ; 0 s                 ; 3.46 V                       ; 1.29e-07 V                   ; 3.55 V              ; -0.053 V            ; 0.341 V                              ; 0.35 V                               ; 9.04e-10 s                  ; 7.28e-10 s                  ; No                         ; No                         ; 3.46 V                      ; 1.29e-07 V                  ; 3.55 V             ; -0.053 V           ; 0.341 V                             ; 0.35 V                              ; 9.04e-10 s                 ; 7.28e-10 s                 ; No                        ; No                        ;
; shamt[10]       ; 3.3-V LVTTL  ; 0 s                 ; 0 s                 ; 3.46 V                       ; 1.29e-07 V                   ; 3.57 V              ; -0.0645 V           ; 0.332 V                              ; 0.165 V                              ; 6.78e-10 s                  ; 6.19e-10 s                  ; No                         ; Yes                        ; 3.46 V                      ; 1.29e-07 V                  ; 3.57 V             ; -0.0645 V          ; 0.332 V                             ; 0.165 V                             ; 6.78e-10 s                 ; 6.19e-10 s                 ; No                        ; Yes                       ;
; shamt[9]        ; 3.3-V LVTTL  ; 0 s                 ; 0 s                 ; 3.46 V                       ; 1.9e-07 V                    ; 3.59 V              ; -0.0873 V           ; 0.332 V                              ; 0.189 V                              ; 4.6e-10 s                   ; 4.2e-10 s                   ; No                         ; Yes                        ; 3.46 V                      ; 1.9e-07 V                   ; 3.59 V             ; -0.0873 V          ; 0.332 V                             ; 0.189 V                             ; 4.6e-10 s                  ; 4.2e-10 s                  ; No                        ; Yes                       ;
; shamt[8]        ; 3.3-V LVTTL  ; 0 s                 ; 0 s                 ; 3.46 V                       ; 1.9e-07 V                    ; 3.59 V              ; -0.0873 V           ; 0.332 V                              ; 0.189 V                              ; 4.6e-10 s                   ; 4.2e-10 s                   ; No                         ; Yes                        ; 3.46 V                      ; 1.9e-07 V                   ; 3.59 V             ; -0.0873 V          ; 0.332 V                             ; 0.189 V                             ; 4.6e-10 s                  ; 4.2e-10 s                  ; No                        ; Yes                       ;
; shamt[7]        ; 3.3-V LVTTL  ; 0 s                 ; 0 s                 ; 3.46 V                       ; 1.9e-07 V                    ; 3.59 V              ; -0.0873 V           ; 0.332 V                              ; 0.189 V                              ; 4.6e-10 s                   ; 4.2e-10 s                   ; No                         ; Yes                        ; 3.46 V                      ; 1.9e-07 V                   ; 3.59 V             ; -0.0873 V          ; 0.332 V                             ; 0.189 V                             ; 4.6e-10 s                  ; 4.2e-10 s                  ; No                        ; Yes                       ;
; shamt[6]        ; 3.3-V LVTTL  ; 0 s                 ; 0 s                 ; 3.46 V                       ; 1.9e-07 V                    ; 3.59 V              ; -0.0873 V           ; 0.332 V                              ; 0.189 V                              ; 4.6e-10 s                   ; 4.2e-10 s                   ; No                         ; Yes                        ; 3.46 V                      ; 1.9e-07 V                   ; 3.59 V             ; -0.0873 V          ; 0.332 V                             ; 0.189 V                             ; 4.6e-10 s                  ; 4.2e-10 s                  ; No                        ; Yes                       ;
; ~ALTERA_DCLK~   ; 3.3-V LVTTL  ; 0 s                 ; 0 s                 ; 3.46 V                       ; 6.52e-08 V                   ; 3.58 V              ; -0.064 V            ; 0.234 V                              ; 0.085 V                              ; 2.93e-10 s                  ; 3.07e-10 s                  ; Yes                        ; Yes                        ; 3.46 V                      ; 6.52e-08 V                  ; 3.58 V             ; -0.064 V           ; 0.234 V                             ; 0.085 V                             ; 2.93e-10 s                 ; 3.07e-10 s                 ; Yes                       ; Yes                       ;
; ~ALTERA_nCEO~   ; 3.3-V LVTTL  ; 0 s                 ; 0 s                 ; 3.46 V                       ; 1.29e-07 V                   ; 3.55 V              ; -0.053 V            ; 0.341 V                              ; 0.35 V                               ; 9.04e-10 s                  ; 7.28e-10 s                  ; No                         ; No                         ; 3.46 V                      ; 1.29e-07 V                  ; 3.55 V             ; -0.053 V           ; 0.341 V                             ; 0.35 V                              ; 9.04e-10 s                 ; 7.28e-10 s                 ; No                        ; No                        ;
+-----------------+--------------+---------------------+---------------------+------------------------------+------------------------------+---------------------+---------------------+--------------------------------------+--------------------------------------+-----------------------------+-----------------------------+----------------------------+----------------------------+-----------------------------+-----------------------------+--------------------+--------------------+-------------------------------------+-------------------------------------+----------------------------+----------------------------+---------------------------+---------------------------+


+-----------------------------------------------------------------------------------------------------------+
; Setup Transfers                                                                                           ;
+-------------------------------+-------------------------------+----------+----------+----------+----------+
; From Clock                    ; To Clock                      ; RR Paths ; FR Paths ; RF Paths ; FF Paths ;
+-------------------------------+-------------------------------+----------+----------+----------+----------+
; clock                         ; clock                         ; 0        ; 0        ; 0        ; 12594    ;
; DivisorFrequencia:inst4|inst2 ; clock                         ; 0        ; 0        ; 8443     ; 3        ;
; clock                         ; DivisorFrequencia:inst4|inst2 ; 0        ; 4585110  ; 0        ; 0        ;
; DivisorFrequencia:inst4|inst2 ; DivisorFrequencia:inst4|inst2 ; 3020958  ; 992      ; 0        ; 0        ;
+-------------------------------+-------------------------------+----------+----------+----------+----------+
Entries labeled "false path" only account for clock-to-clock false paths and not path-based false paths. As a result, actual path counts may be lower than reported.


+-----------------------------------------------------------------------------------------------------------+
; Hold Transfers                                                                                            ;
+-------------------------------+-------------------------------+----------+----------+----------+----------+
; From Clock                    ; To Clock                      ; RR Paths ; FR Paths ; RF Paths ; FF Paths ;
+-------------------------------+-------------------------------+----------+----------+----------+----------+
; clock                         ; clock                         ; 0        ; 0        ; 0        ; 12594    ;
; DivisorFrequencia:inst4|inst2 ; clock                         ; 0        ; 0        ; 8443     ; 3        ;
; clock                         ; DivisorFrequencia:inst4|inst2 ; 0        ; 4585110  ; 0        ; 0        ;
; DivisorFrequencia:inst4|inst2 ; DivisorFrequencia:inst4|inst2 ; 3020958  ; 992      ; 0        ; 0        ;
+-------------------------------+-------------------------------+----------+----------+----------+----------+
Entries labeled "false path" only account for clock-to-clock false paths and not path-based false paths. As a result, actual path counts may be lower than reported.


---------------
; Report TCCS ;
---------------
No dedicated SERDES Transmitter circuitry present in device or used in design


---------------
; Report RSKM ;
---------------
No dedicated SERDES Receiver circuitry present in device or used in design


+-------------------------------------------------+
; Unconstrained Paths                             ;
+---------------------------------+-------+-------+
; Property                        ; Setup ; Hold  ;
+---------------------------------+-------+-------+
; Illegal Clocks                  ; 0     ; 0     ;
; Unconstrained Clocks            ; 0     ; 0     ;
; Unconstrained Input Ports       ; 1     ; 1     ;
; Unconstrained Input Port Paths  ; 1024  ; 1024  ;
; Unconstrained Output Ports      ; 156   ; 156   ;
; Unconstrained Output Port Paths ; 32430 ; 32430 ;
+---------------------------------+-------+-------+


+------------------------------------+
; TimeQuest Timing Analyzer Messages ;
+------------------------------------+
Info: *******************************************************************
Info: Running Quartus II 64-Bit TimeQuest Timing Analyzer
    Info: Version 13.0.1 Build 232 06/12/2013 Service Pack 1 SJ Full Version
    Info: Processing started: Thu Jul 09 14:01:53 2020
Info: Command: quartus_sta MIPS -c MIPS
Info: qsta_default_script.tcl version: #1
Info (20030): Parallel compilation is enabled and will use 4 of the 4 processors detected
Info (21076): High junction temperature operating condition is not set. Assuming a default value of '85'.
Info (21076): Low junction temperature operating condition is not set. Assuming a default value of '0'.
Critical Warning (332012): Synopsys Design Constraints File file not found: 'MIPS.sdc'. A Synopsys Design Constraints File is required by the TimeQuest Timing Analyzer to get proper timing constraints. Without it, the Compiler will not properly optimize the design.
Info (332142): No user constrained base clocks found in the design. Calling "derive_clocks -period 1.0"
Info (332105): Deriving Clocks
    Info (332105): create_clock -period 1.000 -name clock clock
    Info (332105): create_clock -period 1.000 -name DivisorFrequencia:inst4|inst2 DivisorFrequencia:inst4|inst2
Info (332143): No user constrained clock uncertainty found in the design. Calling "derive_clock_uncertainty"
Info (332123): Deriving Clock Uncertainty. Please refer to report_sdc in TimeQuest to see clock uncertainties.
Info: Found TIMEQUEST_REPORT_SCRIPT_INCLUDE_DEFAULT_ANALYSIS = ON
Info: Analyzing Slow 1200mV 85C Model
Critical Warning (332148): Timing requirements not met
    Info (11105): For recommendations on closing timing, run Report Timing Closure Recommendations in the TimeQuest Timing Analyzer.
Info (332146): Worst-case setup slack is -21.732
    Info (332119):     Slack End Point TNS Clock 
    Info (332119): ========= ============= =====================
    Info (332119):   -21.732    -17513.378 DivisorFrequencia:inst4|inst2 
    Info (332119):   -11.506       -57.463 clock 
Info (332146): Worst-case hold slack is 0.085
    Info (332119):     Slack End Point TNS Clock 
    Info (332119): ========= ============= =====================
    Info (332119):     0.085         0.000 DivisorFrequencia:inst4|inst2 
    Info (332119):     0.346         0.000 clock 
Info (332140): No Recovery paths to report
Info (332140): No Removal paths to report
Info (332146): Worst-case minimum pulse width slack is -3.000
    Info (332119):     Slack End Point TNS Clock 
    Info (332119): ========= ============= =====================
    Info (332119):    -3.000       -21.218 clock 
    Info (332119):    -1.000     -1024.000 DivisorFrequencia:inst4|inst2 
Info: Analyzing Slow 1200mV 0C Model
Info (334003): Started post-fitting delay annotation
Info (334004): Delay annotation completed successfully
Info (332123): Deriving Clock Uncertainty. Please refer to report_sdc in TimeQuest to see clock uncertainties.
Critical Warning (332148): Timing requirements not met
    Info (11105): For recommendations on closing timing, run Report Timing Closure Recommendations in the TimeQuest Timing Analyzer.
Info (332146): Worst-case setup slack is -19.583
    Info (332119):     Slack End Point TNS Clock 
    Info (332119): ========= ============= =====================
    Info (332119):   -19.583    -15801.819 DivisorFrequencia:inst4|inst2 
    Info (332119):   -10.286       -51.262 clock 
Info (332146): Worst-case hold slack is 0.064
    Info (332119):     Slack End Point TNS Clock 
    Info (332119): ========= ============= =====================
    Info (332119):     0.064         0.000 DivisorFrequencia:inst4|inst2 
    Info (332119):     0.260         0.000 clock 
Info (332140): No Recovery paths to report
Info (332140): No Removal paths to report
Info (332146): Worst-case minimum pulse width slack is -3.000
    Info (332119):     Slack End Point TNS Clock 
    Info (332119): ========= ============= =====================
    Info (332119):    -3.000       -21.218 clock 
    Info (332119):    -1.000     -1024.000 DivisorFrequencia:inst4|inst2 
Info: Analyzing Fast 1200mV 0C Model
Info (332123): Deriving Clock Uncertainty. Please refer to report_sdc in TimeQuest to see clock uncertainties.
Critical Warning (332148): Timing requirements not met
    Info (11105): For recommendations on closing timing, run Report Timing Closure Recommendations in the TimeQuest Timing Analyzer.
Info (332146): Worst-case setup slack is -12.252
    Info (332119):     Slack End Point TNS Clock 
    Info (332119): ========= ============= =====================
    Info (332119):   -12.252     -9959.629 DivisorFrequencia:inst4|inst2 
    Info (332119):    -5.935       -28.588 clock 
Info (332146): Worst-case hold slack is -0.185
    Info (332119):     Slack End Point TNS Clock 
    Info (332119): ========= ============= =====================
    Info (332119):    -0.185        -0.189 clock 
    Info (332119):     0.083         0.000 DivisorFrequencia:inst4|inst2 
Info (332140): No Recovery paths to report
Info (332140): No Removal paths to report
Info (332146): Worst-case minimum pulse width slack is -3.000
    Info (332119):     Slack End Point TNS Clock 
    Info (332119): ========= ============= =====================
    Info (332119):    -3.000       -16.370 clock 
    Info (332119):    -1.000     -1024.000 DivisorFrequencia:inst4|inst2 
Info (332102): Design is not fully constrained for setup requirements
Info (332102): Design is not fully constrained for hold requirements
Info: Quartus II 64-Bit TimeQuest Timing Analyzer was successful. 0 errors, 4 warnings
    Info: Peak virtual memory: 4665 megabytes
    Info: Processing ended: Thu Jul 09 14:02:01 2020
    Info: Elapsed time: 00:00:08
    Info: Total CPU time (on all processors): 00:00:07


